ts_utc,ts_local,load_actual_mw,load_da_forecast_mw
2024-12-31T23:00Z,2025-01-01 00:00,48221.420,44968.743
2025-01-01T00:00Z,2025-01-01 01:00,47328.228,42703.850
2025-01-01T01:00Z,2025-01-01 02:00,46243.658,41517.747
2025-01-01T02:00Z,2025-01-01 03:00,45051.787,41218.372
2025-01-01T03:00Z,2025-01-01 04:00,44047.707,41086.000
2025-01-01T04:00Z,2025-01-01 05:00,44260.948,41617.493
2025-01-01T05:00Z,2025-01-01 06:00,43607.375,41791.435
2025-01-01T06:00Z,2025-01-01 07:00,43972.505,43467.077
2025-01-01T07:00Z,2025-01-01 08:00,46112.330,46091.300
2025-01-01T08:00Z,2025-01-01 09:00,48140.420,50369.670
2025-01-01T09:00Z,2025-01-01 10:00,50565.212,52410.610
2025-01-01T10:00Z,2025-01-01 11:00,52587.435,53911.168
2025-01-01T11:00Z,2025-01-01 12:00,53643.965,53639.905
2025-01-01T12:00Z,2025-01-01 13:00,52376.160,52518.325
2025-01-01T13:00Z,2025-01-01 14:00,51265.048,51345.635
2025-01-01T14:00Z,2025-01-01 15:00,52331.720,50755.173
2025-01-01T15:00Z,2025-01-01 16:00,54438.643,51476.878
2025-01-01T16:00Z,2025-01-01 17:00,56308.395,53499.400
2025-01-01T17:00Z,2025-01-01 18:00,56467.613,54773.783
2025-01-01T18:00Z,2025-01-01 19:00,55292.562,53912.798
2025-01-01T19:00Z,2025-01-01 20:00,53044.670,51476.835
2025-01-01T20:00Z,2025-01-01 21:00,51180.603,49667.178
2025-01-01T21:00Z,2025-01-01 22:00,49082.140,49758.215
2025-01-01T22:00Z,2025-01-01 23:00,46463.342,47586.923
2025-01-01T23:00Z,2025-01-02 00:00,44541.980,45446.170
2025-01-02T00:00Z,2025-01-02 01:00,42473.678,43665.058
2025-01-02T01:00Z,2025-01-02 02:00,41645.750,42926.755
2025-01-02T02:00Z,2025-01-02 03:00,41957.077,43361.982
2025-01-02T03:00Z,2025-01-02 04:00,42479.137,45143.745
2025-01-02T04:00Z,2025-01-02 05:00,44507.688,48983.342
2025-01-02T05:00Z,2025-01-02 06:00,50022.025,55126.335
2025-01-02T06:00Z,2025-01-02 07:00,54174.925,59184.250
2025-01-02T07:00Z,2025-01-02 08:00,57654.538,61819.262
2025-01-02T08:00Z,2025-01-02 09:00,59891.850,63602.802
2025-01-02T09:00Z,2025-01-02 10:00,60556.340,64819.665
2025-01-02T10:00Z,2025-01-02 11:00,61615.243,65527.232
2025-01-02T11:00Z,2025-01-02 12:00,62308.545,65386.677
2025-01-02T12:00Z,2025-01-02 13:00,61812.355,64762.003
2025-01-02T13:00Z,2025-01-02 14:00,60523.735,63121.643
2025-01-02T14:00Z,2025-01-02 15:00,60243.390,61942.045
2025-01-02T15:00Z,2025-01-02 16:00,61307.528,62583.387
2025-01-02T16:00Z,2025-01-02 17:00,63478.085,64500.015
2025-01-02T17:00Z,2025-01-02 18:00,63574.222,64823.255
2025-01-02T18:00Z,2025-01-02 19:00,62574.327,63796.802
2025-01-02T19:00Z,2025-01-02 20:00,59515.175,60361.515
2025-01-02T20:00Z,2025-01-02 21:00,56917.613,56842.685
2025-01-02T21:00Z,2025-01-02 22:00,54699.768,54029.605
2025-01-02T22:00Z,2025-01-02 23:00,51316.493,51081.277
2025-01-02T23:00Z,2025-01-03 00:00,48141.147,49157.420
2025-01-03T00:00Z,2025-01-03 01:00,46421.930,47437.955
2025-01-03T01:00Z,2025-01-03 02:00,46044.005,46399.478
2025-01-03T02:00Z,2025-01-03 03:00,46316.073,46800.165
2025-01-03T03:00Z,2025-01-03 04:00,47615.863,48342.382
2025-01-03T04:00Z,2025-01-03 05:00,49683.872,51297.838
2025-01-03T05:00Z,2025-01-03 06:00,53196.595,56776.708
2025-01-03T06:00Z,2025-01-03 07:00,56663.265,61000.783
2025-01-03T07:00Z,2025-01-03 08:00,59765.675,63708.000
2025-01-03T08:00Z,2025-01-03 09:00,61346.785,64846.022
2025-01-03T09:00Z,2025-01-03 10:00,62539.290,65700.038
2025-01-03T10:00Z,2025-01-03 11:00,63496.052,65995.378
2025-01-03T11:00Z,2025-01-03 12:00,64086.272,65560.220
2025-01-03T12:00Z,2025-01-03 13:00,63026.463,64271.318
2025-01-03T13:00Z,2025-01-03 14:00,62687.247,62404.448
2025-01-03T14:00Z,2025-01-03 15:00,62786.717,61139.150
2025-01-03T15:00Z,2025-01-03 16:00,63738.488,61850.162
2025-01-03T16:00Z,2025-01-03 17:00,66040.783,64381.105
2025-01-03T17:00Z,2025-01-03 18:00,65097.378,64640.177
2025-01-03T18:00Z,2025-01-03 19:00,63548.680,62577.935
2025-01-03T19:00Z,2025-01-03 20:00,60716.043,59068.247
2025-01-03T20:00Z,2025-01-03 21:00,58761.530,55787.988
2025-01-03T21:00Z,2025-01-03 22:00,56050.692,53171.527
2025-01-03T22:00Z,2025-01-03 23:00,53301.327,50073.645
2025-01-03T23:00Z,2025-01-04 00:00,50777.253,48153.190
2025-01-04T00:00Z,2025-01-04 01:00,48874.295,46438.000
2025-01-04T01:00Z,2025-01-04 02:00,46694.397,45239.973
2025-01-04T02:00Z,2025-01-04 03:00,45568.833,44403.467
2025-01-04T03:00Z,2025-01-04 04:00,44789.295,44725.173
2025-01-04T04:00Z,2025-01-04 05:00,44523.345,44954.473
2025-01-04T05:00Z,2025-01-04 06:00,45585.900,45329.637
2025-01-04T06:00Z,2025-01-04 07:00,47657.747,47615.253
2025-01-04T07:00Z,2025-01-04 08:00,51052.353,50977.420
2025-01-04T08:00Z,2025-01-04 09:00,54169.688,54589.403
2025-01-04T09:00Z,2025-01-04 10:00,56143.995,56562.650
2025-01-04T10:00Z,2025-01-04 11:00,58353.887,57420.728
2025-01-04T11:00Z,2025-01-04 12:00,58722.973,57220.162
2025-01-04T12:00Z,2025-01-04 13:00,57728.795,55968.393
2025-01-04T13:00Z,2025-01-04 14:00,56835.643,54874.497
2025-01-04T14:00Z,2025-01-04 15:00,57098.190,54215.412
2025-01-04T15:00Z,2025-01-04 16:00,58882.452,54606.035
2025-01-04T16:00Z,2025-01-04 17:00,61165.990,56304.595
2025-01-04T17:00Z,2025-01-04 18:00,61203.725,56754.055
2025-01-04T18:00Z,2025-01-04 19:00,59508.732,55762.467
2025-01-04T19:00Z,2025-01-04 20:00,56179.792,52851.445
2025-01-04T20:00Z,2025-01-04 21:00,53866.812,50425.228
2025-01-04T21:00Z,2025-01-04 22:00,52879.783,49020.647
2025-01-04T22:00Z,2025-01-04 23:00,49786.403,46499.848
2025-01-04T23:00Z,2025-01-05 00:00,47174.033,43434.340
2025-01-05T00:00Z,2025-01-05 01:00,44340.807,41722.455
2025-01-05T01:00Z,2025-01-05 02:00,43013.275,40569.310
2025-01-05T02:00Z,2025-01-05 03:00,42407.542,39865.217
2025-01-05T03:00Z,2025-01-05 04:00,42136.755,40176.830
2025-01-05T04:00Z,2025-01-05 05:00,42557.885,40909.072
2025-01-05T05:00Z,2025-01-05 06:00,43835.185,41250.293
2025-01-05T06:00Z,2025-01-05 07:00,45182.800,42728.090
2025-01-05T07:00Z,2025-01-05 08:00,48241.497,45560.533
2025-01-05T08:00Z,2025-01-05 09:00,52344.545,49572.925
2025-01-05T09:00Z,2025-01-05 10:00,54958.247,52071.430
2025-01-05T10:00Z,2025-01-05 11:00,57841.925,53818.320
2025-01-05T11:00Z,2025-01-05 12:00,58378.010,53830.643
2025-01-05T12:00Z,2025-01-05 13:00,56603.007,52639.607
2025-01-05T13:00Z,2025-01-05 14:00,55639.955,51221.035
2025-01-05T14:00Z,2025-01-05 15:00,56035.357,50559.478
2025-01-05T15:00Z,2025-01-05 16:00,58383.595,51379.505
2025-01-05T16:00Z,2025-01-05 17:00,60546.542,54060.120
2025-01-05T17:00Z,2025-01-05 18:00,60679.905,55518.525
2025-01-05T18:00Z,2025-01-05 19:00,58779.643,54711.255
2025-01-05T19:00Z,2025-01-05 20:00,56074.448,52527.558
2025-01-05T20:00Z,2025-01-05 21:00,53452.033,50603.917
2025-01-05T21:00Z,2025-01-05 22:00,51248.500,49352.695
2025-01-05T22:00Z,2025-01-05 23:00,48579.745,46885.865
2025-01-05T23:00Z,2025-01-06 00:00,46221.298,44186.225
2025-01-06T00:00Z,2025-01-06 01:00,44405.405,42772.850
2025-01-06T01:00Z,2025-01-06 02:00,43354.570,41730.335
2025-01-06T02:00Z,2025-01-06 03:00,44367.475,41574.932
2025-01-06T03:00Z,2025-01-06 04:00,45369.380,42796.235
2025-01-06T04:00Z,2025-01-06 05:00,48359.428,45595.985
2025-01-06T05:00Z,2025-01-06 06:00,52947.660,49056.860
2025-01-06T06:00Z,2025-01-06 07:00,56669.647,52634.533
2025-01-06T07:00Z,2025-01-06 08:00,59752.675,55862.917
2025-01-06T08:00Z,2025-01-06 09:00,61796.410,58116.507
2025-01-06T09:00Z,2025-01-06 10:00,63461.607,59664.510
2025-01-06T10:00Z,2025-01-06 11:00,64354.415,61341.055
2025-01-06T11:00Z,2025-01-06 12:00,64507.253,61453.805
2025-01-06T12:00Z,2025-01-06 13:00,63892.220,59417.495
2025-01-06T13:00Z,2025-01-06 14:00,62071.290,57734.573
2025-01-06T14:00Z,2025-01-06 15:00,61466.217,58007.150
2025-01-06T15:00Z,2025-01-06 16:00,62324.665,59194.840
2025-01-06T16:00Z,2025-01-06 17:00,64748.140,61688.912
2025-01-06T17:00Z,2025-01-06 18:00,64290.323,61488.660
2025-01-06T18:00Z,2025-01-06 19:00,63323.323,60099.805
2025-01-06T19:00Z,2025-01-06 20:00,60571.550,57255.890
2025-01-06T20:00Z,2025-01-06 21:00,57208.920,54491.460
2025-01-06T21:00Z,2025-01-06 22:00,54426.208,52331.588
2025-01-06T22:00Z,2025-01-06 23:00,51564.810,49594.460
2025-01-06T23:00Z,2025-01-07 00:00,49098.143,46758.330
2025-01-07T00:00Z,2025-01-07 01:00,48071.963,45332.997
2025-01-07T01:00Z,2025-01-07 02:00,47203.395,44591.168
2025-01-07T02:00Z,2025-01-07 03:00,47433.010,45126.893
2025-01-07T03:00Z,2025-01-07 04:00,48885.805,46730.308
2025-01-07T04:00Z,2025-01-07 05:00,51653.308,50207.025
2025-01-07T05:00Z,2025-01-07 06:00,59350.560,56123.673
2025-01-07T06:00Z,2025-01-07 07:00,65450.750,60592.292
2025-01-07T07:00Z,2025-01-07 08:00,68943.815,63697.957
2025-01-07T08:00Z,2025-01-07 09:00,69420.490,65494.747
2025-01-07T09:00Z,2025-01-07 10:00,69170.010,66358.490
2025-01-07T10:00Z,2025-01-07 11:00,69649.750,67321.582
2025-01-07T11:00Z,2025-01-07 12:00,69758.215,66956.848
2025-01-07T12:00Z,2025-01-07 13:00,69358.990,65984.958
2025-01-07T13:00Z,2025-01-07 14:00,68503.337,64636.695
2025-01-07T14:00Z,2025-01-07 15:00,67852.445,63881.227
2025-01-07T15:00Z,2025-01-07 16:00,69375.415,63699.798
2025-01-07T16:00Z,2025-01-07 17:00,71651.682,65214.900
2025-01-07T17:00Z,2025-01-07 18:00,71271.200,65956.327
2025-01-07T18:00Z,2025-01-07 19:00,69073.318,64693.065
2025-01-07T19:00Z,2025-01-07 20:00,65942.745,61397.525
2025-01-07T20:00Z,2025-01-07 21:00,62817.790,58061.000
2025-01-07T21:00Z,2025-01-07 22:00,59585.312,55070.982
2025-01-07T22:00Z,2025-01-07 23:00,55446.762,51433.195
2025-01-07T23:00Z,2025-01-08 00:00,53163.050,48750.655
2025-01-08T00:00Z,2025-01-08 01:00,51141.290,47159.370
2025-01-08T01:00Z,2025-01-08 02:00,50239.577,46415.685
2025-01-08T02:00Z,2025-01-08 03:00,50699.798,46784.097
2025-01-08T03:00Z,2025-01-08 04:00,51863.355,48593.868
2025-01-08T04:00Z,2025-01-08 05:00,55600.018,51415.935
2025-01-08T05:00Z,2025-01-08 06:00,63473.920,57029.555
2025-01-08T06:00Z,2025-01-08 07:00,69197.835,61205.400
2025-01-08T07:00Z,2025-01-08 08:00,72363.027,64063.730
2025-01-08T08:00Z,2025-01-08 09:00,72686.010,65933.052
2025-01-08T09:00Z,2025-01-08 10:00,72779.122,67003.115
2025-01-08T10:00Z,2025-01-08 11:00,71771.052,68104.195
2025-01-08T11:00Z,2025-01-08 12:00,71646.512,67795.365
2025-01-08T12:00Z,2025-01-08 13:00,72109.783,67061.555
2025-01-08T13:00Z,2025-01-08 14:00,70900.822,65561.910
2025-01-08T14:00Z,2025-01-08 15:00,70391.130,64665.232
2025-01-08T15:00Z,2025-01-08 16:00,71912.747,64408.772
2025-01-08T16:00Z,2025-01-08 17:00,73894.210,65839.425
2025-01-08T17:00Z,2025-01-08 18:00,73051.285,65975.682
2025-01-08T18:00Z,2025-01-08 19:00,70850.385,64555.943
2025-01-08T19:00Z,2025-01-08 20:00,67199.928,61333.558
2025-01-08T20:00Z,2025-01-08 21:00,62864.183,58098.307
2025-01-08T21:00Z,2025-01-08 22:00,59676.320,54992.995
2025-01-08T22:00Z,2025-01-08 23:00,55280.470,51266.790
2025-01-08T23:00Z,2025-01-09 00:00,51883.512,48923.035
2025-01-09T00:00Z,2025-01-09 01:00,50042.982,47266.217
2025-01-09T01:00Z,2025-01-09 02:00,48884.980,46320.768
2025-01-09T02:00Z,2025-01-09 03:00,48696.835,46688.545
2025-01-09T03:00Z,2025-01-09 04:00,49445.890,47524.232
2025-01-09T04:00Z,2025-01-09 05:00,52521.397,50310.085
2025-01-09T05:00Z,2025-01-09 06:00,59408.838,55361.375
2025-01-09T06:00Z,2025-01-09 07:00,65424.997,58615.545
2025-01-09T07:00Z,2025-01-09 08:00,68313.340,60884.110
2025-01-09T08:00Z,2025-01-09 09:00,69093.643,62685.450
2025-01-09T09:00Z,2025-01-09 10:00,69698.232,64054.488
2025-01-09T10:00Z,2025-01-09 11:00,70827.723,66384.018
2025-01-09T11:00Z,2025-01-09 12:00,70785.095,66784.723
2025-01-09T12:00Z,2025-01-09 13:00,70722.052,66163.795
2025-01-09T13:00Z,2025-01-09 14:00,69418.210,64322.440
2025-01-09T14:00Z,2025-01-09 15:00,68856.940,63762.805
2025-01-09T15:00Z,2025-01-09 16:00,69687.195,64155.215
2025-01-09T16:00Z,2025-01-09 17:00,71804.387,65794.675
2025-01-09T17:00Z,2025-01-09 18:00,71566.665,65471.707
2025-01-09T18:00Z,2025-01-09 19:00,69766.113,63244.745
2025-01-09T19:00Z,2025-01-09 20:00,66491.000,60806.272
2025-01-09T20:00Z,2025-01-09 21:00,62954.875,58173.488
2025-01-09T21:00Z,2025-01-09 22:00,60203.850,55891.485
2025-01-09T22:00Z,2025-01-09 23:00,56862.275,52999.878
2025-01-09T23:00Z,2025-01-10 00:00,55664.600,50729.680
2025-01-10T00:00Z,2025-01-10 01:00,53933.978,48864.188
2025-01-10T01:00Z,2025-01-10 02:00,53149.583,47875.750
2025-01-10T02:00Z,2025-01-10 03:00,53151.275,48050.825
2025-01-10T03:00Z,2025-01-10 04:00,54015.753,49701.442
2025-01-10T04:00Z,2025-01-10 05:00,56527.857,53139.592
2025-01-10T05:00Z,2025-01-10 06:00,63306.438,58545.982
2025-01-10T06:00Z,2025-01-10 07:00,68981.500,62527.622
2025-01-10T07:00Z,2025-01-10 08:00,71453.830,65639.898
2025-01-10T08:00Z,2025-01-10 09:00,72025.018,67378.615
2025-01-10T09:00Z,2025-01-10 10:00,72672.290,68302.548
2025-01-10T10:00Z,2025-01-10 11:00,72101.717,68938.780
2025-01-10T11:00Z,2025-01-10 12:00,71898.475,68840.710
2025-01-10T12:00Z,2025-01-10 13:00,70533.510,67357.902
2025-01-10T13:00Z,2025-01-10 14:00,68860.535,65225.305
2025-01-10T14:00Z,2025-01-10 15:00,68712.812,65215.188
2025-01-10T15:00Z,2025-01-10 16:00,69315.150,65544.150
2025-01-10T16:00Z,2025-01-10 17:00,71339.465,67904.845
2025-01-10T17:00Z,2025-01-10 18:00,70800.302,68007.982
2025-01-10T18:00Z,2025-01-10 19:00,69037.885,65987.640
2025-01-10T19:00Z,2025-01-10 20:00,65524.688,62323.548
2025-01-10T20:00Z,2025-01-10 21:00,62414.213,58953.200
2025-01-10T21:00Z,2025-01-10 22:00,59355.815,56139.177
2025-01-10T22:00Z,2025-01-10 23:00,56154.325,52437.785
2025-01-10T23:00Z,2025-01-11 00:00,53211.848,50333.287
2025-01-11T00:00Z,2025-01-11 01:00,50722.693,48084.757
2025-01-11T01:00Z,2025-01-11 02:00,49346.235,46673.775
2025-01-11T02:00Z,2025-01-11 03:00,49425.988,45719.960
2025-01-11T03:00Z,2025-01-11 04:00,49809.833,46177.505
2025-01-11T04:00Z,2025-01-11 05:00,49648.772,46424.497
2025-01-11T05:00Z,2025-01-11 06:00,50782.910,46626.890
2025-01-11T06:00Z,2025-01-11 07:00,53100.855,48726.393
2025-01-11T07:00Z,2025-01-11 08:00,56530.865,51989.370
2025-01-11T08:00Z,2025-01-11 09:00,57950.568,55827.500
2025-01-11T09:00Z,2025-01-11 10:00,59341.970,58057.390
2025-01-11T10:00Z,2025-01-11 11:00,60420.442,59006.225
2025-01-11T11:00Z,2025-01-11 12:00,60165.970,58980.682
2025-01-11T12:00Z,2025-01-11 13:00,59449.003,57842.185
2025-01-11T13:00Z,2025-01-11 14:00,58915.827,56506.757
2025-01-11T14:00Z,2025-01-11 15:00,59918.215,55625.058
2025-01-11T15:00Z,2025-01-11 16:00,61548.338,55796.772
2025-01-11T16:00Z,2025-01-11 17:00,65042.805,57667.973
2025-01-11T17:00Z,2025-01-11 18:00,64858.525,58316.403
2025-01-11T18:00Z,2025-01-11 19:00,63438.070,56881.448
2025-01-11T19:00Z,2025-01-11 20:00,60144.315,54038.982
2025-01-11T20:00Z,2025-01-11 21:00,57438.698,51754.007
2025-01-11T21:00Z,2025-01-11 22:00,55177.522,50303.567
2025-01-11T22:00Z,2025-01-11 23:00,52145.030,47714.787
2025-01-11T23:00Z,2025-01-12 00:00,50109.615,44746.272
2025-01-12T00:00Z,2025-01-12 01:00,48625.545,42855.493
2025-01-12T01:00Z,2025-01-12 02:00,48071.080,41589.167
2025-01-12T02:00Z,2025-01-12 03:00,47777.738,41002.473
2025-01-12T03:00Z,2025-01-12 04:00,47550.485,41499.042
2025-01-12T04:00Z,2025-01-12 05:00,47725.863,42250.710
2025-01-12T05:00Z,2025-01-12 06:00,47516.285,42639.320
2025-01-12T06:00Z,2025-01-12 07:00,48990.955,44276.058
2025-01-12T07:00Z,2025-01-12 08:00,52074.445,47307.370
2025-01-12T08:00Z,2025-01-12 09:00,54353.035,51309.840
2025-01-12T09:00Z,2025-01-12 10:00,56502.360,53255.493
2025-01-12T10:00Z,2025-01-12 11:00,58585.993,54867.818
2025-01-12T11:00Z,2025-01-12 12:00,57996.680,55259.505
2025-01-12T12:00Z,2025-01-12 13:00,55599.408,54252.393
2025-01-12T13:00Z,2025-01-12 14:00,54155.967,52886.073
2025-01-12T14:00Z,2025-01-12 15:00,53589.460,52264.582
2025-01-12T15:00Z,2025-01-12 16:00,55722.158,52677.665
2025-01-12T16:00Z,2025-01-12 17:00,59814.993,55597.447
2025-01-12T17:00Z,2025-01-12 18:00,60779.107,57288.978
2025-01-12T18:00Z,2025-01-12 19:00,59537.188,56136.090
2025-01-12T19:00Z,2025-01-12 20:00,56740.750,53909.798
2025-01-12T20:00Z,2025-01-12 21:00,54938.905,52074.092
2025-01-12T21:00Z,2025-01-12 22:00,53933.438,50824.403
2025-01-12T22:00Z,2025-01-12 23:00,51412.835,48210.382
2025-01-12T23:00Z,2025-01-13 00:00,49275.988,47610.955
2025-01-13T00:00Z,2025-01-13 01:00,48282.465,46364.482
2025-01-13T01:00Z,2025-01-13 02:00,48079.787,45912.070
2025-01-13T02:00Z,2025-01-13 03:00,48278.677,46019.690
2025-01-13T03:00Z,2025-01-13 04:00,49717.783,48079.103
2025-01-13T04:00Z,2025-01-13 05:00,53966.360,52844.738
2025-01-13T05:00Z,2025-01-13 06:00,62124.713,60519.497
2025-01-13T06:00Z,2025-01-13 07:00,68811.992,65722.783
2025-01-13T07:00Z,2025-01-13 08:00,71819.740,68558.923
2025-01-13T08:00Z,2025-01-13 09:00,72001.387,69662.697
2025-01-13T09:00Z,2025-01-13 10:00,72415.000,70284.723
2025-01-13T10:00Z,2025-01-13 11:00,72279.930,70956.505
2025-01-13T11:00Z,2025-01-13 12:00,72882.633,70561.315
2025-01-13T12:00Z,2025-01-13 13:00,71813.673,69634.695
2025-01-13T13:00Z,2025-01-13 14:00,70092.087,68571.488
2025-01-13T14:00Z,2025-01-13 15:00,70111.137,68120.170
2025-01-13T15:00Z,2025-01-13 16:00,71576.435,68061.212
2025-01-13T16:00Z,2025-01-13 17:00,74421.048,69256.435
2025-01-13T17:00Z,2025-01-13 18:00,74817.643,69651.960
2025-01-13T18:00Z,2025-01-13 19:00,74085.462,68449.363
2025-01-13T19:00Z,2025-01-13 20:00,70748.850,64686.223
2025-01-13T20:00Z,2025-01-13 21:00,67609.617,61219.713
2025-01-13T21:00Z,2025-01-13 22:00,63956.972,58273.335
2025-01-13T22:00Z,2025-01-13 23:00,60352.662,54845.405
2025-01-13T23:00Z,2025-01-14 00:00,57617.787,52016.905
2025-01-14T00:00Z,2025-01-14 01:00,56363.702,50497.548
2025-01-14T01:00Z,2025-01-14 02:00,56008.400,49301.185
2025-01-14T02:00Z,2025-01-14 03:00,56280.318,49644.615
2025-01-14T03:00Z,2025-01-14 04:00,56476.115,51328.052
2025-01-14T04:00Z,2025-01-14 05:00,60059.132,54732.747
2025-01-14T05:00Z,2025-01-14 06:00,67849.523,61210.970
2025-01-14T06:00Z,2025-01-14 07:00,73619.875,66511.728
2025-01-14T07:00Z,2025-01-14 08:00,76119.200,69223.913
2025-01-14T08:00Z,2025-01-14 09:00,76079.272,70672.732
2025-01-14T09:00Z,2025-01-14 10:00,75842.195,71125.575
2025-01-14T10:00Z,2025-01-14 11:00,75147.887,71685.122
2025-01-14T11:00Z,2025-01-14 12:00,75150.253,71167.212
2025-01-14T12:00Z,2025-01-14 13:00,74166.607,70275.005
2025-01-14T13:00Z,2025-01-14 14:00,72829.735,68882.900
2025-01-14T14:00Z,2025-01-14 15:00,71712.740,68234.655
2025-01-14T15:00Z,2025-01-14 16:00,72874.283,68253.425
2025-01-14T16:00Z,2025-01-14 17:00,75105.565,70676.840
2025-01-14T17:00Z,2025-01-14 18:00,74511.770,70360.290
2025-01-14T18:00Z,2025-01-14 19:00,72312.580,68715.548
2025-01-14T19:00Z,2025-01-14 20:00,69382.570,65067.475
2025-01-14T20:00Z,2025-01-14 21:00,66153.413,61678.798
2025-01-14T21:00Z,2025-01-14 22:00,62402.975,58782.952
2025-01-14T22:00Z,2025-01-14 23:00,58766.725,55757.868
2025-01-14T23:00Z,2025-01-15 00:00,55439.973,53677.795
2025-01-15T00:00Z,2025-01-15 01:00,53840.730,52010.385
2025-01-15T01:00Z,2025-01-15 02:00,53125.262,51221.317
2025-01-15T02:00Z,2025-01-15 03:00,53097.055,51061.205
2025-01-15T03:00Z,2025-01-15 04:00,53666.673,52761.348
2025-01-15T04:00Z,2025-01-15 05:00,56565.180,55985.707
2025-01-15T05:00Z,2025-01-15 06:00,63049.310,61557.613
2025-01-15T06:00Z,2025-01-15 07:00,68115.603,66748.970
2025-01-15T07:00Z,2025-01-15 08:00,71001.420,69706.268
2025-01-15T08:00Z,2025-01-15 09:00,71119.925,71357.707
2025-01-15T09:00Z,2025-01-15 10:00,71522.020,72369.902
2025-01-15T10:00Z,2025-01-15 11:00,71580.895,72873.898
2025-01-15T11:00Z,2025-01-15 12:00,70853.717,72562.605
2025-01-15T12:00Z,2025-01-15 13:00,70125.360,71426.725
2025-01-15T13:00Z,2025-01-15 14:00,69361.958,69865.443
2025-01-15T14:00Z,2025-01-15 15:00,68966.458,68623.880
2025-01-15T15:00Z,2025-01-15 16:00,69178.212,68641.485
2025-01-15T16:00Z,2025-01-15 17:00,71125.105,70418.020
2025-01-15T17:00Z,2025-01-15 18:00,70652.883,69871.765
2025-01-15T18:00Z,2025-01-15 19:00,68857.062,68138.985
2025-01-15T19:00Z,2025-01-15 20:00,65343.268,64748.408
2025-01-15T20:00Z,2025-01-15 21:00,61883.245,61285.985
2025-01-15T21:00Z,2025-01-15 22:00,58474.527,58146.020
2025-01-15T22:00Z,2025-01-15 23:00,55151.438,54884.265
2025-01-15T23:00Z,2025-01-16 00:00,52775.890,51406.092
2025-01-16T00:00Z,2025-01-16 01:00,52122.197,49668.445
2025-01-16T01:00Z,2025-01-16 02:00,51103.533,48769.245
2025-01-16T02:00Z,2025-01-16 03:00,51292.260,48995.083
2025-01-16T03:00Z,2025-01-16 04:00,52965.152,49731.795
2025-01-16T04:00Z,2025-01-16 05:00,56477.232,53205.598
2025-01-16T05:00Z,2025-01-16 06:00,63270.732,60115.550
2025-01-16T06:00Z,2025-01-16 07:00,69051.023,65517.273
2025-01-16T07:00Z,2025-01-16 08:00,72226.775,67697.930
2025-01-16T08:00Z,2025-01-16 09:00,72581.577,67951.583
2025-01-16T09:00Z,2025-01-16 10:00,73043.270,68528.147
2025-01-16T10:00Z,2025-01-16 11:00,73021.533,69760.235
2025-01-16T11:00Z,2025-01-16 12:00,72584.163,69599.205
2025-01-16T12:00Z,2025-01-16 13:00,71911.247,68738.145
2025-01-16T13:00Z,2025-01-16 14:00,70090.965,67216.100
2025-01-16T14:00Z,2025-01-16 15:00,69750.122,67089.122
2025-01-16T15:00Z,2025-01-16 16:00,70862.772,67074.253
2025-01-16T16:00Z,2025-01-16 17:00,72829.040,69259.952
2025-01-16T17:00Z,2025-01-16 18:00,72358.590,68738.245
2025-01-16T18:00Z,2025-01-16 19:00,70791.655,66168.750
2025-01-16T19:00Z,2025-01-16 20:00,67406.935,63414.860
2025-01-16T20:00Z,2025-01-16 21:00,64004.677,60593.132
2025-01-16T21:00Z,2025-01-16 22:00,61286.423,57823.778
2025-01-16T22:00Z,2025-01-16 23:00,57730.417,54649.232
2025-01-16T23:00Z,2025-01-17 00:00,55570.807,52056.750
2025-01-17T00:00Z,2025-01-17 01:00,54187.505,50356.600
2025-01-17T01:00Z,2025-01-17 02:00,53026.870,49583.202
2025-01-17T02:00Z,2025-01-17 03:00,53238.838,49819.003
2025-01-17T03:00Z,2025-01-17 04:00,54339.315,51508.840
2025-01-17T04:00Z,2025-01-17 05:00,56753.665,54854.128
2025-01-17T05:00Z,2025-01-17 06:00,63390.057,61626.208
2025-01-17T06:00Z,2025-01-17 07:00,69412.663,66989.105
2025-01-17T07:00Z,2025-01-17 08:00,72398.640,69765.370
2025-01-17T08:00Z,2025-01-17 09:00,73063.805,70377.117
2025-01-17T09:00Z,2025-01-17 10:00,73540.725,70150.495
2025-01-17T10:00Z,2025-01-17 11:00,73556.345,70533.505
2025-01-17T11:00Z,2025-01-17 12:00,73112.762,70004.980
2025-01-17T12:00Z,2025-01-17 13:00,71415.312,68768.515
2025-01-17T13:00Z,2025-01-17 14:00,70105.715,67122.955
2025-01-17T14:00Z,2025-01-17 15:00,69225.955,66405.068
2025-01-17T15:00Z,2025-01-17 16:00,69787.242,66887.823
2025-01-17T16:00Z,2025-01-17 17:00,71896.975,69592.897
2025-01-17T17:00Z,2025-01-17 18:00,71134.395,69302.800
2025-01-17T18:00Z,2025-01-17 19:00,68855.080,66555.210
2025-01-17T19:00Z,2025-01-17 20:00,65181.830,63230.853
2025-01-17T20:00Z,2025-01-17 21:00,61892.688,59954.060
2025-01-17T21:00Z,2025-01-17 22:00,58925.060,56984.943
2025-01-17T22:00Z,2025-01-17 23:00,56348.653,53585.417
2025-01-17T23:00Z,2025-01-18 00:00,53214.330,50452.938
2025-01-18T00:00Z,2025-01-18 01:00,50985.835,48323.522
2025-01-18T01:00Z,2025-01-18 02:00,50110.622,47036.550
2025-01-18T02:00Z,2025-01-18 03:00,49575.820,46308.452
2025-01-18T03:00Z,2025-01-18 04:00,49322.655,46628.182
2025-01-18T04:00Z,2025-01-18 05:00,49299.158,47391.802
2025-01-18T05:00Z,2025-01-18 06:00,50438.995,48373.537
2025-01-18T06:00Z,2025-01-18 07:00,53119.418,50539.772
2025-01-18T07:00Z,2025-01-18 08:00,56550.920,53784.522
2025-01-18T08:00Z,2025-01-18 09:00,59065.510,56962.675
2025-01-18T09:00Z,2025-01-18 10:00,60715.458,58775.762
2025-01-18T10:00Z,2025-01-18 11:00,61530.400,59912.885
2025-01-18T11:00Z,2025-01-18 12:00,60995.805,59854.747
2025-01-18T12:00Z,2025-01-18 13:00,59436.240,58512.740
2025-01-18T13:00Z,2025-01-18 14:00,57325.900,57285.490
2025-01-18T14:00Z,2025-01-18 15:00,56843.738,56784.493
2025-01-18T15:00Z,2025-01-18 16:00,58303.950,57453.948
2025-01-18T16:00Z,2025-01-18 17:00,61515.497,59685.963
2025-01-18T17:00Z,2025-01-18 18:00,62563.692,60157.897
2025-01-18T18:00Z,2025-01-18 19:00,60548.935,58437.760
2025-01-18T19:00Z,2025-01-18 20:00,57255.378,55408.048
2025-01-18T20:00Z,2025-01-18 21:00,55021.935,53129.140
2025-01-18T21:00Z,2025-01-18 22:00,53622.470,51583.552
2025-01-18T22:00Z,2025-01-18 23:00,51486.695,48969.740
2025-01-18T23:00Z,2025-01-19 00:00,49100.960,46080.770
2025-01-19T00:00Z,2025-01-19 01:00,47265.688,44327.098
2025-01-19T01:00Z,2025-01-19 02:00,46039.533,43298.460
2025-01-19T02:00Z,2025-01-19 03:00,45782.095,42692.095
2025-01-19T03:00Z,2025-01-19 04:00,45402.650,42691.743
2025-01-19T04:00Z,2025-01-19 05:00,45212.213,43159.478
2025-01-19T05:00Z,2025-01-19 06:00,45568.792,43469.745
2025-01-19T06:00Z,2025-01-19 07:00,47594.860,44913.590
2025-01-19T07:00Z,2025-01-19 08:00,50806.717,47818.040
2025-01-19T08:00Z,2025-01-19 09:00,53949.920,51539.417
2025-01-19T09:00Z,2025-01-19 10:00,56969.190,53908.537
2025-01-19T10:00Z,2025-01-19 11:00,58914.955,55365.025
2025-01-19T11:00Z,2025-01-19 12:00,58406.323,55486.717
2025-01-19T12:00Z,2025-01-19 13:00,56155.488,54180.137
2025-01-19T13:00Z,2025-01-19 14:00,53630.225,53126.165
2025-01-19T14:00Z,2025-01-19 15:00,53054.753,52732.450
2025-01-19T15:00Z,2025-01-19 16:00,55547.280,53618.967
2025-01-19T16:00Z,2025-01-19 17:00,59485.330,56634.640
2025-01-19T17:00Z,2025-01-19 18:00,60828.573,58290.247
2025-01-19T18:00Z,2025-01-19 19:00,59334.952,56830.402
2025-01-19T19:00Z,2025-01-19 20:00,56808.338,54740.387
2025-01-19T20:00Z,2025-01-19 21:00,54815.120,52972.438
2025-01-19T21:00Z,2025-01-19 22:00,54044.287,51764.365
2025-01-19T22:00Z,2025-01-19 23:00,52056.923,49270.503
2025-01-19T23:00Z,2025-01-20 00:00,50097.815,48209.705
2025-01-20T00:00Z,2025-01-20 01:00,48748.120,46751.415
2025-01-20T01:00Z,2025-01-20 02:00,48852.235,46217.480
2025-01-20T02:00Z,2025-01-20 03:00,49862.948,46567.882
2025-01-20T03:00Z,2025-01-20 04:00,50631.030,48619.613
2025-01-20T04:00Z,2025-01-20 05:00,53961.670,53231.875
2025-01-20T05:00Z,2025-01-20 06:00,62448.495,60901.872
2025-01-20T06:00Z,2025-01-20 07:00,68512.375,66032.790
2025-01-20T07:00Z,2025-01-20 08:00,71680.355,68864.098
2025-01-20T08:00Z,2025-01-20 09:00,72149.250,70227.035
2025-01-20T09:00Z,2025-01-20 10:00,72810.625,71093.117
2025-01-20T10:00Z,2025-01-20 11:00,72882.307,72153.075
2025-01-20T11:00Z,2025-01-20 12:00,72229.920,72304.390
2025-01-20T12:00Z,2025-01-20 13:00,71259.920,71518.215
2025-01-20T13:00Z,2025-01-20 14:00,69691.753,70432.885
2025-01-20T14:00Z,2025-01-20 15:00,69028.857,69569.202
2025-01-20T15:00Z,2025-01-20 16:00,69283.505,69248.315
2025-01-20T16:00Z,2025-01-20 17:00,71413.688,70440.973
2025-01-20T17:00Z,2025-01-20 18:00,71194.835,71200.255
2025-01-20T18:00Z,2025-01-20 19:00,70135.182,69235.148
2025-01-20T19:00Z,2025-01-20 20:00,66834.997,65497.303
2025-01-20T20:00Z,2025-01-20 21:00,63413.042,61897.505
2025-01-20T21:00Z,2025-01-20 22:00,60487.925,58958.560
2025-01-20T22:00Z,2025-01-20 23:00,57455.805,55274.387
2025-01-20T23:00Z,2025-01-21 00:00,54108.387,52286.427
2025-01-21T00:00Z,2025-01-21 01:00,52902.833,50880.850
2025-01-21T01:00Z,2025-01-21 02:00,52386.585,49535.300
2025-01-21T02:00Z,2025-01-21 03:00,52709.420,49949.045
2025-01-21T03:00Z,2025-01-21 04:00,53673.368,51444.320
2025-01-21T04:00Z,2025-01-21 05:00,57242.040,54941.592
2025-01-21T05:00Z,2025-01-21 06:00,63691.902,61714.118
2025-01-21T06:00Z,2025-01-21 07:00,69758.622,67173.383
2025-01-21T07:00Z,2025-01-21 08:00,72399.680,69960.167
2025-01-21T08:00Z,2025-01-21 09:00,72148.708,71215.750
2025-01-21T09:00Z,2025-01-21 10:00,72408.857,71910.688
2025-01-21T10:00Z,2025-01-21 11:00,71849.810,72395.318
2025-01-21T11:00Z,2025-01-21 12:00,70875.122,72132.855
2025-01-21T12:00Z,2025-01-21 13:00,69909.975,71042.803
2025-01-21T13:00Z,2025-01-21 14:00,68156.027,69667.128
2025-01-21T14:00Z,2025-01-21 15:00,67959.538,69173.122
2025-01-21T15:00Z,2025-01-21 16:00,68594.652,69227.568
2025-01-21T16:00Z,2025-01-21 17:00,71008.500,71533.625
2025-01-21T17:00Z,2025-01-21 18:00,71400.592,71583.150
2025-01-21T18:00Z,2025-01-21 19:00,69873.018,69330.258
2025-01-21T19:00Z,2025-01-21 20:00,66012.333,65493.335
2025-01-21T20:00Z,2025-01-21 21:00,62561.122,61894.387
2025-01-21T21:00Z,2025-01-21 22:00,59534.592,58765.770
2025-01-21T22:00Z,2025-01-21 23:00,56368.665,55569.760
2025-01-21T23:00Z,2025-01-22 00:00,53409.555,53633.537
2025-01-22T00:00Z,2025-01-22 01:00,51514.018,52113.158
2025-01-22T01:00Z,2025-01-22 02:00,50815.993,51400.115
2025-01-22T02:00Z,2025-01-22 03:00,51063.132,51324.213
2025-01-22T03:00Z,2025-01-22 04:00,51841.310,52786.012
2025-01-22T04:00Z,2025-01-22 05:00,55080.757,56065.848
2025-01-22T05:00Z,2025-01-22 06:00,62159.965,61797.685
2025-01-22T06:00Z,2025-01-22 07:00,67633.268,67294.728
2025-01-22T07:00Z,2025-01-22 08:00,70162.923,70122.955
2025-01-22T08:00Z,2025-01-22 09:00,70371.897,71579.312
2025-01-22T09:00Z,2025-01-22 10:00,70022.495,72743.992
2025-01-22T10:00Z,2025-01-22 11:00,70339.682,73138.902
2025-01-22T11:00Z,2025-01-22 12:00,70329.090,72676.753
2025-01-22T12:00Z,2025-01-22 13:00,68661.232,71369.910
2025-01-22T13:00Z,2025-01-22 14:00,67559.140,69911.908
2025-01-22T14:00Z,2025-01-22 15:00,67130.615,68691.728
2025-01-22T15:00Z,2025-01-22 16:00,68144.298,68901.750
2025-01-22T16:00Z,2025-01-22 17:00,71280.045,70562.465
2025-01-22T17:00Z,2025-01-22 18:00,71878.750,70495.777
2025-01-22T18:00Z,2025-01-22 19:00,69765.902,68424.065
2025-01-22T19:00Z,2025-01-22 20:00,66515.390,64867.810
2025-01-22T20:00Z,2025-01-22 21:00,63128.327,61252.013
2025-01-22T21:00Z,2025-01-22 22:00,60138.717,58166.643
2025-01-22T22:00Z,2025-01-22 23:00,56552.460,55014.048
2025-01-22T23:00Z,2025-01-23 00:00,52619.562,51035.717
2025-01-23T00:00Z,2025-01-23 01:00,50236.598,49018.015
2025-01-23T01:00Z,2025-01-23 02:00,49658.815,48275.550
2025-01-23T02:00Z,2025-01-23 03:00,49416.868,48420.025
2025-01-23T03:00Z,2025-01-23 04:00,50641.312,49134.735
2025-01-23T04:00Z,2025-01-23 05:00,53947.083,52409.137
2025-01-23T05:00Z,2025-01-23 06:00,61434.990,59196.065
2025-01-23T06:00Z,2025-01-23 07:00,67345.318,64605.982
2025-01-23T07:00Z,2025-01-23 08:00,70009.402,66679.413
2025-01-23T08:00Z,2025-01-23 09:00,71168.410,67260.918
2025-01-23T09:00Z,2025-01-23 10:00,72010.855,67996.438
2025-01-23T10:00Z,2025-01-23 11:00,72696.010,69062.125
2025-01-23T11:00Z,2025-01-23 12:00,73082.413,68724.545
2025-01-23T12:00Z,2025-01-23 13:00,72148.787,67952.690
2025-01-23T13:00Z,2025-01-23 14:00,71337.010,66307.210
2025-01-23T14:00Z,2025-01-23 15:00,70157.685,65777.217
2025-01-23T15:00Z,2025-01-23 16:00,70513.902,65697.665
2025-01-23T16:00Z,2025-01-23 17:00,72685.432,67761.400
2025-01-23T17:00Z,2025-01-23 18:00,72176.182,67809.280
2025-01-23T18:00Z,2025-01-23 19:00,70427.923,65560.837
2025-01-23T19:00Z,2025-01-23 20:00,67230.775,62577.245
2025-01-23T20:00Z,2025-01-23 21:00,63803.340,59911.082
2025-01-23T21:00Z,2025-01-23 22:00,60914.960,57051.088
2025-01-23T22:00Z,2025-01-23 23:00,56854.635,54009.505
2025-01-23T23:00Z,2025-01-24 00:00,53956.432,51140.448
2025-01-24T00:00Z,2025-01-24 01:00,51895.275,49313.917
2025-01-24T01:00Z,2025-01-24 02:00,51230.035,48426.670
2025-01-24T02:00Z,2025-01-24 03:00,51245.003,48675.870
2025-01-24T03:00Z,2025-01-24 04:00,52321.887,50285.162
2025-01-24T04:00Z,2025-01-24 05:00,55003.658,53911.098
2025-01-24T05:00Z,2025-01-24 06:00,62135.270,60822.565
2025-01-24T06:00Z,2025-01-24 07:00,67873.730,65930.372
2025-01-24T07:00Z,2025-01-24 08:00,70305.908,68602.050
2025-01-24T08:00Z,2025-01-24 09:00,70397.092,69223.673
2025-01-24T09:00Z,2025-01-24 10:00,70804.413,69022.452
2025-01-24T10:00Z,2025-01-24 11:00,70239.557,69114.235
2025-01-24T11:00Z,2025-01-24 12:00,69992.795,68326.925
2025-01-24T12:00Z,2025-01-24 13:00,68221.975,67055.360
2025-01-24T13:00Z,2025-01-24 14:00,66860.853,65174.757
2025-01-24T14:00Z,2025-01-24 15:00,66380.105,65266.205
2025-01-24T15:00Z,2025-01-24 16:00,66800.423,66247.075
2025-01-24T16:00Z,2025-01-24 17:00,69036.298,68943.575
2025-01-24T17:00Z,2025-01-24 18:00,68505.507,68738.902
2025-01-24T18:00Z,2025-01-24 19:00,67021.455,66088.542
2025-01-24T19:00Z,2025-01-24 20:00,63665.927,62238.700
2025-01-24T20:00Z,2025-01-24 21:00,59942.335,58386.005
2025-01-24T21:00Z,2025-01-24 22:00,56217.450,55684.833
2025-01-24T22:00Z,2025-01-24 23:00,52705.512,52392.802
2025-01-24T23:00Z,2025-01-25 00:00,51798.818,49355.842
2025-01-25T00:00Z,2025-01-25 01:00,48996.997,47333.070
2025-01-25T01:00Z,2025-01-25 02:00,47623.342,46245.165
2025-01-25T02:00Z,2025-01-25 03:00,46977.003,45486.510
2025-01-25T03:00Z,2025-01-25 04:00,47574.800,45646.342
2025-01-25T04:00Z,2025-01-25 05:00,47937.077,46211.118
2025-01-25T05:00Z,2025-01-25 06:00,48761.098,46900.982
2025-01-25T06:00Z,2025-01-25 07:00,51093.618,49493.180
2025-01-25T07:00Z,2025-01-25 08:00,54847.390,52719.005
2025-01-25T08:00Z,2025-01-25 09:00,58200.518,55821.902
2025-01-25T09:00Z,2025-01-25 10:00,59869.690,57536.347
2025-01-25T10:00Z,2025-01-25 11:00,61079.095,58342.180
2025-01-25T11:00Z,2025-01-25 12:00,60795.245,57898.912
2025-01-25T12:00Z,2025-01-25 13:00,58892.335,56460.850
2025-01-25T13:00Z,2025-01-25 14:00,58209.120,55084.505
2025-01-25T14:00Z,2025-01-25 15:00,56943.353,54484.210
2025-01-25T15:00Z,2025-01-25 16:00,57422.820,54891.238
2025-01-25T16:00Z,2025-01-25 17:00,60826.673,57334.025
2025-01-25T17:00Z,2025-01-25 18:00,61344.848,58326.090
2025-01-25T18:00Z,2025-01-25 19:00,58710.427,56702.820
2025-01-25T19:00Z,2025-01-25 20:00,55802.785,53920.467
2025-01-25T20:00Z,2025-01-25 21:00,53403.192,51652.670
2025-01-25T21:00Z,2025-01-25 22:00,51322.050,49972.245
2025-01-25T22:00Z,2025-01-25 23:00,47581.912,47508.625
2025-01-25T23:00Z,2025-01-26 00:00,44032.975,45128.845
2025-01-26T00:00Z,2025-01-26 01:00,42199.815,43209.433
2025-01-26T01:00Z,2025-01-26 02:00,41570.515,42116.910
2025-01-26T02:00Z,2025-01-26 03:00,41093.645,41705.115
2025-01-26T03:00Z,2025-01-26 04:00,41284.552,41806.783
2025-01-26T04:00Z,2025-01-26 05:00,41517.345,41970.363
2025-01-26T05:00Z,2025-01-26 06:00,42069.585,42101.350
2025-01-26T06:00Z,2025-01-26 07:00,44014.722,43759.100
2025-01-26T07:00Z,2025-01-26 08:00,48203.667,46458.963
2025-01-26T08:00Z,2025-01-26 09:00,51925.552,50075.717
2025-01-26T09:00Z,2025-01-26 10:00,54297.800,52192.285
2025-01-26T10:00Z,2025-01-26 11:00,56057.555,53685.938
2025-01-26T11:00Z,2025-01-26 12:00,56356.537,53580.125
2025-01-26T12:00Z,2025-01-26 13:00,55158.395,51819.365
2025-01-26T13:00Z,2025-01-26 14:00,53888.118,50543.772
2025-01-26T14:00Z,2025-01-26 15:00,53538.170,50257.027
2025-01-26T15:00Z,2025-01-26 16:00,54665.885,51296.183
2025-01-26T16:00Z,2025-01-26 17:00,57803.442,54269.395
2025-01-26T17:00Z,2025-01-26 18:00,59360.725,56580.762
2025-01-26T18:00Z,2025-01-26 19:00,57859.525,55837.165
2025-01-26T19:00Z,2025-01-26 20:00,54987.875,53504.145
2025-01-26T20:00Z,2025-01-26 21:00,53188.647,51703.655
2025-01-26T21:00Z,2025-01-26 22:00,52374.965,50607.820
2025-01-26T22:00Z,2025-01-26 23:00,49529.792,48176.395
2025-01-26T23:00Z,2025-01-27 00:00,47729.790,46470.533
2025-01-27T00:00Z,2025-01-27 01:00,46562.647,44963.510
2025-01-27T01:00Z,2025-01-27 02:00,46199.598,44357.463
2025-01-27T02:00Z,2025-01-27 03:00,47069.320,44807.445
2025-01-27T03:00Z,2025-01-27 04:00,49279.122,46849.505
2025-01-27T04:00Z,2025-01-27 05:00,53720.753,51287.705
2025-01-27T05:00Z,2025-01-27 06:00,62139.738,58725.300
2025-01-27T06:00Z,2025-01-27 07:00,68935.350,64107.868
2025-01-27T07:00Z,2025-01-27 08:00,71139.113,67015.397
2025-01-27T08:00Z,2025-01-27 09:00,71042.590,68311.978
2025-01-27T09:00Z,2025-01-27 10:00,71677.670,69247.145
2025-01-27T10:00Z,2025-01-27 11:00,71986.940,69914.307
2025-01-27T11:00Z,2025-01-27 12:00,69931.055,69589.488
2025-01-27T12:00Z,2025-01-27 13:00,69592.605,68501.605
2025-01-27T13:00Z,2025-01-27 14:00,68204.950,67462.815
2025-01-27T14:00Z,2025-01-27 15:00,68257.812,67044.770
2025-01-27T15:00Z,2025-01-27 16:00,67520.973,66557.530
2025-01-27T16:00Z,2025-01-27 17:00,69931.018,68253.613
2025-01-27T17:00Z,2025-01-27 18:00,70158.795,69055.932
2025-01-27T18:00Z,2025-01-27 19:00,68491.890,67291.698
2025-01-27T19:00Z,2025-01-27 20:00,65050.348,63686.990
2025-01-27T20:00Z,2025-01-27 21:00,61108.165,59949.348
2025-01-27T21:00Z,2025-01-27 22:00,58791.033,56747.088
2025-01-27T22:00Z,2025-01-27 23:00,55083.495,53143.785
2025-01-27T23:00Z,2025-01-28 00:00,52195.772,50628.802
2025-01-28T00:00Z,2025-01-28 01:00,50564.680,49059.393
2025-01-28T01:00Z,2025-01-28 02:00,50552.930,48251.060
2025-01-28T02:00Z,2025-01-28 03:00,50380.807,48821.693
2025-01-28T03:00Z,2025-01-28 04:00,51375.600,50395.440
2025-01-28T04:00Z,2025-01-28 05:00,54515.963,53560.555
2025-01-28T05:00Z,2025-01-28 06:00,62046.647,59963.388
2025-01-28T06:00Z,2025-01-28 07:00,69041.958,65314.158
2025-01-28T07:00Z,2025-01-28 08:00,70555.833,68241.682
2025-01-28T08:00Z,2025-01-28 09:00,70661.180,69258.765
2025-01-28T09:00Z,2025-01-28 10:00,69476.083,69723.005
2025-01-28T10:00Z,2025-01-28 11:00,68613.710,69983.717
2025-01-28T11:00Z,2025-01-28 12:00,68429.585,69422.342
2025-01-28T12:00Z,2025-01-28 13:00,67978.542,68431.805
2025-01-28T13:00Z,2025-01-28 14:00,66918.505,67389.747
2025-01-28T14:00Z,2025-01-28 15:00,66312.107,66924.130
2025-01-28T15:00Z,2025-01-28 16:00,66321.758,66655.092
2025-01-28T16:00Z,2025-01-28 17:00,69044.655,68589.542
2025-01-28T17:00Z,2025-01-28 18:00,69399.245,68964.417
2025-01-28T18:00Z,2025-01-28 19:00,68187.965,67007.158
2025-01-28T19:00Z,2025-01-28 20:00,64607.710,63542.628
2025-01-28T20:00Z,2025-01-28 21:00,60554.015,60055.190
2025-01-28T21:00Z,2025-01-28 22:00,57605.630,57034.622
2025-01-28T22:00Z,2025-01-28 23:00,54059.268,53660.400
2025-01-28T23:00Z,2025-01-29 00:00,50891.445,51395.923
2025-01-29T00:00Z,2025-01-29 01:00,49636.113,49779.680
2025-01-29T01:00Z,2025-01-29 02:00,48990.965,49005.580
2025-01-29T02:00Z,2025-01-29 03:00,49447.345,49262.515
2025-01-29T03:00Z,2025-01-29 04:00,50762.565,50909.073
2025-01-29T04:00Z,2025-01-29 05:00,53856.993,53944.145
2025-01-29T05:00Z,2025-01-29 06:00,60410.772,59901.588
2025-01-29T06:00Z,2025-01-29 07:00,66356.652,64946.387
2025-01-29T07:00Z,2025-01-29 08:00,68965.170,67812.595
2025-01-29T08:00Z,2025-01-29 09:00,69733.357,68994.965
2025-01-29T09:00Z,2025-01-29 10:00,69751.360,69915.840
2025-01-29T10:00Z,2025-01-29 11:00,70110.060,70494.167
2025-01-29T11:00Z,2025-01-29 12:00,69760.792,70087.253
2025-01-29T12:00Z,2025-01-29 13:00,69384.247,68864.900
2025-01-29T13:00Z,2025-01-29 14:00,68205.840,67245.555
2025-01-29T14:00Z,2025-01-29 15:00,68021.167,66133.845
2025-01-29T15:00Z,2025-01-29 16:00,67911.825,66168.290
2025-01-29T16:00Z,2025-01-29 17:00,70125.425,68091.682
2025-01-29T17:00Z,2025-01-29 18:00,70887.080,68819.027
2025-01-29T18:00Z,2025-01-29 19:00,69682.583,67259.712
2025-01-29T19:00Z,2025-01-29 20:00,66415.008,63920.048
2025-01-29T20:00Z,2025-01-29 21:00,62661.725,60482.260
2025-01-29T21:00Z,2025-01-29 22:00,59487.110,57313.807
2025-01-29T22:00Z,2025-01-29 23:00,55795.050,54012.385
2025-01-29T23:00Z,2025-01-30 00:00,52925.096,50947.010
2025-01-30T00:00Z,2025-01-30 01:00,51674.349,49151.507
2025-01-30T01:00Z,2025-01-30 02:00,50806.171,48425.470
2025-01-30T02:00Z,2025-01-30 03:00,51391.689,48622.143
2025-01-30T03:00Z,2025-01-30 04:00,52223.163,50107.177
2025-01-30T04:00Z,2025-01-30 05:00,54849.068,53398.335
2025-01-30T05:00Z,2025-01-30 06:00,62029.021,60117.857
2025-01-30T06:00Z,2025-01-30 07:00,67999.239,65303.182
2025-01-30T07:00Z,2025-01-30 08:00,69979.247,67515.423
2025-01-30T08:00Z,2025-01-30 09:00,70377.435,68219.878
2025-01-30T09:00Z,2025-01-30 10:00,70295.560,68890.690
2025-01-30T10:00Z,2025-01-30 11:00,70623.270,69712.265
2025-01-30T11:00Z,2025-01-30 12:00,69896.486,69542.750
2025-01-30T12:00Z,2025-01-30 13:00,68115.873,68689.710
2025-01-30T13:00Z,2025-01-30 14:00,66841.851,67013.167
2025-01-30T14:00Z,2025-01-30 15:00,65681.910,66178.115
2025-01-30T15:00Z,2025-01-30 16:00,65831.565,65843.220
2025-01-30T16:00Z,2025-01-30 17:00,68313.896,67678.762
2025-01-30T17:00Z,2025-01-30 18:00,69010.364,68412.853
2025-01-30T18:00Z,2025-01-30 19:00,67554.908,66979.045
2025-01-30T19:00Z,2025-01-30 20:00,64245.543,63764.948
2025-01-30T20:00Z,2025-01-30 21:00,60428.503,60382.790
2025-01-30T21:00Z,2025-01-30 22:00,57408.262,57267.655
2025-01-30T22:00Z,2025-01-30 23:00,53737.031,53940.052
2025-01-30T23:00Z,2025-01-31 00:00,51169.732,50929.678
2025-01-31T00:00Z,2025-01-31 01:00,49987.173,49247.665
2025-01-31T01:00Z,2025-01-31 02:00,49905.972,48411.882
2025-01-31T02:00Z,2025-01-31 03:00,50274.583,48528.753
2025-01-31T03:00Z,2025-01-31 04:00,51599.473,50276.923
2025-01-31T04:00Z,2025-01-31 05:00,54707.272,53559.243
2025-01-31T05:00Z,2025-01-31 06:00,61653.082,60004.725
2025-01-31T06:00Z,2025-01-31 07:00,67200.527,65021.140
2025-01-31T07:00Z,2025-01-31 08:00,69473.245,67791.367
2025-01-31T08:00Z,2025-01-31 09:00,70012.478,68927.090
2025-01-31T09:00Z,2025-01-31 10:00,70025.650,69451.188
2025-01-31T10:00Z,2025-01-31 11:00,69294.973,69575.030
2025-01-31T11:00Z,2025-01-31 12:00,67690.253,69276.520
2025-01-31T12:00Z,2025-01-31 13:00,65989.675,67729.530
2025-01-31T13:00Z,2025-01-31 14:00,64152.210,66042.417
2025-01-31T14:00Z,2025-01-31 15:00,63552.650,65904.150
2025-01-31T15:00Z,2025-01-31 16:00,63940.615,65862.312
2025-01-31T16:00Z,2025-01-31 17:00,66722.985,68210.413
2025-01-31T17:00Z,2025-01-31 18:00,67509.333,68200.495
2025-01-31T18:00Z,2025-01-31 19:00,65661.725,65825.235
2025-01-31T19:00Z,2025-01-31 20:00,62640.090,62161.790
2025-01-31T20:00Z,2025-01-31 21:00,59574.195,58621.972
2025-01-31T21:00Z,2025-01-31 22:00,56647.207,55603.158
2025-01-31T22:00Z,2025-01-31 23:00,53575.417,51971.073
2025-01-31T23:00Z,2025-02-01 00:00,50968.668,49981.022
2025-02-01T00:00Z,2025-02-01 01:00,49146.652,47770.480
2025-02-01T01:00Z,2025-02-01 02:00,48040.659,46513.022
2025-02-01T02:00Z,2025-02-01 03:00,47077.681,45863.205
2025-02-01T03:00Z,2025-02-01 04:00,47128.310,46343.342
2025-02-01T04:00Z,2025-02-01 05:00,47283.423,46981.525
2025-02-01T05:00Z,2025-02-01 06:00,48184.785,47980.465
2025-02-01T06:00Z,2025-02-01 07:00,50807.154,50345.598
2025-02-01T07:00Z,2025-02-01 08:00,53853.192,53640.027
2025-02-01T08:00Z,2025-02-01 09:00,56543.833,56767.340
2025-02-01T09:00Z,2025-02-01 10:00,58095.709,58411.228
2025-02-01T10:00Z,2025-02-01 11:00,58897.268,59249.192
2025-02-01T11:00Z,2025-02-01 12:00,57649.227,58683.555
2025-02-01T12:00Z,2025-02-01 13:00,55783.659,56906.128
2025-02-01T13:00Z,2025-02-01 14:00,54209.912,55305.353
2025-02-01T14:00Z,2025-02-01 15:00,52759.009,54778.160
2025-02-01T15:00Z,2025-02-01 16:00,53733.971,55017.077
2025-02-01T16:00Z,2025-02-01 17:00,57127.503,57463.938
2025-02-01T17:00Z,2025-02-01 18:00,58638.581,58760.710
2025-02-01T18:00Z,2025-02-01 19:00,57368.292,57162.745
2025-02-01T19:00Z,2025-02-01 20:00,54659.395,54282.880
2025-02-01T20:00Z,2025-02-01 21:00,53240.834,52054.072
2025-02-01T21:00Z,2025-02-01 22:00,51438.734,50709.348
2025-02-01T22:00Z,2025-02-01 23:00,49214.214,48138.575
2025-02-01T23:00Z,2025-02-02 00:00,47015.818,43883.280
2025-02-02T00:00Z,2025-02-02 01:00,45510.953,42122.662
2025-02-02T01:00Z,2025-02-02 02:00,44792.302,41160.820
2025-02-02T02:00Z,2025-02-02 03:00,44997.554,40697.662
2025-02-02T03:00Z,2025-02-02 04:00,44745.565,40844.525
2025-02-02T04:00Z,2025-02-02 05:00,44701.538,41288.365
2025-02-02T05:00Z,2025-02-02 06:00,44881.868,41908.000
2025-02-02T06:00Z,2025-02-02 07:00,46374.971,43806.277
2025-02-02T07:00Z,2025-02-02 08:00,49589.279,46838.333
2025-02-02T08:00Z,2025-02-02 09:00,52668.073,50717.145
2025-02-02T09:00Z,2025-02-02 10:00,55508.883,52532.427
2025-02-02T10:00Z,2025-02-02 11:00,57087.118,53631.728
2025-02-02T11:00Z,2025-02-02 12:00,55898.284,53287.640
2025-02-02T12:00Z,2025-02-02 13:00,53578.075,51792.655
2025-02-02T13:00Z,2025-02-02 14:00,51684.208,50560.095
2025-02-02T14:00Z,2025-02-02 15:00,51082.095,49910.835
2025-02-02T15:00Z,2025-02-02 16:00,52192.690,50670.320
2025-02-02T16:00Z,2025-02-02 17:00,56464.404,53706.950
2025-02-02T17:00Z,2025-02-02 18:00,59051.246,55559.655
2025-02-02T18:00Z,2025-02-02 19:00,57668.797,54536.930
2025-02-02T19:00Z,2025-02-02 20:00,55435.979,52722.730
2025-02-02T20:00Z,2025-02-02 21:00,53889.845,51303.222
2025-02-02T21:00Z,2025-02-02 22:00,53211.878,50158.195
2025-02-02T22:00Z,2025-02-02 23:00,51020.545,47430.665
2025-02-02T23:00Z,2025-02-03 00:00,49640.740,45928.058
2025-02-03T00:00Z,2025-02-03 01:00,48157.480,44627.420
2025-02-03T01:00Z,2025-02-03 02:00,47699.279,44389.155
2025-02-03T02:00Z,2025-02-03 03:00,48155.230,44906.967
2025-02-03T03:00Z,2025-02-03 04:00,49678.569,46822.012
2025-02-03T04:00Z,2025-02-03 05:00,52986.436,51155.925
2025-02-03T05:00Z,2025-02-03 06:00,60386.789,58901.835
2025-02-03T06:00Z,2025-02-03 07:00,66878.180,64260.577
2025-02-03T07:00Z,2025-02-03 08:00,69711.920,67349.415
2025-02-03T08:00Z,2025-02-03 09:00,70339.692,68578.720
2025-02-03T09:00Z,2025-02-03 10:00,70462.651,69043.385
2025-02-03T10:00Z,2025-02-03 11:00,70396.607,69628.617
2025-02-03T11:00Z,2025-02-03 12:00,69528.043,69241.883
2025-02-03T12:00Z,2025-02-03 13:00,68639.772,67951.620
2025-02-03T13:00Z,2025-02-03 14:00,67290.833,66596.812
2025-02-03T14:00Z,2025-02-03 15:00,65928.012,66128.505
2025-02-03T15:00Z,2025-02-03 16:00,65852.258,66051.205
2025-02-03T16:00Z,2025-02-03 17:00,68891.680,67764.770
2025-02-03T17:00Z,2025-02-03 18:00,69994.583,68385.387
2025-02-03T18:00Z,2025-02-03 19:00,68728.400,66941.113
2025-02-03T19:00Z,2025-02-03 20:00,65389.572,63671.220
2025-02-03T20:00Z,2025-02-03 21:00,62546.717,60348.923
2025-02-03T21:00Z,2025-02-03 22:00,59846.886,57280.423
2025-02-03T22:00Z,2025-02-03 23:00,56430.714,53639.673
2025-02-03T23:00Z,2025-02-04 00:00,54054.960,50755.500
2025-02-04T00:00Z,2025-02-04 01:00,52029.870,49275.400
2025-02-04T01:00Z,2025-02-04 02:00,51781.564,48436.033
2025-02-04T02:00Z,2025-02-04 03:00,51840.848,48883.353
2025-02-04T03:00Z,2025-02-04 04:00,52966.125,50570.277
2025-02-04T04:00Z,2025-02-04 05:00,55565.835,53685.350
2025-02-04T05:00Z,2025-02-04 06:00,63248.543,60076.820
2025-02-04T06:00Z,2025-02-04 07:00,69133.269,65190.515
2025-02-04T07:00Z,2025-02-04 08:00,71904.747,67923.055
2025-02-04T08:00Z,2025-02-04 09:00,72615.037,68961.165
2025-02-04T09:00Z,2025-02-04 10:00,73413.106,69562.200
2025-02-04T10:00Z,2025-02-04 11:00,73297.039,70134.587
2025-02-04T11:00Z,2025-02-04 12:00,71948.264,69756.598
2025-02-04T12:00Z,2025-02-04 13:00,69981.953,68612.400
2025-02-04T13:00Z,2025-02-04 14:00,68759.392,67147.835
2025-02-04T14:00Z,2025-02-04 15:00,67569.652,66308.830
2025-02-04T15:00Z,2025-02-04 16:00,67778.356,65814.400
2025-02-04T16:00Z,2025-02-04 17:00,70649.079,67382.075
2025-02-04T17:00Z,2025-02-04 18:00,72361.935,67783.247
2025-02-04T18:00Z,2025-02-04 19:00,71168.187,66188.780
2025-02-04T19:00Z,2025-02-04 20:00,67908.024,63072.012
2025-02-04T20:00Z,2025-02-04 21:00,64176.510,59776.713
2025-02-04T21:00Z,2025-02-04 22:00,61253.264,56945.685
2025-02-04T22:00Z,2025-02-04 23:00,58149.139,53627.613
2025-02-04T23:00Z,2025-02-05 00:00,55428.676,53099.588
2025-02-05T00:00Z,2025-02-05 01:00,54106.565,51532.645
2025-02-05T01:00Z,2025-02-05 02:00,53547.829,50725.732
2025-02-05T02:00Z,2025-02-05 03:00,53735.632,51025.930
2025-02-05T03:00Z,2025-02-05 04:00,54926.158,52758.037
2025-02-05T04:00Z,2025-02-05 05:00,58452.489,55811.605
2025-02-05T05:00Z,2025-02-05 06:00,65802.253,61260.857
2025-02-05T06:00Z,2025-02-05 07:00,71034.496,66357.107
2025-02-05T07:00Z,2025-02-05 08:00,72885.630,69307.390
2025-02-05T08:00Z,2025-02-05 09:00,73495.577,70635.003
2025-02-05T09:00Z,2025-02-05 10:00,73763.737,71334.262
2025-02-05T10:00Z,2025-02-05 11:00,73544.310,71652.387
2025-02-05T11:00Z,2025-02-05 12:00,73046.783,71291.295
2025-02-05T12:00Z,2025-02-05 13:00,72039.300,69815.695
2025-02-05T13:00Z,2025-02-05 14:00,70765.102,68026.730
2025-02-05T14:00Z,2025-02-05 15:00,69472.509,66540.438
2025-02-05T15:00Z,2025-02-05 16:00,69193.079,66323.375
2025-02-05T16:00Z,2025-02-05 17:00,71008.242,68148.125
2025-02-05T17:00Z,2025-02-05 18:00,71739.962,68788.380
2025-02-05T18:00Z,2025-02-05 19:00,69695.538,67895.583
2025-02-05T19:00Z,2025-02-05 20:00,66097.218,64690.510
2025-02-05T20:00Z,2025-02-05 21:00,62389.157,61268.277
2025-02-05T21:00Z,2025-02-05 22:00,59507.452,58208.333
2025-02-05T22:00Z,2025-02-05 23:00,56483.617,55125.462
2025-02-05T23:00Z,2025-02-06 00:00,53547.759,53473.595
2025-02-06T00:00Z,2025-02-06 01:00,51766.043,51861.220
2025-02-06T01:00Z,2025-02-06 02:00,50492.130,50811.005
2025-02-06T02:00Z,2025-02-06 03:00,50651.628,50966.600
2025-02-06T03:00Z,2025-02-06 04:00,51425.672,51874.425
2025-02-06T04:00Z,2025-02-06 05:00,54650.190,54592.842
2025-02-06T05:00Z,2025-02-06 06:00,61576.969,61164.243
2025-02-06T06:00Z,2025-02-06 07:00,67142.425,66633.378
2025-02-06T07:00Z,2025-02-06 08:00,69612.916,69457.325
2025-02-06T08:00Z,2025-02-06 09:00,70304.083,69613.110
2025-02-06T09:00Z,2025-02-06 10:00,70904.592,70118.935
2025-02-06T10:00Z,2025-02-06 11:00,70933.764,71051.550
2025-02-06T11:00Z,2025-02-06 12:00,70704.225,70722.777
2025-02-06T12:00Z,2025-02-06 13:00,70264.531,69685.535
2025-02-06T13:00Z,2025-02-06 14:00,68960.113,67629.883
2025-02-06T14:00Z,2025-02-06 15:00,68326.000,66484.562
2025-02-06T15:00Z,2025-02-06 16:00,67847.500,66164.617
2025-02-06T16:00Z,2025-02-06 17:00,70718.407,68344.488
2025-02-06T17:00Z,2025-02-06 18:00,71744.923,69134.535
2025-02-06T18:00Z,2025-02-06 19:00,70509.649,67793.840
2025-02-06T19:00Z,2025-02-06 20:00,66834.853,64981.265
2025-02-06T20:00Z,2025-02-06 21:00,63634.737,61981.588
2025-02-06T21:00Z,2025-02-06 22:00,60141.385,59371.330
2025-02-06T22:00Z,2025-02-06 23:00,56423.057,56328.897
2025-02-06T23:00Z,2025-02-07 00:00,53211.969,52859.452
2025-02-07T00:00Z,2025-02-07 01:00,51880.623,51492.397
2025-02-07T01:00Z,2025-02-07 02:00,51748.092,50648.010
2025-02-07T02:00Z,2025-02-07 03:00,52700.288,50950.845
2025-02-07T03:00Z,2025-02-07 04:00,54343.673,52685.603
2025-02-07T04:00Z,2025-02-07 05:00,56774.497,56074.793
2025-02-07T05:00Z,2025-02-07 06:00,63462.226,62411.095
2025-02-07T06:00Z,2025-02-07 07:00,68808.583,67346.230
2025-02-07T07:00Z,2025-02-07 08:00,71511.652,70331.613
2025-02-07T08:00Z,2025-02-07 09:00,72471.915,71646.057
2025-02-07T09:00Z,2025-02-07 10:00,72859.080,71536.350
2025-02-07T10:00Z,2025-02-07 11:00,73148.927,71521.250
2025-02-07T11:00Z,2025-02-07 12:00,72935.974,71185.717
2025-02-07T12:00Z,2025-02-07 13:00,70910.405,69583.025
2025-02-07T13:00Z,2025-02-07 14:00,68383.976,67535.783
2025-02-07T14:00Z,2025-02-07 15:00,67177.201,67009.232
2025-02-07T15:00Z,2025-02-07 16:00,67752.844,67256.120
2025-02-07T16:00Z,2025-02-07 17:00,70064.203,69660.232
2025-02-07T17:00Z,2025-02-07 18:00,71133.060,69970.418
2025-02-07T18:00Z,2025-02-07 19:00,68863.977,68324.698
2025-02-07T19:00Z,2025-02-07 20:00,65603.149,64210.030
2025-02-07T20:00Z,2025-02-07 21:00,62393.814,60311.045
2025-02-07T21:00Z,2025-02-07 22:00,59763.235,57512.223
2025-02-07T22:00Z,2025-02-07 23:00,56292.329,54191.575
2025-02-07T23:00Z,2025-02-08 00:00,53379.776,50053.158
2025-02-08T00:00Z,2025-02-08 01:00,52109.484,48056.900
2025-02-08T01:00Z,2025-02-08 02:00,50631.010,46874.655
2025-02-08T02:00Z,2025-02-08 03:00,50364.643,46358.135
2025-02-08T03:00Z,2025-02-08 04:00,50344.605,46613.938
2025-02-08T04:00Z,2025-02-08 05:00,50851.263,47317.120
2025-02-08T05:00Z,2025-02-08 06:00,52096.381,47875.375
2025-02-08T06:00Z,2025-02-08 07:00,54016.598,50060.010
2025-02-08T07:00Z,2025-02-08 08:00,57330.301,53631.132
2025-02-08T08:00Z,2025-02-08 09:00,59479.402,56986.490
2025-02-08T09:00Z,2025-02-08 10:00,61103.878,58605.012
2025-02-08T10:00Z,2025-02-08 11:00,60846.249,59094.685
2025-02-08T11:00Z,2025-02-08 12:00,59572.396,58568.550
2025-02-08T12:00Z,2025-02-08 13:00,57394.310,57031.745
2025-02-08T13:00Z,2025-02-08 14:00,55883.587,55348.493
2025-02-08T14:00Z,2025-02-08 15:00,55380.382,54670.840
2025-02-08T15:00Z,2025-02-08 16:00,56205.076,55219.110
2025-02-08T16:00Z,2025-02-08 17:00,59323.162,57187.028
2025-02-08T17:00Z,2025-02-08 18:00,61910.886,58356.650
2025-02-08T18:00Z,2025-02-08 19:00,59967.289,57038.182
2025-02-08T19:00Z,2025-02-08 20:00,57252.289,54230.065
2025-02-08T20:00Z,2025-02-08 21:00,54774.097,52012.990
2025-02-08T21:00Z,2025-02-08 22:00,53031.010,50468.150
2025-02-08T22:00Z,2025-02-08 23:00,49855.485,47832.978
2025-02-08T23:00Z,2025-02-09 00:00,47670.940,44810.420
2025-02-09T00:00Z,2025-02-09 01:00,45785.839,43020.925
2025-02-09T01:00Z,2025-02-09 02:00,44683.969,41904.105
2025-02-09T02:00Z,2025-02-09 03:00,44301.738,41501.162
2025-02-09T03:00Z,2025-02-09 04:00,44221.066,41744.757
2025-02-09T04:00Z,2025-02-09 05:00,44597.591,42466.755
2025-02-09T05:00Z,2025-02-09 06:00,44838.568,43057.333
2025-02-09T06:00Z,2025-02-09 07:00,46513.230,44466.982
2025-02-09T07:00Z,2025-02-09 08:00,50707.694,47633.410
2025-02-09T08:00Z,2025-02-09 09:00,53634.482,51562.387
2025-02-09T09:00Z,2025-02-09 10:00,55711.340,53453.850
2025-02-09T10:00Z,2025-02-09 11:00,56957.390,54988.075
2025-02-09T11:00Z,2025-02-09 12:00,56617.135,54792.632
2025-02-09T12:00Z,2025-02-09 13:00,55301.856,53234.022
2025-02-09T13:00Z,2025-02-09 14:00,53733.571,51689.900
2025-02-09T14:00Z,2025-02-09 15:00,53065.953,51076.077
2025-02-09T15:00Z,2025-02-09 16:00,55353.245,52120.122
2025-02-09T16:00Z,2025-02-09 17:00,58989.554,54623.620
2025-02-09T17:00Z,2025-02-09 18:00,62044.070,56779.918
2025-02-09T18:00Z,2025-02-09 19:00,60727.201,56129.140
2025-02-09T19:00Z,2025-02-09 20:00,58075.963,54278.323
2025-02-09T20:00Z,2025-02-09 21:00,55986.097,52539.485
2025-02-09T21:00Z,2025-02-09 22:00,55433.724,51246.270
2025-02-09T22:00Z,2025-02-09 23:00,53071.226,48545.390
2025-02-09T23:00Z,2025-02-10 00:00,50348.749,47329.670
2025-02-10T00:00Z,2025-02-10 01:00,49087.122,45953.540
2025-02-10T01:00Z,2025-02-10 02:00,48826.588,45452.070
2025-02-10T02:00Z,2025-02-10 03:00,49203.228,46043.220
2025-02-10T03:00Z,2025-02-10 04:00,50786.158,48049.210
2025-02-10T04:00Z,2025-02-10 05:00,54373.466,52778.090
2025-02-10T05:00Z,2025-02-10 06:00,62878.827,60205.060
2025-02-10T06:00Z,2025-02-10 07:00,68421.635,65217.902
2025-02-10T07:00Z,2025-02-10 08:00,71102.704,68248.620
2025-02-10T08:00Z,2025-02-10 09:00,71805.462,69514.475
2025-02-10T09:00Z,2025-02-10 10:00,72356.411,70193.137
2025-02-10T10:00Z,2025-02-10 11:00,72636.925,70851.428
2025-02-10T11:00Z,2025-02-10 12:00,72299.664,70905.140
2025-02-10T12:00Z,2025-02-10 13:00,72211.360,70176.003
2025-02-10T13:00Z,2025-02-10 14:00,70982.118,69034.175
2025-02-10T14:00Z,2025-02-10 15:00,70013.968,68183.020
2025-02-10T15:00Z,2025-02-10 16:00,69881.958,68056.423
2025-02-10T16:00Z,2025-02-10 17:00,72846.851,68961.650
2025-02-10T17:00Z,2025-02-10 18:00,74628.379,69891.977
2025-02-10T18:00Z,2025-02-10 19:00,73560.734,68551.487
2025-02-10T19:00Z,2025-02-10 20:00,69467.878,65130.410
2025-02-10T20:00Z,2025-02-10 21:00,65457.234,61617.393
2025-02-10T21:00Z,2025-02-10 22:00,62506.369,58517.770
2025-02-10T22:00Z,2025-02-10 23:00,59719.399,54838.868
2025-02-10T23:00Z,2025-02-11 00:00,56037.194,51533.460
2025-02-11T00:00Z,2025-02-11 01:00,54963.412,50078.210
2025-02-11T01:00Z,2025-02-11 02:00,54302.582,48661.662
2025-02-11T02:00Z,2025-02-11 03:00,54148.655,49186.798
2025-02-11T03:00Z,2025-02-11 04:00,54854.520,50881.917
2025-02-11T04:00Z,2025-02-11 05:00,58273.736,54272.717
2025-02-11T05:00Z,2025-02-11 06:00,65314.008,60732.567
2025-02-11T06:00Z,2025-02-11 07:00,71731.667,65698.875
2025-02-11T07:00Z,2025-02-11 08:00,73475.370,68571.512
2025-02-11T08:00Z,2025-02-11 09:00,72606.191,69727.702
2025-02-11T09:00Z,2025-02-11 10:00,73593.795,70434.960
2025-02-11T10:00Z,2025-02-11 11:00,73849.289,70825.327
2025-02-11T11:00Z,2025-02-11 12:00,72932.951,70597.790
2025-02-11T12:00Z,2025-02-11 13:00,71757.639,69920.447
2025-02-11T13:00Z,2025-02-11 14:00,71546.288,68575.548
2025-02-11T14:00Z,2025-02-11 15:00,71123.114,67810.935
2025-02-11T15:00Z,2025-02-11 16:00,70938.868,67459.275
2025-02-11T16:00Z,2025-02-11 17:00,73470.108,68898.795
2025-02-11T17:00Z,2025-02-11 18:00,74575.424,69631.915
2025-02-11T18:00Z,2025-02-11 19:00,72879.356,67900.285
2025-02-11T19:00Z,2025-02-11 20:00,69216.817,64234.930
2025-02-11T20:00Z,2025-02-11 21:00,65444.739,60852.630
2025-02-11T21:00Z,2025-02-11 22:00,61585.030,57628.372
2025-02-11T22:00Z,2025-02-11 23:00,57722.700,54334.730
2025-02-11T23:00Z,2025-02-12 00:00,55692.402,52602.902
2025-02-12T00:00Z,2025-02-12 01:00,53799.513,50896.438
2025-02-12T01:00Z,2025-02-12 02:00,53517.976,50165.820
2025-02-12T02:00Z,2025-02-12 03:00,53311.175,50146.458
2025-02-12T03:00Z,2025-02-12 04:00,53969.913,51791.747
2025-02-12T04:00Z,2025-02-12 05:00,57276.798,55044.945
2025-02-12T05:00Z,2025-02-12 06:00,65433.989,60544.853
2025-02-12T06:00Z,2025-02-12 07:00,70591.607,65428.572
2025-02-12T07:00Z,2025-02-12 08:00,72994.750,68685.740
2025-02-12T08:00Z,2025-02-12 09:00,73416.221,69798.927
2025-02-12T09:00Z,2025-02-12 10:00,74060.783,70827.820
2025-02-12T10:00Z,2025-02-12 11:00,73901.067,70784.738
2025-02-12T11:00Z,2025-02-12 12:00,72987.636,70143.320
2025-02-12T12:00Z,2025-02-12 13:00,72573.643,69036.415
2025-02-12T13:00Z,2025-02-12 14:00,70936.608,67308.327
2025-02-12T14:00Z,2025-02-12 15:00,70438.740,65836.615
2025-02-12T15:00Z,2025-02-12 16:00,70124.340,65996.103
2025-02-12T16:00Z,2025-02-12 17:00,71806.363,67799.923
2025-02-12T17:00Z,2025-02-12 18:00,72622.235,68191.325
2025-02-12T18:00Z,2025-02-12 19:00,70704.408,66731.755
2025-02-12T19:00Z,2025-02-12 20:00,67604.262,63313.577
2025-02-12T20:00Z,2025-02-12 21:00,63008.219,60030.738
2025-02-12T21:00Z,2025-02-12 22:00,59521.283,56897.775
2025-02-12T22:00Z,2025-02-12 23:00,56098.238,53707.173
2025-02-12T23:00Z,2025-02-13 00:00,53435.364,52113.507
2025-02-13T00:00Z,2025-02-13 01:00,51824.853,50491.740
2025-02-13T01:00Z,2025-02-13 02:00,51424.078,49630.298
2025-02-13T02:00Z,2025-02-13 03:00,51649.023,49901.840
2025-02-13T03:00Z,2025-02-13 04:00,52782.526,50863.812
2025-02-13T04:00Z,2025-02-13 05:00,56278.188,53838.495
2025-02-13T05:00Z,2025-02-13 06:00,63607.150,60588.827
2025-02-13T06:00Z,2025-02-13 07:00,69314.999,65218.757
2025-02-13T07:00Z,2025-02-13 08:00,72280.080,68098.125
2025-02-13T08:00Z,2025-02-13 09:00,73189.792,68429.568
2025-02-13T09:00Z,2025-02-13 10:00,73890.332,69228.865
2025-02-13T10:00Z,2025-02-13 11:00,74311.707,70329.158
2025-02-13T11:00Z,2025-02-13 12:00,73784.159,69992.340
2025-02-13T12:00Z,2025-02-13 13:00,73202.549,69434.327
2025-02-13T13:00Z,2025-02-13 14:00,72509.185,67649.235
2025-02-13T14:00Z,2025-02-13 15:00,72145.195,66531.952
2025-02-13T15:00Z,2025-02-13 16:00,71482.290,66212.717
2025-02-13T16:00Z,2025-02-13 17:00,72955.881,67849.173
2025-02-13T17:00Z,2025-02-13 18:00,74182.116,68095.345
2025-02-13T18:00Z,2025-02-13 19:00,72502.256,66133.878
2025-02-13T19:00Z,2025-02-13 20:00,68689.090,63716.325
2025-02-13T20:00Z,2025-02-13 21:00,65031.301,60556.050
2025-02-13T21:00Z,2025-02-13 22:00,61877.717,57805.410
2025-02-13T22:00Z,2025-02-13 23:00,58397.221,54652.628
2025-02-13T23:00Z,2025-02-14 00:00,56684.513,51999.510
2025-02-14T00:00Z,2025-02-14 01:00,55167.775,50367.015
2025-02-14T01:00Z,2025-02-14 02:00,53944.197,49531.768
2025-02-14T02:00Z,2025-02-14 03:00,53766.190,49688.085
2025-02-14T03:00Z,2025-02-14 04:00,54906.134,51415.050
2025-02-14T04:00Z,2025-02-14 05:00,57833.041,54900.753
2025-02-14T05:00Z,2025-02-14 06:00,63758.294,61341.103
2025-02-14T06:00Z,2025-02-14 07:00,68632.158,66077.350
2025-02-14T07:00Z,2025-02-14 08:00,71563.681,68700.055
2025-02-14T08:00Z,2025-02-14 09:00,72260.996,69380.387
2025-02-14T09:00Z,2025-02-14 10:00,72643.174,69460.333
2025-02-14T10:00Z,2025-02-14 11:00,72595.913,69628.290
2025-02-14T11:00Z,2025-02-14 12:00,71743.037,69422.033
2025-02-14T12:00Z,2025-02-14 13:00,70651.139,68181.368
2025-02-14T13:00Z,2025-02-14 14:00,68958.472,66397.667
2025-02-14T14:00Z,2025-02-14 15:00,68083.205,65171.932
2025-02-14T15:00Z,2025-02-14 16:00,67758.111,65314.315
2025-02-14T16:00Z,2025-02-14 17:00,68762.306,67200.430
2025-02-14T17:00Z,2025-02-14 18:00,69123.385,67629.160
2025-02-14T18:00Z,2025-02-14 19:00,66871.059,65662.110
2025-02-14T19:00Z,2025-02-14 20:00,63235.189,62539.708
2025-02-14T20:00Z,2025-02-14 21:00,59963.647,59305.607
2025-02-14T21:00Z,2025-02-14 22:00,57389.665,56314.952
2025-02-14T22:00Z,2025-02-14 23:00,54472.952,52739.310
2025-02-14T23:00Z,2025-02-15 00:00,51651.336,49460.125
2025-02-15T00:00Z,2025-02-15 01:00,49356.815,47411.162
2025-02-15T01:00Z,2025-02-15 02:00,48013.954,46313.548
2025-02-15T02:00Z,2025-02-15 03:00,47864.003,45777.287
2025-02-15T03:00Z,2025-02-15 04:00,48059.409,45871.268
2025-02-15T04:00Z,2025-02-15 05:00,48305.159,47307.588
2025-02-15T05:00Z,2025-02-15 06:00,49640.176,49090.863
2025-02-15T06:00Z,2025-02-15 07:00,52113.946,51232.575
2025-02-15T07:00Z,2025-02-15 08:00,55343.611,54794.385
2025-02-15T08:00Z,2025-02-15 09:00,58564.200,57901.030
2025-02-15T09:00Z,2025-02-15 10:00,60551.121,59062.700
2025-02-15T10:00Z,2025-02-15 11:00,61401.893,59487.568
2025-02-15T11:00Z,2025-02-15 12:00,60852.330,58975.257
2025-02-15T12:00Z,2025-02-15 13:00,59278.064,57457.177
2025-02-15T13:00Z,2025-02-15 14:00,57893.130,55708.355
2025-02-15T14:00Z,2025-02-15 15:00,56896.825,54906.415
2025-02-15T15:00Z,2025-02-15 16:00,57104.396,55729.765
2025-02-15T16:00Z,2025-02-15 17:00,59442.940,58292.465
2025-02-15T17:00Z,2025-02-15 18:00,61330.796,59706.935
2025-02-15T18:00Z,2025-02-15 19:00,59735.950,58395.243
2025-02-15T19:00Z,2025-02-15 20:00,56686.897,55401.190
2025-02-15T20:00Z,2025-02-15 21:00,54690.096,53117.010
2025-02-15T21:00Z,2025-02-15 22:00,54201.568,51573.560
2025-02-15T22:00Z,2025-02-15 23:00,52123.258,48940.950
2025-02-15T23:00Z,2025-02-16 00:00,49682.164,46348.467
2025-02-16T00:00Z,2025-02-16 01:00,47841.704,44604.188
2025-02-16T01:00Z,2025-02-16 02:00,46668.250,43523.102
2025-02-16T02:00Z,2025-02-16 03:00,46285.324,43132.478
2025-02-16T03:00Z,2025-02-16 04:00,45989.447,43023.348
2025-02-16T04:00Z,2025-02-16 05:00,46253.005,43417.228
2025-02-16T05:00Z,2025-02-16 06:00,46492.262,43954.500
2025-02-16T06:00Z,2025-02-16 07:00,48315.992,45477.445
2025-02-16T07:00Z,2025-02-16 08:00,50794.450,48525.458
2025-02-16T08:00Z,2025-02-16 09:00,54223.948,52158.925
2025-02-16T09:00Z,2025-02-16 10:00,56944.550,54358.387
2025-02-16T10:00Z,2025-02-16 11:00,58028.825,55766.230
2025-02-16T11:00Z,2025-02-16 12:00,57353.485,55746.327
2025-02-16T12:00Z,2025-02-16 13:00,55322.349,54375.705
2025-02-16T13:00Z,2025-02-16 14:00,54075.511,52713.245
2025-02-16T14:00Z,2025-02-16 15:00,53259.153,52070.107
2025-02-16T15:00Z,2025-02-16 16:00,54171.659,52589.018
2025-02-16T16:00Z,2025-02-16 17:00,57255.738,55456.880
2025-02-16T17:00Z,2025-02-16 18:00,60766.094,58182.177
2025-02-16T18:00Z,2025-02-16 19:00,59968.317,57545.805
2025-02-16T19:00Z,2025-02-16 20:00,57697.957,55137.787
2025-02-16T20:00Z,2025-02-16 21:00,55772.788,53274.515
2025-02-16T21:00Z,2025-02-16 22:00,54330.556,51921.128
2025-02-16T22:00Z,2025-02-16 23:00,52409.366,49204.525
2025-02-16T23:00Z,2025-02-17 00:00,50778.621,48629.027
2025-02-17T00:00Z,2025-02-17 01:00,49681.503,47234.893
2025-02-17T01:00Z,2025-02-17 02:00,49045.494,47009.100
2025-02-17T02:00Z,2025-02-17 03:00,49048.042,47542.720
2025-02-17T03:00Z,2025-02-17 04:00,50392.269,49376.747
2025-02-17T04:00Z,2025-02-17 05:00,54172.594,54008.438
2025-02-17T05:00Z,2025-02-17 06:00,62875.519,61488.840
2025-02-17T06:00Z,2025-02-17 07:00,69029.635,66799.410
2025-02-17T07:00Z,2025-02-17 08:00,71108.592,69754.645
2025-02-17T08:00Z,2025-02-17 09:00,71262.505,70642.613
2025-02-17T09:00Z,2025-02-17 10:00,70656.912,71049.625
2025-02-17T10:00Z,2025-02-17 11:00,69867.506,71568.850
2025-02-17T11:00Z,2025-02-17 12:00,68428.689,71264.223
2025-02-17T12:00Z,2025-02-17 13:00,67158.647,70278.443
2025-02-17T13:00Z,2025-02-17 14:00,66160.452,68674.997
2025-02-17T14:00Z,2025-02-17 15:00,65367.216,68040.075
2025-02-17T15:00Z,2025-02-17 16:00,65688.745,68499.700
2025-02-17T16:00Z,2025-02-17 17:00,68147.678,69902.900
2025-02-17T17:00Z,2025-02-17 18:00,70588.533,71049.120
2025-02-17T18:00Z,2025-02-17 19:00,69744.947,69984.932
2025-02-17T19:00Z,2025-02-17 20:00,66666.989,66298.152
2025-02-17T20:00Z,2025-02-17 21:00,63621.133,62854.040
2025-02-17T21:00Z,2025-02-17 22:00,61071.769,59642.823
2025-02-17T22:00Z,2025-02-17 23:00,58340.943,56101.213
2025-02-17T23:00Z,2025-02-18 00:00,55550.567,53700.265
2025-02-18T00:00Z,2025-02-18 01:00,54224.264,52588.555
2025-02-18T01:00Z,2025-02-18 02:00,53663.092,51536.327
2025-02-18T02:00Z,2025-02-18 03:00,54121.969,51967.673
2025-02-18T03:00Z,2025-02-18 04:00,55010.712,53482.365
2025-02-18T04:00Z,2025-02-18 05:00,58196.951,56782.675
2025-02-18T05:00Z,2025-02-18 06:00,65042.264,63468.255
2025-02-18T06:00Z,2025-02-18 07:00,70417.255,68414.982
2025-02-18T07:00Z,2025-02-18 08:00,72504.277,71423.420
2025-02-18T08:00Z,2025-02-18 09:00,72276.176,72275.610
2025-02-18T09:00Z,2025-02-18 10:00,71338.499,72581.280
2025-02-18T10:00Z,2025-02-18 11:00,70078.364,72856.397
2025-02-18T11:00Z,2025-02-18 12:00,67998.112,72492.612
2025-02-18T12:00Z,2025-02-18 13:00,66632.347,71383.695
2025-02-18T13:00Z,2025-02-18 14:00,65267.629,69579.615
2025-02-18T14:00Z,2025-02-18 15:00,64559.306,68851.595
2025-02-18T15:00Z,2025-02-18 16:00,65484.099,68842.365
2025-02-18T16:00Z,2025-02-18 17:00,68096.582,70428.465
2025-02-18T17:00Z,2025-02-18 18:00,70996.790,70861.967
2025-02-18T18:00Z,2025-02-18 19:00,70892.668,69785.492
2025-02-18T19:00Z,2025-02-18 20:00,67902.079,65971.030
2025-02-18T20:00Z,2025-02-18 21:00,64137.407,62590.033
2025-02-18T21:00Z,2025-02-18 22:00,61195.633,59330.118
2025-02-18T22:00Z,2025-02-18 23:00,57776.002,56153.065
2025-02-18T23:00Z,2025-02-19 00:00,54995.635,55100.975
2025-02-19T00:00Z,2025-02-19 01:00,53688.741,53803.775
2025-02-19T01:00Z,2025-02-19 02:00,53121.000,53167.158
2025-02-19T02:00Z,2025-02-19 03:00,53370.182,53005.448
2025-02-19T03:00Z,2025-02-19 04:00,54901.069,54601.735
2025-02-19T04:00Z,2025-02-19 05:00,57941.784,57870.910
2025-02-19T05:00Z,2025-02-19 06:00,65011.413,63450.125
2025-02-19T06:00Z,2025-02-19 07:00,70026.307,68466.747
2025-02-19T07:00Z,2025-02-19 08:00,71782.749,71631.182
2025-02-19T08:00Z,2025-02-19 09:00,72383.143,72423.107
2025-02-19T09:00Z,2025-02-19 10:00,71464.785,73144.652
2025-02-19T10:00Z,2025-02-19 11:00,70339.098,73417.020
2025-02-19T11:00Z,2025-02-19 12:00,69220.703,73210.670
2025-02-19T12:00Z,2025-02-19 13:00,67662.911,71520.943
2025-02-19T13:00Z,2025-02-19 14:00,66683.519,69325.295
2025-02-19T14:00Z,2025-02-19 15:00,66210.868,67759.155
2025-02-19T15:00Z,2025-02-19 16:00,65973.272,68677.330
2025-02-19T16:00Z,2025-02-19 17:00,68707.971,69976.708
2025-02-19T17:00Z,2025-02-19 18:00,72173.653,70437.275
2025-02-19T18:00Z,2025-02-19 19:00,71618.226,69427.298
2025-02-19T19:00Z,2025-02-19 20:00,68046.148,65910.905
2025-02-19T20:00Z,2025-02-19 21:00,64370.083,62656.935
2025-02-19T21:00Z,2025-02-19 22:00,61414.615,59383.425
2025-02-19T22:00Z,2025-02-19 23:00,57735.711,56220.495
2025-02-19T23:00Z,2025-02-20 00:00,55064.456,52067.540
2025-02-20T00:00Z,2025-02-20 01:00,53812.918,50307.942
2025-02-20T01:00Z,2025-02-20 02:00,52988.457,49350.107
2025-02-20T02:00Z,2025-02-20 03:00,53759.596,49488.225
2025-02-20T03:00Z,2025-02-20 04:00,55174.739,50644.845
2025-02-20T04:00Z,2025-02-20 05:00,57973.495,54076.173
2025-02-20T05:00Z,2025-02-20 06:00,65209.267,60999.035
2025-02-20T06:00Z,2025-02-20 07:00,70131.226,65872.682
2025-02-20T07:00Z,2025-02-20 08:00,72343.998,68780.622
2025-02-20T08:00Z,2025-02-20 09:00,72191.755,68890.518
2025-02-20T09:00Z,2025-02-20 10:00,72299.299,69489.223
2025-02-20T10:00Z,2025-02-20 11:00,72178.389,70105.605
2025-02-20T11:00Z,2025-02-20 12:00,71000.149,69587.893
2025-02-20T12:00Z,2025-02-20 13:00,69855.427,68606.400
2025-02-20T13:00Z,2025-02-20 14:00,69105.728,66635.195
2025-02-20T14:00Z,2025-02-20 15:00,68149.928,65466.900
2025-02-20T15:00Z,2025-02-20 16:00,67480.725,65290.250
2025-02-20T16:00Z,2025-02-20 17:00,69670.399,66664.620
2025-02-20T17:00Z,2025-02-20 18:00,72096.174,67713.045
2025-02-20T18:00Z,2025-02-20 19:00,70770.509,66211.110
2025-02-20T19:00Z,2025-02-20 20:00,67364.023,63259.387
2025-02-20T20:00Z,2025-02-20 21:00,63494.286,60607.040
2025-02-20T21:00Z,2025-02-20 22:00,60021.224,57811.485
2025-02-20T22:00Z,2025-02-20 23:00,56817.498,54597.298
2025-02-20T23:00Z,2025-02-21 00:00,53475.398,50336.848
2025-02-21T00:00Z,2025-02-21 01:00,51968.863,49058.480
2025-02-21T01:00Z,2025-02-21 02:00,50452.386,48411.173
2025-02-21T02:00Z,2025-02-21 03:00,50645.012,48674.800
2025-02-21T03:00Z,2025-02-21 04:00,51504.692,50122.235
2025-02-21T04:00Z,2025-02-21 05:00,54523.265,53814.257
2025-02-21T05:00Z,2025-02-21 06:00,61023.497,60521.120
2025-02-21T06:00Z,2025-02-21 07:00,65588.715,65136.887
2025-02-21T07:00Z,2025-02-21 08:00,67815.845,67615.215
2025-02-21T08:00Z,2025-02-21 09:00,68525.385,68206.500
2025-02-21T09:00Z,2025-02-21 10:00,67991.156,68604.638
2025-02-21T10:00Z,2025-02-21 11:00,67529.165,68063.772
2025-02-21T11:00Z,2025-02-21 12:00,65261.518,67705.405
2025-02-21T12:00Z,2025-02-21 13:00,62448.219,66416.550
2025-02-21T13:00Z,2025-02-21 14:00,61014.535,64136.045
2025-02-21T14:00Z,2025-02-21 15:00,60782.309,63394.010
2025-02-21T15:00Z,2025-02-21 16:00,61538.716,63744.945
2025-02-21T16:00Z,2025-02-21 17:00,64745.963,65464.950
2025-02-21T17:00Z,2025-02-21 18:00,67805.122,66589.670
2025-02-21T18:00Z,2025-02-21 19:00,66444.929,65116.015
2025-02-21T19:00Z,2025-02-21 20:00,62979.212,61466.340
2025-02-21T20:00Z,2025-02-21 21:00,59400.060,57751.665
2025-02-21T21:00Z,2025-02-21 22:00,55440.059,54630.827
2025-02-21T22:00Z,2025-02-21 23:00,52576.639,51179.025
2025-02-21T23:00Z,2025-02-22 00:00,49947.353,48911.015
2025-02-22T00:00Z,2025-02-22 01:00,48616.436,46898.452
2025-02-22T01:00Z,2025-02-22 02:00,47556.338,45683.950
2025-02-22T02:00Z,2025-02-22 03:00,47116.610,45138.628
2025-02-22T03:00Z,2025-02-22 04:00,47444.992,45281.902
2025-02-22T04:00Z,2025-02-22 05:00,48042.354,46221.037
2025-02-22T05:00Z,2025-02-22 06:00,49603.664,47194.060
2025-02-22T06:00Z,2025-02-22 07:00,51737.207,49118.725
2025-02-22T07:00Z,2025-02-22 08:00,55197.676,52515.952
2025-02-22T08:00Z,2025-02-22 09:00,57910.166,55707.450
2025-02-22T09:00Z,2025-02-22 10:00,58839.663,57527.973
2025-02-22T10:00Z,2025-02-22 11:00,59328.482,58076.332
2025-02-22T11:00Z,2025-02-22 12:00,59352.537,57757.902
2025-02-22T12:00Z,2025-02-22 13:00,57175.023,56321.495
2025-02-22T13:00Z,2025-02-22 14:00,54309.305,54655.618
2025-02-22T14:00Z,2025-02-22 15:00,53396.129,53862.887
2025-02-22T15:00Z,2025-02-22 16:00,54204.148,54233.305
2025-02-22T16:00Z,2025-02-22 17:00,57243.648,55612.815
2025-02-22T17:00Z,2025-02-22 18:00,59899.901,57004.940
2025-02-22T18:00Z,2025-02-22 19:00,58102.906,56253.220
2025-02-22T19:00Z,2025-02-22 20:00,54787.663,53240.232
2025-02-22T20:00Z,2025-02-22 21:00,52080.944,50429.695
2025-02-22T21:00Z,2025-02-22 22:00,50363.080,48663.973
2025-02-22T22:00Z,2025-02-22 23:00,47369.732,46035.042
2025-02-22T23:00Z,2025-02-23 00:00,44108.075,43562.202
2025-02-23T00:00Z,2025-02-23 01:00,41842.007,41901.825
2025-02-23T01:00Z,2025-02-23 02:00,40732.699,40856.027
2025-02-23T02:00Z,2025-02-23 03:00,40740.337,40383.055
2025-02-23T03:00Z,2025-02-23 04:00,40846.651,40590.348
2025-02-23T04:00Z,2025-02-23 05:00,41134.287,41763.095
2025-02-23T05:00Z,2025-02-23 06:00,42112.487,42730.065
2025-02-23T06:00Z,2025-02-23 07:00,44244.412,44037.890
2025-02-23T07:00Z,2025-02-23 08:00,47007.575,46972.930
2025-02-23T08:00Z,2025-02-23 09:00,49592.451,50499.580
2025-02-23T09:00Z,2025-02-23 10:00,52233.374,52628.245
2025-02-23T10:00Z,2025-02-23 11:00,54259.370,53954.230
2025-02-23T11:00Z,2025-02-23 12:00,53388.130,53613.780
2025-02-23T12:00Z,2025-02-23 13:00,50818.910,52056.870
2025-02-23T13:00Z,2025-02-23 14:00,49340.734,50441.310
2025-02-23T14:00Z,2025-02-23 15:00,47974.401,49930.360
2025-02-23T15:00Z,2025-02-23 16:00,48560.523,50467.615
2025-02-23T16:00Z,2025-02-23 17:00,51766.192,52957.688
2025-02-23T17:00Z,2025-02-23 18:00,55412.588,55899.915
2025-02-23T18:00Z,2025-02-23 19:00,54817.541,55404.558
2025-02-23T19:00Z,2025-02-23 20:00,53032.822,53565.960
2025-02-23T20:00Z,2025-02-23 21:00,51307.507,51701.270
2025-02-23T21:00Z,2025-02-23 22:00,50145.829,49977.982
2025-02-23T22:00Z,2025-02-23 23:00,47696.497,47208.285
2025-02-23T23:00Z,2025-02-24 00:00,46100.832,45898.353
2025-02-24T00:00Z,2025-02-24 01:00,44791.174,44519.583
2025-02-24T01:00Z,2025-02-24 02:00,44914.632,44143.610
2025-02-24T02:00Z,2025-02-24 03:00,45873.208,44821.972
2025-02-24T03:00Z,2025-02-24 04:00,47658.473,46772.360
2025-02-24T04:00Z,2025-02-24 05:00,51586.338,51202.178
2025-02-24T05:00Z,2025-02-24 06:00,60043.687,58637.348
2025-02-24T06:00Z,2025-02-24 07:00,65742.429,63521.045
2025-02-24T07:00Z,2025-02-24 08:00,68763.724,66482.825
2025-02-24T08:00Z,2025-02-24 09:00,69748.329,67494.712
2025-02-24T09:00Z,2025-02-24 10:00,69719.700,68227.928
2025-02-24T10:00Z,2025-02-24 11:00,69532.170,68945.885
2025-02-24T11:00Z,2025-02-24 12:00,68877.978,68910.140
2025-02-24T12:00Z,2025-02-24 13:00,67900.310,67746.632
2025-02-24T13:00Z,2025-02-24 14:00,65848.020,66091.000
2025-02-24T14:00Z,2025-02-24 15:00,65209.690,65461.755
2025-02-24T15:00Z,2025-02-24 16:00,65050.348,65044.147
2025-02-24T16:00Z,2025-02-24 17:00,67075.622,66096.690
2025-02-24T17:00Z,2025-02-24 18:00,68998.112,67360.585
2025-02-24T18:00Z,2025-02-24 19:00,67991.777,66259.583
2025-02-24T19:00Z,2025-02-24 20:00,64224.291,62899.250
2025-02-24T20:00Z,2025-02-24 21:00,60747.614,59350.905
2025-02-24T21:00Z,2025-02-24 22:00,56547.673,55958.717
2025-02-24T22:00Z,2025-02-24 23:00,52861.088,52458.465
2025-02-24T23:00Z,2025-02-25 00:00,49560.855,49780.973
2025-02-25T00:00Z,2025-02-25 01:00,47656.065,48493.167
2025-02-25T01:00Z,2025-02-25 02:00,46803.105,47307.573
2025-02-25T02:00Z,2025-02-25 03:00,47022.141,47806.717
2025-02-25T03:00Z,2025-02-25 04:00,47922.137,49328.855
2025-02-25T04:00Z,2025-02-25 05:00,51671.159,52696.302
2025-02-25T05:00Z,2025-02-25 06:00,59255.441,59216.478
2025-02-25T06:00Z,2025-02-25 07:00,63996.286,64177.700
2025-02-25T07:00Z,2025-02-25 08:00,65539.098,67073.110
2025-02-25T08:00Z,2025-02-25 09:00,65943.255,68025.000
2025-02-25T09:00Z,2025-02-25 10:00,66722.980,68633.212
2025-02-25T10:00Z,2025-02-25 11:00,66560.405,69013.015
2025-02-25T11:00Z,2025-02-25 12:00,65627.637,68822.367
2025-02-25T12:00Z,2025-02-25 13:00,65312.540,67803.822
2025-02-25T13:00Z,2025-02-25 14:00,64038.844,66286.152
2025-02-25T14:00Z,2025-02-25 15:00,62588.630,65439.167
2025-02-25T15:00Z,2025-02-25 16:00,62242.601,65069.562
2025-02-25T16:00Z,2025-02-25 17:00,63714.732,66296.573
2025-02-25T17:00Z,2025-02-25 18:00,65953.680,66906.735
2025-02-25T18:00Z,2025-02-25 19:00,64944.132,65536.842
2025-02-25T19:00Z,2025-02-25 20:00,61714.300,62210.277
2025-02-25T20:00Z,2025-02-25 21:00,58557.946,58876.327
2025-02-25T21:00Z,2025-02-25 22:00,55028.650,55520.693
2025-02-25T22:00Z,2025-02-25 23:00,51254.205,52145.215
2025-02-25T23:00Z,2025-02-26 00:00,49095.860,51198.832
2025-02-26T00:00Z,2025-02-26 01:00,47775.835,49759.428
2025-02-26T01:00Z,2025-02-26 02:00,46811.920,49275.400
2025-02-26T02:00Z,2025-02-26 03:00,47286.483,49388.052
2025-02-26T03:00Z,2025-02-26 04:00,48619.839,50809.842
2025-02-26T04:00Z,2025-02-26 05:00,52136.514,54017.217
2025-02-26T05:00Z,2025-02-26 06:00,59211.786,59560.405
2025-02-26T06:00Z,2025-02-26 07:00,64585.628,64473.860
2025-02-26T07:00Z,2025-02-26 08:00,66940.361,67732.158
2025-02-26T08:00Z,2025-02-26 09:00,67714.726,68794.010
2025-02-26T09:00Z,2025-02-26 10:00,68343.383,69685.128
2025-02-26T10:00Z,2025-02-26 11:00,68320.657,69976.170
2025-02-26T11:00Z,2025-02-26 12:00,68158.356,69550.390
2025-02-26T12:00Z,2025-02-26 13:00,67046.618,68085.613
2025-02-26T13:00Z,2025-02-26 14:00,65674.177,65823.490
2025-02-26T14:00Z,2025-02-26 15:00,64751.810,63678.622
2025-02-26T15:00Z,2025-02-26 16:00,64043.501,64376.607
2025-02-26T16:00Z,2025-02-26 17:00,65337.485,66098.143
2025-02-26T17:00Z,2025-02-26 18:00,67011.309,67084.057
2025-02-26T18:00Z,2025-02-26 19:00,66265.056,66106.505
2025-02-26T19:00Z,2025-02-26 20:00,63121.143,62884.355
2025-02-26T20:00Z,2025-02-26 21:00,59997.657,59507.680
2025-02-26T21:00Z,2025-02-26 22:00,56920.771,56316.387
2025-02-26T22:00Z,2025-02-26 23:00,53977.518,53102.330
2025-02-26T23:00Z,2025-02-27 00:00,51031.179,49904.077
2025-02-27T00:00Z,2025-02-27 01:00,49322.836,48282.900
2025-02-27T01:00Z,2025-02-27 02:00,49151.014,47672.427
2025-02-27T02:00Z,2025-02-27 03:00,49771.364,47842.380
2025-02-27T03:00Z,2025-02-27 04:00,50853.529,48725.830
2025-02-27T04:00Z,2025-02-27 05:00,53665.331,51891.085
2025-02-27T05:00Z,2025-02-27 06:00,60473.193,59063.645
2025-02-27T06:00Z,2025-02-27 07:00,65114.021,64339.807
2025-02-27T07:00Z,2025-02-27 08:00,67339.266,67408.885
2025-02-27T08:00Z,2025-02-27 09:00,67773.443,68201.545
2025-02-27T09:00Z,2025-02-27 10:00,67974.418,68781.365
2025-02-27T10:00Z,2025-02-27 11:00,68341.823,69116.715
2025-02-27T11:00Z,2025-02-27 12:00,66620.935,68740.527
2025-02-27T12:00Z,2025-02-27 13:00,65640.399,68073.630
2025-02-27T13:00Z,2025-02-27 14:00,64273.002,66375.105
2025-02-27T14:00Z,2025-02-27 15:00,63212.249,64875.188
2025-02-27T15:00Z,2025-02-27 16:00,63280.295,64175.325
2025-02-27T16:00Z,2025-02-27 17:00,64761.368,65437.413
2025-02-27T17:00Z,2025-02-27 18:00,67039.860,66919.238
2025-02-27T18:00Z,2025-02-27 19:00,66375.838,65756.560
2025-02-27T19:00Z,2025-02-27 20:00,62914.769,62702.743
2025-02-27T20:00Z,2025-02-27 21:00,59368.561,59382.660
2025-02-27T21:00Z,2025-02-27 22:00,56202.572,56007.465
2025-02-27T22:00Z,2025-02-27 23:00,52931.762,52330.380
2025-02-27T23:00Z,2025-02-28 00:00,50023.169,50185.993
2025-02-28T00:00Z,2025-02-28 01:00,48892.403,48424.920
2025-02-28T01:00Z,2025-02-28 02:00,48919.083,47810.455
2025-02-28T02:00Z,2025-02-28 03:00,49167.734,48167.217
2025-02-28T03:00Z,2025-02-28 04:00,49804.226,49217.253
2025-02-28T04:00Z,2025-02-28 05:00,52572.978,52230.777
2025-02-28T05:00Z,2025-02-28 06:00,58978.794,59042.055
2025-02-28T06:00Z,2025-02-28 07:00,63855.173,64337.010
2025-02-28T07:00Z,2025-02-28 08:00,66763.827,67411.815
2025-02-28T08:00Z,2025-02-28 09:00,67546.859,68348.515
2025-02-28T09:00Z,2025-02-28 10:00,68151.850,69042.520
2025-02-28T10:00Z,2025-02-28 11:00,68107.440,68975.860
2025-02-28T11:00Z,2025-02-28 12:00,67837.809,68289.562
2025-02-28T12:00Z,2025-02-28 13:00,66113.189,66626.730
2025-02-28T13:00Z,2025-02-28 14:00,64224.118,64427.865
2025-02-28T14:00Z,2025-02-28 15:00,63095.142,63871.240
2025-02-28T15:00Z,2025-02-28 16:00,63158.065,63830.223
2025-02-28T16:00Z,2025-02-28 17:00,64292.158,64993.690
2025-02-28T17:00Z,2025-02-28 18:00,65757.245,66020.557
2025-02-28T18:00Z,2025-02-28 19:00,64290.681,64659.055
2025-02-28T19:00Z,2025-02-28 20:00,61097.414,60845.567
2025-02-28T20:00Z,2025-02-28 21:00,57861.007,57344.637
2025-02-28T21:00Z,2025-02-28 22:00,55136.275,54373.283
2025-02-28T22:00Z,2025-02-28 23:00,51334.171,50600.375
2025-02-28T23:00Z,2025-03-01 00:00,48419.497,48232.025
2025-03-01T00:00Z,2025-03-01 01:00,46603.037,46100.905
2025-03-01T01:00Z,2025-03-01 02:00,45714.925,45012.632
2025-03-01T02:00Z,2025-03-01 03:00,45437.440,44998.825
2025-03-01T03:00Z,2025-03-01 04:00,45708.755,45264.040
2025-03-01T04:00Z,2025-03-01 05:00,46131.374,46148.630
2025-03-01T05:00Z,2025-03-01 06:00,47362.465,48124.740
2025-03-01T06:00Z,2025-03-01 07:00,49581.474,50272.308
2025-03-01T07:00Z,2025-03-01 08:00,52729.788,53752.798
2025-03-01T08:00Z,2025-03-01 09:00,55662.673,56730.348
2025-03-01T09:00Z,2025-03-01 10:00,57819.501,58265.397
2025-03-01T10:00Z,2025-03-01 11:00,59415.685,58744.652
2025-03-01T11:00Z,2025-03-01 12:00,58079.944,58146.060
2025-03-01T12:00Z,2025-03-01 13:00,55901.118,56046.598
2025-03-01T13:00Z,2025-03-01 14:00,54694.867,54187.232
2025-03-01T14:00Z,2025-03-01 15:00,54161.204,53635.965
2025-03-01T15:00Z,2025-03-01 16:00,53935.530,54224.650
2025-03-01T16:00Z,2025-03-01 17:00,56200.338,56354.155
2025-03-01T17:00Z,2025-03-01 18:00,58517.365,58183.118
2025-03-01T18:00Z,2025-03-01 19:00,57370.058,57261.783
2025-03-01T19:00Z,2025-03-01 20:00,54599.287,54159.147
2025-03-01T20:00Z,2025-03-01 21:00,52613.011,51907.395
2025-03-01T21:00Z,2025-03-01 22:00,51279.858,50459.210
2025-03-01T22:00Z,2025-03-01 23:00,49031.894,48075.903
2025-03-01T23:00Z,2025-03-02 00:00,46116.722,45162.060
2025-03-02T00:00Z,2025-03-02 01:00,44525.181,43509.000
2025-03-02T01:00Z,2025-03-02 02:00,43510.585,42828.520
2025-03-02T02:00Z,2025-03-02 03:00,43574.293,42870.970
2025-03-02T03:00Z,2025-03-02 04:00,44241.770,42840.260
2025-03-02T04:00Z,2025-03-02 05:00,44074.671,42596.020
2025-03-02T05:00Z,2025-03-02 06:00,44612.139,42749.185
2025-03-02T06:00Z,2025-03-02 07:00,46020.525,44354.375
2025-03-02T07:00Z,2025-03-02 08:00,48865.336,47867.562
2025-03-02T08:00Z,2025-03-02 09:00,52288.693,51092.160
2025-03-02T09:00Z,2025-03-02 10:00,53749.537,53041.995
2025-03-02T10:00Z,2025-03-02 11:00,54889.915,54174.280
2025-03-02T11:00Z,2025-03-02 12:00,53734.433,53837.418
2025-03-02T12:00Z,2025-03-02 13:00,50990.984,51790.787
2025-03-02T13:00Z,2025-03-02 14:00,49056.310,50199.327
2025-03-02T14:00Z,2025-03-02 15:00,48806.706,49566.890
2025-03-02T15:00Z,2025-03-02 16:00,49590.838,50151.330
2025-03-02T16:00Z,2025-03-02 17:00,53298.360,52276.405
2025-03-02T17:00Z,2025-03-02 18:00,56362.259,55102.400
2025-03-02T18:00Z,2025-03-02 19:00,56564.409,55014.162
2025-03-02T19:00Z,2025-03-02 20:00,54316.129,52824.247
2025-03-02T20:00Z,2025-03-02 21:00,53094.113,51349.128
2025-03-02T21:00Z,2025-03-02 22:00,52427.433,50216.155
2025-03-02T22:00Z,2025-03-02 23:00,50401.282,47805.707
2025-03-02T23:00Z,2025-03-03 00:00,48385.423,46447.850
2025-03-03T00:00Z,2025-03-03 01:00,47259.568,45633.777
2025-03-03T01:00Z,2025-03-03 02:00,46836.419,45574.860
2025-03-03T02:00Z,2025-03-03 03:00,47443.795,46297.728
2025-03-03T03:00Z,2025-03-03 04:00,49347.189,47637.822
2025-03-03T04:00Z,2025-03-03 05:00,52549.163,51947.760
2025-03-03T05:00Z,2025-03-03 06:00,59629.965,60264.432
2025-03-03T06:00Z,2025-03-03 07:00,63913.938,65740.723
2025-03-03T07:00Z,2025-03-03 08:00,66322.359,68979.938
2025-03-03T08:00Z,2025-03-03 09:00,67226.588,69718.272
2025-03-03T09:00Z,2025-03-03 10:00,66858.198,69830.302
2025-03-03T10:00Z,2025-03-03 11:00,66128.655,69475.247
2025-03-03T11:00Z,2025-03-03 12:00,64197.266,68711.747
2025-03-03T12:00Z,2025-03-03 13:00,62280.819,67793.345
2025-03-03T13:00Z,2025-03-03 14:00,61095.539,66122.583
2025-03-03T14:00Z,2025-03-03 15:00,60682.344,65966.418
2025-03-03T15:00Z,2025-03-03 16:00,60686.831,66452.145
2025-03-03T16:00Z,2025-03-03 17:00,63304.434,67289.235
2025-03-03T17:00Z,2025-03-03 18:00,66395.057,68384.045
2025-03-03T18:00Z,2025-03-03 19:00,65939.536,67561.890
2025-03-03T19:00Z,2025-03-03 20:00,62869.350,63581.205
2025-03-03T20:00Z,2025-03-03 21:00,59896.360,60047.307
2025-03-03T21:00Z,2025-03-03 22:00,57092.565,56805.345
2025-03-03T22:00Z,2025-03-03 23:00,54035.794,53116.932
2025-03-03T23:00Z,2025-03-04 00:00,51830.560,50931.355
2025-03-04T00:00Z,2025-03-04 01:00,50208.190,49747.820
2025-03-04T01:00Z,2025-03-04 02:00,49832.711,49020.260
2025-03-04T02:00Z,2025-03-04 03:00,50064.386,49636.158
2025-03-04T03:00Z,2025-03-04 04:00,51955.156,50945.770
2025-03-04T04:00Z,2025-03-04 05:00,55802.257,54232.783
2025-03-04T05:00Z,2025-03-04 06:00,62544.774,61647.870
2025-03-04T06:00Z,2025-03-04 07:00,66312.372,66754.957
2025-03-04T07:00Z,2025-03-04 08:00,68800.486,69716.225
2025-03-04T08:00Z,2025-03-04 09:00,68653.682,70478.818
2025-03-04T09:00Z,2025-03-04 10:00,68789.490,70478.790
2025-03-04T10:00Z,2025-03-04 11:00,67681.821,70080.087
2025-03-04T11:00Z,2025-03-04 12:00,65501.060,69358.595
2025-03-04T12:00Z,2025-03-04 13:00,63399.492,67711.503
2025-03-04T13:00Z,2025-03-04 14:00,61635.309,66257.027
2025-03-04T14:00Z,2025-03-04 15:00,60541.739,66133.702
2025-03-04T15:00Z,2025-03-04 16:00,60932.519,65996.893
2025-03-04T16:00Z,2025-03-04 17:00,64725.045,67330.048
2025-03-04T17:00Z,2025-03-04 18:00,67940.697,68291.415
2025-03-04T18:00Z,2025-03-04 19:00,67628.770,67104.037
2025-03-04T19:00Z,2025-03-04 20:00,64176.467,63341.350
2025-03-04T20:00Z,2025-03-04 21:00,60976.260,59684.607
2025-03-04T21:00Z,2025-03-04 22:00,58247.258,56663.417
2025-03-04T22:00Z,2025-03-04 23:00,54602.776,53591.560
2025-03-04T23:00Z,2025-03-05 00:00,51871.267,51296.415
2025-03-05T00:00Z,2025-03-05 01:00,50581.587,50273.307
2025-03-05T01:00Z,2025-03-05 02:00,50108.307,49737.125
2025-03-05T02:00Z,2025-03-05 03:00,50357.133,50084.682
2025-03-05T03:00Z,2025-03-05 04:00,51973.056,51425.395
2025-03-05T04:00Z,2025-03-05 05:00,55588.500,54730.185
2025-03-05T05:00Z,2025-03-05 06:00,62995.626,60771.512
2025-03-05T06:00Z,2025-03-05 07:00,67155.997,65957.720
2025-03-05T07:00Z,2025-03-05 08:00,69482.831,69208.760
2025-03-05T08:00Z,2025-03-05 09:00,68974.697,70029.920
2025-03-05T09:00Z,2025-03-05 10:00,66860.177,70288.728
2025-03-05T10:00Z,2025-03-05 11:00,64654.330,69812.503
2025-03-05T11:00Z,2025-03-05 12:00,62018.212,69237.467
2025-03-05T12:00Z,2025-03-05 13:00,60848.771,67529.077
2025-03-05T13:00Z,2025-03-05 14:00,61701.389,64857.167
2025-03-05T14:00Z,2025-03-05 15:00,61324.188,63413.183
2025-03-05T15:00Z,2025-03-05 16:00,61680.172,63368.005
2025-03-05T16:00Z,2025-03-05 17:00,65273.554,65226.438
2025-03-05T17:00Z,2025-03-05 18:00,68868.791,66569.948
2025-03-05T18:00Z,2025-03-05 19:00,69336.410,66363.540
2025-03-05T19:00Z,2025-03-05 20:00,65411.739,62500.620
2025-03-05T20:00Z,2025-03-05 21:00,61892.873,59053.378
2025-03-05T21:00Z,2025-03-05 22:00,58762.257,55716.488
2025-03-05T22:00Z,2025-03-05 23:00,54669.279,52263.765
2025-03-05T23:00Z,2025-03-06 00:00,52019.925,49584.860
2025-03-06T00:00Z,2025-03-06 01:00,50562.208,48400.842
2025-03-06T01:00Z,2025-03-06 02:00,49441.080,47777.560
2025-03-06T02:00Z,2025-03-06 03:00,49254.932,47925.605
2025-03-06T03:00Z,2025-03-06 04:00,50569.212,49143.943
2025-03-06T04:00Z,2025-03-06 05:00,54033.623,51992.650
2025-03-06T05:00Z,2025-03-06 06:00,61071.560,58566.530
2025-03-06T06:00Z,2025-03-06 07:00,65023.455,63936.150
2025-03-06T07:00Z,2025-03-06 08:00,67090.510,66566.340
2025-03-06T08:00Z,2025-03-06 09:00,67282.432,66978.255
2025-03-06T09:00Z,2025-03-06 10:00,66071.811,66814.678
2025-03-06T10:00Z,2025-03-06 11:00,64496.658,66960.020
2025-03-06T11:00Z,2025-03-06 12:00,61982.928,66201.568
2025-03-06T12:00Z,2025-03-06 13:00,60408.951,64911.327
2025-03-06T13:00Z,2025-03-06 14:00,59733.195,62641.730
2025-03-06T14:00Z,2025-03-06 15:00,58892.151,61367.753
2025-03-06T15:00Z,2025-03-06 16:00,59135.123,61074.618
2025-03-06T16:00Z,2025-03-06 17:00,62542.764,62703.473
2025-03-06T17:00Z,2025-03-06 18:00,64992.251,64346.467
2025-03-06T18:00Z,2025-03-06 19:00,64514.826,63841.132
2025-03-06T19:00Z,2025-03-06 20:00,60790.643,61008.150
2025-03-06T20:00Z,2025-03-06 21:00,57528.796,57945.605
2025-03-06T21:00Z,2025-03-06 22:00,54253.516,54875.618
2025-03-06T22:00Z,2025-03-06 23:00,51249.273,51320.033
2025-03-06T23:00Z,2025-03-07 00:00,48046.725,49502.997
2025-03-07T00:00Z,2025-03-07 01:00,46523.328,48029.630
2025-03-07T01:00Z,2025-03-07 02:00,45513.844,47438.447
2025-03-07T02:00Z,2025-03-07 03:00,46001.113,47874.077
2025-03-07T03:00Z,2025-03-07 04:00,48068.897,49166.287
2025-03-07T04:00Z,2025-03-07 05:00,51798.323,52201.952
2025-03-07T05:00Z,2025-03-07 06:00,58414.270,58986.175
2025-03-07T06:00Z,2025-03-07 07:00,62590.711,63605.778
2025-03-07T07:00Z,2025-03-07 08:00,64633.554,66638.650
2025-03-07T08:00Z,2025-03-07 09:00,65210.404,67469.452
2025-03-07T09:00Z,2025-03-07 10:00,64039.975,67748.105
2025-03-07T10:00Z,2025-03-07 11:00,62100.247,67287.505
2025-03-07T11:00Z,2025-03-07 12:00,60193.660,66182.490
2025-03-07T12:00Z,2025-03-07 13:00,57699.119,64149.815
2025-03-07T13:00Z,2025-03-07 14:00,56008.100,61844.615
2025-03-07T14:00Z,2025-03-07 15:00,55990.747,61018.077
2025-03-07T15:00Z,2025-03-07 16:00,56744.584,61126.410
2025-03-07T16:00Z,2025-03-07 17:00,59462.147,62225.052
2025-03-07T17:00Z,2025-03-07 18:00,61902.568,63701.695
2025-03-07T18:00Z,2025-03-07 19:00,61401.452,63029.315
2025-03-07T19:00Z,2025-03-07 20:00,57654.916,59458.160
2025-03-07T20:00Z,2025-03-07 21:00,54330.426,55955.370
2025-03-07T21:00Z,2025-03-07 22:00,51412.833,53113.443
2025-03-07T22:00Z,2025-03-07 23:00,48199.878,49847.775
2025-03-07T23:00Z,2025-03-08 00:00,45878.592,46965.550
2025-03-08T00:00Z,2025-03-08 01:00,44265.313,45131.982
2025-03-08T01:00Z,2025-03-08 02:00,43180.389,44145.470
2025-03-08T02:00Z,2025-03-08 03:00,43019.554,43901.007
2025-03-08T03:00Z,2025-03-08 04:00,43700.273,43957.823
2025-03-08T04:00Z,2025-03-08 05:00,44236.025,44263.948
2025-03-08T05:00Z,2025-03-08 06:00,45567.972,45270.590
2025-03-08T06:00Z,2025-03-08 07:00,48162.028,47531.330
2025-03-08T07:00Z,2025-03-08 08:00,51228.207,51246.048
2025-03-08T08:00Z,2025-03-08 09:00,53343.766,54025.385
2025-03-08T09:00Z,2025-03-08 10:00,53190.651,55227.940
2025-03-08T10:00Z,2025-03-08 11:00,52151.006,55807.688
2025-03-08T11:00Z,2025-03-08 12:00,50308.477,54857.952
2025-03-08T12:00Z,2025-03-08 13:00,48153.573,52745.095
2025-03-08T13:00Z,2025-03-08 14:00,46477.546,50649.670
2025-03-08T14:00Z,2025-03-08 15:00,46222.670,50195.327
2025-03-08T15:00Z,2025-03-08 16:00,47184.102,50869.655
2025-03-08T16:00Z,2025-03-08 17:00,50931.396,52491.152
2025-03-08T17:00Z,2025-03-08 18:00,54609.697,54755.917
2025-03-08T18:00Z,2025-03-08 19:00,54501.946,54672.910
2025-03-08T19:00Z,2025-03-08 20:00,51976.353,51674.585
2025-03-08T20:00Z,2025-03-08 21:00,49353.328,49340.925
2025-03-08T21:00Z,2025-03-08 22:00,47364.190,47508.115
2025-03-08T22:00Z,2025-03-08 23:00,44587.393,45203.662
2025-03-08T23:00Z,2025-03-09 00:00,42024.487,43235.518
2025-03-09T00:00Z,2025-03-09 01:00,40469.534,41667.963
2025-03-09T01:00Z,2025-03-09 02:00,39749.744,41005.293
2025-03-09T02:00Z,2025-03-09 03:00,39521.906,40972.495
2025-03-09T03:00Z,2025-03-09 04:00,40035.174,41104.710
2025-03-09T04:00Z,2025-03-09 05:00,40241.587,41533.780
2025-03-09T05:00Z,2025-03-09 06:00,41018.215,42253.317
2025-03-09T06:00Z,2025-03-09 07:00,43070.357,43849.470
2025-03-09T07:00Z,2025-03-09 08:00,46550.489,47483.340
2025-03-09T08:00Z,2025-03-09 09:00,49390.486,50545.845
2025-03-09T09:00Z,2025-03-09 10:00,50642.572,52150.665
2025-03-09T10:00Z,2025-03-09 11:00,49917.654,53027.375
2025-03-09T11:00Z,2025-03-09 12:00,48316.214,52204.920
2025-03-09T12:00Z,2025-03-09 13:00,46260.336,50033.688
2025-03-09T13:00Z,2025-03-09 14:00,45516.715,48217.882
2025-03-09T14:00Z,2025-03-09 15:00,45014.632,47445.810
2025-03-09T15:00Z,2025-03-09 16:00,46226.970,47980.315
2025-03-09T16:00Z,2025-03-09 17:00,50915.943,50258.697
2025-03-09T17:00Z,2025-03-09 18:00,54558.211,52943.007
2025-03-09T18:00Z,2025-03-09 19:00,54386.334,53276.423
2025-03-09T19:00Z,2025-03-09 20:00,52157.474,51379.098
2025-03-09T20:00Z,2025-03-09 21:00,50054.599,49697.600
2025-03-09T21:00Z,2025-03-09 22:00,49157.349,48532.618
2025-03-09T22:00Z,2025-03-09 23:00,46317.521,46155.893
2025-03-09T23:00Z,2025-03-10 00:00,44148.637,44670.147
2025-03-10T00:00Z,2025-03-10 01:00,42417.304,43607.277
2025-03-10T01:00Z,2025-03-10 02:00,41940.804,43511.110
2025-03-10T02:00Z,2025-03-10 03:00,42600.529,44114.012
2025-03-10T03:00Z,2025-03-10 04:00,44695.612,45197.463
2025-03-10T04:00Z,2025-03-10 05:00,48741.424,49330.243
2025-03-10T05:00Z,2025-03-10 06:00,56537.623,57340.300
2025-03-10T06:00Z,2025-03-10 07:00,61625.336,62937.470
2025-03-10T07:00Z,2025-03-10 08:00,64092.614,66328.315
2025-03-10T08:00Z,2025-03-10 09:00,64863.740,67021.812
2025-03-10T09:00Z,2025-03-10 10:00,64213.591,67235.030
2025-03-10T10:00Z,2025-03-10 11:00,63697.734,66788.765
2025-03-10T11:00Z,2025-03-10 12:00,63088.421,65889.425
2025-03-10T12:00Z,2025-03-10 13:00,61565.564,64717.293
2025-03-10T13:00Z,2025-03-10 14:00,60827.451,63101.235
2025-03-10T14:00Z,2025-03-10 15:00,60259.358,62514.732
2025-03-10T15:00Z,2025-03-10 16:00,60177.257,62398.583
2025-03-10T16:00Z,2025-03-10 17:00,62282.217,63927.033
2025-03-10T17:00Z,2025-03-10 18:00,64455.965,65225.975
2025-03-10T18:00Z,2025-03-10 19:00,63874.035,64758.423
2025-03-10T19:00Z,2025-03-10 20:00,60496.626,61425.980
2025-03-10T20:00Z,2025-03-10 21:00,57008.669,57885.300
2025-03-10T21:00Z,2025-03-10 22:00,53595.165,54509.240
2025-03-10T22:00Z,2025-03-10 23:00,50169.878,51027.525
2025-03-10T23:00Z,2025-03-11 00:00,47925.043,48854.810
2025-03-11T00:00Z,2025-03-11 01:00,46979.917,47537.455
2025-03-11T01:00Z,2025-03-11 02:00,46440.670,47046.520
2025-03-11T02:00Z,2025-03-11 03:00,46874.533,47736.673
2025-03-11T03:00Z,2025-03-11 04:00,48473.015,48840.945
2025-03-11T04:00Z,2025-03-11 05:00,51534.547,51929.812
2025-03-11T05:00Z,2025-03-11 06:00,58517.917,58505.815
2025-03-11T06:00Z,2025-03-11 07:00,62779.578,64056.445
2025-03-11T07:00Z,2025-03-11 08:00,65278.330,67168.228
2025-03-11T08:00Z,2025-03-11 09:00,65817.901,67983.688
2025-03-11T09:00Z,2025-03-11 10:00,66283.240,68209.560
2025-03-11T10:00Z,2025-03-11 11:00,66195.830,68168.810
2025-03-11T11:00Z,2025-03-11 12:00,64954.069,67456.270
2025-03-11T12:00Z,2025-03-11 13:00,64313.835,66124.410
2025-03-11T13:00Z,2025-03-11 14:00,63169.784,64449.122
2025-03-11T14:00Z,2025-03-11 15:00,61848.562,63611.940
2025-03-11T15:00Z,2025-03-11 16:00,61755.414,63107.410
2025-03-11T16:00Z,2025-03-11 17:00,63527.449,63853.255
2025-03-11T17:00Z,2025-03-11 18:00,65597.750,64897.382
2025-03-11T18:00Z,2025-03-11 19:00,64807.615,64284.665
2025-03-11T19:00Z,2025-03-11 20:00,60906.499,61285.305
2025-03-11T20:00Z,2025-03-11 21:00,57429.931,58097.768
2025-03-11T21:00Z,2025-03-11 22:00,53778.531,55001.795
2025-03-11T22:00Z,2025-03-11 23:00,50475.065,51651.410
2025-03-11T23:00Z,2025-03-12 00:00,48251.594,49100.722
2025-03-12T00:00Z,2025-03-12 01:00,47256.707,47799.042
2025-03-12T01:00Z,2025-03-12 02:00,46690.395,47285.805
2025-03-12T02:00Z,2025-03-12 03:00,47056.301,47770.412
2025-03-12T03:00Z,2025-03-12 04:00,48220.346,49075.592
2025-03-12T04:00Z,2025-03-12 05:00,51553.694,52174.228
2025-03-12T05:00Z,2025-03-12 06:00,58927.966,58422.077
2025-03-12T06:00Z,2025-03-12 07:00,63297.652,63972.970
2025-03-12T07:00Z,2025-03-12 08:00,65869.400,67206.678
2025-03-12T08:00Z,2025-03-12 09:00,66817.578,68089.545
2025-03-12T09:00Z,2025-03-12 10:00,67323.159,68671.793
2025-03-12T10:00Z,2025-03-12 11:00,67636.985,68709.165
2025-03-12T11:00Z,2025-03-12 12:00,67649.530,68058.688
2025-03-12T12:00Z,2025-03-12 13:00,67128.802,66740.055
2025-03-12T13:00Z,2025-03-12 14:00,64764.514,64571.410
2025-03-12T14:00Z,2025-03-12 15:00,63901.858,62878.440
2025-03-12T15:00Z,2025-03-12 16:00,63724.418,62530.688
2025-03-12T16:00Z,2025-03-12 17:00,65306.901,63773.175
2025-03-12T17:00Z,2025-03-12 18:00,66755.556,65678.070
2025-03-12T18:00Z,2025-03-12 19:00,66114.339,65433.050
2025-03-12T19:00Z,2025-03-12 20:00,62340.886,61995.107
2025-03-12T20:00Z,2025-03-12 21:00,58800.665,58701.182
2025-03-12T21:00Z,2025-03-12 22:00,55727.629,55437.890
2025-03-12T22:00Z,2025-03-12 23:00,52038.990,51796.912
2025-03-12T23:00Z,2025-03-13 00:00,49379.596,49019.960
2025-03-13T00:00Z,2025-03-13 01:00,47898.605,47694.338
2025-03-13T01:00Z,2025-03-13 02:00,47369.121,47102.250
2025-03-13T02:00Z,2025-03-13 03:00,48120.668,47371.835
2025-03-13T03:00Z,2025-03-13 04:00,49767.324,48432.043
2025-03-13T04:00Z,2025-03-13 05:00,53030.124,51260.950
2025-03-13T05:00Z,2025-03-13 06:00,59725.596,57824.440
2025-03-13T06:00Z,2025-03-13 07:00,63809.735,63422.512
2025-03-13T07:00Z,2025-03-13 08:00,66061.151,66225.978
2025-03-13T08:00Z,2025-03-13 09:00,66905.527,66946.605
2025-03-13T09:00Z,2025-03-13 10:00,67716.280,67478.115
2025-03-13T10:00Z,2025-03-13 11:00,67673.937,67851.700
2025-03-13T11:00Z,2025-03-13 12:00,67633.896,67117.810
2025-03-13T12:00Z,2025-03-13 13:00,66679.773,66159.107
2025-03-13T13:00Z,2025-03-13 14:00,65932.703,64293.077
2025-03-13T14:00Z,2025-03-13 15:00,64506.599,63209.202
2025-03-13T15:00Z,2025-03-13 16:00,63961.230,62922.660
2025-03-13T16:00Z,2025-03-13 17:00,65258.418,64454.542
2025-03-13T17:00Z,2025-03-13 18:00,66790.168,65999.793
2025-03-13T18:00Z,2025-03-13 19:00,66568.355,65221.823
2025-03-13T19:00Z,2025-03-13 20:00,62999.126,61834.938
2025-03-13T20:00Z,2025-03-13 21:00,59651.151,58606.680
2025-03-13T21:00Z,2025-03-13 22:00,56564.900,55286.908
2025-03-13T22:00Z,2025-03-13 23:00,52942.185,51501.708
2025-03-13T23:00Z,2025-03-14 00:00,50254.215,49826.570
2025-03-14T00:00Z,2025-03-14 01:00,48408.903,48264.647
2025-03-14T01:00Z,2025-03-14 02:00,48440.772,47649.033
2025-03-14T02:00Z,2025-03-14 03:00,48385.483,48077.423
2025-03-14T03:00Z,2025-03-14 04:00,49909.451,49046.372
2025-03-14T04:00Z,2025-03-14 05:00,53122.565,51902.295
2025-03-14T05:00Z,2025-03-14 06:00,59568.454,58485.580
2025-03-14T06:00Z,2025-03-14 07:00,64176.083,63335.208
2025-03-14T07:00Z,2025-03-14 08:00,66555.107,66376.350
2025-03-14T08:00Z,2025-03-14 09:00,67470.302,67521.515
2025-03-14T09:00Z,2025-03-14 10:00,67596.327,68381.290
2025-03-14T10:00Z,2025-03-14 11:00,67296.566,68098.225
2025-03-14T11:00Z,2025-03-14 12:00,66889.918,67195.497
2025-03-14T12:00Z,2025-03-14 13:00,65589.425,65488.760
2025-03-14T13:00Z,2025-03-14 14:00,64398.068,63441.478
2025-03-14T14:00Z,2025-03-14 15:00,63130.315,62649.277
2025-03-14T15:00Z,2025-03-14 16:00,62975.062,62551.827
2025-03-14T16:00Z,2025-03-14 17:00,64253.254,63676.430
2025-03-14T17:00Z,2025-03-14 18:00,65390.955,64692.475
2025-03-14T18:00Z,2025-03-14 19:00,64318.286,63541.685
2025-03-14T19:00Z,2025-03-14 20:00,60887.837,60048.785
2025-03-14T20:00Z,2025-03-14 21:00,57318.730,56637.387
2025-03-14T21:00Z,2025-03-14 22:00,54347.799,53915.067
2025-03-14T22:00Z,2025-03-14 23:00,51401.895,50580.185
2025-03-14T23:00Z,2025-03-15 00:00,48272.519,48345.568
2025-03-15T00:00Z,2025-03-15 01:00,46391.598,46364.220
2025-03-15T01:00Z,2025-03-15 02:00,44510.838,45338.760
2025-03-15T02:00Z,2025-03-15 03:00,44212.542,45098.162
2025-03-15T03:00Z,2025-03-15 04:00,44239.862,45096.240
2025-03-15T04:00Z,2025-03-15 05:00,44663.107,45580.897
2025-03-15T05:00Z,2025-03-15 06:00,45727.025,46827.433
2025-03-15T06:00Z,2025-03-15 07:00,48181.698,49356.993
2025-03-15T07:00Z,2025-03-15 08:00,51298.376,53202.887
2025-03-15T08:00Z,2025-03-15 09:00,54113.515,56427.345
2025-03-15T09:00Z,2025-03-15 10:00,55766.551,57697.945
2025-03-15T10:00Z,2025-03-15 11:00,56647.414,58054.985
2025-03-15T11:00Z,2025-03-15 12:00,55814.967,57537.105
2025-03-15T12:00Z,2025-03-15 13:00,53943.563,55861.792
2025-03-15T13:00Z,2025-03-15 14:00,52080.863,53921.965
2025-03-15T14:00Z,2025-03-15 15:00,51474.084,52922.960
2025-03-15T15:00Z,2025-03-15 16:00,52048.109,53188.732
2025-03-15T16:00Z,2025-03-15 17:00,54571.232,54811.405
2025-03-15T17:00Z,2025-03-15 18:00,56686.208,56682.810
2025-03-15T18:00Z,2025-03-15 19:00,56196.825,56604.098
2025-03-15T19:00Z,2025-03-15 20:00,53036.579,53968.280
2025-03-15T20:00Z,2025-03-15 21:00,50446.330,51457.470
2025-03-15T21:00Z,2025-03-15 22:00,48767.355,49810.768
2025-03-15T22:00Z,2025-03-15 23:00,46631.537,47036.930
2025-03-15T23:00Z,2025-03-16 00:00,43989.923,44347.810
2025-03-16T00:00Z,2025-03-16 01:00,42352.312,42681.842
2025-03-16T01:00Z,2025-03-16 02:00,41478.816,41942.885
2025-03-16T02:00Z,2025-03-16 03:00,41491.347,41795.158
2025-03-16T03:00Z,2025-03-16 04:00,41925.590,41880.880
2025-03-16T04:00Z,2025-03-16 05:00,41960.707,42477.330
2025-03-16T05:00Z,2025-03-16 06:00,42310.580,43064.375
2025-03-16T06:00Z,2025-03-16 07:00,44319.005,44615.408
2025-03-16T07:00Z,2025-03-16 08:00,48239.549,47971.698
2025-03-16T08:00Z,2025-03-16 09:00,51113.049,51307.353
2025-03-16T09:00Z,2025-03-16 10:00,52196.015,53227.342
2025-03-16T10:00Z,2025-03-16 11:00,52431.635,54600.957
2025-03-16T11:00Z,2025-03-16 12:00,51900.973,54207.253
2025-03-16T12:00Z,2025-03-16 13:00,50606.439,52191.577
2025-03-16T13:00Z,2025-03-16 14:00,49229.685,49926.598
2025-03-16T14:00Z,2025-03-16 15:00,48759.192,49388.808
2025-03-16T15:00Z,2025-03-16 16:00,49524.911,49813.607
2025-03-16T16:00Z,2025-03-16 17:00,52517.666,52289.683
2025-03-16T17:00Z,2025-03-16 18:00,56293.289,55284.507
2025-03-16T18:00Z,2025-03-16 19:00,56372.676,55542.493
2025-03-16T19:00Z,2025-03-16 20:00,53740.177,53334.010
2025-03-16T20:00Z,2025-03-16 21:00,52278.090,51699.887
2025-03-16T21:00Z,2025-03-16 22:00,51336.507,50688.878
2025-03-16T22:00Z,2025-03-16 23:00,48952.402,48035.060
2025-03-16T23:00Z,2025-03-17 00:00,48135.150,46408.050
2025-03-17T00:00Z,2025-03-17 01:00,47045.724,45339.110
2025-03-17T01:00Z,2025-03-17 02:00,47525.832,45140.302
2025-03-17T02:00Z,2025-03-17 03:00,47777.709,45599.077
2025-03-17T03:00Z,2025-03-17 04:00,48898.135,47061.327
2025-03-17T04:00Z,2025-03-17 05:00,53012.622,51362.743
2025-03-17T05:00Z,2025-03-17 06:00,60483.776,59476.060
2025-03-17T06:00Z,2025-03-17 07:00,64484.345,65015.913
2025-03-17T07:00Z,2025-03-17 08:00,66659.868,68078.533
2025-03-17T08:00Z,2025-03-17 09:00,66542.814,69042.863
2025-03-17T09:00Z,2025-03-17 10:00,65754.961,69181.852
2025-03-17T10:00Z,2025-03-17 11:00,65200.631,68968.902
2025-03-17T11:00Z,2025-03-17 12:00,64121.284,68145.835
2025-03-17T12:00Z,2025-03-17 13:00,63117.640,67152.802
2025-03-17T13:00Z,2025-03-17 14:00,61134.430,65619.833
2025-03-17T14:00Z,2025-03-17 15:00,59921.761,64788.360
2025-03-17T15:00Z,2025-03-17 16:00,60101.677,64889.920
2025-03-17T16:00Z,2025-03-17 17:00,62458.079,66408.977
2025-03-17T17:00Z,2025-03-17 18:00,65813.801,67679.520
2025-03-17T18:00Z,2025-03-17 19:00,66379.333,67166.370
2025-03-17T19:00Z,2025-03-17 20:00,62749.633,63641.620
2025-03-17T20:00Z,2025-03-17 21:00,59144.567,60171.973
2025-03-17T21:00Z,2025-03-17 22:00,56589.330,56923.592
2025-03-17T22:00Z,2025-03-17 23:00,53342.696,53131.620
2025-03-17T23:00Z,2025-03-18 00:00,50557.042,50915.245
2025-03-18T00:00Z,2025-03-18 01:00,48580.817,49531.268
2025-03-18T01:00Z,2025-03-18 02:00,47996.190,48832.680
2025-03-18T02:00Z,2025-03-18 03:00,48950.991,49450.192
2025-03-18T03:00Z,2025-03-18 04:00,51125.978,50936.195
2025-03-18T04:00Z,2025-03-18 05:00,55176.757,54068.645
2025-03-18T05:00Z,2025-03-18 06:00,62232.645,60817.925
2025-03-18T06:00Z,2025-03-18 07:00,66718.073,65975.940
2025-03-18T07:00Z,2025-03-18 08:00,68329.482,68855.205
2025-03-18T08:00Z,2025-03-18 09:00,66597.242,69639.040
2025-03-18T09:00Z,2025-03-18 10:00,63342.666,69708.495
2025-03-18T10:00Z,2025-03-18 11:00,61530.602,69494.682
2025-03-18T11:00Z,2025-03-18 12:00,59981.035,68636.503
2025-03-18T12:00Z,2025-03-18 13:00,60109.265,67307.772
2025-03-18T13:00Z,2025-03-18 14:00,59978.045,65636.795
2025-03-18T14:00Z,2025-03-18 15:00,59741.914,65109.635
2025-03-18T15:00Z,2025-03-18 16:00,59638.375,65108.658
2025-03-18T16:00Z,2025-03-18 17:00,63248.158,66538.217
2025-03-18T17:00Z,2025-03-18 18:00,65881.219,67311.068
2025-03-18T18:00Z,2025-03-18 19:00,65918.274,66351.155
2025-03-18T19:00Z,2025-03-18 20:00,62364.148,62967.077
2025-03-18T20:00Z,2025-03-18 21:00,59043.342,59904.697
2025-03-18T21:00Z,2025-03-18 22:00,56364.799,57016.375
2025-03-18T22:00Z,2025-03-18 23:00,52948.510,53629.630
2025-03-18T23:00Z,2025-03-19 00:00,50582.285,50887.915
2025-03-19T00:00Z,2025-03-19 01:00,48814.077,49560.463
2025-03-19T01:00Z,2025-03-19 02:00,48520.322,49005.890
2025-03-19T02:00Z,2025-03-19 03:00,48746.487,49467.783
2025-03-19T03:00Z,2025-03-19 04:00,50264.957,50680.170
2025-03-19T04:00Z,2025-03-19 05:00,53777.840,53942.265
2025-03-19T05:00Z,2025-03-19 06:00,60395.456,60233.310
2025-03-19T06:00Z,2025-03-19 07:00,64944.230,65662.592
2025-03-19T07:00Z,2025-03-19 08:00,66764.311,68519.245
2025-03-19T08:00Z,2025-03-19 09:00,65286.802,69382.890
2025-03-19T09:00Z,2025-03-19 10:00,63074.113,69706.630
2025-03-19T10:00Z,2025-03-19 11:00,61341.666,69196.365
2025-03-19T11:00Z,2025-03-19 12:00,59656.823,68198.548
2025-03-19T12:00Z,2025-03-19 13:00,58306.580,66605.272
2025-03-19T13:00Z,2025-03-19 14:00,57698.542,64405.588
2025-03-19T14:00Z,2025-03-19 15:00,57602.245,63079.417
2025-03-19T15:00Z,2025-03-19 16:00,57819.814,63109.825
2025-03-19T16:00Z,2025-03-19 17:00,60613.783,64769.165
2025-03-19T17:00Z,2025-03-19 18:00,63917.122,65986.177
2025-03-19T18:00Z,2025-03-19 19:00,64621.141,65597.595
2025-03-19T19:00Z,2025-03-19 20:00,61409.398,62077.510
2025-03-19T20:00Z,2025-03-19 21:00,57823.988,58895.772
2025-03-19T21:00Z,2025-03-19 22:00,54523.660,55697.958
2025-03-19T22:00Z,2025-03-19 23:00,51122.346,52215.455
2025-03-19T23:00Z,2025-03-20 00:00,48117.980,48726.003
2025-03-20T00:00Z,2025-03-20 01:00,46367.890,47243.670
2025-03-20T01:00Z,2025-03-20 02:00,45863.740,46898.298
2025-03-20T02:00Z,2025-03-20 03:00,46228.674,47252.632
2025-03-20T03:00Z,2025-03-20 04:00,47647.540,48571.260
2025-03-20T04:00Z,2025-03-20 05:00,51743.787,52147.785
2025-03-20T05:00Z,2025-03-20 06:00,58489.490,58779.025
2025-03-20T06:00Z,2025-03-20 07:00,63343.406,63367.125
2025-03-20T07:00Z,2025-03-20 08:00,65296.238,65950.272
2025-03-20T08:00Z,2025-03-20 09:00,64707.219,67224.535
2025-03-20T09:00Z,2025-03-20 10:00,62817.016,67445.545
2025-03-20T10:00Z,2025-03-20 11:00,61665.518,67040.825
2025-03-20T11:00Z,2025-03-20 12:00,59825.552,65960.173
2025-03-20T12:00Z,2025-03-20 13:00,58552.251,64731.643
2025-03-20T13:00Z,2025-03-20 14:00,57820.302,63182.997
2025-03-20T14:00Z,2025-03-20 15:00,56965.503,62210.530
2025-03-20T15:00Z,2025-03-20 16:00,57067.215,61449.443
2025-03-20T16:00Z,2025-03-20 17:00,60176.398,62172.902
2025-03-20T17:00Z,2025-03-20 18:00,63229.237,64121.855
2025-03-20T18:00Z,2025-03-20 19:00,63677.486,64397.735
2025-03-20T19:00Z,2025-03-20 20:00,60424.609,61276.018
2025-03-20T20:00Z,2025-03-20 21:00,57122.012,57664.770
2025-03-20T21:00Z,2025-03-20 22:00,54016.230,54168.840
2025-03-20T22:00Z,2025-03-20 23:00,49892.362,50506.298
2025-03-20T23:00Z,2025-03-21 00:00,47325.348,47760.397
2025-03-21T00:00Z,2025-03-21 01:00,45336.871,46416.760
2025-03-21T01:00Z,2025-03-21 02:00,44932.166,45609.395
2025-03-21T02:00Z,2025-03-21 03:00,46045.686,45881.103
2025-03-21T03:00Z,2025-03-21 04:00,47579.438,46963.785
2025-03-21T04:00Z,2025-03-21 05:00,51103.215,49886.380
2025-03-21T05:00Z,2025-03-21 06:00,57297.776,55803.885
2025-03-21T06:00Z,2025-03-21 07:00,61643.775,59880.415
2025-03-21T07:00Z,2025-03-21 08:00,64059.649,62842.080
2025-03-21T08:00Z,2025-03-21 09:00,63589.118,64200.690
2025-03-21T09:00Z,2025-03-21 10:00,62667.871,64923.430
2025-03-21T10:00Z,2025-03-21 11:00,61819.476,64696.835
2025-03-21T11:00Z,2025-03-21 12:00,60556.264,63810.955
2025-03-21T12:00Z,2025-03-21 13:00,59700.038,62012.838
2025-03-21T13:00Z,2025-03-21 14:00,59447.836,59902.708
2025-03-21T14:00Z,2025-03-21 15:00,58667.262,59238.268
2025-03-21T15:00Z,2025-03-21 16:00,59844.246,59332.068
2025-03-21T16:00Z,2025-03-21 17:00,60976.043,60600.552
2025-03-21T17:00Z,2025-03-21 18:00,63002.798,61890.125
2025-03-21T18:00Z,2025-03-21 19:00,64116.924,60857.165
2025-03-21T19:00Z,2025-03-21 20:00,60915.484,57607.195
2025-03-21T20:00Z,2025-03-21 21:00,56992.560,54553.960
2025-03-21T21:00Z,2025-03-21 22:00,53546.388,51473.450
2025-03-21T22:00Z,2025-03-21 23:00,50426.476,48092.210
2025-03-21T23:00Z,2025-03-22 00:00,47347.371,45790.560
2025-03-22T00:00Z,2025-03-22 01:00,45534.274,44011.917
2025-03-22T01:00Z,2025-03-22 02:00,44931.586,42853.298
2025-03-22T02:00Z,2025-03-22 03:00,44864.561,42620.887
2025-03-22T03:00Z,2025-03-22 04:00,45163.924,42903.812
2025-03-22T04:00Z,2025-03-22 05:00,45904.770,44133.040
2025-03-22T05:00Z,2025-03-22 06:00,46973.263,45878.415
2025-03-22T06:00Z,2025-03-22 07:00,49816.282,48374.467
2025-03-22T07:00Z,2025-03-22 08:00,52430.249,52063.705
2025-03-22T08:00Z,2025-03-22 09:00,54445.757,54986.372
2025-03-22T09:00Z,2025-03-22 10:00,52950.661,56386.830
2025-03-22T10:00Z,2025-03-22 11:00,52450.670,56859.708
2025-03-22T11:00Z,2025-03-22 12:00,50822.984,56040.658
2025-03-22T12:00Z,2025-03-22 13:00,49418.895,54447.870
2025-03-22T13:00Z,2025-03-22 14:00,49093.353,52567.490
2025-03-22T14:00Z,2025-03-22 15:00,49745.626,51951.738
2025-03-22T15:00Z,2025-03-22 16:00,51486.433,52428.190
2025-03-22T16:00Z,2025-03-22 17:00,53730.962,54440.805
2025-03-22T17:00Z,2025-03-22 18:00,56260.770,56022.005
2025-03-22T18:00Z,2025-03-22 19:00,55945.495,55278.783
2025-03-22T19:00Z,2025-03-22 20:00,53050.730,52662.300
2025-03-22T20:00Z,2025-03-22 21:00,50320.559,50274.408
2025-03-22T21:00Z,2025-03-22 22:00,48696.899,48535.838
2025-03-22T22:00Z,2025-03-22 23:00,46233.734,46013.927
2025-03-22T23:00Z,2025-03-23 00:00,43531.843,43332.030
2025-03-23T00:00Z,2025-03-23 01:00,41558.741,41829.825
2025-03-23T01:00Z,2025-03-23 02:00,40209.233,40943.610
2025-03-23T02:00Z,2025-03-23 03:00,39934.611,40836.650
2025-03-23T03:00Z,2025-03-23 04:00,40463.427,40936.320
2025-03-23T04:00Z,2025-03-23 05:00,40874.744,41175.015
2025-03-23T05:00Z,2025-03-23 06:00,40989.851,41640.815
2025-03-23T06:00Z,2025-03-23 07:00,43094.660,43259.070
2025-03-23T07:00Z,2025-03-23 08:00,47170.045,46341.527
2025-03-23T08:00Z,2025-03-23 09:00,50474.662,49689.920
2025-03-23T09:00Z,2025-03-23 10:00,51776.479,51873.717
2025-03-23T10:00Z,2025-03-23 11:00,52935.692,53180.710
2025-03-23T11:00Z,2025-03-23 12:00,52272.010,52641.900
2025-03-23T12:00Z,2025-03-23 13:00,50163.592,50609.768
2025-03-23T13:00Z,2025-03-23 14:00,48289.098,49075.287
2025-03-23T14:00Z,2025-03-23 15:00,47571.426,48506.378
2025-03-23T15:00Z,2025-03-23 16:00,47901.155,48798.190
2025-03-23T16:00Z,2025-03-23 17:00,51180.023,50590.787
2025-03-23T17:00Z,2025-03-23 18:00,54272.464,53295.938
2025-03-23T18:00Z,2025-03-23 19:00,54700.749,53075.457
2025-03-23T19:00Z,2025-03-23 20:00,52585.671,51162.202
2025-03-23T20:00Z,2025-03-23 21:00,50801.720,49593.925
2025-03-23T21:00Z,2025-03-23 22:00,48850.349,48256.802
2025-03-23T22:00Z,2025-03-23 23:00,45738.364,45822.648
2025-03-23T23:00Z,2025-03-24 00:00,43044.239,44154.280
2025-03-24T00:00Z,2025-03-24 01:00,41471.169,42881.120
2025-03-24T01:00Z,2025-03-24 02:00,40857.630,42277.990
2025-03-24T02:00Z,2025-03-24 03:00,41409.154,42617.993
2025-03-24T03:00Z,2025-03-24 04:00,43062.677,43913.363
2025-03-24T04:00Z,2025-03-24 05:00,46828.669,47658.965
2025-03-24T05:00Z,2025-03-24 06:00,54379.200,55480.505
2025-03-24T06:00Z,2025-03-24 07:00,59651.245,60681.137
2025-03-24T07:00Z,2025-03-24 08:00,62280.016,64106.118
2025-03-24T08:00Z,2025-03-24 09:00,62628.545,65220.045
2025-03-24T09:00Z,2025-03-24 10:00,62647.102,65912.777
2025-03-24T10:00Z,2025-03-24 11:00,63753.003,65853.242
2025-03-24T11:00Z,2025-03-24 12:00,63633.529,64680.402
2025-03-24T12:00Z,2025-03-24 13:00,62621.111,63792.375
2025-03-24T13:00Z,2025-03-24 14:00,60781.459,62243.228
2025-03-24T14:00Z,2025-03-24 15:00,59761.740,60933.050
2025-03-24T15:00Z,2025-03-24 16:00,58966.947,60259.095
2025-03-24T16:00Z,2025-03-24 17:00,60399.324,61699.967
2025-03-24T17:00Z,2025-03-24 18:00,62869.333,63521.185
2025-03-24T18:00Z,2025-03-24 19:00,63126.291,63163.195
2025-03-24T19:00Z,2025-03-24 20:00,59658.053,60588.710
2025-03-24T20:00Z,2025-03-24 21:00,56082.297,57221.372
2025-03-24T21:00Z,2025-03-24 22:00,52896.498,53496.420
2025-03-24T22:00Z,2025-03-24 23:00,49426.236,50058.745
2025-03-24T23:00Z,2025-03-25 00:00,46619.560,47606.818
2025-03-25T00:00Z,2025-03-25 01:00,45471.983,46199.948
2025-03-25T01:00Z,2025-03-25 02:00,44833.431,45476.103
2025-03-25T02:00Z,2025-03-25 03:00,45831.921,45888.380
2025-03-25T03:00Z,2025-03-25 04:00,47412.790,47138.195
2025-03-25T04:00Z,2025-03-25 05:00,50869.153,50171.615
2025-03-25T05:00Z,2025-03-25 06:00,57892.415,56414.067
2025-03-25T06:00Z,2025-03-25 07:00,63008.598,61675.622
2025-03-25T07:00Z,2025-03-25 08:00,65782.497,64502.780
2025-03-25T08:00Z,2025-03-25 09:00,66708.580,65581.428
2025-03-25T09:00Z,2025-03-25 10:00,66394.924,66130.232
2025-03-25T10:00Z,2025-03-25 11:00,65458.462,66297.675
2025-03-25T11:00Z,2025-03-25 12:00,64646.033,65468.978
2025-03-25T12:00Z,2025-03-25 13:00,63237.511,64314.750
2025-03-25T13:00Z,2025-03-25 14:00,62157.202,62621.493
2025-03-25T14:00Z,2025-03-25 15:00,61612.509,61702.835
2025-03-25T15:00Z,2025-03-25 16:00,62080.014,61297.795
2025-03-25T16:00Z,2025-03-25 17:00,63561.337,62318.535
2025-03-25T17:00Z,2025-03-25 18:00,65770.285,63730.870
2025-03-25T18:00Z,2025-03-25 19:00,65766.217,63072.035
2025-03-25T19:00Z,2025-03-25 20:00,62003.328,60584.277
2025-03-25T20:00Z,2025-03-25 21:00,58821.530,57416.735
2025-03-25T21:00Z,2025-03-25 22:00,55125.060,54183.445
2025-03-25T22:00Z,2025-03-25 23:00,51188.326,50659.997
2025-03-25T23:00Z,2025-03-26 00:00,47751.179,47949.243
2025-03-26T00:00Z,2025-03-26 01:00,45734.333,46540.143
2025-03-26T01:00Z,2025-03-26 02:00,44947.242,45974.012
2025-03-26T02:00Z,2025-03-26 03:00,45187.173,46236.340
2025-03-26T03:00Z,2025-03-26 04:00,46802.930,47450.467
2025-03-26T04:00Z,2025-03-26 05:00,50388.717,50488.438
2025-03-26T05:00Z,2025-03-26 06:00,57714.416,56697.467
2025-03-26T06:00Z,2025-03-26 07:00,61894.020,62003.497
2025-03-26T07:00Z,2025-03-26 08:00,64908.018,65217.312
2025-03-26T08:00Z,2025-03-26 09:00,65804.915,66470.625
2025-03-26T09:00Z,2025-03-26 10:00,66436.169,67260.670
2025-03-26T10:00Z,2025-03-26 11:00,67200.501,67345.655
2025-03-26T11:00Z,2025-03-26 12:00,66936.156,66541.085
2025-03-26T12:00Z,2025-03-26 13:00,67077.521,65069.955
2025-03-26T13:00Z,2025-03-26 14:00,65546.060,62778.855
2025-03-26T14:00Z,2025-03-26 15:00,64291.369,61326.365
2025-03-26T15:00Z,2025-03-26 16:00,63434.174,61021.905
2025-03-26T16:00Z,2025-03-26 17:00,64029.812,62370.470
2025-03-26T17:00Z,2025-03-26 18:00,65545.015,63821.637
2025-03-26T18:00Z,2025-03-26 19:00,65182.908,63224.670
2025-03-26T19:00Z,2025-03-26 20:00,62406.581,60166.592
2025-03-26T20:00Z,2025-03-26 21:00,58645.708,57014.342
2025-03-26T21:00Z,2025-03-26 22:00,54735.436,53587.533
2025-03-26T22:00Z,2025-03-26 23:00,50629.126,49877.147
2025-03-26T23:00Z,2025-03-27 00:00,47908.077,47802.607
2025-03-27T00:00Z,2025-03-27 01:00,46242.845,46337.382
2025-03-27T01:00Z,2025-03-27 02:00,45348.658,45672.720
2025-03-27T02:00Z,2025-03-27 03:00,45928.895,46103.840
2025-03-27T03:00Z,2025-03-27 04:00,47139.439,47102.083
2025-03-27T04:00Z,2025-03-27 05:00,51279.118,50102.000
2025-03-27T05:00Z,2025-03-27 06:00,57657.967,56190.512
2025-03-27T06:00Z,2025-03-27 07:00,61769.230,60777.595
2025-03-27T07:00Z,2025-03-27 08:00,64316.230,64169.830
2025-03-27T08:00Z,2025-03-27 09:00,63704.395,65483.647
2025-03-27T09:00Z,2025-03-27 10:00,63327.037,65695.883
2025-03-27T10:00Z,2025-03-27 11:00,63183.630,65765.132
2025-03-27T11:00Z,2025-03-27 12:00,62307.985,64463.003
2025-03-27T12:00Z,2025-03-27 13:00,61150.485,63328.905
2025-03-27T13:00Z,2025-03-27 14:00,59699.449,61530.433
2025-03-27T14:00Z,2025-03-27 15:00,59372.376,60619.140
2025-03-27T15:00Z,2025-03-27 16:00,58981.164,60331.338
2025-03-27T16:00Z,2025-03-27 17:00,61546.350,61407.053
2025-03-27T17:00Z,2025-03-27 18:00,64075.089,62441.647
2025-03-27T18:00Z,2025-03-27 19:00,64877.079,62087.225
2025-03-27T19:00Z,2025-03-27 20:00,61859.549,59537.557
2025-03-27T20:00Z,2025-03-27 21:00,58312.904,56985.003
2025-03-27T21:00Z,2025-03-27 22:00,54405.781,53473.368
2025-03-27T22:00Z,2025-03-27 23:00,50460.857,49828.240
2025-03-27T23:00Z,2025-03-28 00:00,47852.416,47738.357
2025-03-28T00:00Z,2025-03-28 01:00,46117.635,46255.048
2025-03-28T01:00Z,2025-03-28 02:00,46070.042,45447.548
2025-03-28T02:00Z,2025-03-28 03:00,46957.209,45935.055
2025-03-28T03:00Z,2025-03-28 04:00,48343.579,46901.530
2025-03-28T04:00Z,2025-03-28 05:00,51835.554,49941.195
2025-03-28T05:00Z,2025-03-28 06:00,57796.755,56079.015
2025-03-28T06:00Z,2025-03-28 07:00,61942.060,60548.305
2025-03-28T07:00Z,2025-03-28 08:00,63785.818,63616.213
2025-03-28T08:00Z,2025-03-28 09:00,63846.301,64576.713
2025-03-28T09:00Z,2025-03-28 10:00,61436.253,65194.268
2025-03-28T10:00Z,2025-03-28 11:00,59646.768,65013.550
2025-03-28T11:00Z,2025-03-28 12:00,57651.758,63897.618
2025-03-28T12:00Z,2025-03-28 13:00,55679.450,61849.872
2025-03-28T13:00Z,2025-03-28 14:00,54847.843,59694.823
2025-03-28T14:00Z,2025-03-28 15:00,54830.908,58838.902
2025-03-28T15:00Z,2025-03-28 16:00,55136.266,58876.053
2025-03-28T16:00Z,2025-03-28 17:00,57578.372,59960.565
2025-03-28T17:00Z,2025-03-28 18:00,59983.664,61038.202
2025-03-28T18:00Z,2025-03-28 19:00,60804.875,60510.458
2025-03-28T19:00Z,2025-03-28 20:00,57285.433,57475.085
2025-03-28T20:00Z,2025-03-28 21:00,54184.190,54496.012
2025-03-28T21:00Z,2025-03-28 22:00,50731.831,51217.668
2025-03-28T22:00Z,2025-03-28 23:00,47096.724,47659.033
2025-03-28T23:00Z,2025-03-29 00:00,44117.094,45654.262
2025-03-29T00:00Z,2025-03-29 01:00,41454.777,43788.948
2025-03-29T01:00Z,2025-03-29 02:00,40092.977,42614.018
2025-03-29T02:00Z,2025-03-29 03:00,40104.802,42376.515
2025-03-29T03:00Z,2025-03-29 04:00,40723.926,42479.215
2025-03-29T04:00Z,2025-03-29 05:00,41176.065,43993.670
2025-03-29T05:00Z,2025-03-29 06:00,42868.639,45944.670
2025-03-29T06:00Z,2025-03-29 07:00,45844.422,48251.322
2025-03-29T07:00Z,2025-03-29 08:00,48747.661,51870.865
2025-03-29T08:00Z,2025-03-29 09:00,50975.042,54805.150
2025-03-29T09:00Z,2025-03-29 10:00,52693.078,56396.878
2025-03-29T10:00Z,2025-03-29 11:00,53077.917,56955.985
2025-03-29T11:00Z,2025-03-29 12:00,52232.634,56283.027
2025-03-29T12:00Z,2025-03-29 13:00,50567.078,54668.725
2025-03-29T13:00Z,2025-03-29 14:00,49457.939,52574.600
2025-03-29T14:00Z,2025-03-29 15:00,49307.633,51902.062
2025-03-29T15:00Z,2025-03-29 16:00,49915.845,52166.753
2025-03-29T16:00Z,2025-03-29 17:00,51152.941,53878.702
2025-03-29T17:00Z,2025-03-29 18:00,52979.560,55776.158
2025-03-29T18:00Z,2025-03-29 19:00,52886.286,55429.572
2025-03-29T19:00Z,2025-03-29 20:00,50298.346,53146.152
2025-03-29T20:00Z,2025-03-29 21:00,47986.713,50897.438
2025-03-29T21:00Z,2025-03-29 22:00,46399.633,49165.622
2025-03-29T22:00Z,2025-03-29 23:00,43493.565,46583.507
2025-03-29T23:00Z,2025-03-30 00:00,41241.290,43572.423
2025-03-30T00:00Z,2025-03-30 01:00,39927.132,41965.018
2025-03-30T01:00Z,2025-03-30 03:00,39722.203,40696.743
2025-03-30T02:00Z,2025-03-30 04:00,40313.833,41445.625
2025-03-30T03:00Z,2025-03-30 05:00,40785.613,41366.573
2025-03-30T04:00Z,2025-03-30 06:00,41304.075,41687.405
2025-03-30T05:00Z,2025-03-30 07:00,43228.416,43543.618
2025-03-30T06:00Z,2025-03-30 08:00,45731.936,46899.670
2025-03-30T07:00Z,2025-03-30 09:00,48736.507,50358.443
2025-03-30T08:00Z,2025-03-30 10:00,51396.537,52832.548
2025-03-30T09:00Z,2025-03-30 11:00,52638.847,54512.372
2025-03-30T10:00Z,2025-03-30 12:00,52961.311,54146.768
2025-03-30T11:00Z,2025-03-30 13:00,51304.066,52237.030
2025-03-30T12:00Z,2025-03-30 14:00,49176.173,50164.455
2025-03-30T13:00Z,2025-03-30 15:00,48499.869,49585.900
2025-03-30T14:00Z,2025-03-30 16:00,48493.285,49985.838
2025-03-30T15:00Z,2025-03-30 17:00,50160.565,51786.323
2025-03-30T16:00Z,2025-03-30 18:00,51576.569,53736.030
2025-03-30T17:00Z,2025-03-30 19:00,52829.632,53460.545
2025-03-30T18:00Z,2025-03-30 20:00,52753.862,52184.967
2025-03-30T19:00Z,2025-03-30 21:00,50754.071,50942.410
2025-03-30T20:00Z,2025-03-30 22:00,49360.604,49447.675
2025-03-30T21:00Z,2025-03-30 23:00,46710.203,46590.007
2025-03-30T22:00Z,2025-03-31 00:00,44275.173,45267.598
2025-03-30T23:00Z,2025-03-31 01:00,42155.905,44116.338
2025-03-31T00:00Z,2025-03-31 02:00,41957.387,43759.588
2025-03-31T01:00Z,2025-03-31 03:00,42320.185,44398.945
2025-03-31T02:00Z,2025-03-31 04:00,44227.917,45622.555
2025-03-31T03:00Z,2025-03-31 05:00,49092.090,49731.292
2025-03-31T04:00Z,2025-03-31 06:00,57570.389,57714.710
2025-03-31T05:00Z,2025-03-31 07:00,61831.887,62858.762
2025-03-31T06:00Z,2025-03-31 08:00,64524.312,65986.090
2025-03-31T07:00Z,2025-03-31 09:00,65595.432,66915.560
2025-03-31T08:00Z,2025-03-31 10:00,65765.935,67630.155
2025-03-31T09:00Z,2025-03-31 11:00,65235.606,67634.762
2025-03-31T10:00Z,2025-03-31 12:00,64502.626,66355.955
2025-03-31T11:00Z,2025-03-31 13:00,63352.891,65266.915
2025-03-31T12:00Z,2025-03-31 14:00,61415.945,63508.675
2025-03-31T13:00Z,2025-03-31 15:00,59606.863,62270.022
2025-03-31T14:00Z,2025-03-31 16:00,58657.384,61775.298
2025-03-31T15:00Z,2025-03-31 17:00,59434.433,63528.490
2025-03-31T16:00Z,2025-03-31 18:00,61121.670,64645.103
2025-03-31T17:00Z,2025-03-31 19:00,61611.177,64419.195
2025-03-31T18:00Z,2025-03-31 20:00,60183.525,61797.772
2025-03-31T19:00Z,2025-03-31 21:00,57066.842,58536.003
2025-03-31T20:00Z,2025-03-31 22:00,53668.925,54938.200
2025-03-31T21:00Z,2025-03-31 23:00,50276.025,51266.018
2025-03-31T22:00Z,2025-04-01 00:00,47165.954,47821.010
2025-03-31T23:00Z,2025-04-01 01:00,45100.746,46367.507
2025-04-01T00:00Z,2025-04-01 02:00,44333.660,46143.838
2025-04-01T01:00Z,2025-04-01 03:00,44565.308,46951.145
2025-04-01T02:00Z,2025-04-01 04:00,46420.926,49043.048
2025-04-01T03:00Z,2025-04-01 05:00,50604.112,53493.088
2025-04-01T04:00Z,2025-04-01 06:00,58022.186,59003.925
2025-04-01T05:00Z,2025-04-01 07:00,62661.604,63505.995
2025-04-01T06:00Z,2025-04-01 08:00,64972.417,65595.997
2025-04-01T07:00Z,2025-04-01 09:00,65230.091,66188.758
2025-04-01T08:00Z,2025-04-01 10:00,63712.420,66370.235
2025-04-01T09:00Z,2025-04-01 11:00,64146.622,66286.135
2025-04-01T10:00Z,2025-04-01 12:00,62729.631,65462.795
2025-04-01T11:00Z,2025-04-01 13:00,61791.111,63867.045
2025-04-01T12:00Z,2025-04-01 14:00,60013.756,62657.530
2025-04-01T13:00Z,2025-04-01 15:00,58233.627,62026.150
2025-04-01T14:00Z,2025-04-01 16:00,57148.291,61874.000
2025-04-01T15:00Z,2025-04-01 17:00,57840.707,63069.527
2025-04-01T16:00Z,2025-04-01 18:00,60238.267,63639.985
2025-04-01T17:00Z,2025-04-01 19:00,60737.171,62688.488
2025-04-01T18:00Z,2025-04-01 20:00,60420.135,60036.822
2025-04-01T19:00Z,2025-04-01 21:00,57811.652,56609.675
2025-04-01T20:00Z,2025-04-01 22:00,53738.396,53448.845
2025-04-01T21:00Z,2025-04-01 23:00,49354.961,50315.195
2025-04-01T22:00Z,2025-04-02 00:00,46218.575,48607.860
2025-04-01T23:00Z,2025-04-02 01:00,44409.935,47055.577
2025-04-02T00:00Z,2025-04-02 02:00,43760.392,46513.175
2025-04-02T01:00Z,2025-04-02 03:00,44136.829,46729.110
2025-04-02T02:00Z,2025-04-02 04:00,45367.696,47936.970
2025-04-02T03:00Z,2025-04-02 05:00,49489.515,51117.848
2025-04-02T04:00Z,2025-04-02 06:00,56895.692,57053.035
2025-04-02T05:00Z,2025-04-02 07:00,61469.974,62110.055
2025-04-02T06:00Z,2025-04-02 08:00,63795.980,64966.000
2025-04-02T07:00Z,2025-04-02 09:00,63932.397,66114.090
2025-04-02T08:00Z,2025-04-02 10:00,62179.343,66834.283
2025-04-02T09:00Z,2025-04-02 11:00,61471.843,66684.205
2025-04-02T10:00Z,2025-04-02 12:00,60306.062,66046.383
2025-04-02T11:00Z,2025-04-02 13:00,59121.511,64712.485
2025-04-02T12:00Z,2025-04-02 14:00,57310.427,62744.695
2025-04-02T13:00Z,2025-04-02 15:00,56961.085,60874.560
2025-04-02T14:00Z,2025-04-02 16:00,56754.568,60540.857
2025-04-02T15:00Z,2025-04-02 17:00,58019.756,61592.452
2025-04-02T16:00Z,2025-04-02 18:00,59434.215,62593.275
2025-04-02T17:00Z,2025-04-02 19:00,59922.516,62663.220
2025-04-02T18:00Z,2025-04-02 20:00,59857.364,60336.780
2025-04-02T19:00Z,2025-04-02 21:00,57096.493,57407.272
2025-04-02T20:00Z,2025-04-02 22:00,53279.564,54072.662
2025-04-02T21:00Z,2025-04-02 23:00,49776.584,50483.052
2025-04-02T22:00Z,2025-04-03 00:00,46101.223,47344.632
2025-04-02T23:00Z,2025-04-03 01:00,44772.249,45680.830
2025-04-03T00:00Z,2025-04-03 02:00,43516.304,45217.988
2025-04-03T01:00Z,2025-04-03 03:00,43250.790,45380.632
2025-04-03T02:00Z,2025-04-03 04:00,45002.503,46487.147
2025-04-03T03:00Z,2025-04-03 05:00,48928.353,49931.485
2025-04-03T04:00Z,2025-04-03 06:00,55690.696,56275.215
2025-04-03T05:00Z,2025-04-03 07:00,60054.033,61200.777
2025-04-03T06:00Z,2025-04-03 08:00,62951.042,64152.702
2025-04-03T07:00Z,2025-04-03 09:00,63334.735,65159.600
2025-04-03T08:00Z,2025-04-03 10:00,62438.669,65747.228
2025-04-03T09:00Z,2025-04-03 11:00,61473.167,66102.810
2025-04-03T10:00Z,2025-04-03 12:00,59300.349,65263.798
2025-04-03T11:00Z,2025-04-03 13:00,57626.359,64029.048
2025-04-03T12:00Z,2025-04-03 14:00,56150.387,62470.717
2025-04-03T13:00Z,2025-04-03 15:00,55393.126,61135.948
2025-04-03T14:00Z,2025-04-03 16:00,55137.628,60508.503
2025-04-03T15:00Z,2025-04-03 17:00,55813.164,60213.945
2025-04-03T16:00Z,2025-04-03 18:00,58517.323,60801.255
2025-04-03T17:00Z,2025-04-03 19:00,59975.303,60688.180
2025-04-03T18:00Z,2025-04-03 20:00,59561.644,59220.820
2025-04-03T19:00Z,2025-04-03 21:00,56355.591,56246.780
2025-04-03T20:00Z,2025-04-03 22:00,52447.041,53007.130
2025-04-03T21:00Z,2025-04-03 23:00,48425.065,49527.505
2025-04-03T22:00Z,2025-04-04 00:00,45330.422,47259.682
2025-04-03T23:00Z,2025-04-04 01:00,43595.372,45622.217
2025-04-04T00:00Z,2025-04-04 02:00,42756.374,45053.525
2025-04-04T01:00Z,2025-04-04 03:00,43030.993,45267.848
2025-04-04T02:00Z,2025-04-04 04:00,44705.242,46520.518
2025-04-04T03:00Z,2025-04-04 05:00,48626.640,49585.762
2025-04-04T04:00Z,2025-04-04 06:00,55834.535,55613.760
2025-04-04T05:00Z,2025-04-04 07:00,60065.659,60630.725
2025-04-04T06:00Z,2025-04-04 08:00,63048.791,63412.510
2025-04-04T07:00Z,2025-04-04 09:00,62286.266,64457.825
2025-04-04T08:00Z,2025-04-04 10:00,60961.220,64757.895
2025-04-04T09:00Z,2025-04-04 11:00,60151.307,64544.705
2025-04-04T10:00Z,2025-04-04 12:00,58235.901,63711.342
2025-04-04T11:00Z,2025-04-04 13:00,56736.647,61810.630
2025-04-04T12:00Z,2025-04-04 14:00,54327.583,59974.973
2025-04-04T13:00Z,2025-04-04 15:00,53338.629,58686.503
2025-04-04T14:00Z,2025-04-04 16:00,53420.233,58486.385
2025-04-04T15:00Z,2025-04-04 17:00,54178.727,58425.872
2025-04-04T16:00Z,2025-04-04 18:00,56812.997,58914.833
2025-04-04T17:00Z,2025-04-04 19:00,57509.029,58801.640
2025-04-04T18:00Z,2025-04-04 20:00,56923.659,57082.870
2025-04-04T19:00Z,2025-04-04 21:00,53059.370,54299.147
2025-04-04T20:00Z,2025-04-04 22:00,49589.954,51458.542
2025-04-04T21:00Z,2025-04-04 23:00,46179.460,48286.495
2025-04-04T22:00Z,2025-04-05 00:00,43615.030,45362.880
2025-04-04T23:00Z,2025-04-05 01:00,41143.683,43443.925
2025-04-05T00:00Z,2025-04-05 02:00,40453.240,42570.193
2025-04-05T01:00Z,2025-04-05 03:00,40340.398,42248.635
2025-04-05T02:00Z,2025-04-05 04:00,41027.146,42266.400
2025-04-05T03:00Z,2025-04-05 05:00,42926.829,42301.290
2025-04-05T04:00Z,2025-04-05 06:00,44492.917,43332.965
2025-04-05T05:00Z,2025-04-05 07:00,47516.981,46117.685
2025-04-05T06:00Z,2025-04-05 08:00,50547.116,49688.885
2025-04-05T07:00Z,2025-04-05 09:00,53226.080,52707.120
2025-04-05T08:00Z,2025-04-05 10:00,52780.346,54369.052
2025-04-05T09:00Z,2025-04-05 11:00,51018.018,55113.280
2025-04-05T10:00Z,2025-04-05 12:00,49028.440,54768.705
2025-04-05T11:00Z,2025-04-05 13:00,46539.130,52892.848
2025-04-05T12:00Z,2025-04-05 14:00,44791.018,51386.997
2025-04-05T13:00Z,2025-04-05 15:00,44861.893,50519.618
2025-04-05T14:00Z,2025-04-05 16:00,45626.149,50460.158
2025-04-05T15:00Z,2025-04-05 17:00,47810.774,51382.185
2025-04-05T16:00Z,2025-04-05 18:00,49866.781,52704.848
2025-04-05T17:00Z,2025-04-05 19:00,50194.333,52836.708
2025-04-05T18:00Z,2025-04-05 20:00,49563.661,51319.075
2025-04-05T19:00Z,2025-04-05 21:00,47941.589,49293.015
2025-04-05T20:00Z,2025-04-05 22:00,45846.244,47428.565
2025-04-05T21:00Z,2025-04-05 23:00,43243.126,44734.145
2025-04-05T22:00Z,2025-04-06 00:00,40299.743,41659.232
2025-04-05T23:00Z,2025-04-06 01:00,38670.114,39910.395
2025-04-06T00:00Z,2025-04-06 02:00,37769.994,39118.467
2025-04-06T01:00Z,2025-04-06 03:00,38137.032,38726.868
2025-04-06T02:00Z,2025-04-06 04:00,38495.080,38803.910
2025-04-06T03:00Z,2025-04-06 05:00,38828.741,39602.298
2025-04-06T04:00Z,2025-04-06 06:00,39512.622,41167.482
2025-04-06T05:00Z,2025-04-06 07:00,41778.162,43024.283
2025-04-06T06:00Z,2025-04-06 08:00,44611.784,46186.207
2025-04-06T07:00Z,2025-04-06 09:00,47691.269,49160.975
2025-04-06T08:00Z,2025-04-06 10:00,48188.942,51309.558
2025-04-06T09:00Z,2025-04-06 11:00,48419.415,52971.035
2025-04-06T10:00Z,2025-04-06 12:00,47432.349,52530.967
2025-04-06T11:00Z,2025-04-06 13:00,44973.693,50981.680
2025-04-06T12:00Z,2025-04-06 14:00,43185.972,49340.528
2025-04-06T13:00Z,2025-04-06 15:00,42259.143,48404.967
2025-04-06T14:00Z,2025-04-06 16:00,43172.647,48734.130
2025-04-06T15:00Z,2025-04-06 17:00,46555.006,50349.465
2025-04-06T16:00Z,2025-04-06 18:00,48825.192,52173.497
2025-04-06T17:00Z,2025-04-06 19:00,50274.189,52588.378
2025-04-06T18:00Z,2025-04-06 20:00,50979.726,51958.143
2025-04-06T19:00Z,2025-04-06 21:00,49869.988,50504.507
2025-04-06T20:00Z,2025-04-06 22:00,48432.870,49077.363
2025-04-06T21:00Z,2025-04-06 23:00,45761.499,46668.665
2025-04-06T22:00Z,2025-04-07 00:00,43352.953,44071.585
2025-04-06T23:00Z,2025-04-07 01:00,42207.228,42945.390
2025-04-07T00:00Z,2025-04-07 02:00,42033.474,42631.680
2025-04-07T01:00Z,2025-04-07 03:00,42804.382,42934.425
2025-04-07T02:00Z,2025-04-07 04:00,44195.359,44154.430
2025-04-07T03:00Z,2025-04-07 05:00,48910.612,48555.967
2025-04-07T04:00Z,2025-04-07 06:00,56911.544,56682.662
2025-04-07T05:00Z,2025-04-07 07:00,61008.887,62226.385
2025-04-07T06:00Z,2025-04-07 08:00,63540.943,65220.130
2025-04-07T07:00Z,2025-04-07 09:00,63572.383,65784.410
2025-04-07T08:00Z,2025-04-07 10:00,62422.308,66314.060
2025-04-07T09:00Z,2025-04-07 11:00,61917.279,66432.230
2025-04-07T10:00Z,2025-04-07 12:00,59776.622,65593.340
2025-04-07T11:00Z,2025-04-07 13:00,57774.529,64171.978
2025-04-07T12:00Z,2025-04-07 14:00,56032.745,62355.310
2025-04-07T13:00Z,2025-04-07 15:00,55419.351,60819.790
2025-04-07T14:00Z,2025-04-07 16:00,54947.479,60351.940
2025-04-07T15:00Z,2025-04-07 17:00,55957.770,61033.380
2025-04-07T16:00Z,2025-04-07 18:00,58422.327,62366.180
2025-04-07T17:00Z,2025-04-07 19:00,59467.965,62509.753
2025-04-07T18:00Z,2025-04-07 20:00,58785.147,60754.827
2025-04-07T19:00Z,2025-04-07 21:00,56012.000,57598.037
2025-04-07T20:00Z,2025-04-07 22:00,52492.906,54138.970
2025-04-07T21:00Z,2025-04-07 23:00,48940.428,50354.110
2025-04-07T22:00Z,2025-04-08 00:00,46063.251,48497.243
2025-04-07T23:00Z,2025-04-08 01:00,44421.425,47011.375
2025-04-08T00:00Z,2025-04-08 02:00,43724.389,46587.478
2025-04-08T01:00Z,2025-04-08 03:00,44218.335,46920.480
2025-04-08T02:00Z,2025-04-08 04:00,45997.510,48186.955
2025-04-08T03:00Z,2025-04-08 05:00,49693.944,51414.973
2025-04-08T04:00Z,2025-04-08 06:00,57100.848,57680.628
2025-04-08T05:00Z,2025-04-08 07:00,61315.535,63013.868
2025-04-08T06:00Z,2025-04-08 08:00,63620.262,65681.533
2025-04-08T07:00Z,2025-04-08 09:00,63784.333,66214.950
2025-04-08T08:00Z,2025-04-08 10:00,62646.683,66405.115
2025-04-08T09:00Z,2025-04-08 11:00,60855.108,66829.375
2025-04-08T10:00Z,2025-04-08 12:00,58905.685,66085.462
2025-04-08T11:00Z,2025-04-08 13:00,57222.870,64730.973
2025-04-08T12:00Z,2025-04-08 14:00,55975.979,63338.830
2025-04-08T13:00Z,2025-04-08 15:00,55515.241,62202.988
2025-04-08T14:00Z,2025-04-08 16:00,54762.576,61394.438
2025-04-08T15:00Z,2025-04-08 17:00,56112.296,61245.302
2025-04-08T16:00Z,2025-04-08 18:00,57979.739,61788.325
2025-04-08T17:00Z,2025-04-08 19:00,59094.135,62247.765
2025-04-08T18:00Z,2025-04-08 20:00,58722.453,60963.890
2025-04-08T19:00Z,2025-04-08 21:00,55836.923,58244.935
2025-04-08T20:00Z,2025-04-08 22:00,52240.099,54946.330
2025-04-08T21:00Z,2025-04-08 23:00,48781.372,51237.905
2025-04-08T22:00Z,2025-04-09 00:00,45411.821,47068.607
2025-04-08T23:00Z,2025-04-09 01:00,44023.099,46198.518
2025-04-09T00:00Z,2025-04-09 02:00,43510.299,45779.912
2025-04-09T01:00Z,2025-04-09 03:00,43981.944,45931.542
2025-04-09T02:00Z,2025-04-09 04:00,45660.692,47288.942
2025-04-09T03:00Z,2025-04-09 05:00,49371.067,50917.277
2025-04-09T04:00Z,2025-04-09 06:00,56432.452,57324.327
2025-04-09T05:00Z,2025-04-09 07:00,60638.003,62726.553
2025-04-09T06:00Z,2025-04-09 08:00,62962.488,65508.585
2025-04-09T07:00Z,2025-04-09 09:00,63479.329,65883.285
2025-04-09T08:00Z,2025-04-09 10:00,63232.354,65975.232
2025-04-09T09:00Z,2025-04-09 11:00,61909.062,65647.565
2025-04-09T10:00Z,2025-04-09 12:00,59761.766,64927.295
2025-04-09T11:00Z,2025-04-09 13:00,59091.907,63591.518
2025-04-09T12:00Z,2025-04-09 14:00,57745.068,61432.745
2025-04-09T13:00Z,2025-04-09 15:00,57280.889,59405.667
2025-04-09T14:00Z,2025-04-09 16:00,57329.403,58574.555
2025-04-09T15:00Z,2025-04-09 17:00,58570.175,59197.128
2025-04-09T16:00Z,2025-04-09 18:00,61123.133,60935.010
2025-04-09T17:00Z,2025-04-09 19:00,61965.406,61649.027
2025-04-09T18:00Z,2025-04-09 20:00,61565.635,59636.232
2025-04-09T19:00Z,2025-04-09 21:00,59291.526,56892.287
2025-04-09T20:00Z,2025-04-09 22:00,55229.273,53393.565
2025-04-09T21:00Z,2025-04-09 23:00,50909.632,49767.978
2025-04-09T22:00Z,2025-04-10 00:00,47964.805,47450.652
2025-04-09T23:00Z,2025-04-10 01:00,45598.636,46257.757
2025-04-10T00:00Z,2025-04-10 02:00,44447.954,45653.562
2025-04-10T01:00Z,2025-04-10 03:00,44347.660,45807.695
2025-04-10T02:00Z,2025-04-10 04:00,45102.635,46508.368
2025-04-10T03:00Z,2025-04-10 05:00,48636.436,49370.693
2025-04-10T04:00Z,2025-04-10 06:00,55846.001,55158.000
2025-04-10T05:00Z,2025-04-10 07:00,60631.958,60619.130
2025-04-10T06:00Z,2025-04-10 08:00,63399.307,63140.518
2025-04-10T07:00Z,2025-04-10 09:00,63381.211,63751.870
2025-04-10T08:00Z,2025-04-10 10:00,63495.891,64025.165
2025-04-10T09:00Z,2025-04-10 11:00,64494.092,64538.000
2025-04-10T10:00Z,2025-04-10 12:00,62531.190,63383.455
2025-04-10T11:00Z,2025-04-10 13:00,60479.107,62303.245
2025-04-10T12:00Z,2025-04-10 14:00,58932.397,60904.755
2025-04-10T13:00Z,2025-04-10 15:00,57511.799,59586.037
2025-04-10T14:00Z,2025-04-10 16:00,57525.874,58560.060
2025-04-10T15:00Z,2025-04-10 17:00,58986.128,59217.430
2025-04-10T16:00Z,2025-04-10 18:00,61264.887,60210.713
2025-04-10T17:00Z,2025-04-10 19:00,62912.526,60269.217
2025-04-10T18:00Z,2025-04-10 20:00,62384.463,59094.895
2025-04-10T19:00Z,2025-04-10 21:00,60016.901,56775.792
2025-04-10T20:00Z,2025-04-10 22:00,55921.864,53429.390
2025-04-10T21:00Z,2025-04-10 23:00,51739.887,49988.180
2025-04-10T22:00Z,2025-04-11 00:00,49605.563,47812.057
2025-04-10T23:00Z,2025-04-11 01:00,47813.849,46444.058
2025-04-11T00:00Z,2025-04-11 02:00,47141.713,46028.470
2025-04-11T01:00Z,2025-04-11 03:00,47322.668,46312.055
2025-04-11T02:00Z,2025-04-11 04:00,48387.528,47678.243
2025-04-11T03:00Z,2025-04-11 05:00,51159.420,50847.095
2025-04-11T04:00Z,2025-04-11 06:00,57712.429,56829.805
2025-04-11T05:00Z,2025-04-11 07:00,62096.505,61928.603
2025-04-11T06:00Z,2025-04-11 08:00,64328.348,64847.675
2025-04-11T07:00Z,2025-04-11 09:00,64115.742,64884.052
2025-04-11T08:00Z,2025-04-11 10:00,63655.210,64794.250
2025-04-11T09:00Z,2025-04-11 11:00,62739.370,64672.458
2025-04-11T10:00Z,2025-04-11 12:00,59949.955,63657.348
2025-04-11T11:00Z,2025-04-11 13:00,58063.245,61698.850
2025-04-11T12:00Z,2025-04-11 14:00,55643.213,60115.030
2025-04-11T13:00Z,2025-04-11 15:00,55153.036,58584.790
2025-04-11T14:00Z,2025-04-11 16:00,54786.961,58468.735
2025-04-11T15:00Z,2025-04-11 17:00,56068.882,59162.908
2025-04-11T16:00Z,2025-04-11 18:00,57336.370,59658.557
2025-04-11T17:00Z,2025-04-11 19:00,57667.267,59236.695
2025-04-11T18:00Z,2025-04-11 20:00,56918.416,57129.162
2025-04-11T19:00Z,2025-04-11 21:00,54634.833,54198.393
2025-04-11T20:00Z,2025-04-11 22:00,51289.437,51073.380
2025-04-11T21:00Z,2025-04-11 23:00,47633.592,47786.942
2025-04-11T22:00Z,2025-04-12 00:00,44574.532,44825.573
2025-04-11T23:00Z,2025-04-12 01:00,42204.843,42922.827
2025-04-12T00:00Z,2025-04-12 02:00,40996.805,42065.250
2025-04-12T01:00Z,2025-04-12 03:00,40804.071,41704.302
2025-04-12T02:00Z,2025-04-12 04:00,41680.814,41780.577
2025-04-12T03:00Z,2025-04-12 05:00,42141.194,42600.722
2025-04-12T04:00Z,2025-04-12 06:00,43343.268,44249.750
2025-04-12T05:00Z,2025-04-12 07:00,46032.028,46878.690
2025-04-12T06:00Z,2025-04-12 08:00,49508.824,50405.978
2025-04-12T07:00Z,2025-04-12 09:00,51164.062,52958.340
2025-04-12T08:00Z,2025-04-12 10:00,51082.719,54272.850
2025-04-12T09:00Z,2025-04-12 11:00,49928.406,55065.950
2025-04-12T10:00Z,2025-04-12 12:00,48379.446,54706.798
2025-04-12T11:00Z,2025-04-12 13:00,46615.436,52794.628
2025-04-12T12:00Z,2025-04-12 14:00,44798.613,51040.232
2025-04-12T13:00Z,2025-04-12 15:00,43870.455,50140.363
2025-04-12T14:00Z,2025-04-12 16:00,44242.167,50509.135
2025-04-12T15:00Z,2025-04-12 17:00,45463.790,51401.980
2025-04-12T16:00Z,2025-04-12 18:00,47572.861,52672.160
2025-04-12T17:00Z,2025-04-12 19:00,48396.829,52761.225
2025-04-12T18:00Z,2025-04-12 20:00,48382.774,51367.753
2025-04-12T19:00Z,2025-04-12 21:00,47326.204,49452.865
2025-04-12T20:00Z,2025-04-12 22:00,45027.025,47620.900
2025-04-12T21:00Z,2025-04-12 23:00,42537.879,45249.160
2025-04-12T22:00Z,2025-04-13 00:00,39868.991,41968.527
2025-04-12T23:00Z,2025-04-13 01:00,38632.009,40388.077
2025-04-13T00:00Z,2025-04-13 02:00,38120.743,39451.338
2025-04-13T01:00Z,2025-04-13 03:00,37397.545,39165.325
2025-04-13T02:00Z,2025-04-13 04:00,37519.736,39203.895
2025-04-13T03:00Z,2025-04-13 05:00,38156.200,39625.145
2025-04-13T04:00Z,2025-04-13 06:00,38822.912,40595.277
2025-04-13T05:00Z,2025-04-13 07:00,40618.728,42400.150
2025-04-13T06:00Z,2025-04-13 08:00,44408.617,45368.513
2025-04-13T07:00Z,2025-04-13 09:00,47985.238,48157.230
2025-04-13T08:00Z,2025-04-13 10:00,50856.858,50151.897
2025-04-13T09:00Z,2025-04-13 11:00,52192.255,51410.890
2025-04-13T10:00Z,2025-04-13 12:00,52359.468,50763.045
2025-04-13T11:00Z,2025-04-13 13:00,50567.569,48911.823
2025-04-13T12:00Z,2025-04-13 14:00,47954.296,46994.905
2025-04-13T13:00Z,2025-04-13 15:00,47155.830,46293.645
2025-04-13T14:00Z,2025-04-13 16:00,47377.443,45976.618
2025-04-13T15:00Z,2025-04-13 17:00,48071.269,46774.765
2025-04-13T16:00Z,2025-04-13 18:00,48414.173,48490.160
2025-04-13T17:00Z,2025-04-13 19:00,48904.653,49583.175
2025-04-13T18:00Z,2025-04-13 20:00,49207.461,49190.470
2025-04-13T19:00Z,2025-04-13 21:00,47841.928,48026.807
2025-04-13T20:00Z,2025-04-13 22:00,46606.702,46634.677
2025-04-13T21:00Z,2025-04-13 23:00,44433.107,44195.215
2025-04-13T22:00Z,2025-04-14 00:00,42462.551,42919.713
2025-04-13T23:00Z,2025-04-14 01:00,40924.934,41690.475
2025-04-14T00:00Z,2025-04-14 02:00,40063.016,41186.925
2025-04-14T01:00Z,2025-04-14 03:00,40010.838,41463.762
2025-04-14T02:00Z,2025-04-14 04:00,41628.557,42727.368
2025-04-14T03:00Z,2025-04-14 05:00,46635.142,47009.658
2025-04-14T04:00Z,2025-04-14 06:00,53285.128,54818.080
2025-04-14T05:00Z,2025-04-14 07:00,58329.374,60264.290
2025-04-14T06:00Z,2025-04-14 08:00,61509.431,63038.155
2025-04-14T07:00Z,2025-04-14 09:00,62871.058,63506.920
2025-04-14T08:00Z,2025-04-14 10:00,62474.859,63822.673
2025-04-14T09:00Z,2025-04-14 11:00,61401.298,63789.393
2025-04-14T10:00Z,2025-04-14 12:00,60108.681,62981.823
2025-04-14T11:00Z,2025-04-14 13:00,58223.747,61520.760
2025-04-14T12:00Z,2025-04-14 14:00,55987.698,59741.413
2025-04-14T13:00Z,2025-04-14 15:00,54723.090,58142.310
2025-04-14T14:00Z,2025-04-14 16:00,54018.146,57586.408
2025-04-14T15:00Z,2025-04-14 17:00,55577.244,58170.467
2025-04-14T16:00Z,2025-04-14 18:00,57584.424,59437.770
2025-04-14T17:00Z,2025-04-14 19:00,58446.367,59794.323
2025-04-14T18:00Z,2025-04-14 20:00,58123.091,58427.658
2025-04-14T19:00Z,2025-04-14 21:00,55731.681,55774.310
2025-04-14T20:00Z,2025-04-14 22:00,52564.399,52408.990
2025-04-14T21:00Z,2025-04-14 23:00,48609.572,48864.107
2025-04-14T22:00Z,2025-04-15 00:00,45526.848,47515.443
2025-04-14T23:00Z,2025-04-15 01:00,44452.819,46185.673
2025-04-15T00:00Z,2025-04-15 02:00,43525.924,45540.188
2025-04-15T01:00Z,2025-04-15 03:00,43691.129,45817.640
2025-04-15T02:00Z,2025-04-15 04:00,45538.332,47320.033
2025-04-15T03:00Z,2025-04-15 05:00,49696.106,50748.497
2025-04-15T04:00Z,2025-04-15 06:00,56606.043,56875.015
2025-04-15T05:00Z,2025-04-15 07:00,61003.185,62339.917
2025-04-15T06:00Z,2025-04-15 08:00,63203.378,64963.880
2025-04-15T07:00Z,2025-04-15 09:00,64075.266,65402.830
2025-04-15T08:00Z,2025-04-15 10:00,62893.986,65799.258
2025-04-15T09:00Z,2025-04-15 11:00,62808.903,66245.747
2025-04-15T10:00Z,2025-04-15 12:00,62382.955,65441.140
2025-04-15T11:00Z,2025-04-15 13:00,62082.310,63965.945
2025-04-15T12:00Z,2025-04-15 14:00,60397.419,62554.100
2025-04-15T13:00Z,2025-04-15 15:00,58847.200,61832.982
2025-04-15T14:00Z,2025-04-15 16:00,57750.092,61027.618
2025-04-15T15:00Z,2025-04-15 17:00,59285.890,60837.662
2025-04-15T16:00Z,2025-04-15 18:00,60763.380,60836.458
2025-04-15T17:00Z,2025-04-15 19:00,61429.055,60881.387
2025-04-15T18:00Z,2025-04-15 20:00,60147.200,59774.113
2025-04-15T19:00Z,2025-04-15 21:00,57193.207,56986.647
2025-04-15T20:00Z,2025-04-15 22:00,53348.132,53682.158
2025-04-15T21:00Z,2025-04-15 23:00,49315.268,50269.143
2025-04-15T22:00Z,2025-04-16 00:00,45943.480,46728.048
2025-04-15T23:00Z,2025-04-16 01:00,44477.959,46054.958
2025-04-16T00:00Z,2025-04-16 02:00,43711.103,45567.760
2025-04-16T01:00Z,2025-04-16 03:00,43829.067,45534.205
2025-04-16T02:00Z,2025-04-16 04:00,44376.805,46822.240
2025-04-16T03:00Z,2025-04-16 05:00,48162.971,50395.880
2025-04-16T04:00Z,2025-04-16 06:00,53980.475,56465.507
2025-04-16T05:00Z,2025-04-16 07:00,58132.913,61811.525
2025-04-16T06:00Z,2025-04-16 08:00,61443.169,65252.005
2025-04-16T07:00Z,2025-04-16 09:00,60963.989,66385.617
2025-04-16T08:00Z,2025-04-16 10:00,61205.512,66512.432
2025-04-16T09:00Z,2025-04-16 11:00,60284.098,66132.835
2025-04-16T10:00Z,2025-04-16 12:00,59582.153,65552.585
2025-04-16T11:00Z,2025-04-16 13:00,58751.372,63625.868
2025-04-16T12:00Z,2025-04-16 14:00,57843.376,60844.075
2025-04-16T13:00Z,2025-04-16 15:00,58197.609,58694.662
2025-04-16T14:00Z,2025-04-16 16:00,58191.538,57749.750
2025-04-16T15:00Z,2025-04-16 17:00,58917.924,58115.715
2025-04-16T16:00Z,2025-04-16 18:00,60238.152,59696.732
2025-04-16T17:00Z,2025-04-16 19:00,59553.597,60713.210
2025-04-16T18:00Z,2025-04-16 20:00,59034.240,58693.897
2025-04-16T19:00Z,2025-04-16 21:00,57218.063,56053.125
2025-04-16T20:00Z,2025-04-16 22:00,53617.310,52454.668
2025-04-16T21:00Z,2025-04-16 23:00,50303.903,48983.515
2025-04-16T22:00Z,2025-04-17 00:00,47067.185,47772.827
2025-04-16T23:00Z,2025-04-17 01:00,45629.200,46635.033
2025-04-17T00:00Z,2025-04-17 02:00,44787.500,45763.747
2025-04-17T01:00Z,2025-04-17 03:00,44779.711,45687.027
2025-04-17T02:00Z,2025-04-17 04:00,45838.984,46285.230
2025-04-17T03:00Z,2025-04-17 05:00,49283.383,48122.875
2025-04-17T04:00Z,2025-04-17 06:00,55174.084,52781.323
2025-04-17T05:00Z,2025-04-17 07:00,59622.969,57537.255
2025-04-17T06:00Z,2025-04-17 08:00,62589.536,60855.490
2025-04-17T07:00Z,2025-04-17 09:00,63856.318,62206.065
2025-04-17T08:00Z,2025-04-17 10:00,64949.450,63188.393
2025-04-17T09:00Z,2025-04-17 11:00,65520.051,64321.435
2025-04-17T10:00Z,2025-04-17 12:00,64276.423,63406.738
2025-04-17T11:00Z,2025-04-17 13:00,63009.540,62198.857
2025-04-17T12:00Z,2025-04-17 14:00,61505.349,60882.755
2025-04-17T13:00Z,2025-04-17 15:00,60926.345,59615.618
2025-04-17T14:00Z,2025-04-17 16:00,60195.813,58677.605
2025-04-17T15:00Z,2025-04-17 17:00,59414.100,59077.980
2025-04-17T16:00Z,2025-04-17 18:00,59051.577,58575.005
2025-04-17T17:00Z,2025-04-17 19:00,57954.266,58204.300
2025-04-17T18:00Z,2025-04-17 20:00,56432.173,57074.262
2025-04-17T19:00Z,2025-04-17 21:00,53392.906,55415.565
2025-04-17T20:00Z,2025-04-17 22:00,50255.672,52426.482
2025-04-17T21:00Z,2025-04-17 23:00,47081.674,49181.470
2025-04-17T22:00Z,2025-04-18 00:00,43376.819,44512.077
2025-04-17T23:00Z,2025-04-18 01:00,41014.035,42534.542
2025-04-18T00:00Z,2025-04-18 02:00,39409.268,41522.307
2025-04-18T01:00Z,2025-04-18 03:00,38818.705,40915.725
2025-04-18T02:00Z,2025-04-18 04:00,39070.068,40741.217
2025-04-18T03:00Z,2025-04-18 05:00,39663.438,40495.312
2025-04-18T04:00Z,2025-04-18 06:00,39923.122,40818.635
2025-04-18T05:00Z,2025-04-18 07:00,41643.890,43154.070
2025-04-18T06:00Z,2025-04-18 08:00,44955.432,46741.295
2025-04-18T07:00Z,2025-04-18 09:00,47806.965,49300.190
2025-04-18T08:00Z,2025-04-18 10:00,49858.287,51785.818
2025-04-18T09:00Z,2025-04-18 11:00,51789.550,53513.607
2025-04-18T10:00Z,2025-04-18 12:00,51450.647,52917.942
2025-04-18T11:00Z,2025-04-18 13:00,50218.325,51234.717
2025-04-18T12:00Z,2025-04-18 14:00,48854.275,49866.853
2025-04-18T13:00Z,2025-04-18 15:00,48287.960,48938.670
2025-04-18T14:00Z,2025-04-18 16:00,47612.508,48844.338
2025-04-18T15:00Z,2025-04-18 17:00,47929.097,49747.688
2025-04-18T16:00Z,2025-04-18 18:00,48859.643,50080.562
2025-04-18T17:00Z,2025-04-18 19:00,48797.786,50243.688
2025-04-18T18:00Z,2025-04-18 20:00,48335.355,49330.660
2025-04-18T19:00Z,2025-04-18 21:00,47413.590,47765.250
2025-04-18T20:00Z,2025-04-18 22:00,45353.276,46028.345
2025-04-18T21:00Z,2025-04-18 23:00,42461.702,43507.715
2025-04-18T22:00Z,2025-04-19 00:00,40092.070,43409.152
2025-04-18T23:00Z,2025-04-19 01:00,38116.016,41902.285
2025-04-19T00:00Z,2025-04-19 02:00,37603.019,41085.620
2025-04-19T01:00Z,2025-04-19 03:00,37121.083,40897.137
2025-04-19T02:00Z,2025-04-19 04:00,37679.330,41176.607
2025-04-19T03:00Z,2025-04-19 05:00,39148.126,42297.550
2025-04-19T04:00Z,2025-04-19 06:00,40011.474,44014.238
2025-04-19T05:00Z,2025-04-19 07:00,42241.011,46911.147
2025-04-19T06:00Z,2025-04-19 08:00,45267.107,50384.882
2025-04-19T07:00Z,2025-04-19 09:00,47932.021,52901.098
2025-04-19T08:00Z,2025-04-19 10:00,49157.046,54132.160
2025-04-19T09:00Z,2025-04-19 11:00,48644.026,54799.347
2025-04-19T10:00Z,2025-04-19 12:00,47989.152,54467.723
2025-04-19T11:00Z,2025-04-19 13:00,46440.112,52640.030
2025-04-19T12:00Z,2025-04-19 14:00,44828.216,50990.432
2025-04-19T13:00Z,2025-04-19 15:00,43789.311,50171.545
2025-04-19T14:00Z,2025-04-19 16:00,43888.639,50439.408
2025-04-19T15:00Z,2025-04-19 17:00,44523.791,51126.613
2025-04-19T16:00Z,2025-04-19 18:00,46514.592,52185.230
2025-04-19T17:00Z,2025-04-19 19:00,47681.840,52227.840
2025-04-19T18:00Z,2025-04-19 20:00,47102.749,50844.372
2025-04-19T19:00Z,2025-04-19 21:00,46292.497,48934.475
2025-04-19T20:00Z,2025-04-19 22:00,44245.328,47103.893
2025-04-19T21:00Z,2025-04-19 23:00,41368.371,44717.753
2025-04-19T22:00Z,2025-04-20 00:00,38718.927,40657.975
2025-04-19T23:00Z,2025-04-20 01:00,36495.909,39044.580
2025-04-20T00:00Z,2025-04-20 02:00,35717.355,38202.515
2025-04-20T01:00Z,2025-04-20 03:00,35641.410,37815.978
2025-04-20T02:00Z,2025-04-20 04:00,35587.669,37521.542
2025-04-20T03:00Z,2025-04-20 05:00,35831.702,36872.230
2025-04-20T04:00Z,2025-04-20 06:00,35836.344,35896.113
2025-04-20T05:00Z,2025-04-20 07:00,38107.743,37112.560
2025-04-20T06:00Z,2025-04-20 08:00,41891.629,40683.643
2025-04-20T07:00Z,2025-04-20 09:00,43704.003,43930.980
2025-04-20T08:00Z,2025-04-20 10:00,43894.201,46440.217
2025-04-20T09:00Z,2025-04-20 11:00,43709.175,48250.405
2025-04-20T10:00Z,2025-04-20 12:00,42249.621,47426.430
2025-04-20T11:00Z,2025-04-20 13:00,39939.503,45736.048
2025-04-20T12:00Z,2025-04-20 14:00,39297.852,44275.077
2025-04-20T13:00Z,2025-04-20 15:00,38577.107,43560.020
2025-04-20T14:00Z,2025-04-20 16:00,39089.792,43765.610
2025-04-20T15:00Z,2025-04-20 17:00,40336.868,44721.143
2025-04-20T16:00Z,2025-04-20 18:00,42898.359,45282.915
2025-04-20T17:00Z,2025-04-20 19:00,43915.457,45701.100
2025-04-20T18:00Z,2025-04-20 20:00,44137.520,45500.710
2025-04-20T19:00Z,2025-04-20 21:00,43444.814,44649.160
2025-04-20T20:00Z,2025-04-20 22:00,42134.223,43653.942
2025-04-20T21:00Z,2025-04-20 23:00,39531.133,41675.495
2025-04-20T22:00Z,2025-04-21 00:00,37645.106,40352.350
2025-04-20T23:00Z,2025-04-21 01:00,35519.336,38934.190
2025-04-21T00:00Z,2025-04-21 02:00,34494.886,38268.690
2025-04-21T01:00Z,2025-04-21 03:00,34015.341,38036.935
2025-04-21T02:00Z,2025-04-21 04:00,34632.644,38070.605
2025-04-21T03:00Z,2025-04-21 05:00,35308.662,38389.520
2025-04-21T04:00Z,2025-04-21 06:00,35898.543,38940.010
2025-04-21T05:00Z,2025-04-21 07:00,37669.233,40908.395
2025-04-21T06:00Z,2025-04-21 08:00,40623.518,44276.365
2025-04-21T07:00Z,2025-04-21 09:00,43389.101,46977.238
2025-04-21T08:00Z,2025-04-21 10:00,44822.226,49250.448
2025-04-21T09:00Z,2025-04-21 11:00,46271.196,51036.530
2025-04-21T10:00Z,2025-04-21 12:00,45809.958,50438.107
2025-04-21T11:00Z,2025-04-21 13:00,44224.574,48991.253
2025-04-21T12:00Z,2025-04-21 14:00,43294.181,47441.215
2025-04-21T13:00Z,2025-04-21 15:00,42857.086,46597.832
2025-04-21T14:00Z,2025-04-21 16:00,42236.851,46714.330
2025-04-21T15:00Z,2025-04-21 17:00,43637.062,47757.887
2025-04-21T16:00Z,2025-04-21 18:00,45873.719,48299.018
2025-04-21T17:00Z,2025-04-21 19:00,46304.542,48846.075
2025-04-21T18:00Z,2025-04-21 20:00,46741.620,48438.655
2025-04-21T19:00Z,2025-04-21 21:00,45880.758,47252.978
2025-04-21T20:00Z,2025-04-21 22:00,44345.341,45687.180
2025-04-21T21:00Z,2025-04-21 23:00,41634.368,43344.540
2025-04-21T22:00Z,2025-04-22 00:00,39285.403,42929.512
2025-04-21T23:00Z,2025-04-22 01:00,37921.684,41632.943
2025-04-22T00:00Z,2025-04-22 02:00,37211.704,41305.300
2025-04-22T01:00Z,2025-04-22 03:00,37517.524,41532.550
2025-04-22T02:00Z,2025-04-22 04:00,39267.871,42547.125
2025-04-22T03:00Z,2025-04-22 05:00,43668.990,46246.485
2025-04-22T04:00Z,2025-04-22 06:00,50858.206,52784.285
2025-04-22T05:00Z,2025-04-22 07:00,56175.938,58342.823
2025-04-22T06:00Z,2025-04-22 08:00,59687.508,61679.300
2025-04-22T07:00Z,2025-04-22 09:00,60502.065,62956.100
2025-04-22T08:00Z,2025-04-22 10:00,60541.281,63692.390
2025-04-22T09:00Z,2025-04-22 11:00,60595.350,64068.982
2025-04-22T10:00Z,2025-04-22 12:00,59721.781,63538.537
2025-04-22T11:00Z,2025-04-22 13:00,58434.368,62477.940
2025-04-22T12:00Z,2025-04-22 14:00,56812.565,61187.305
2025-04-22T13:00Z,2025-04-22 15:00,55617.382,60046.945
2025-04-22T14:00Z,2025-04-22 16:00,54908.354,59002.702
2025-04-22T15:00Z,2025-04-22 17:00,54993.822,59123.007
2025-04-22T16:00Z,2025-04-22 18:00,56351.590,59350.145
2025-04-22T17:00Z,2025-04-22 19:00,56313.492,59301.425
2025-04-22T18:00Z,2025-04-22 20:00,55119.683,57976.057
2025-04-22T19:00Z,2025-04-22 21:00,53772.511,55378.417
2025-04-22T20:00Z,2025-04-22 22:00,50230.810,52166.348
2025-04-22T21:00Z,2025-04-22 23:00,46522.359,48403.040
2025-04-22T22:00Z,2025-04-23 00:00,44341.927,46236.433
2025-04-22T23:00Z,2025-04-23 01:00,43265.868,44637.175
2025-04-23T00:00Z,2025-04-23 02:00,42574.475,43967.515
2025-04-23T01:00Z,2025-04-23 03:00,42675.733,44045.590
2025-04-23T02:00Z,2025-04-23 04:00,43364.383,45111.675
2025-04-23T03:00Z,2025-04-23 05:00,46727.666,48094.040
2025-04-23T04:00Z,2025-04-23 06:00,52591.584,54124.345
2025-04-23T05:00Z,2025-04-23 07:00,57483.924,59485.428
2025-04-23T06:00Z,2025-04-23 08:00,60630.836,62821.777
2025-04-23T07:00Z,2025-04-23 09:00,61674.681,63905.960
2025-04-23T08:00Z,2025-04-23 10:00,61454.470,64392.930
2025-04-23T09:00Z,2025-04-23 11:00,61446.012,64468.155
2025-04-23T10:00Z,2025-04-23 12:00,60388.043,63661.925
2025-04-23T11:00Z,2025-04-23 13:00,59620.241,62697.842
2025-04-23T12:00Z,2025-04-23 14:00,58028.380,61467.675
2025-04-23T13:00Z,2025-04-23 15:00,57644.210,60380.800
2025-04-23T14:00Z,2025-04-23 16:00,57093.083,59642.405
2025-04-23T15:00Z,2025-04-23 17:00,58169.949,59859.598
2025-04-23T16:00Z,2025-04-23 18:00,58371.035,60537.980
2025-04-23T17:00Z,2025-04-23 19:00,58368.139,60271.973
2025-04-23T18:00Z,2025-04-23 20:00,57442.990,58692.128
2025-04-23T19:00Z,2025-04-23 21:00,55311.278,56018.855
2025-04-23T20:00Z,2025-04-23 22:00,51891.673,52661.795
2025-04-23T21:00Z,2025-04-23 23:00,48057.221,48867.902
2025-04-23T22:00Z,2025-04-24 00:00,45556.227,45118.247
2025-04-23T23:00Z,2025-04-24 01:00,43795.913,43802.540
2025-04-24T00:00Z,2025-04-24 02:00,42691.111,43308.658
2025-04-24T01:00Z,2025-04-24 03:00,42755.951,43507.872
2025-04-24T02:00Z,2025-04-24 04:00,43886.750,44514.363
2025-04-24T03:00Z,2025-04-24 05:00,47436.341,47705.845
2025-04-24T04:00Z,2025-04-24 06:00,54257.434,53347.948
2025-04-24T05:00Z,2025-04-24 07:00,58723.895,58765.620
2025-04-24T06:00Z,2025-04-24 08:00,61913.364,62153.022
2025-04-24T07:00Z,2025-04-24 09:00,63080.177,63720.298
2025-04-24T08:00Z,2025-04-24 10:00,64467.158,64766.518
2025-04-24T09:00Z,2025-04-24 11:00,65439.175,65127.100
2025-04-24T10:00Z,2025-04-24 12:00,64355.391,64511.725
2025-04-24T11:00Z,2025-04-24 13:00,63586.429,63469.285
2025-04-24T12:00Z,2025-04-24 14:00,62689.648,62099.688
2025-04-24T13:00Z,2025-04-24 15:00,60918.567,60799.620
2025-04-24T14:00Z,2025-04-24 16:00,60070.419,59603.835
2025-04-24T15:00Z,2025-04-24 17:00,60515.618,59391.298
2025-04-24T16:00Z,2025-04-24 18:00,61067.236,59803.160
2025-04-24T17:00Z,2025-04-24 19:00,60188.682,59981.057
2025-04-24T18:00Z,2025-04-24 20:00,58973.439,58505.493
2025-04-24T19:00Z,2025-04-24 21:00,56683.532,55643.155
2025-04-24T20:00Z,2025-04-24 22:00,52687.934,52446.580
2025-04-24T21:00Z,2025-04-24 23:00,48696.947,48988.565
2025-04-24T22:00Z,2025-04-25 00:00,45570.071,47139.735
2025-04-24T23:00Z,2025-04-25 01:00,43661.368,45776.923
2025-04-25T00:00Z,2025-04-25 02:00,42864.213,44922.205
2025-04-25T01:00Z,2025-04-25 03:00,43087.640,44967.993
2025-04-25T02:00Z,2025-04-25 04:00,44490.990,45892.317
2025-04-25T03:00Z,2025-04-25 05:00,48150.270,48731.688
2025-04-25T04:00Z,2025-04-25 06:00,54143.733,54208.503
2025-04-25T05:00Z,2025-04-25 07:00,58914.014,59310.043
2025-04-25T06:00Z,2025-04-25 08:00,62136.120,62344.020
2025-04-25T07:00Z,2025-04-25 09:00,63367.500,63837.190
2025-04-25T08:00Z,2025-04-25 10:00,64347.045,64799.820
2025-04-25T09:00Z,2025-04-25 11:00,63969.163,64757.042
2025-04-25T10:00Z,2025-04-25 12:00,63677.706,63768.740
2025-04-25T11:00Z,2025-04-25 13:00,60547.758,61981.077
2025-04-25T12:00Z,2025-04-25 14:00,57833.670,60057.070
2025-04-25T13:00Z,2025-04-25 15:00,56803.311,59279.725
2025-04-25T14:00Z,2025-04-25 16:00,56176.200,58412.518
2025-04-25T15:00Z,2025-04-25 17:00,56566.585,59043.088
2025-04-25T16:00Z,2025-04-25 18:00,57235.576,59806.997
2025-04-25T17:00Z,2025-04-25 19:00,57405.969,59157.283
2025-04-25T18:00Z,2025-04-25 20:00,56029.695,57271.268
2025-04-25T19:00Z,2025-04-25 21:00,54218.696,54318.238
2025-04-25T20:00Z,2025-04-25 22:00,50520.132,51402.232
2025-04-25T21:00Z,2025-04-25 23:00,46885.397,48013.863
2025-04-25T22:00Z,2025-04-26 00:00,44222.037,45498.765
2025-04-25T23:00Z,2025-04-26 01:00,41611.215,43755.062
2025-04-26T00:00Z,2025-04-26 02:00,40225.999,42950.295
2025-04-26T01:00Z,2025-04-26 03:00,39974.553,42516.315
2025-04-26T02:00Z,2025-04-26 04:00,40496.567,42351.307
2025-04-26T03:00Z,2025-04-26 05:00,41024.503,42416.900
2025-04-26T04:00Z,2025-04-26 06:00,42309.499,43442.143
2025-04-26T05:00Z,2025-04-26 07:00,44748.757,45964.680
2025-04-26T06:00Z,2025-04-26 08:00,48041.551,49304.805
2025-04-26T07:00Z,2025-04-26 09:00,50482.373,52198.190
2025-04-26T08:00Z,2025-04-26 10:00,50489.387,53849.427
2025-04-26T09:00Z,2025-04-26 11:00,49356.057,54455.195
2025-04-26T10:00Z,2025-04-26 12:00,48492.250,53557.490
2025-04-26T11:00Z,2025-04-26 13:00,47141.160,51854.848
2025-04-26T12:00Z,2025-04-26 14:00,45607.316,50016.835
2025-04-26T13:00Z,2025-04-26 15:00,44934.628,48901.798
2025-04-26T14:00Z,2025-04-26 16:00,44720.596,48799.223
2025-04-26T15:00Z,2025-04-26 17:00,45606.058,49817.668
2025-04-26T16:00Z,2025-04-26 18:00,47429.821,50884.643
2025-04-26T17:00Z,2025-04-26 19:00,48261.075,50924.005
2025-04-26T18:00Z,2025-04-26 20:00,47792.383,49922.863
2025-04-26T19:00Z,2025-04-26 21:00,47189.999,48224.125
2025-04-26T20:00Z,2025-04-26 22:00,44928.321,46362.620
2025-04-26T21:00Z,2025-04-26 23:00,42008.019,43886.393
2025-04-26T22:00Z,2025-04-27 00:00,39307.743,41019.410
2025-04-26T23:00Z,2025-04-27 01:00,37700.353,39367.732
2025-04-27T00:00Z,2025-04-27 02:00,36478.022,38471.675
2025-04-27T01:00Z,2025-04-27 03:00,36341.658,38120.253
2025-04-27T02:00Z,2025-04-27 04:00,36849.576,38132.475
2025-04-27T03:00Z,2025-04-27 05:00,37128.134,38225.738
2025-04-27T04:00Z,2025-04-27 06:00,37172.644,38491.585
2025-04-27T05:00Z,2025-04-27 07:00,39452.412,40431.238
2025-04-27T06:00Z,2025-04-27 08:00,42544.008,43891.198
2025-04-27T07:00Z,2025-04-27 09:00,44961.916,47358.003
2025-04-27T08:00Z,2025-04-27 10:00,45539.975,49570.650
2025-04-27T09:00Z,2025-04-27 11:00,45411.654,50674.738
2025-04-27T10:00Z,2025-04-27 12:00,44286.795,50010.768
2025-04-27T11:00Z,2025-04-27 13:00,42642.022,48233.912
2025-04-27T12:00Z,2025-04-27 14:00,41056.745,46739.855
2025-04-27T13:00Z,2025-04-27 15:00,40464.156,45775.670
2025-04-27T14:00Z,2025-04-27 16:00,40631.376,45574.363
2025-04-27T15:00Z,2025-04-27 17:00,42862.071,46647.880
2025-04-27T16:00Z,2025-04-27 18:00,45382.461,47675.370
2025-04-27T17:00Z,2025-04-27 19:00,47232.972,48225.515
2025-04-27T18:00Z,2025-04-27 20:00,47651.320,48050.167
2025-04-27T19:00Z,2025-04-27 21:00,47383.900,47123.490
2025-04-27T20:00Z,2025-04-27 22:00,45977.548,45749.947
2025-04-27T21:00Z,2025-04-27 23:00,43276.991,43545.560
2025-04-27T22:00Z,2025-04-28 00:00,41312.266,41936.585
2025-04-27T23:00Z,2025-04-28 01:00,39973.016,41030.655
2025-04-28T00:00Z,2025-04-28 02:00,39242.019,40834.230
2025-04-28T01:00Z,2025-04-28 03:00,39584.571,41157.062
2025-04-28T02:00Z,2025-04-28 04:00,41338.274,42540.467
2025-04-28T03:00Z,2025-04-28 05:00,45474.680,46937.555
2025-04-28T04:00Z,2025-04-28 06:00,52810.538,54347.860
2025-04-28T05:00Z,2025-04-28 07:00,57841.681,59860.180
2025-04-28T06:00Z,2025-04-28 08:00,60828.863,63593.920
2025-04-28T07:00Z,2025-04-28 09:00,58961.782,64791.113
2025-04-28T08:00Z,2025-04-28 10:00,58413.151,65338.857
2025-04-28T09:00Z,2025-04-28 11:00,56828.980,65402.933
2025-04-28T10:00Z,2025-04-28 12:00,55945.346,64490.255
2025-04-28T11:00Z,2025-04-28 13:00,55226.260,63112.232
2025-04-28T12:00Z,2025-04-28 14:00,53828.105,61432.420
2025-04-28T13:00Z,2025-04-28 15:00,53137.409,59767.452
2025-04-28T14:00Z,2025-04-28 16:00,53161.473,58989.135
2025-04-28T15:00Z,2025-04-28 17:00,53982.506,59576.310
2025-04-28T16:00Z,2025-04-28 18:00,56261.496,59866.570
2025-04-28T17:00Z,2025-04-28 19:00,57887.393,59870.555
2025-04-28T18:00Z,2025-04-28 20:00,57038.424,58611.090
2025-04-28T19:00Z,2025-04-28 21:00,55118.867,56015.192
2025-04-28T20:00Z,2025-04-28 22:00,51967.210,52406.723
2025-04-28T21:00Z,2025-04-28 23:00,48507.443,48704.963
2025-04-28T22:00Z,2025-04-29 00:00,45752.662,45990.372
2025-04-28T23:00Z,2025-04-29 01:00,44143.640,44495.940
2025-04-29T00:00Z,2025-04-29 02:00,42711.541,44126.988
2025-04-29T01:00Z,2025-04-29 03:00,42548.055,44482.397
2025-04-29T02:00Z,2025-04-29 04:00,44241.495,45795.287
2025-04-29T03:00Z,2025-04-29 05:00,48871.718,49097.963
2025-04-29T04:00Z,2025-04-29 06:00,55805.276,54874.835
2025-04-29T05:00Z,2025-04-29 07:00,60691.713,60424.345
2025-04-29T06:00Z,2025-04-29 08:00,62693.028,63523.732
2025-04-29T07:00Z,2025-04-29 09:00,61159.681,64477.065
2025-04-29T08:00Z,2025-04-29 10:00,58462.179,64956.835
2025-04-29T09:00Z,2025-04-29 11:00,57625.450,65599.107
2025-04-29T10:00Z,2025-04-29 12:00,56686.292,65015.253
2025-04-29T11:00Z,2025-04-29 13:00,56000.393,63616.735
2025-04-29T12:00Z,2025-04-29 14:00,54533.206,62124.450
2025-04-29T13:00Z,2025-04-29 15:00,53729.349,61029.885
2025-04-29T14:00Z,2025-04-29 16:00,52753.328,60063.663
2025-04-29T15:00Z,2025-04-29 17:00,54810.823,60091.973
2025-04-29T16:00Z,2025-04-29 18:00,56484.007,60051.853
2025-04-29T17:00Z,2025-04-29 19:00,57641.389,59818.275
2025-04-29T18:00Z,2025-04-29 20:00,56428.232,58731.525
2025-04-29T19:00Z,2025-04-29 21:00,54812.416,56381.342
2025-04-29T20:00Z,2025-04-29 22:00,50856.401,53198.930
2025-04-29T21:00Z,2025-04-29 23:00,47321.455,49666.382
2025-04-29T22:00Z,2025-04-30 00:00,43903.911,46135.738
2025-04-29T23:00Z,2025-04-30 01:00,42106.198,45120.787
2025-04-30T00:00Z,2025-04-30 02:00,40918.277,44591.455
2025-04-30T01:00Z,2025-04-30 03:00,41318.649,44690.952
2025-04-30T02:00Z,2025-04-30 04:00,42877.317,46015.247
2025-04-30T03:00Z,2025-04-30 05:00,46855.708,49296.165
2025-04-30T04:00Z,2025-04-30 06:00,53597.014,54711.893
2025-04-30T05:00Z,2025-04-30 07:00,58256.293,60116.402
2025-04-30T06:00Z,2025-04-30 08:00,60368.373,63496.545
2025-04-30T07:00Z,2025-04-30 09:00,59604.060,64654.193
2025-04-30T08:00Z,2025-04-30 10:00,58293.933,64898.690
2025-04-30T09:00Z,2025-04-30 11:00,56977.690,64902.592
2025-04-30T10:00Z,2025-04-30 12:00,55843.027,64222.850
2025-04-30T11:00Z,2025-04-30 13:00,55467.507,62734.838
2025-04-30T12:00Z,2025-04-30 14:00,54478.550,60864.897
2025-04-30T13:00Z,2025-04-30 15:00,53425.879,59174.202
2025-04-30T14:00Z,2025-04-30 16:00,53251.102,58435.135
2025-04-30T15:00Z,2025-04-30 17:00,53794.245,58975.220
2025-04-30T16:00Z,2025-04-30 18:00,54911.161,59414.515
2025-04-30T17:00Z,2025-04-30 19:00,55967.542,59393.535
2025-04-30T18:00Z,2025-04-30 20:00,54761.740,57508.435
2025-04-30T19:00Z,2025-04-30 21:00,52963.586,55027.412
2025-04-30T20:00Z,2025-04-30 22:00,49310.765,51405.433
2025-04-30T21:00Z,2025-04-30 23:00,45119.882,48028.132
2025-04-30T22:00Z,2025-05-01 00:00,41633.764,43112.110
2025-04-30T23:00Z,2025-05-01 01:00,39763.111,41821.917
2025-05-01T00:00Z,2025-05-01 02:00,38419.224,40633.715
2025-05-01T01:00Z,2025-05-01 03:00,37602.069,40088.940
2025-05-01T02:00Z,2025-05-01 04:00,37334.291,39893.825
2025-05-01T03:00Z,2025-05-01 05:00,36929.268,39614.685
2025-05-01T04:00Z,2025-05-01 06:00,37000.349,39258.122
2025-05-01T05:00Z,2025-05-01 07:00,38910.643,41693.352
2025-05-01T06:00Z,2025-05-01 08:00,42361.031,44869.290
2025-05-01T07:00Z,2025-05-01 09:00,44641.224,47567.728
2025-05-01T08:00Z,2025-05-01 10:00,44671.149,49513.603
2025-05-01T09:00Z,2025-05-01 11:00,44269.404,50907.783
2025-05-01T10:00Z,2025-05-01 12:00,42841.049,50277.740
2025-05-01T11:00Z,2025-05-01 13:00,41544.101,48335.823
2025-05-01T12:00Z,2025-05-01 14:00,39815.770,46701.015
2025-05-01T13:00Z,2025-05-01 15:00,39210.904,45793.755
2025-05-01T14:00Z,2025-05-01 16:00,39501.255,45575.958
2025-05-01T15:00Z,2025-05-01 17:00,41301.169,46267.677
2025-05-01T16:00Z,2025-05-01 18:00,43551.729,47284.555
2025-05-01T17:00Z,2025-05-01 19:00,45308.067,48192.412
2025-05-01T18:00Z,2025-05-01 20:00,45461.661,48108.667
2025-05-01T19:00Z,2025-05-01 21:00,45806.184,47388.122
2025-05-01T20:00Z,2025-05-01 22:00,44160.441,45788.503
2025-05-01T21:00Z,2025-05-01 23:00,41581.063,43301.033
2025-05-01T22:00Z,2025-05-02 00:00,39564.024,42468.205
2025-05-01T23:00Z,2025-05-02 01:00,37899.770,41502.618
2025-05-02T00:00Z,2025-05-02 02:00,37488.613,41003.260
2025-05-02T01:00Z,2025-05-02 03:00,37292.041,41215.025
2025-05-02T02:00Z,2025-05-02 04:00,38350.368,42068.590
2025-05-02T03:00Z,2025-05-02 05:00,41143.777,45050.745
2025-05-02T04:00Z,2025-05-02 06:00,46133.922,50054.993
2025-05-02T05:00Z,2025-05-02 07:00,49967.349,55013.040
2025-05-02T06:00Z,2025-05-02 08:00,52701.099,57872.507
2025-05-02T07:00Z,2025-05-02 09:00,52067.626,59034.335
2025-05-02T08:00Z,2025-05-02 10:00,51832.519,59615.650
2025-05-02T09:00Z,2025-05-02 11:00,51895.539,59642.988
2025-05-02T10:00Z,2025-05-02 12:00,52405.231,59453.147
2025-05-02T11:00Z,2025-05-02 13:00,50874.997,58670.098
2025-05-02T12:00Z,2025-05-02 14:00,49287.717,57509.870
2025-05-02T13:00Z,2025-05-02 15:00,49171.120,56628.760
2025-05-02T14:00Z,2025-05-02 16:00,49223.000,55766.595
2025-05-02T15:00Z,2025-05-02 17:00,50668.643,56027.197
2025-05-02T16:00Z,2025-05-02 18:00,51553.509,56789.783
2025-05-02T17:00Z,2025-05-02 19:00,51838.179,56633.120
2025-05-02T18:00Z,2025-05-02 20:00,50240.514,55200.315
2025-05-02T19:00Z,2025-05-02 21:00,48998.950,52962.355
2025-05-02T20:00Z,2025-05-02 22:00,46539.948,50186.735
2025-05-02T21:00Z,2025-05-02 23:00,43262.202,46808.105
2025-05-02T22:00Z,2025-05-03 00:00,41423.469,44379.710
2025-05-02T23:00Z,2025-05-03 01:00,39426.848,42217.427
2025-05-03T00:00Z,2025-05-03 02:00,37945.990,41113.488
2025-05-03T01:00Z,2025-05-03 03:00,37342.780,40601.805
2025-05-03T02:00Z,2025-05-03 04:00,37010.692,40596.160
2025-05-03T03:00Z,2025-05-03 05:00,38167.243,40748.870
2025-05-03T04:00Z,2025-05-03 06:00,39690.386,41407.397
2025-05-03T05:00Z,2025-05-03 07:00,41670.202,44200.960
2025-05-03T06:00Z,2025-05-03 08:00,45329.240,47822.887
2025-05-03T07:00Z,2025-05-03 09:00,48794.431,50723.960
2025-05-03T08:00Z,2025-05-03 10:00,50304.023,52398.493
2025-05-03T09:00Z,2025-05-03 11:00,50555.362,53437.137
2025-05-03T10:00Z,2025-05-03 12:00,49588.161,53019.685
2025-05-03T11:00Z,2025-05-03 13:00,47634.423,51588.095
2025-05-03T12:00Z,2025-05-03 14:00,46029.848,50164.917
2025-05-03T13:00Z,2025-05-03 15:00,45105.550,49115.847
2025-05-03T14:00Z,2025-05-03 16:00,45359.354,49129.560
2025-05-03T15:00Z,2025-05-03 17:00,46296.223,49944.910
2025-05-03T16:00Z,2025-05-03 18:00,47780.132,51182.162
2025-05-03T17:00Z,2025-05-03 19:00,48044.265,50691.583
2025-05-03T18:00Z,2025-05-03 20:00,46680.226,49309.775
2025-05-03T19:00Z,2025-05-03 21:00,45611.139,47635.730
2025-05-03T20:00Z,2025-05-03 22:00,43445.033,45798.750
2025-05-03T21:00Z,2025-05-03 23:00,41291.102,43553.103
2025-05-03T22:00Z,2025-05-04 00:00,39324.028,40932.647
2025-05-03T23:00Z,2025-05-04 01:00,37649.452,39449.728
2025-05-04T00:00Z,2025-05-04 02:00,37063.016,38490.505
2025-05-04T01:00Z,2025-05-04 03:00,36541.147,38106.380
2025-05-04T02:00Z,2025-05-04 04:00,37169.721,38029.020
2025-05-04T03:00Z,2025-05-04 05:00,37421.119,38035.500
2025-05-04T04:00Z,2025-05-04 06:00,37293.315,38226.202
2025-05-04T05:00Z,2025-05-04 07:00,39404.532,40154.857
2025-05-04T06:00Z,2025-05-04 08:00,43237.698,43232.772
2025-05-04T07:00Z,2025-05-04 09:00,46273.847,46029.420
2025-05-04T08:00Z,2025-05-04 10:00,48950.996,48020.058
2025-05-04T09:00Z,2025-05-04 11:00,50287.228,49346.062
2025-05-04T10:00Z,2025-05-04 12:00,49769.004,48795.713
2025-05-04T11:00Z,2025-05-04 13:00,47910.307,47060.680
2025-05-04T12:00Z,2025-05-04 14:00,45881.876,45491.615
2025-05-04T13:00Z,2025-05-04 15:00,44842.226,44674.055
2025-05-04T14:00Z,2025-05-04 16:00,44706.689,44669.650
2025-05-04T15:00Z,2025-05-04 17:00,46134.830,45855.088
2025-05-04T16:00Z,2025-05-04 18:00,46930.371,47304.940
2025-05-04T17:00Z,2025-05-04 19:00,47402.039,47960.895
2025-05-04T18:00Z,2025-05-04 20:00,46824.821,47501.085
2025-05-04T19:00Z,2025-05-04 21:00,46184.499,46608.908
2025-05-04T20:00Z,2025-05-04 22:00,44840.939,45362.010
2025-05-04T21:00Z,2025-05-04 23:00,41726.425,43224.607
2025-05-04T22:00Z,2025-05-05 00:00,39330.200,41379.893
2025-05-04T23:00Z,2025-05-05 01:00,38437.128,40304.342
2025-05-05T00:00Z,2025-05-05 02:00,38239.228,39847.735
2025-05-05T01:00Z,2025-05-05 03:00,38594.374,40131.878
2025-05-05T02:00Z,2025-05-05 04:00,40039.493,41391.120
2025-05-05T03:00Z,2025-05-05 05:00,44149.996,45140.012
2025-05-05T04:00Z,2025-05-05 06:00,52037.404,51434.853
2025-05-05T05:00Z,2025-05-05 07:00,56887.969,56157.553
2025-05-05T06:00Z,2025-05-05 08:00,60298.586,60104.330
2025-05-05T07:00Z,2025-05-05 09:00,60382.711,61795.463
2025-05-05T08:00Z,2025-05-05 10:00,60582.985,62553.658
2025-05-05T09:00Z,2025-05-05 11:00,60655.011,62513.515
2025-05-05T10:00Z,2025-05-05 12:00,60544.979,62185.830
2025-05-05T11:00Z,2025-05-05 13:00,59894.504,61118.552
2025-05-05T12:00Z,2025-05-05 14:00,58129.963,59394.155
2025-05-05T13:00Z,2025-05-05 15:00,57039.421,57729.150
2025-05-05T14:00Z,2025-05-05 16:00,56793.166,56530.713
2025-05-05T15:00Z,2025-05-05 17:00,57504.982,56180.572
2025-05-05T16:00Z,2025-05-05 18:00,58736.075,57444.717
2025-05-05T17:00Z,2025-05-05 19:00,58569.751,58140.510
2025-05-05T18:00Z,2025-05-05 20:00,56960.963,57073.897
2025-05-05T19:00Z,2025-05-05 21:00,55222.992,54724.213
2025-05-05T20:00Z,2025-05-05 22:00,51606.944,51414.245
2025-05-05T21:00Z,2025-05-05 23:00,47826.691,48076.113
2025-05-05T22:00Z,2025-05-06 00:00,44737.042,45471.838
2025-05-05T23:00Z,2025-05-06 01:00,43257.731,44156.572
2025-05-06T00:00Z,2025-05-06 02:00,42678.757,43374.927
2025-05-06T01:00Z,2025-05-06 03:00,42767.023,43654.870
2025-05-06T02:00Z,2025-05-06 04:00,44149.085,44844.472
2025-05-06T03:00Z,2025-05-06 05:00,48127.531,47946.993
2025-05-06T04:00Z,2025-05-06 06:00,54766.297,53037.925
2025-05-06T05:00Z,2025-05-06 07:00,59752.049,57884.010
2025-05-06T06:00Z,2025-05-06 08:00,61625.512,60705.183
2025-05-06T07:00Z,2025-05-06 09:00,61418.857,62057.875
2025-05-06T08:00Z,2025-05-06 10:00,61362.383,62621.670
2025-05-06T09:00Z,2025-05-06 11:00,61247.008,63092.452
2025-05-06T10:00Z,2025-05-06 12:00,59725.904,62586.868
2025-05-06T11:00Z,2025-05-06 13:00,57753.793,61204.945
2025-05-06T12:00Z,2025-05-06 14:00,56124.062,59982.193
2025-05-06T13:00Z,2025-05-06 15:00,55739.471,59536.598
2025-05-06T14:00Z,2025-05-06 16:00,55030.238,58804.967
2025-05-06T15:00Z,2025-05-06 17:00,55872.125,58890.522
2025-05-06T16:00Z,2025-05-06 18:00,56712.011,58983.753
2025-05-06T17:00Z,2025-05-06 19:00,56791.094,58342.848
2025-05-06T18:00Z,2025-05-06 20:00,55577.560,56874.965
2025-05-06T19:00Z,2025-05-06 21:00,54590.438,54615.820
2025-05-06T20:00Z,2025-05-06 22:00,50897.918,51684.762
2025-05-06T21:00Z,2025-05-06 23:00,47182.302,48325.695
2025-05-06T22:00Z,2025-05-07 00:00,44302.065,46086.707
2025-05-06T23:00Z,2025-05-07 01:00,42846.418,44492.278
2025-05-07T00:00Z,2025-05-07 02:00,42367.310,43848.150
2025-05-07T01:00Z,2025-05-07 03:00,42392.781,44041.137
2025-05-07T02:00Z,2025-05-07 04:00,43406.338,45322.607
2025-05-07T03:00Z,2025-05-07 05:00,47176.470,48216.880
2025-05-07T04:00Z,2025-05-07 06:00,53738.483,53322.717
2025-05-07T05:00Z,2025-05-07 07:00,58377.705,57726.122
2025-05-07T06:00Z,2025-05-07 08:00,61021.450,60816.160
2025-05-07T07:00Z,2025-05-07 09:00,61802.667,61796.995
2025-05-07T08:00Z,2025-05-07 10:00,60554.050,62369.838
2025-05-07T09:00Z,2025-05-07 11:00,60527.899,62311.598
2025-05-07T10:00Z,2025-05-07 12:00,59316.161,61607.030
2025-05-07T11:00Z,2025-05-07 13:00,58439.567,60872.050
2025-05-07T12:00Z,2025-05-07 14:00,57367.182,59575.618
2025-05-07T13:00Z,2025-05-07 15:00,56686.505,58407.413
2025-05-07T14:00Z,2025-05-07 16:00,56140.768,57936.925
2025-05-07T15:00Z,2025-05-07 17:00,57113.332,58183.935
2025-05-07T16:00Z,2025-05-07 18:00,58213.051,59060.372
2025-05-07T17:00Z,2025-05-07 19:00,58196.893,58910.857
2025-05-07T18:00Z,2025-05-07 20:00,56469.346,57394.455
2025-05-07T19:00Z,2025-05-07 21:00,55209.794,54971.290
2025-05-07T20:00Z,2025-05-07 22:00,51224.416,51656.217
2025-05-07T21:00Z,2025-05-07 23:00,47511.894,48459.200
2025-05-07T22:00Z,2025-05-08 00:00,44539.567,46806.162
2025-05-07T23:00Z,2025-05-08 01:00,42846.204,45636.610
2025-05-08T00:00Z,2025-05-08 02:00,42013.644,44949.583
2025-05-08T01:00Z,2025-05-08 03:00,42145.812,44854.990
2025-05-08T02:00Z,2025-05-08 04:00,43111.626,45815.640
2025-05-08T03:00Z,2025-05-08 05:00,46507.757,48893.598
2025-05-08T04:00Z,2025-05-08 06:00,53153.078,54083.272
2025-05-08T05:00Z,2025-05-08 07:00,57853.578,58707.650
2025-05-08T06:00Z,2025-05-08 08:00,60752.145,61886.997
2025-05-08T07:00Z,2025-05-08 09:00,61223.074,63638.432
2025-05-08T08:00Z,2025-05-08 10:00,59938.899,64742.270
2025-05-08T09:00Z,2025-05-08 11:00,58857.396,65558.962
2025-05-08T10:00Z,2025-05-08 12:00,57680.563,64713.728
2025-05-08T11:00Z,2025-05-08 13:00,56838.615,63560.465
2025-05-08T12:00Z,2025-05-08 14:00,56295.881,61876.238
2025-05-08T13:00Z,2025-05-08 15:00,55701.925,60662.560
2025-05-08T14:00Z,2025-05-08 16:00,55971.961,59946.570
2025-05-08T15:00Z,2025-05-08 17:00,56657.052,60236.348
2025-05-08T16:00Z,2025-05-08 18:00,57625.626,60243.190
2025-05-08T17:00Z,2025-05-08 19:00,57267.566,59683.783
2025-05-08T18:00Z,2025-05-08 20:00,56398.592,58273.635
2025-05-08T19:00Z,2025-05-08 21:00,54614.832,56046.052
2025-05-08T20:00Z,2025-05-08 22:00,50929.474,52732.662
2025-05-08T21:00Z,2025-05-08 23:00,47233.644,49420.113
2025-05-08T22:00Z,2025-05-09 00:00,44448.413,46439.565
2025-05-08T23:00Z,2025-05-09 01:00,42688.073,44967.555
2025-05-09T00:00Z,2025-05-09 02:00,42070.005,44350.357
2025-05-09T01:00Z,2025-05-09 03:00,42468.660,44493.505
2025-05-09T02:00Z,2025-05-09 04:00,43748.352,45493.068
2025-05-09T03:00Z,2025-05-09 05:00,47378.330,48370.405
2025-05-09T04:00Z,2025-05-09 06:00,53742.909,53880.065
2025-05-09T05:00Z,2025-05-09 07:00,58073.162,58646.387
2025-05-09T06:00Z,2025-05-09 08:00,60770.764,61712.175
2025-05-09T07:00Z,2025-05-09 09:00,59767.821,62917.900
2025-05-09T08:00Z,2025-05-09 10:00,58204.760,63881.785
2025-05-09T09:00Z,2025-05-09 11:00,57492.016,64121.577
2025-05-09T10:00Z,2025-05-09 12:00,56838.192,63193.213
2025-05-09T11:00Z,2025-05-09 13:00,55577.836,61227.920
2025-05-09T12:00Z,2025-05-09 14:00,54033.271,59282.747
2025-05-09T13:00Z,2025-05-09 15:00,53666.785,58258.025
2025-05-09T14:00Z,2025-05-09 16:00,53264.418,57881.503
2025-05-09T15:00Z,2025-05-09 17:00,53342.322,57882.510
2025-05-09T16:00Z,2025-05-09 18:00,53955.499,58152.738
2025-05-09T17:00Z,2025-05-09 19:00,54557.111,57617.603
2025-05-09T18:00Z,2025-05-09 20:00,53785.058,55682.085
2025-05-09T19:00Z,2025-05-09 21:00,52115.265,53195.618
2025-05-09T20:00Z,2025-05-09 22:00,49485.089,50225.035
2025-05-09T21:00Z,2025-05-09 23:00,45966.164,46933.945
2025-05-09T22:00Z,2025-05-10 00:00,42548.397,44043.007
2025-05-09T23:00Z,2025-05-10 01:00,40699.532,42482.325
2025-05-10T00:00Z,2025-05-10 02:00,39426.408,41685.838
2025-05-10T01:00Z,2025-05-10 03:00,39028.977,41020.025
2025-05-10T02:00Z,2025-05-10 04:00,39399.997,40684.810
2025-05-10T03:00Z,2025-05-10 05:00,39787.722,40886.622
2025-05-10T04:00Z,2025-05-10 06:00,41366.257,42104.103
2025-05-10T05:00Z,2025-05-10 07:00,43656.743,44907.235
2025-05-10T06:00Z,2025-05-10 08:00,47266.097,48468.550
2025-05-10T07:00Z,2025-05-10 09:00,48410.581,51378.717
2025-05-10T08:00Z,2025-05-10 10:00,48173.808,52860.490
2025-05-10T09:00Z,2025-05-10 11:00,47934.532,53511.308
2025-05-10T10:00Z,2025-05-10 12:00,47054.016,52753.085
2025-05-10T11:00Z,2025-05-10 13:00,45271.145,50754.015
2025-05-10T12:00Z,2025-05-10 14:00,43627.234,49320.755
2025-05-10T13:00Z,2025-05-10 15:00,42909.868,48406.088
2025-05-10T14:00Z,2025-05-10 16:00,43122.133,48229.415
2025-05-10T15:00Z,2025-05-10 17:00,44337.799,48719.223
2025-05-10T16:00Z,2025-05-10 18:00,45902.461,49660.438
2025-05-10T17:00Z,2025-05-10 19:00,47099.009,49770.465
2025-05-10T18:00Z,2025-05-10 20:00,46632.147,48910.095
2025-05-10T19:00Z,2025-05-10 21:00,45706.303,47325.740
2025-05-10T20:00Z,2025-05-10 22:00,43888.988,45519.115
2025-05-10T21:00Z,2025-05-10 23:00,41146.649,43045.982
2025-05-10T22:00Z,2025-05-11 00:00,38442.458,40735.537
2025-05-10T23:00Z,2025-05-11 01:00,36634.069,39083.347
2025-05-11T00:00Z,2025-05-11 02:00,35169.887,38191.750
2025-05-11T01:00Z,2025-05-11 03:00,34652.365,37845.688
2025-05-11T02:00Z,2025-05-11 04:00,34738.554,37895.368
2025-05-11T03:00Z,2025-05-11 05:00,35012.497,38273.062
2025-05-11T04:00Z,2025-05-11 06:00,35833.139,38864.180
2025-05-11T05:00Z,2025-05-11 07:00,38046.429,40833.440
2025-05-11T06:00Z,2025-05-11 08:00,41951.942,44139.235
2025-05-11T07:00Z,2025-05-11 09:00,43464.797,47393.443
2025-05-11T08:00Z,2025-05-11 10:00,43615.745,49584.947
2025-05-11T09:00Z,2025-05-11 11:00,44192.615,51095.423
2025-05-11T10:00Z,2025-05-11 12:00,42971.067,50737.948
2025-05-11T11:00Z,2025-05-11 13:00,40606.001,49229.450
2025-05-11T12:00Z,2025-05-11 14:00,39372.899,47714.923
2025-05-11T13:00Z,2025-05-11 15:00,39155.783,46815.863
2025-05-11T14:00Z,2025-05-11 16:00,39432.939,47013.232
2025-05-11T15:00Z,2025-05-11 17:00,41109.229,48275.000
2025-05-11T16:00Z,2025-05-11 18:00,43853.078,49076.395
2025-05-11T17:00Z,2025-05-11 19:00,45435.416,49126.530
2025-05-11T18:00Z,2025-05-11 20:00,46160.572,48891.945
2025-05-11T19:00Z,2025-05-11 21:00,46429.128,48038.442
2025-05-11T20:00Z,2025-05-11 22:00,45490.701,46906.015
2025-05-11T21:00Z,2025-05-11 23:00,42352.425,44646.577
2025-05-11T22:00Z,2025-05-12 00:00,40365.183,42624.283
2025-05-11T23:00Z,2025-05-12 01:00,38903.911,41447.435
2025-05-12T00:00Z,2025-05-12 02:00,38225.878,41088.823
2025-05-12T01:00Z,2025-05-12 03:00,38615.327,41319.615
2025-05-12T02:00Z,2025-05-12 04:00,39846.757,42522.555
2025-05-12T03:00Z,2025-05-12 05:00,44000.681,46594.215
2025-05-12T04:00Z,2025-05-12 06:00,50892.883,53774.357
2025-05-12T05:00Z,2025-05-12 07:00,56186.205,59105.860
2025-05-12T06:00Z,2025-05-12 08:00,59278.694,62494.603
2025-05-12T07:00Z,2025-05-12 09:00,58460.136,63373.298
2025-05-12T08:00Z,2025-05-12 10:00,58195.700,64088.507
2025-05-12T09:00Z,2025-05-12 11:00,57646.262,64339.880
2025-05-12T10:00Z,2025-05-12 12:00,56633.466,64040.632
2025-05-12T11:00Z,2025-05-12 13:00,55310.359,63184.238
2025-05-12T12:00Z,2025-05-12 14:00,54246.509,61533.842
2025-05-12T13:00Z,2025-05-12 15:00,53667.621,60125.113
2025-05-12T14:00Z,2025-05-12 16:00,52934.274,59127.558
2025-05-12T15:00Z,2025-05-12 17:00,54115.524,58735.107
2025-05-12T16:00Z,2025-05-12 18:00,55959.988,59879.090
2025-05-12T17:00Z,2025-05-12 19:00,56659.202,60083.333
2025-05-12T18:00Z,2025-05-12 20:00,56034.869,58657.848
2025-05-12T19:00Z,2025-05-12 21:00,54573.950,56011.208
2025-05-12T20:00Z,2025-05-12 22:00,51125.348,52650.040
2025-05-12T21:00Z,2025-05-12 23:00,46646.232,49087.825
2025-05-12T22:00Z,2025-05-13 00:00,43200.626,46501.342
2025-05-12T23:00Z,2025-05-13 01:00,41823.041,44878.100
2025-05-13T00:00Z,2025-05-13 02:00,40735.272,44142.083
2025-05-13T01:00Z,2025-05-13 03:00,40718.571,44312.960
2025-05-13T02:00Z,2025-05-13 04:00,42231.753,45339.787
2025-05-13T03:00Z,2025-05-13 05:00,45635.190,48398.338
2025-05-13T04:00Z,2025-05-13 06:00,52443.471,53851.857
2025-05-13T05:00Z,2025-05-13 07:00,57466.787,59133.680
2025-05-13T06:00Z,2025-05-13 08:00,60283.496,61746.465
2025-05-13T07:00Z,2025-05-13 09:00,59117.439,62684.268
2025-05-13T08:00Z,2025-05-13 10:00,58446.369,63173.073
2025-05-13T09:00Z,2025-05-13 11:00,58174.020,63774.845
2025-05-13T10:00Z,2025-05-13 12:00,57170.120,63544.220
2025-05-13T11:00Z,2025-05-13 13:00,56278.961,62567.655
2025-05-13T12:00Z,2025-05-13 14:00,55085.739,60988.787
2025-05-13T13:00Z,2025-05-13 15:00,54175.533,59777.978
2025-05-13T14:00Z,2025-05-13 16:00,53946.675,58727.930
2025-05-13T15:00Z,2025-05-13 17:00,55060.824,58185.265
2025-05-13T16:00Z,2025-05-13 18:00,57163.357,58562.620
2025-05-13T17:00Z,2025-05-13 19:00,58152.973,58740.167
2025-05-13T18:00Z,2025-05-13 20:00,57463.362,57509.750
2025-05-13T19:00Z,2025-05-13 21:00,55606.285,55140.478
2025-05-13T20:00Z,2025-05-13 22:00,51585.393,52023.255
2025-05-13T21:00Z,2025-05-13 23:00,47837.695,48745.228
2025-05-13T22:00Z,2025-05-14 00:00,45223.418,46023.818
2025-05-13T23:00Z,2025-05-14 01:00,43884.544,44835.610
2025-05-14T00:00Z,2025-05-14 02:00,43264.628,44300.052
2025-05-14T01:00Z,2025-05-14 03:00,43172.277,44299.643
2025-05-14T02:00Z,2025-05-14 04:00,44360.822,45624.783
2025-05-14T03:00Z,2025-05-14 05:00,47829.234,48599.833
2025-05-14T04:00Z,2025-05-14 06:00,54499.645,54294.452
2025-05-14T05:00Z,2025-05-14 07:00,58699.418,59583.725
2025-05-14T06:00Z,2025-05-14 08:00,61024.455,62355.682
2025-05-14T07:00Z,2025-05-14 09:00,59732.918,62722.265
2025-05-14T08:00Z,2025-05-14 10:00,59112.705,62947.050
2025-05-14T09:00Z,2025-05-14 11:00,58465.158,63345.467
2025-05-14T10:00Z,2025-05-14 12:00,57257.090,63025.275
2025-05-14T11:00Z,2025-05-14 13:00,55934.569,61934.300
2025-05-14T12:00Z,2025-05-14 14:00,55025.970,60220.970
2025-05-14T13:00Z,2025-05-14 15:00,54505.619,58995.893
2025-05-14T14:00Z,2025-05-14 16:00,54591.193,57748.980
2025-05-14T15:00Z,2025-05-14 17:00,55415.272,57428.088
2025-05-14T16:00Z,2025-05-14 18:00,56485.136,58604.595
2025-05-14T17:00Z,2025-05-14 19:00,57575.431,59220.730
2025-05-14T18:00Z,2025-05-14 20:00,56176.810,57571.545
2025-05-14T19:00Z,2025-05-14 21:00,54833.363,55299.760
2025-05-14T20:00Z,2025-05-14 22:00,51486.071,51812.262
2025-05-14T21:00Z,2025-05-14 23:00,47353.798,48478.848
2025-05-14T22:00Z,2025-05-15 00:00,44979.414,46718.685
2025-05-14T23:00Z,2025-05-15 01:00,42869.344,45226.357
2025-05-15T00:00Z,2025-05-15 02:00,41888.774,44523.085
2025-05-15T01:00Z,2025-05-15 03:00,42187.399,44465.350
2025-05-15T02:00Z,2025-05-15 04:00,44500.912,45237.180
2025-05-15T03:00Z,2025-05-15 05:00,48133.262,48046.835
2025-05-15T04:00Z,2025-05-15 06:00,54702.204,53342.132
2025-05-15T05:00Z,2025-05-15 07:00,59175.940,58475.223
2025-05-15T06:00Z,2025-05-15 08:00,62001.763,61469.415
2025-05-15T07:00Z,2025-05-15 09:00,60380.808,62701.040
2025-05-15T08:00Z,2025-05-15 10:00,59516.622,62829.130
2025-05-15T09:00Z,2025-05-15 11:00,58931.452,63527.460
2025-05-15T10:00Z,2025-05-15 12:00,57810.076,62663.958
2025-05-15T11:00Z,2025-05-15 13:00,56347.534,61534.795
2025-05-15T12:00Z,2025-05-15 14:00,55532.286,60616.255
2025-05-15T13:00Z,2025-05-15 15:00,54920.357,59379.548
2025-05-15T14:00Z,2025-05-15 16:00,55218.311,58757.162
2025-05-15T15:00Z,2025-05-15 17:00,56617.916,59005.488
2025-05-15T16:00Z,2025-05-15 18:00,56384.350,59306.275
2025-05-15T17:00Z,2025-05-15 19:00,56674.582,59330.700
2025-05-15T18:00Z,2025-05-15 20:00,55666.393,57844.515
2025-05-15T19:00Z,2025-05-15 21:00,53681.895,55637.512
2025-05-15T20:00Z,2025-05-15 22:00,50797.684,52407.255
2025-05-15T21:00Z,2025-05-15 23:00,47353.533,48960.455
2025-05-15T22:00Z,2025-05-16 00:00,45385.286,46375.935
2025-05-15T23:00Z,2025-05-16 01:00,43754.778,44976.485
2025-05-16T00:00Z,2025-05-16 02:00,43162.401,44382.512
2025-05-16T01:00Z,2025-05-16 03:00,43269.372,44477.198
2025-05-16T02:00Z,2025-05-16 04:00,44293.077,45385.100
2025-05-16T03:00Z,2025-05-16 05:00,47401.181,48248.700
2025-05-16T04:00Z,2025-05-16 06:00,53802.874,54288.077
2025-05-16T05:00Z,2025-05-16 07:00,58284.871,59076.520
2025-05-16T06:00Z,2025-05-16 08:00,60369.325,61511.625
2025-05-16T07:00Z,2025-05-16 09:00,59756.652,62185.257
2025-05-16T08:00Z,2025-05-16 10:00,58956.324,62611.485
2025-05-16T09:00Z,2025-05-16 11:00,58180.921,62759.332
2025-05-16T10:00Z,2025-05-16 12:00,57663.504,61872.363
2025-05-16T11:00Z,2025-05-16 13:00,56211.821,60638.118
2025-05-16T12:00Z,2025-05-16 14:00,54541.807,58960.893
2025-05-16T13:00Z,2025-05-16 15:00,54481.572,57756.545
2025-05-16T14:00Z,2025-05-16 16:00,54550.079,57294.855
2025-05-16T15:00Z,2025-05-16 17:00,54939.531,57429.445
2025-05-16T16:00Z,2025-05-16 18:00,55219.160,58129.735
2025-05-16T17:00Z,2025-05-16 19:00,55027.149,57778.655
2025-05-16T18:00Z,2025-05-16 20:00,53049.321,55782.503
2025-05-16T19:00Z,2025-05-16 21:00,51718.387,53169.522
2025-05-16T20:00Z,2025-05-16 22:00,49266.514,50347.465
2025-05-16T21:00Z,2025-05-16 23:00,46711.654,47015.662
2025-05-16T22:00Z,2025-05-17 00:00,44002.451,43979.147
2025-05-16T23:00Z,2025-05-17 01:00,42235.287,41938.955
2025-05-17T00:00Z,2025-05-17 02:00,41131.260,40905.635
2025-05-17T01:00Z,2025-05-17 03:00,40781.413,40633.728
2025-05-17T02:00Z,2025-05-17 04:00,41158.885,40723.238
2025-05-17T03:00Z,2025-05-17 05:00,41481.987,40736.717
2025-05-17T04:00Z,2025-05-17 06:00,42891.403,41967.140
2025-05-17T05:00Z,2025-05-17 07:00,44808.963,44944.930
2025-05-17T06:00Z,2025-05-17 08:00,48054.269,48306.198
2025-05-17T07:00Z,2025-05-17 09:00,50343.461,50871.955
2025-05-17T08:00Z,2025-05-17 10:00,50309.218,52335.205
2025-05-17T09:00Z,2025-05-17 11:00,50786.052,52888.067
2025-05-17T10:00Z,2025-05-17 12:00,49872.931,52162.820
2025-05-17T11:00Z,2025-05-17 13:00,47797.717,50423.190
2025-05-17T12:00Z,2025-05-17 14:00,46703.697,49214.747
2025-05-17T13:00Z,2025-05-17 15:00,45947.391,48096.150
2025-05-17T14:00Z,2025-05-17 16:00,45574.338,48360.215
2025-05-17T15:00Z,2025-05-17 17:00,46599.638,49481.122
2025-05-17T16:00Z,2025-05-17 18:00,47227.579,50507.463
2025-05-17T17:00Z,2025-05-17 19:00,47842.385,50392.015
2025-05-17T18:00Z,2025-05-17 20:00,46450.656,48947.460
2025-05-17T19:00Z,2025-05-17 21:00,44550.838,47278.575
2025-05-17T20:00Z,2025-05-17 22:00,42976.310,45468.915
2025-05-17T21:00Z,2025-05-17 23:00,40634.139,43029.893
2025-05-17T22:00Z,2025-05-18 00:00,38155.430,40398.645
2025-05-17T23:00Z,2025-05-18 01:00,36423.841,38820.967
2025-05-18T00:00Z,2025-05-18 02:00,35474.557,37941.037
2025-05-18T01:00Z,2025-05-18 03:00,35172.570,37482.878
2025-05-18T02:00Z,2025-05-18 04:00,35568.516,37371.503
2025-05-18T03:00Z,2025-05-18 05:00,35764.526,37346.295
2025-05-18T04:00Z,2025-05-18 06:00,36575.806,37547.003
2025-05-18T05:00Z,2025-05-18 07:00,38472.811,39736.950
2025-05-18T06:00Z,2025-05-18 08:00,42078.589,43198.458
2025-05-18T07:00Z,2025-05-18 09:00,45126.918,46371.197
2025-05-18T08:00Z,2025-05-18 10:00,46983.238,48241.158
2025-05-18T09:00Z,2025-05-18 11:00,48147.165,49747.952
2025-05-18T10:00Z,2025-05-18 12:00,48230.357,49195.730
2025-05-18T11:00Z,2025-05-18 13:00,46358.736,47111.853
2025-05-18T12:00Z,2025-05-18 14:00,44582.490,45735.118
2025-05-18T13:00Z,2025-05-18 15:00,43524.221,45041.175
2025-05-18T14:00Z,2025-05-18 16:00,43308.910,45060.463
2025-05-18T15:00Z,2025-05-18 17:00,44932.256,46283.595
2025-05-18T16:00Z,2025-05-18 18:00,46128.505,47800.533
2025-05-18T17:00Z,2025-05-18 19:00,47233.816,48332.240
2025-05-18T18:00Z,2025-05-18 20:00,47106.609,47813.823
2025-05-18T19:00Z,2025-05-18 21:00,46934.520,47179.105
2025-05-18T20:00Z,2025-05-18 22:00,45895.149,45984.225
2025-05-18T21:00Z,2025-05-18 23:00,43268.999,43585.480
2025-05-18T22:00Z,2025-05-19 00:00,41074.051,41474.182
2025-05-18T23:00Z,2025-05-19 01:00,38502.680,40367.315
2025-05-19T00:00Z,2025-05-19 02:00,38205.807,39868.895
2025-05-19T01:00Z,2025-05-19 03:00,38955.194,40126.978
2025-05-19T02:00Z,2025-05-19 04:00,40185.528,41314.232
2025-05-19T03:00Z,2025-05-19 05:00,43973.242,45370.688
2025-05-19T04:00Z,2025-05-19 06:00,51361.644,53235.857
2025-05-19T05:00Z,2025-05-19 07:00,56423.146,57882.137
2025-05-19T06:00Z,2025-05-19 08:00,58931.219,60949.893
2025-05-19T07:00Z,2025-05-19 09:00,58800.014,61727.223
2025-05-19T08:00Z,2025-05-19 10:00,57973.381,62318.378
2025-05-19T09:00Z,2025-05-19 11:00,58400.681,62827.173
2025-05-19T10:00Z,2025-05-19 12:00,57772.238,62625.567
2025-05-19T11:00Z,2025-05-19 13:00,56434.040,61651.410
2025-05-19T12:00Z,2025-05-19 14:00,55136.017,60405.722
2025-05-19T13:00Z,2025-05-19 15:00,54606.585,58930.115
2025-05-19T14:00Z,2025-05-19 16:00,53784.596,58043.978
2025-05-19T15:00Z,2025-05-19 17:00,54840.808,58235.015
2025-05-19T16:00Z,2025-05-19 18:00,55849.090,58839.027
2025-05-19T17:00Z,2025-05-19 19:00,55742.381,58983.240
2025-05-19T18:00Z,2025-05-19 20:00,54798.857,57300.235
2025-05-19T19:00Z,2025-05-19 21:00,52854.406,54886.325
2025-05-19T20:00Z,2025-05-19 22:00,49718.724,51536.342
2025-05-19T21:00Z,2025-05-19 23:00,45833.745,48088.783
2025-05-19T22:00Z,2025-05-20 00:00,43052.664,45980.848
2025-05-19T23:00Z,2025-05-20 01:00,41780.643,44369.485
2025-05-20T00:00Z,2025-05-20 02:00,41066.160,43453.085
2025-05-20T01:00Z,2025-05-20 03:00,41341.582,43614.723
2025-05-20T02:00Z,2025-05-20 04:00,42774.713,44644.057
2025-05-20T03:00Z,2025-05-20 05:00,45538.317,47437.520
2025-05-20T04:00Z,2025-05-20 06:00,52553.761,53339.787
2025-05-20T05:00Z,2025-05-20 07:00,57310.623,58745.147
2025-05-20T06:00Z,2025-05-20 08:00,59819.024,61767.497
2025-05-20T07:00Z,2025-05-20 09:00,59759.518,62776.375
2025-05-20T08:00Z,2025-05-20 10:00,58850.964,63248.285
2025-05-20T09:00Z,2025-05-20 11:00,59380.698,63969.177
2025-05-20T10:00Z,2025-05-20 12:00,59108.093,63520.605
2025-05-20T11:00Z,2025-05-20 13:00,58498.094,62323.270
2025-05-20T12:00Z,2025-05-20 14:00,56884.006,61077.027
2025-05-20T13:00Z,2025-05-20 15:00,56719.562,60031.525
2025-05-20T14:00Z,2025-05-20 16:00,56326.543,59050.130
2025-05-20T15:00Z,2025-05-20 17:00,57448.594,59055.315
2025-05-20T16:00Z,2025-05-20 18:00,58617.507,58872.245
2025-05-20T17:00Z,2025-05-20 19:00,58648.862,58551.285
2025-05-20T18:00Z,2025-05-20 20:00,57051.302,56967.518
2025-05-20T19:00Z,2025-05-20 21:00,55075.190,54885.562
2025-05-20T20:00Z,2025-05-20 22:00,52072.112,51859.525
2025-05-20T21:00Z,2025-05-20 23:00,48285.049,48500.225
2025-05-20T22:00Z,2025-05-21 00:00,44165.112,45254.150
2025-05-20T23:00Z,2025-05-21 01:00,42810.720,43811.665
2025-05-21T00:00Z,2025-05-21 02:00,42223.913,43156.590
2025-05-21T01:00Z,2025-05-21 03:00,42569.058,43370.012
2025-05-21T02:00Z,2025-05-21 04:00,43992.940,44815.170
2025-05-21T03:00Z,2025-05-21 05:00,47194.709,47514.625
2025-05-21T04:00Z,2025-05-21 06:00,54633.286,53354.595
2025-05-21T05:00Z,2025-05-21 07:00,59503.011,58292.408
2025-05-21T06:00Z,2025-05-21 08:00,62573.976,60927.548
2025-05-21T07:00Z,2025-05-21 09:00,61307.030,61452.925
2025-05-21T08:00Z,2025-05-21 10:00,60646.635,62229.192
2025-05-21T09:00Z,2025-05-21 11:00,59923.685,62566.055
2025-05-21T10:00Z,2025-05-21 12:00,59576.645,61753.387
2025-05-21T11:00Z,2025-05-21 13:00,58580.012,61043.220
2025-05-21T12:00Z,2025-05-21 14:00,57132.908,59638.753
2025-05-21T13:00Z,2025-05-21 15:00,57909.016,58417.560
2025-05-21T14:00Z,2025-05-21 16:00,58460.658,57752.938
2025-05-21T15:00Z,2025-05-21 17:00,59390.995,57849.755
2025-05-21T16:00Z,2025-05-21 18:00,59997.725,58384.420
2025-05-21T17:00Z,2025-05-21 19:00,60399.122,58422.015
2025-05-21T18:00Z,2025-05-21 20:00,58263.236,56791.622
2025-05-21T19:00Z,2025-05-21 21:00,56226.315,54616.542
2025-05-21T20:00Z,2025-05-21 22:00,52685.879,51378.620
2025-05-21T21:00Z,2025-05-21 23:00,49104.314,48177.865
2025-05-21T22:00Z,2025-05-22 00:00,45587.885,45618.575
2025-05-21T23:00Z,2025-05-22 01:00,44013.152,44273.720
2025-05-22T00:00Z,2025-05-22 02:00,42952.507,43605.090
2025-05-22T01:00Z,2025-05-22 03:00,42565.162,43825.210
2025-05-22T02:00Z,2025-05-22 04:00,44003.101,44914.287
2025-05-22T03:00Z,2025-05-22 05:00,47355.328,47761.643
2025-05-22T04:00Z,2025-05-22 06:00,53961.815,53649.113
2025-05-22T05:00Z,2025-05-22 07:00,59229.843,58527.522
2025-05-22T06:00Z,2025-05-22 08:00,61476.552,60749.885
2025-05-22T07:00Z,2025-05-22 09:00,61051.124,61666.072
2025-05-22T08:00Z,2025-05-22 10:00,61362.376,62268.080
2025-05-22T09:00Z,2025-05-22 11:00,61822.162,63197.590
2025-05-22T10:00Z,2025-05-22 12:00,62455.101,62699.947
2025-05-22T11:00Z,2025-05-22 13:00,61635.275,61593.072
2025-05-22T12:00Z,2025-05-22 14:00,60228.642,60256.820
2025-05-22T13:00Z,2025-05-22 15:00,59673.266,59148.355
2025-05-22T14:00Z,2025-05-22 16:00,58236.460,58569.183
2025-05-22T15:00Z,2025-05-22 17:00,59309.555,58495.277
2025-05-22T16:00Z,2025-05-22 18:00,59724.582,58437.285
2025-05-22T17:00Z,2025-05-22 19:00,59346.503,58194.558
2025-05-22T18:00Z,2025-05-22 20:00,57160.040,56753.192
2025-05-22T19:00Z,2025-05-22 21:00,55529.008,54458.585
2025-05-22T20:00Z,2025-05-22 22:00,52268.223,51563.710
2025-05-22T21:00Z,2025-05-22 23:00,48597.580,48452.625
2025-05-22T22:00Z,2025-05-23 00:00,45330.952,45509.967
2025-05-22T23:00Z,2025-05-23 01:00,43945.663,44113.665
2025-05-23T00:00Z,2025-05-23 02:00,43124.072,43564.598
2025-05-23T01:00Z,2025-05-23 03:00,43814.881,43897.220
2025-05-23T02:00Z,2025-05-23 04:00,44834.623,44813.580
2025-05-23T03:00Z,2025-05-23 05:00,47314.891,47253.965
2025-05-23T04:00Z,2025-05-23 06:00,53663.551,52846.245
2025-05-23T05:00Z,2025-05-23 07:00,58156.557,57905.323
2025-05-23T06:00Z,2025-05-23 08:00,61334.889,60790.217
2025-05-23T07:00Z,2025-05-23 09:00,61676.014,61493.238
2025-05-23T08:00Z,2025-05-23 10:00,61599.430,62536.122
2025-05-23T09:00Z,2025-05-23 11:00,61563.806,62883.345
2025-05-23T10:00Z,2025-05-23 12:00,60270.727,62025.910
2025-05-23T11:00Z,2025-05-23 13:00,59010.782,60582.603
2025-05-23T12:00Z,2025-05-23 14:00,57085.170,58819.997
2025-05-23T13:00Z,2025-05-23 15:00,56356.927,57693.115
2025-05-23T14:00Z,2025-05-23 16:00,55912.765,57103.292
2025-05-23T15:00Z,2025-05-23 17:00,55736.758,57090.645
2025-05-23T16:00Z,2025-05-23 18:00,55157.246,57110.068
2025-05-23T17:00Z,2025-05-23 19:00,54399.756,56357.908
2025-05-23T18:00Z,2025-05-23 20:00,52684.422,54316.518
2025-05-23T19:00Z,2025-05-23 21:00,50864.083,52031.092
2025-05-23T20:00Z,2025-05-23 22:00,48329.485,49268.890
2025-05-23T21:00Z,2025-05-23 23:00,45347.833,46174.658
2025-05-23T22:00Z,2025-05-24 00:00,43084.657,44123.312
2025-05-23T23:00Z,2025-05-24 01:00,41382.244,42013.420
2025-05-24T00:00Z,2025-05-24 02:00,40571.955,40955.145
2025-05-24T01:00Z,2025-05-24 03:00,40129.340,40694.588
2025-05-24T02:00Z,2025-05-24 04:00,39785.247,40940.205
2025-05-24T03:00Z,2025-05-24 05:00,39892.844,40977.707
2025-05-24T04:00Z,2025-05-24 06:00,41318.499,42379.275
2025-05-24T05:00Z,2025-05-24 07:00,43501.160,45255.390
2025-05-24T06:00Z,2025-05-24 08:00,46262.632,48646.895
2025-05-24T07:00Z,2025-05-24 09:00,48590.891,51105.423
2025-05-24T08:00Z,2025-05-24 10:00,49066.064,52423.353
2025-05-24T09:00Z,2025-05-24 11:00,49482.577,53122.662
2025-05-24T10:00Z,2025-05-24 12:00,49035.662,52493.753
2025-05-24T11:00Z,2025-05-24 13:00,47316.620,51102.783
2025-05-24T12:00Z,2025-05-24 14:00,46281.236,49598.125
2025-05-24T13:00Z,2025-05-24 15:00,46102.098,48686.223
2025-05-24T14:00Z,2025-05-24 16:00,45747.051,48819.327
2025-05-24T15:00Z,2025-05-24 17:00,46943.560,49654.630
2025-05-24T16:00Z,2025-05-24 18:00,47752.472,50126.037
2025-05-24T17:00Z,2025-05-24 19:00,47914.860,49623.792
2025-05-24T18:00Z,2025-05-24 20:00,47068.324,48488.228
2025-05-24T19:00Z,2025-05-24 21:00,45867.014,47149.820
2025-05-24T20:00Z,2025-05-24 22:00,44747.663,45377.863
2025-05-24T21:00Z,2025-05-24 23:00,42767.033,43140.113
2025-05-24T22:00Z,2025-05-25 00:00,40681.797,40895.835
2025-05-24T23:00Z,2025-05-25 01:00,38631.871,39236.045
2025-05-25T00:00Z,2025-05-25 02:00,37328.349,38331.708
2025-05-25T01:00Z,2025-05-25 03:00,36401.443,37856.113
2025-05-25T02:00Z,2025-05-25 04:00,36488.144,37670.190
2025-05-25T03:00Z,2025-05-25 05:00,36747.274,37478.717
2025-05-25T04:00Z,2025-05-25 06:00,37841.426,37670.265
2025-05-25T05:00Z,2025-05-25 07:00,40344.954,39941.878
2025-05-25T06:00Z,2025-05-25 08:00,43185.524,43240.055
2025-05-25T07:00Z,2025-05-25 09:00,46740.067,46382.530
2025-05-25T08:00Z,2025-05-25 10:00,48349.033,48435.745
2025-05-25T09:00Z,2025-05-25 11:00,50577.640,49804.143
2025-05-25T10:00Z,2025-05-25 12:00,50776.916,49565.765
2025-05-25T11:00Z,2025-05-25 13:00,48169.669,48066.658
2025-05-25T12:00Z,2025-05-25 14:00,46857.208,46659.683
2025-05-25T13:00Z,2025-05-25 15:00,46205.380,45762.275
2025-05-25T14:00Z,2025-05-25 16:00,45981.951,45737.423
2025-05-25T15:00Z,2025-05-25 17:00,48362.571,46757.765
2025-05-25T16:00Z,2025-05-25 18:00,49189.355,47543.000
2025-05-25T17:00Z,2025-05-25 19:00,48540.153,47904.850
2025-05-25T18:00Z,2025-05-25 20:00,47616.931,47471.940
2025-05-25T19:00Z,2025-05-25 21:00,47084.857,46627.095
2025-05-25T20:00Z,2025-05-25 22:00,46104.409,45406.815
2025-05-25T21:00Z,2025-05-25 23:00,42978.296,43350.735
2025-05-25T22:00Z,2025-05-26 00:00,40838.085,41145.255
2025-05-25T23:00Z,2025-05-26 01:00,39372.129,40180.408
2025-05-26T00:00Z,2025-05-26 02:00,38680.904,39827.527
2025-05-26T01:00Z,2025-05-26 03:00,38922.485,40164.105
2025-05-26T02:00Z,2025-05-26 04:00,40431.751,41349.342
2025-05-26T03:00Z,2025-05-26 05:00,43948.269,45015.792
2025-05-26T04:00Z,2025-05-26 06:00,51052.766,52332.497
2025-05-26T05:00Z,2025-05-26 07:00,56130.278,57441.785
2025-05-26T06:00Z,2025-05-26 08:00,59644.363,61001.715
2025-05-26T07:00Z,2025-05-26 09:00,60008.691,62382.760
2025-05-26T08:00Z,2025-05-26 10:00,59786.935,63369.562
2025-05-26T09:00Z,2025-05-26 11:00,60462.348,63502.630
2025-05-26T10:00Z,2025-05-26 12:00,59587.825,63201.368
2025-05-26T11:00Z,2025-05-26 13:00,58812.488,62180.895
2025-05-26T12:00Z,2025-05-26 14:00,57642.182,60741.425
2025-05-26T13:00Z,2025-05-26 15:00,57036.745,59089.723
2025-05-26T14:00Z,2025-05-26 16:00,56231.826,58108.900
2025-05-26T15:00Z,2025-05-26 17:00,55945.122,57834.967
2025-05-26T16:00Z,2025-05-26 18:00,56872.501,58620.223
2025-05-26T17:00Z,2025-05-26 19:00,56810.794,58942.290
2025-05-26T18:00Z,2025-05-26 20:00,55379.666,57300.882
2025-05-26T19:00Z,2025-05-26 21:00,53530.332,54907.925
2025-05-26T20:00Z,2025-05-26 22:00,50169.240,51651.022
2025-05-26T21:00Z,2025-05-26 23:00,46693.583,48277.683
2025-05-26T22:00Z,2025-05-27 00:00,43926.507,45842.435
2025-05-26T23:00Z,2025-05-27 01:00,42200.082,44407.795
2025-05-27T00:00Z,2025-05-27 02:00,41626.509,43535.875
2025-05-27T01:00Z,2025-05-27 03:00,42030.980,43793.650
2025-05-27T02:00Z,2025-05-27 04:00,43136.883,44842.010
2025-05-27T03:00Z,2025-05-27 05:00,45699.418,47365.673
2025-05-27T04:00Z,2025-05-27 06:00,53409.450,53088.495
2025-05-27T05:00Z,2025-05-27 07:00,58103.627,58723.725
2025-05-27T06:00Z,2025-05-27 08:00,60233.239,62018.473
2025-05-27T07:00Z,2025-05-27 09:00,61417.321,63158.042
2025-05-27T08:00Z,2025-05-27 10:00,61189.213,64001.798
2025-05-27T09:00Z,2025-05-27 11:00,61364.807,64567.832
2025-05-27T10:00Z,2025-05-27 12:00,61123.478,63970.300
2025-05-27T11:00Z,2025-05-27 13:00,60512.877,62787.025
2025-05-27T12:00Z,2025-05-27 14:00,59162.156,61732.805
2025-05-27T13:00Z,2025-05-27 15:00,59121.731,60933.840
2025-05-27T14:00Z,2025-05-27 16:00,57876.663,60065.780
2025-05-27T15:00Z,2025-05-27 17:00,57911.728,59969.378
2025-05-27T16:00Z,2025-05-27 18:00,58056.774,59569.250
2025-05-27T17:00Z,2025-05-27 19:00,56282.553,59028.887
2025-05-27T18:00Z,2025-05-27 20:00,54632.813,57250.613
2025-05-27T19:00Z,2025-05-27 21:00,52854.842,54983.542
2025-05-27T20:00Z,2025-05-27 22:00,50070.836,52097.460
2025-05-27T21:00Z,2025-05-27 23:00,46683.404,48636.940
2025-05-27T22:00Z,2025-05-28 00:00,43457.921,45532.072
2025-05-27T23:00Z,2025-05-28 01:00,42236.293,44143.415
2025-05-28T00:00Z,2025-05-28 02:00,42167.085,43523.820
2025-05-28T01:00Z,2025-05-28 03:00,42618.659,43652.595
2025-05-28T02:00Z,2025-05-28 04:00,43844.368,44929.268
2025-05-28T03:00Z,2025-05-28 05:00,47590.652,47555.660
2025-05-28T04:00Z,2025-05-28 06:00,53663.299,53284.365
2025-05-28T05:00Z,2025-05-28 07:00,58362.410,58497.430
2025-05-28T06:00Z,2025-05-28 08:00,61377.226,61732.475
2025-05-28T07:00Z,2025-05-28 09:00,62701.862,62713.223
2025-05-28T08:00Z,2025-05-28 10:00,63317.890,63524.652
2025-05-28T09:00Z,2025-05-28 11:00,64359.046,63616.198
2025-05-28T10:00Z,2025-05-28 12:00,62827.598,63171.757
2025-05-28T11:00Z,2025-05-28 13:00,60386.521,62151.933
2025-05-28T12:00Z,2025-05-28 14:00,59247.477,60497.845
2025-05-28T13:00Z,2025-05-28 15:00,57692.979,59290.815
2025-05-28T14:00Z,2025-05-28 16:00,56515.375,58687.688
2025-05-28T15:00Z,2025-05-28 17:00,56294.817,58355.338
2025-05-28T16:00Z,2025-05-28 18:00,56523.378,58307.390
2025-05-28T17:00Z,2025-05-28 19:00,56045.497,57929.917
2025-05-28T18:00Z,2025-05-28 20:00,54058.740,55983.815
2025-05-28T19:00Z,2025-05-28 21:00,51412.124,53760.485
2025-05-28T20:00Z,2025-05-28 22:00,49286.057,50554.295
2025-05-28T21:00Z,2025-05-28 23:00,46129.392,47373.710
2025-05-28T22:00Z,2025-05-29 00:00,43171.733,42119.978
2025-05-28T23:00Z,2025-05-29 01:00,41216.760,40471.150
2025-05-29T00:00Z,2025-05-29 02:00,40109.279,39319.132
2025-05-29T01:00Z,2025-05-29 03:00,39625.323,38806.980
2025-05-29T02:00Z,2025-05-29 04:00,39519.480,38726.915
2025-05-29T03:00Z,2025-05-29 05:00,38328.823,37854.965
2025-05-29T04:00Z,2025-05-29 06:00,38403.157,37759.122
2025-05-29T05:00Z,2025-05-29 07:00,40488.420,40196.668
2025-05-29T06:00Z,2025-05-29 08:00,43375.456,43868.893
2025-05-29T07:00Z,2025-05-29 09:00,46189.145,46867.880
2025-05-29T08:00Z,2025-05-29 10:00,47443.517,49332.058
2025-05-29T09:00Z,2025-05-29 11:00,48087.809,50882.927
2025-05-29T10:00Z,2025-05-29 12:00,47448.537,50188.000
2025-05-29T11:00Z,2025-05-29 13:00,45669.924,48417.955
2025-05-29T12:00Z,2025-05-29 14:00,45121.584,47371.370
2025-05-29T13:00Z,2025-05-29 15:00,44678.707,46744.380
2025-05-29T14:00Z,2025-05-29 16:00,44082.154,46745.310
2025-05-29T15:00Z,2025-05-29 17:00,45024.023,47658.670
2025-05-29T16:00Z,2025-05-29 18:00,45556.415,48047.073
2025-05-29T17:00Z,2025-05-29 19:00,45867.282,47707.200
2025-05-29T18:00Z,2025-05-29 20:00,44938.589,47226.278
2025-05-29T19:00Z,2025-05-29 21:00,44212.432,46273.050
2025-05-29T20:00Z,2025-05-29 22:00,43491.937,44700.183
2025-05-29T21:00Z,2025-05-29 23:00,41584.720,42598.923
2025-05-29T22:00Z,2025-05-30 00:00,38818.067,41752.723
2025-05-29T23:00Z,2025-05-30 01:00,37765.703,40425.067
2025-05-30T00:00Z,2025-05-30 02:00,37087.784,39835.738
2025-05-30T01:00Z,2025-05-30 03:00,37232.617,39878.610
2025-05-30T02:00Z,2025-05-30 04:00,38511.602,40676.640
2025-05-30T03:00Z,2025-05-30 05:00,40578.833,42037.948
2025-05-30T04:00Z,2025-05-30 06:00,44668.518,45379.152
2025-05-30T05:00Z,2025-05-30 07:00,48427.102,49093.618
2025-05-30T06:00Z,2025-05-30 08:00,52023.695,52625.802
2025-05-30T07:00Z,2025-05-30 09:00,53495.225,54904.077
2025-05-30T08:00Z,2025-05-30 10:00,54268.847,56354.820
2025-05-30T09:00Z,2025-05-30 11:00,53346.246,57181.747
2025-05-30T10:00Z,2025-05-30 12:00,53070.600,56574.192
2025-05-30T11:00Z,2025-05-30 13:00,51290.892,55045.628
2025-05-30T12:00Z,2025-05-30 14:00,49552.667,53891.583
2025-05-30T13:00Z,2025-05-30 15:00,49305.698,52950.283
2025-05-30T14:00Z,2025-05-30 16:00,49774.545,52086.285
2025-05-30T15:00Z,2025-05-30 17:00,51754.842,52439.783
2025-05-30T16:00Z,2025-05-30 18:00,51749.851,52198.190
2025-05-30T17:00Z,2025-05-30 19:00,52174.016,51467.018
2025-05-30T18:00Z,2025-05-30 20:00,50548.427,50403.777
2025-05-30T19:00Z,2025-05-30 21:00,49032.481,48852.595
2025-05-30T20:00Z,2025-05-30 22:00,47102.781,46617.505
2025-05-30T21:00Z,2025-05-30 23:00,43593.988,43970.655
2025-05-30T22:00Z,2025-05-31 00:00,40700.656,41122.010
2025-05-30T23:00Z,2025-05-31 01:00,38783.655,39566.118
2025-05-31T00:00Z,2025-05-31 02:00,37262.832,38804.265
2025-05-31T01:00Z,2025-05-31 03:00,36781.765,38581.938
2025-05-31T02:00Z,2025-05-31 04:00,36963.876,38731.150
2025-05-31T03:00Z,2025-05-31 05:00,36985.091,38901.537
2025-05-31T04:00Z,2025-05-31 06:00,38677.311,40348.808
2025-05-31T05:00Z,2025-05-31 07:00,41413.184,43223.527
2025-05-31T06:00Z,2025-05-31 08:00,44335.465,46585.795
2025-05-31T07:00Z,2025-05-31 09:00,46255.734,49131.300
2025-05-31T08:00Z,2025-05-31 10:00,46501.757,50544.783
2025-05-31T09:00Z,2025-05-31 11:00,47010.963,51476.250
2025-05-31T10:00Z,2025-05-31 12:00,46688.243,50905.553
2025-05-31T11:00Z,2025-05-31 13:00,45873.262,49406.080
2025-05-31T12:00Z,2025-05-31 14:00,45530.047,48127.817
2025-05-31T13:00Z,2025-05-31 15:00,45592.130,47149.905
2025-05-31T14:00Z,2025-05-31 16:00,45481.550,47376.030
2025-05-31T15:00Z,2025-05-31 17:00,46288.651,48057.095
2025-05-31T16:00Z,2025-05-31 18:00,46695.648,48630.363
2025-05-31T17:00Z,2025-05-31 19:00,46530.315,48114.868
2025-05-31T18:00Z,2025-05-31 20:00,45177.594,46915.570
2025-05-31T19:00Z,2025-05-31 21:00,43358.306,45604.965
2025-05-31T20:00Z,2025-05-31 22:00,42196.649,43747.823
2025-05-31T21:00Z,2025-05-31 23:00,39914.158,41573.232
2025-05-31T22:00Z,2025-06-01 00:00,37447.450,39440.120
2025-05-31T23:00Z,2025-06-01 01:00,35546.626,37881.357
2025-06-01T00:00Z,2025-06-01 02:00,34047.567,36965.993
2025-06-01T01:00Z,2025-06-01 03:00,33962.157,36483.100
2025-06-01T02:00Z,2025-06-01 04:00,34545.978,36353.823
2025-06-01T03:00Z,2025-06-01 05:00,34761.659,35996.220
2025-06-01T04:00Z,2025-06-01 06:00,35846.039,36468.795
2025-06-01T05:00Z,2025-06-01 07:00,38000.273,38617.628
2025-06-01T06:00Z,2025-06-01 08:00,41319.302,42153.868
2025-06-01T07:00Z,2025-06-01 09:00,44109.452,45321.550
2025-06-01T08:00Z,2025-06-01 10:00,46043.997,47306.735
2025-06-01T09:00Z,2025-06-01 11:00,46614.663,48758.130
2025-06-01T10:00Z,2025-06-01 12:00,46203.372,48331.815
2025-06-01T11:00Z,2025-06-01 13:00,44536.051,46885.777
2025-06-01T12:00Z,2025-06-01 14:00,42547.004,45687.622
2025-06-01T13:00Z,2025-06-01 15:00,42028.658,45009.092
2025-06-01T14:00Z,2025-06-01 16:00,42658.095,45152.570
2025-06-01T15:00Z,2025-06-01 17:00,45628.213,46366.945
2025-06-01T16:00Z,2025-06-01 18:00,46856.594,46848.950
2025-06-01T17:00Z,2025-06-01 19:00,47263.347,46657.645
2025-06-01T18:00Z,2025-06-01 20:00,46270.387,46252.978
2025-06-01T19:00Z,2025-06-01 21:00,46456.346,45443.795
2025-06-01T20:00Z,2025-06-01 22:00,45975.857,44119.598
2025-06-01T21:00Z,2025-06-01 23:00,43455.185,41999.335
2025-06-01T22:00Z,2025-06-02 00:00,40840.832,40454.368
2025-06-01T23:00Z,2025-06-02 01:00,39430.226,39521.790
2025-06-02T00:00Z,2025-06-02 02:00,38813.790,39198.655
2025-06-02T01:00Z,2025-06-02 03:00,38835.477,39643.110
2025-06-02T02:00Z,2025-06-02 04:00,39819.481,40769.115
2025-06-02T03:00Z,2025-06-02 05:00,43230.311,44049.542
2025-06-02T04:00Z,2025-06-02 06:00,50840.840,50997.827
2025-06-02T05:00Z,2025-06-02 07:00,56422.209,55956.673
2025-06-02T06:00Z,2025-06-02 08:00,59409.399,59436.143
2025-06-02T07:00Z,2025-06-02 09:00,60504.188,60671.940
2025-06-02T08:00Z,2025-06-02 10:00,61390.853,61758.355
2025-06-02T09:00Z,2025-06-02 11:00,61812.856,62043.967
2025-06-02T10:00Z,2025-06-02 12:00,61525.949,61673.255
2025-06-02T11:00Z,2025-06-02 13:00,60756.005,60607.077
2025-06-02T12:00Z,2025-06-02 14:00,59923.084,59385.092
2025-06-02T13:00Z,2025-06-02 15:00,59163.034,57693.005
2025-06-02T14:00Z,2025-06-02 16:00,58227.791,56628.700
2025-06-02T15:00Z,2025-06-02 17:00,58486.700,56304.232
2025-06-02T16:00Z,2025-06-02 18:00,58159.983,56918.118
2025-06-02T17:00Z,2025-06-02 19:00,58111.865,56976.098
2025-06-02T18:00Z,2025-06-02 20:00,55818.633,55298.147
2025-06-02T19:00Z,2025-06-02 21:00,53132.209,52950.560
2025-06-02T20:00Z,2025-06-02 22:00,50629.417,49781.698
2025-06-02T21:00Z,2025-06-02 23:00,46941.072,46524.990
2025-06-02T22:00Z,2025-06-03 00:00,43894.993,44432.390
2025-06-02T23:00Z,2025-06-03 01:00,41745.049,42986.753
2025-06-03T00:00Z,2025-06-03 02:00,40619.853,42128.692
2025-06-03T01:00Z,2025-06-03 03:00,40507.247,42430.260
2025-06-03T02:00Z,2025-06-03 04:00,41752.901,43414.540
2025-06-03T03:00Z,2025-06-03 05:00,44918.113,45643.695
2025-06-03T04:00Z,2025-06-03 06:00,51675.784,51523.860
2025-06-03T05:00Z,2025-06-03 07:00,56990.240,57229.095
2025-06-03T06:00Z,2025-06-03 08:00,59694.452,60548.600
2025-06-03T07:00Z,2025-06-03 09:00,60060.109,61701.942
2025-06-03T08:00Z,2025-06-03 10:00,60406.069,62564.735
2025-06-03T09:00Z,2025-06-03 11:00,60066.577,62940.630
2025-06-03T10:00Z,2025-06-03 12:00,59108.183,62652.077
2025-06-03T11:00Z,2025-06-03 13:00,57937.641,61297.667
2025-06-03T12:00Z,2025-06-03 14:00,56463.989,60161.762
2025-06-03T13:00Z,2025-06-03 15:00,56382.510,58871.268
2025-06-03T14:00Z,2025-06-03 16:00,57154.579,57950.650
2025-06-03T15:00Z,2025-06-03 17:00,57567.175,57619.515
2025-06-03T16:00Z,2025-06-03 18:00,58680.235,57457.363
2025-06-03T17:00Z,2025-06-03 19:00,58582.816,57105.988
2025-06-03T18:00Z,2025-06-03 20:00,56151.641,55742.815
2025-06-03T19:00Z,2025-06-03 21:00,54425.579,53706.012
2025-06-03T20:00Z,2025-06-03 22:00,52184.947,50825.120
2025-06-03T21:00Z,2025-06-03 23:00,48344.037,47466.152
2025-06-03T22:00Z,2025-06-04 00:00,46022.745,45144.990
2025-06-03T23:00Z,2025-06-04 01:00,44319.499,43835.838
2025-06-04T00:00Z,2025-06-04 02:00,43468.217,43076.428
2025-06-04T01:00Z,2025-06-04 03:00,43328.657,43117.772
2025-06-04T02:00Z,2025-06-04 04:00,43567.803,44291.565
2025-06-04T03:00Z,2025-06-04 05:00,45789.935,46468.555
2025-06-04T04:00Z,2025-06-04 06:00,52949.292,52007.070
2025-06-04T05:00Z,2025-06-04 07:00,58759.996,57302.217
2025-06-04T06:00Z,2025-06-04 08:00,62329.371,60734.835
2025-06-04T07:00Z,2025-06-04 09:00,61773.894,62004.915
2025-06-04T08:00Z,2025-06-04 10:00,61998.942,63061.580
2025-06-04T09:00Z,2025-06-04 11:00,62591.089,63149.502
2025-06-04T10:00Z,2025-06-04 12:00,62974.827,62826.363
2025-06-04T11:00Z,2025-06-04 13:00,61956.346,61729.098
2025-06-04T12:00Z,2025-06-04 14:00,60300.649,60263.875
2025-06-04T13:00Z,2025-06-04 15:00,58934.151,59036.930
2025-06-04T14:00Z,2025-06-04 16:00,58333.847,58074.300
2025-06-04T15:00Z,2025-06-04 17:00,59664.744,57792.185
2025-06-04T16:00Z,2025-06-04 18:00,60999.475,57760.128
2025-06-04T17:00Z,2025-06-04 19:00,60042.432,57406.120
2025-06-04T18:00Z,2025-06-04 20:00,57863.942,55174.720
2025-06-04T19:00Z,2025-06-04 21:00,55065.007,52840.303
2025-06-04T20:00Z,2025-06-04 22:00,51813.453,49564.132
2025-06-04T21:00Z,2025-06-04 23:00,47731.721,46471.592
2025-06-04T22:00Z,2025-06-05 00:00,43958.016,45614.933
2025-06-04T23:00Z,2025-06-05 01:00,42176.313,43978.110
2025-06-05T00:00Z,2025-06-05 02:00,41309.147,43222.120
2025-06-05T01:00Z,2025-06-05 03:00,41425.423,43310.280
2025-06-05T02:00Z,2025-06-05 04:00,42638.415,44138.795
2025-06-05T03:00Z,2025-06-05 05:00,45234.495,46011.470
2025-06-05T04:00Z,2025-06-05 06:00,52021.342,51426.202
2025-06-05T05:00Z,2025-06-05 07:00,57066.268,56537.550
2025-06-05T06:00Z,2025-06-05 08:00,60073.862,59846.755
2025-06-05T07:00Z,2025-06-05 09:00,61207.745,61848.520
2025-06-05T08:00Z,2025-06-05 10:00,61880.516,62924.540
2025-06-05T09:00Z,2025-06-05 11:00,61440.481,64070.232
2025-06-05T10:00Z,2025-06-05 12:00,60963.529,63685.207
2025-06-05T11:00Z,2025-06-05 13:00,59799.824,63135.670
2025-06-05T12:00Z,2025-06-05 14:00,59044.483,61347.247
2025-06-05T13:00Z,2025-06-05 15:00,58597.990,59654.420
2025-06-05T14:00Z,2025-06-05 16:00,57331.539,58572.545
2025-06-05T15:00Z,2025-06-05 17:00,57587.896,58518.562
2025-06-05T16:00Z,2025-06-05 18:00,57510.520,58708.247
2025-06-05T17:00Z,2025-06-05 19:00,56936.806,58239.103
2025-06-05T18:00Z,2025-06-05 20:00,55648.408,56356.305
2025-06-05T19:00Z,2025-06-05 21:00,53446.025,54299.562
2025-06-05T20:00Z,2025-06-05 22:00,50848.463,51295.022
2025-06-05T21:00Z,2025-06-05 23:00,47711.932,48175.450
2025-06-05T22:00Z,2025-06-06 00:00,44466.682,45816.382
2025-06-05T23:00Z,2025-06-06 01:00,43334.927,44179.158
2025-06-06T00:00Z,2025-06-06 02:00,42644.120,43439.132
2025-06-06T01:00Z,2025-06-06 03:00,42870.556,43598.405
2025-06-06T02:00Z,2025-06-06 04:00,43972.876,44472.960
2025-06-06T03:00Z,2025-06-06 05:00,46938.847,47165.695
2025-06-06T04:00Z,2025-06-06 06:00,53864.183,53041.372
2025-06-06T05:00Z,2025-06-06 07:00,59000.754,58237.530
2025-06-06T06:00Z,2025-06-06 08:00,62581.483,60982.210
2025-06-06T07:00Z,2025-06-06 09:00,63727.183,61715.155
2025-06-06T08:00Z,2025-06-06 10:00,62358.354,62796.897
2025-06-06T09:00Z,2025-06-06 11:00,61326.039,63147.003
2025-06-06T10:00Z,2025-06-06 12:00,60402.752,62228.480
2025-06-06T11:00Z,2025-06-06 13:00,58805.421,60460.397
2025-06-06T12:00Z,2025-06-06 14:00,57653.031,58347.098
2025-06-06T13:00Z,2025-06-06 15:00,56510.643,57262.537
2025-06-06T14:00Z,2025-06-06 16:00,55782.574,56886.243
2025-06-06T15:00Z,2025-06-06 17:00,57253.975,56847.232
2025-06-06T16:00Z,2025-06-06 18:00,56738.507,57143.912
2025-06-06T17:00Z,2025-06-06 19:00,56012.836,57035.583
2025-06-06T18:00Z,2025-06-06 20:00,54709.704,55077.232
2025-06-06T19:00Z,2025-06-06 21:00,51918.147,52720.875
2025-06-06T20:00Z,2025-06-06 22:00,48521.617,49754.240
2025-06-06T21:00Z,2025-06-06 23:00,44969.409,46556.438
2025-06-06T22:00Z,2025-06-07 00:00,41944.323,43506.120
2025-06-06T23:00Z,2025-06-07 01:00,40544.158,41663.025
2025-06-07T00:00Z,2025-06-07 02:00,39310.636,40641.817
2025-06-07T01:00Z,2025-06-07 03:00,38648.911,40274.535
2025-06-07T02:00Z,2025-06-07 04:00,38685.397,40372.908
2025-06-07T03:00Z,2025-06-07 05:00,38397.435,40396.092
2025-06-07T04:00Z,2025-06-07 06:00,39980.287,42255.690
2025-06-07T05:00Z,2025-06-07 07:00,42503.528,45403.973
2025-06-07T06:00Z,2025-06-07 08:00,45432.170,48855.417
2025-06-07T07:00Z,2025-06-07 09:00,47552.843,51307.238
2025-06-07T08:00Z,2025-06-07 10:00,49275.204,52353.228
2025-06-07T09:00Z,2025-06-07 11:00,49839.562,52818.993
2025-06-07T10:00Z,2025-06-07 12:00,49622.333,52462.800
2025-06-07T11:00Z,2025-06-07 13:00,47573.832,50905.985
2025-06-07T12:00Z,2025-06-07 14:00,46761.443,49479.003
2025-06-07T13:00Z,2025-06-07 15:00,46362.527,48272.325
2025-06-07T14:00Z,2025-06-07 16:00,45856.775,48304.238
2025-06-07T15:00Z,2025-06-07 17:00,45867.587,49322.830
2025-06-07T16:00Z,2025-06-07 18:00,46699.464,50475.420
2025-06-07T17:00Z,2025-06-07 19:00,46380.205,50432.518
2025-06-07T18:00Z,2025-06-07 20:00,45033.223,49276.860
2025-06-07T19:00Z,2025-06-07 21:00,43746.846,47777.715
2025-06-07T20:00Z,2025-06-07 22:00,42370.194,46002.548
2025-06-07T21:00Z,2025-06-07 23:00,40436.338,43497.667
2025-06-07T22:00Z,2025-06-08 00:00,38327.609,39955.155
2025-06-07T23:00Z,2025-06-08 01:00,36509.507,38239.967
2025-06-08T00:00Z,2025-06-08 02:00,35131.084,37303.963
2025-06-08T01:00Z,2025-06-08 03:00,34207.363,36838.872
2025-06-08T02:00Z,2025-06-08 04:00,33916.511,36893.015
2025-06-08T03:00Z,2025-06-08 05:00,33862.724,36726.647
2025-06-08T04:00Z,2025-06-08 06:00,34321.074,36897.535
2025-06-08T05:00Z,2025-06-08 07:00,36510.333,38849.800
2025-06-08T06:00Z,2025-06-08 08:00,39704.334,42363.162
2025-06-08T07:00Z,2025-06-08 09:00,42947.749,45079.863
2025-06-08T08:00Z,2025-06-08 10:00,45071.047,45996.673
2025-06-08T09:00Z,2025-06-08 11:00,46358.724,46760.800
2025-06-08T10:00Z,2025-06-08 12:00,45649.031,46620.118
2025-06-08T11:00Z,2025-06-08 13:00,43740.381,45307.037
2025-06-08T12:00Z,2025-06-08 14:00,42166.445,44018.670
2025-06-08T13:00Z,2025-06-08 15:00,41996.436,43530.363
2025-06-08T14:00Z,2025-06-08 16:00,42188.769,43533.378
2025-06-08T15:00Z,2025-06-08 17:00,43185.346,44492.818
2025-06-08T16:00Z,2025-06-08 18:00,43934.724,45991.512
2025-06-08T17:00Z,2025-06-08 19:00,45188.411,45856.030
2025-06-08T18:00Z,2025-06-08 20:00,45252.595,45474.805
2025-06-08T19:00Z,2025-06-08 21:00,44278.764,44708.580
2025-06-08T20:00Z,2025-06-08 22:00,43368.056,43539.615
2025-06-08T21:00Z,2025-06-08 23:00,40709.068,41470.857
2025-06-08T22:00Z,2025-06-09 00:00,38705.645,38557.033
2025-06-08T23:00Z,2025-06-09 01:00,37027.149,37235.717
2025-06-09T00:00Z,2025-06-09 02:00,36092.103,36489.760
2025-06-09T01:00Z,2025-06-09 03:00,35816.338,36242.357
2025-06-09T02:00Z,2025-06-09 04:00,35990.175,36600.113
2025-06-09T03:00Z,2025-06-09 05:00,36121.958,36512.412
2025-06-09T04:00Z,2025-06-09 06:00,37060.355,37326.213
2025-06-09T05:00Z,2025-06-09 07:00,39003.165,39769.825
2025-06-09T06:00Z,2025-06-09 08:00,42321.776,43203.253
2025-06-09T07:00Z,2025-06-09 09:00,43256.152,45964.512
2025-06-09T08:00Z,2025-06-09 10:00,43586.186,47300.130
2025-06-09T09:00Z,2025-06-09 11:00,43984.796,48353.698
2025-06-09T10:00Z,2025-06-09 12:00,44523.872,48304.770
2025-06-09T11:00Z,2025-06-09 13:00,43057.160,46924.275
2025-06-09T12:00Z,2025-06-09 14:00,41589.272,45497.555
2025-06-09T13:00Z,2025-06-09 15:00,40872.906,44881.912
2025-06-09T14:00Z,2025-06-09 16:00,41528.248,44765.253
2025-06-09T15:00Z,2025-06-09 17:00,44126.053,45616.298
2025-06-09T16:00Z,2025-06-09 18:00,45143.637,47003.943
2025-06-09T17:00Z,2025-06-09 19:00,45071.559,47035.505
2025-06-09T18:00Z,2025-06-09 20:00,44604.570,46613.325
2025-06-09T19:00Z,2025-06-09 21:00,44063.984,45679.732
2025-06-09T20:00Z,2025-06-09 22:00,43324.001,44371.195
2025-06-09T21:00Z,2025-06-09 23:00,40796.746,42306.395
2025-06-09T22:00Z,2025-06-10 00:00,38197.651,41402.215
2025-06-09T23:00Z,2025-06-10 01:00,36940.400,40238.550
2025-06-10T00:00Z,2025-06-10 02:00,36414.880,39912.993
2025-06-10T01:00Z,2025-06-10 03:00,36500.211,40218.382
2025-06-10T02:00Z,2025-06-10 04:00,38011.679,41410.030
2025-06-10T03:00Z,2025-06-10 05:00,41094.051,44183.330
2025-06-10T04:00Z,2025-06-10 06:00,48739.694,49845.460
2025-06-10T05:00Z,2025-06-10 07:00,53843.501,54920.170
2025-06-10T06:00Z,2025-06-10 08:00,56968.974,58270.455
2025-06-10T07:00Z,2025-06-10 09:00,58243.401,60162.730
2025-06-10T08:00Z,2025-06-10 10:00,59295.172,61174.340
2025-06-10T09:00Z,2025-06-10 11:00,59965.883,62109.243
2025-06-10T10:00Z,2025-06-10 12:00,59249.448,61825.812
2025-06-10T11:00Z,2025-06-10 13:00,57696.341,60854.193
2025-06-10T12:00Z,2025-06-10 14:00,57177.786,59325.497
2025-06-10T13:00Z,2025-06-10 15:00,56938.170,58908.472
2025-06-10T14:00Z,2025-06-10 16:00,56820.852,58023.868
2025-06-10T15:00Z,2025-06-10 17:00,56869.688,58102.370
2025-06-10T16:00Z,2025-06-10 18:00,56540.382,57978.708
2025-06-10T17:00Z,2025-06-10 19:00,56423.213,57144.683
2025-06-10T18:00Z,2025-06-10 20:00,55304.120,55184.145
2025-06-10T19:00Z,2025-06-10 21:00,53074.813,52625.067
2025-06-10T20:00Z,2025-06-10 22:00,50964.058,49853.317
2025-06-10T21:00Z,2025-06-10 23:00,47890.401,46425.232
2025-06-10T22:00Z,2025-06-11 00:00,44945.512,44509.405
2025-06-10T23:00Z,2025-06-11 01:00,43253.595,42949.285
2025-06-11T00:00Z,2025-06-11 02:00,42637.677,42121.085
2025-06-11T01:00Z,2025-06-11 03:00,42996.806,42100.208
2025-06-11T02:00Z,2025-06-11 04:00,44001.045,43037.658
2025-06-11T03:00Z,2025-06-11 05:00,46230.464,44580.878
2025-06-11T04:00Z,2025-06-11 06:00,52909.098,49628.940
2025-06-11T05:00Z,2025-06-11 07:00,57439.844,54805.760
2025-06-11T06:00Z,2025-06-11 08:00,59759.981,58506.010
2025-06-11T07:00Z,2025-06-11 09:00,58851.123,59974.040
2025-06-11T08:00Z,2025-06-11 10:00,59037.637,60744.897
2025-06-11T09:00Z,2025-06-11 11:00,58812.326,61394.475
2025-06-11T10:00Z,2025-06-11 12:00,56904.323,61003.768
2025-06-11T11:00Z,2025-06-11 13:00,55729.916,60090.860
2025-06-11T12:00Z,2025-06-11 14:00,54460.061,58432.243
2025-06-11T13:00Z,2025-06-11 15:00,53935.732,57529.350
2025-06-11T14:00Z,2025-06-11 16:00,53494.950,56710.620
2025-06-11T15:00Z,2025-06-11 17:00,54762.211,56856.268
2025-06-11T16:00Z,2025-06-11 18:00,55677.623,57279.338
2025-06-11T17:00Z,2025-06-11 19:00,56405.789,56570.912
2025-06-11T18:00Z,2025-06-11 20:00,55283.123,54603.320
2025-06-11T19:00Z,2025-06-11 21:00,53261.898,52454.423
2025-06-11T20:00Z,2025-06-11 22:00,51186.776,49490.035
2025-06-11T21:00Z,2025-06-11 23:00,47507.166,46230.120
2025-06-11T22:00Z,2025-06-12 00:00,44012.108,43613.330
2025-06-11T23:00Z,2025-06-12 01:00,42236.240,42298.312
2025-06-12T00:00Z,2025-06-12 02:00,41196.683,41642.132
2025-06-12T01:00Z,2025-06-12 03:00,40925.558,41643.122
2025-06-12T02:00Z,2025-06-12 04:00,41889.727,42490.315
2025-06-12T03:00Z,2025-06-12 05:00,45005.408,43997.582
2025-06-12T04:00Z,2025-06-12 06:00,51522.789,48912.040
2025-06-12T05:00Z,2025-06-12 07:00,56686.918,53744.753
2025-06-12T06:00Z,2025-06-12 08:00,58200.044,57171.027
2025-06-12T07:00Z,2025-06-12 09:00,57800.674,59069.478
2025-06-12T08:00Z,2025-06-12 10:00,57511.108,59618.452
2025-06-12T09:00Z,2025-06-12 11:00,56934.461,60553.897
2025-06-12T10:00Z,2025-06-12 12:00,55646.032,60136.917
2025-06-12T11:00Z,2025-06-12 13:00,54772.114,59508.333
2025-06-12T12:00Z,2025-06-12 14:00,54460.984,57974.845
2025-06-12T13:00Z,2025-06-12 15:00,54204.078,56874.840
2025-06-12T14:00Z,2025-06-12 16:00,53944.139,56144.802
2025-06-12T15:00Z,2025-06-12 17:00,55395.633,56005.570
2025-06-12T16:00Z,2025-06-12 18:00,55936.386,56241.615
2025-06-12T17:00Z,2025-06-12 19:00,56633.302,55952.158
2025-06-12T18:00Z,2025-06-12 20:00,55549.580,54426.618
2025-06-12T19:00Z,2025-06-12 21:00,53898.750,52666.425
2025-06-12T20:00Z,2025-06-12 22:00,51935.536,49930.970
2025-06-12T21:00Z,2025-06-12 23:00,48512.522,46881.012
2025-06-12T22:00Z,2025-06-13 00:00,45564.295,44486.372
2025-06-12T23:00Z,2025-06-13 01:00,43387.387,43183.045
2025-06-13T00:00Z,2025-06-13 02:00,42546.560,42275.630
2025-06-13T01:00Z,2025-06-13 03:00,42519.010,42155.700
2025-06-13T02:00Z,2025-06-13 04:00,42994.759,42900.090
2025-06-13T03:00Z,2025-06-13 05:00,45728.274,44405.697
2025-06-13T04:00Z,2025-06-13 06:00,52007.979,49460.912
2025-06-13T05:00Z,2025-06-13 07:00,55983.379,54354.327
2025-06-13T06:00Z,2025-06-13 08:00,58067.804,57021.357
2025-06-13T07:00Z,2025-06-13 09:00,58170.213,58794.327
2025-06-13T08:00Z,2025-06-13 10:00,58627.408,59994.482
2025-06-13T09:00Z,2025-06-13 11:00,58406.994,60530.948
2025-06-13T10:00Z,2025-06-13 12:00,57588.952,59954.630
2025-06-13T11:00Z,2025-06-13 13:00,55700.015,58526.900
2025-06-13T12:00Z,2025-06-13 14:00,54670.286,56610.162
2025-06-13T13:00Z,2025-06-13 15:00,54177.697,56199.305
2025-06-13T14:00Z,2025-06-13 16:00,53982.098,55066.690
2025-06-13T15:00Z,2025-06-13 17:00,54043.865,55180.110
2025-06-13T16:00Z,2025-06-13 18:00,54088.153,55057.482
2025-06-13T17:00Z,2025-06-13 19:00,53854.348,54172.570
2025-06-13T18:00Z,2025-06-13 20:00,53039.200,52659.015
2025-06-13T19:00Z,2025-06-13 21:00,51350.861,50350.365
2025-06-13T20:00Z,2025-06-13 22:00,49575.154,47738.685
2025-06-13T21:00Z,2025-06-13 23:00,46779.480,44452.090
2025-06-13T22:00Z,2025-06-14 00:00,44233.091,42455.982
2025-06-13T23:00Z,2025-06-14 01:00,41943.979,40645.240
2025-06-14T00:00Z,2025-06-14 02:00,40412.145,39557.143
2025-06-14T01:00Z,2025-06-14 03:00,39956.355,39051.463
2025-06-14T02:00Z,2025-06-14 04:00,39830.759,39096.747
2025-06-14T03:00Z,2025-06-14 05:00,40082.179,38772.465
2025-06-14T04:00Z,2025-06-14 06:00,41887.872,40726.425
2025-06-14T05:00Z,2025-06-14 07:00,44699.660,43592.153
2025-06-14T06:00Z,2025-06-14 08:00,47695.301,47270.533
2025-06-14T07:00Z,2025-06-14 09:00,49154.197,50154.433
2025-06-14T08:00Z,2025-06-14 10:00,48825.426,51617.995
2025-06-14T09:00Z,2025-06-14 11:00,48735.844,52433.125
2025-06-14T10:00Z,2025-06-14 12:00,47992.386,51956.993
2025-06-14T11:00Z,2025-06-14 13:00,46766.061,50679.415
2025-06-14T12:00Z,2025-06-14 14:00,45862.310,49631.215
2025-06-14T13:00Z,2025-06-14 15:00,46141.557,48951.228
2025-06-14T14:00Z,2025-06-14 16:00,46740.935,48306.607
2025-06-14T15:00Z,2025-06-14 17:00,47936.586,48595.470
2025-06-14T16:00Z,2025-06-14 18:00,48714.501,48940.515
2025-06-14T17:00Z,2025-06-14 19:00,49144.560,48757.283
2025-06-14T18:00Z,2025-06-14 20:00,48316.729,47635.548
2025-06-14T19:00Z,2025-06-14 21:00,46960.156,46089.975
2025-06-14T20:00Z,2025-06-14 22:00,46095.406,44405.115
2025-06-14T21:00Z,2025-06-14 23:00,43586.182,42122.723
2025-06-14T22:00Z,2025-06-15 00:00,40826.658,40894.753
2025-06-14T23:00Z,2025-06-15 01:00,38983.299,39298.280
2025-06-15T00:00Z,2025-06-15 02:00,37711.216,38298.507
2025-06-15T01:00Z,2025-06-15 03:00,36608.757,37935.590
2025-06-15T02:00Z,2025-06-15 04:00,35581.383,38163.448
2025-06-15T03:00Z,2025-06-15 05:00,35382.205,38154.850
2025-06-15T04:00Z,2025-06-15 06:00,36648.571,39529.812
2025-06-15T05:00Z,2025-06-15 07:00,38561.312,41642.558
2025-06-15T06:00Z,2025-06-15 08:00,41228.113,44821.762
2025-06-15T07:00Z,2025-06-15 09:00,44045.999,47570.185
2025-06-15T08:00Z,2025-06-15 10:00,45543.855,49217.228
2025-06-15T09:00Z,2025-06-15 11:00,47010.579,49996.955
2025-06-15T10:00Z,2025-06-15 12:00,47154.556,49553.000
2025-06-15T11:00Z,2025-06-15 13:00,45871.416,48325.465
2025-06-15T12:00Z,2025-06-15 14:00,44951.632,46839.207
2025-06-15T13:00Z,2025-06-15 15:00,43778.880,45981.952
2025-06-15T14:00Z,2025-06-15 16:00,44207.424,45742.262
2025-06-15T15:00Z,2025-06-15 17:00,46065.789,46608.283
2025-06-15T16:00Z,2025-06-15 18:00,47177.316,47814.658
2025-06-15T17:00Z,2025-06-15 19:00,46854.213,48523.455
2025-06-15T18:00Z,2025-06-15 20:00,46402.563,47953.702
2025-06-15T19:00Z,2025-06-15 21:00,45507.651,46904.908
2025-06-15T20:00Z,2025-06-15 22:00,45294.225,45476.185
2025-06-15T21:00Z,2025-06-15 23:00,43496.694,43217.268
2025-06-15T22:00Z,2025-06-16 00:00,41549.727,40837.947
2025-06-15T23:00Z,2025-06-16 01:00,40350.845,39598.018
2025-06-16T00:00Z,2025-06-16 02:00,40011.268,38828.425
2025-06-16T01:00Z,2025-06-16 03:00,39646.944,39230.107
2025-06-16T02:00Z,2025-06-16 04:00,40412.477,40530.730
2025-06-16T03:00Z,2025-06-16 05:00,43548.438,43679.478
2025-06-16T04:00Z,2025-06-16 06:00,50776.262,50754.690
2025-06-16T05:00Z,2025-06-16 07:00,56259.395,56118.177
2025-06-16T06:00Z,2025-06-16 08:00,59591.990,60400.113
2025-06-16T07:00Z,2025-06-16 09:00,59757.001,62263.887
2025-06-16T08:00Z,2025-06-16 10:00,59431.227,62878.445
2025-06-16T09:00Z,2025-06-16 11:00,59891.269,62594.978
2025-06-16T10:00Z,2025-06-16 12:00,59876.474,61890.757
2025-06-16T11:00Z,2025-06-16 13:00,59813.121,61007.810
2025-06-16T12:00Z,2025-06-16 14:00,58966.575,59584.692
2025-06-16T13:00Z,2025-06-16 15:00,58226.384,57874.720
2025-06-16T14:00Z,2025-06-16 16:00,57619.807,57031.188
2025-06-16T15:00Z,2025-06-16 17:00,57350.776,56432.625
2025-06-16T16:00Z,2025-06-16 18:00,57387.797,56914.423
2025-06-16T17:00Z,2025-06-16 19:00,57681.116,57052.060
2025-06-16T18:00Z,2025-06-16 20:00,56231.199,55723.082
2025-06-16T19:00Z,2025-06-16 21:00,54237.353,53564.330
2025-06-16T20:00Z,2025-06-16 22:00,51831.195,50692.230
2025-06-16T21:00Z,2025-06-16 23:00,48565.789,47475.963
2025-06-16T22:00Z,2025-06-17 00:00,45869.465,44315.685
2025-06-16T23:00Z,2025-06-17 01:00,43947.350,42641.308
2025-06-17T00:00Z,2025-06-17 02:00,42409.323,41637.905
2025-06-17T01:00Z,2025-06-17 03:00,42208.557,41782.550
2025-06-17T02:00Z,2025-06-17 04:00,43064.026,42695.460
2025-06-17T03:00Z,2025-06-17 05:00,45934.141,44499.720
2025-06-17T04:00Z,2025-06-17 06:00,52415.005,49890.975
2025-06-17T05:00Z,2025-06-17 07:00,57141.223,55389.927
2025-06-17T06:00Z,2025-06-17 08:00,58731.837,58837.307
2025-06-17T07:00Z,2025-06-17 09:00,58650.837,60279.715
2025-06-17T08:00Z,2025-06-17 10:00,58590.442,60870.670
2025-06-17T09:00Z,2025-06-17 11:00,58602.589,61399.280
2025-06-17T10:00Z,2025-06-17 12:00,57562.118,60940.860
2025-06-17T11:00Z,2025-06-17 13:00,56061.277,59196.270
2025-06-17T12:00Z,2025-06-17 14:00,54884.020,57908.875
2025-06-17T13:00Z,2025-06-17 15:00,55238.023,57382.512
2025-06-17T14:00Z,2025-06-17 16:00,55553.230,56794.887
2025-06-17T15:00Z,2025-06-17 17:00,56255.408,56838.870
2025-06-17T16:00Z,2025-06-17 18:00,56794.961,56733.170
2025-06-17T17:00Z,2025-06-17 19:00,57492.679,56141.155
2025-06-17T18:00Z,2025-06-17 20:00,56757.444,55217.728
2025-06-17T19:00Z,2025-06-17 21:00,54145.236,53440.830
2025-06-17T20:00Z,2025-06-17 22:00,51572.668,50891.990
2025-06-17T21:00Z,2025-06-17 23:00,48856.135,47821.915
2025-06-17T22:00Z,2025-06-18 00:00,45612.531,44637.368
2025-06-17T23:00Z,2025-06-18 01:00,43513.430,43249.467
2025-06-18T00:00Z,2025-06-18 02:00,42442.416,42678.982
2025-06-18T01:00Z,2025-06-18 03:00,42306.966,42749.730
2025-06-18T02:00Z,2025-06-18 04:00,43223.689,43844.307
2025-06-18T03:00Z,2025-06-18 05:00,45509.336,45433.962
2025-06-18T04:00Z,2025-06-18 06:00,51756.698,50477.135
2025-06-18T05:00Z,2025-06-18 07:00,56510.214,55859.235
2025-06-18T06:00Z,2025-06-18 08:00,59262.146,59511.318
2025-06-18T07:00Z,2025-06-18 09:00,58469.901,61055.270
2025-06-18T08:00Z,2025-06-18 10:00,57581.758,60978.685
2025-06-18T09:00Z,2025-06-18 11:00,57477.846,60495.590
2025-06-18T10:00Z,2025-06-18 12:00,57125.889,59521.250
2025-06-18T11:00Z,2025-06-18 13:00,56715.837,58364.193
2025-06-18T12:00Z,2025-06-18 14:00,56560.052,56773.230
2025-06-18T13:00Z,2025-06-18 15:00,55875.569,55585.545
2025-06-18T14:00Z,2025-06-18 16:00,56189.135,54770.257
2025-06-18T15:00Z,2025-06-18 17:00,57038.361,55113.247
2025-06-18T16:00Z,2025-06-18 18:00,57462.754,55699.645
2025-06-18T17:00Z,2025-06-18 19:00,57371.681,56032.997
2025-06-18T18:00Z,2025-06-18 20:00,56133.077,54697.747
2025-06-18T19:00Z,2025-06-18 21:00,53967.767,52938.018
2025-06-18T20:00Z,2025-06-18 22:00,51696.718,49880.228
2025-06-18T21:00Z,2025-06-18 23:00,48350.232,46734.128
2025-06-18T22:00Z,2025-06-19 00:00,45401.553,44057.768
2025-06-18T23:00Z,2025-06-19 01:00,43367.700,42175.745
2025-06-19T00:00Z,2025-06-19 02:00,41809.500,41045.300
2025-06-19T01:00Z,2025-06-19 03:00,41328.668,40408.863
2025-06-19T02:00Z,2025-06-19 04:00,41356.966,40523.528
2025-06-19T03:00Z,2025-06-19 05:00,42052.011,39712.003
2025-06-19T04:00Z,2025-06-19 06:00,44592.579,40329.223
2025-06-19T05:00Z,2025-06-19 07:00,47854.024,43225.537
2025-06-19T06:00Z,2025-06-19 08:00,50615.332,46672.982
2025-06-19T07:00Z,2025-06-19 09:00,50869.281,48912.223
2025-06-19T08:00Z,2025-06-19 10:00,50318.567,50049.025
2025-06-19T09:00Z,2025-06-19 11:00,50390.379,51211.747
2025-06-19T10:00Z,2025-06-19 12:00,49777.228,51001.640
2025-06-19T11:00Z,2025-06-19 13:00,48595.906,49857.895
2025-06-19T12:00Z,2025-06-19 14:00,47604.858,48645.823
2025-06-19T13:00Z,2025-06-19 15:00,47170.642,48114.850
2025-06-19T14:00Z,2025-06-19 16:00,47352.010,48192.610
2025-06-19T15:00Z,2025-06-19 17:00,49641.225,48977.022
2025-06-19T16:00Z,2025-06-19 18:00,50301.806,49848.637
2025-06-19T17:00Z,2025-06-19 19:00,49823.842,49793.220
2025-06-19T18:00Z,2025-06-19 20:00,49911.748,49054.713
2025-06-19T19:00Z,2025-06-19 21:00,48328.898,47879.057
2025-06-19T20:00Z,2025-06-19 22:00,47120.386,46184.140
2025-06-19T21:00Z,2025-06-19 23:00,44526.737,43867.357
2025-06-19T22:00Z,2025-06-20 00:00,42247.264,41685.168
2025-06-19T23:00Z,2025-06-20 01:00,40721.488,40304.947
2025-06-20T00:00Z,2025-06-20 02:00,39090.151,39791.548
2025-06-20T01:00Z,2025-06-20 03:00,38871.167,39487.372
2025-06-20T02:00Z,2025-06-20 04:00,39466.304,40248.132
2025-06-20T03:00Z,2025-06-20 05:00,41439.041,40901.662
2025-06-20T04:00Z,2025-06-20 06:00,46238.685,43616.695
2025-06-20T05:00Z,2025-06-20 07:00,50341.485,47517.130
2025-06-20T06:00Z,2025-06-20 08:00,53086.630,51091.713
2025-06-20T07:00Z,2025-06-20 09:00,52842.338,53054.403
2025-06-20T08:00Z,2025-06-20 10:00,52539.967,54033.588
2025-06-20T09:00Z,2025-06-20 11:00,52322.417,54709.122
2025-06-20T10:00Z,2025-06-20 12:00,51841.084,54317.500
2025-06-20T11:00Z,2025-06-20 13:00,50595.731,53214.618
2025-06-20T12:00Z,2025-06-20 14:00,49482.266,52012.730
2025-06-20T13:00Z,2025-06-20 15:00,49368.815,51422.368
2025-06-20T14:00Z,2025-06-20 16:00,49571.376,51187.755
2025-06-20T15:00Z,2025-06-20 17:00,50120.796,51289.110
2025-06-20T16:00Z,2025-06-20 18:00,51152.258,51881.370
2025-06-20T17:00Z,2025-06-20 19:00,51439.240,51665.323
2025-06-20T18:00Z,2025-06-20 20:00,50555.904,50646.815
2025-06-20T19:00Z,2025-06-20 21:00,48274.186,49247.525
2025-06-20T20:00Z,2025-06-20 22:00,46607.622,47165.973
2025-06-20T21:00Z,2025-06-20 23:00,43508.459,44600.357
2025-06-20T22:00Z,2025-06-21 00:00,40947.154,42032.183
2025-06-20T23:00Z,2025-06-21 01:00,39057.278,40517.972
2025-06-21T00:00Z,2025-06-21 02:00,38067.346,39676.560
2025-06-21T01:00Z,2025-06-21 03:00,37626.095,39228.650
2025-06-21T02:00Z,2025-06-21 04:00,37190.690,39060.765
2025-06-21T03:00Z,2025-06-21 05:00,37162.808,38505.173
2025-06-21T04:00Z,2025-06-21 06:00,39156.756,39642.217
2025-06-21T05:00Z,2025-06-21 07:00,42353.446,42485.195
2025-06-21T06:00Z,2025-06-21 08:00,45096.573,45904.427
2025-06-21T07:00Z,2025-06-21 09:00,46768.470,48479.057
2025-06-21T08:00Z,2025-06-21 10:00,46779.529,49795.077
2025-06-21T09:00Z,2025-06-21 11:00,46867.091,50045.380
2025-06-21T10:00Z,2025-06-21 12:00,45726.726,49267.673
2025-06-21T11:00Z,2025-06-21 13:00,44504.906,47949.985
2025-06-21T12:00Z,2025-06-21 14:00,43885.128,46605.145
2025-06-21T13:00Z,2025-06-21 15:00,43662.114,45409.533
2025-06-21T14:00Z,2025-06-21 16:00,44755.226,45153.030
2025-06-21T15:00Z,2025-06-21 17:00,45477.770,45380.235
2025-06-21T16:00Z,2025-06-21 18:00,46411.020,46458.842
2025-06-21T17:00Z,2025-06-21 19:00,47059.584,47012.435
2025-06-21T18:00Z,2025-06-21 20:00,46570.957,46356.390
2025-06-21T19:00Z,2025-06-21 21:00,44932.105,45150.372
2025-06-21T20:00Z,2025-06-21 22:00,44011.229,43483.600
2025-06-21T21:00Z,2025-06-21 23:00,41756.972,41332.785
2025-06-21T22:00Z,2025-06-22 00:00,38910.932,39677.238
2025-06-21T23:00Z,2025-06-22 01:00,36798.096,38050.423
2025-06-22T00:00Z,2025-06-22 02:00,35501.559,37142.970
2025-06-22T01:00Z,2025-06-22 03:00,34906.285,36811.798
2025-06-22T02:00Z,2025-06-22 04:00,34591.623,36898.382
2025-06-22T03:00Z,2025-06-22 05:00,34157.718,37047.460
2025-06-22T04:00Z,2025-06-22 06:00,35114.976,38377.520
2025-06-22T05:00Z,2025-06-22 07:00,37324.713,41124.062
2025-06-22T06:00Z,2025-06-22 08:00,40329.459,43994.333
2025-06-22T07:00Z,2025-06-22 09:00,42204.067,46223.470
2025-06-22T08:00Z,2025-06-22 10:00,43100.154,48176.232
2025-06-22T09:00Z,2025-06-22 11:00,44033.243,49360.280
2025-06-22T10:00Z,2025-06-22 12:00,43649.352,49551.927
2025-06-22T11:00Z,2025-06-22 13:00,43121.352,48847.277
2025-06-22T12:00Z,2025-06-22 14:00,42284.273,47827.963
2025-06-22T13:00Z,2025-06-22 15:00,42436.650,47275.397
2025-06-22T14:00Z,2025-06-22 16:00,42899.924,47177.710
2025-06-22T15:00Z,2025-06-22 17:00,44788.826,47590.213
2025-06-22T16:00Z,2025-06-22 18:00,48073.779,48480.738
2025-06-22T17:00Z,2025-06-22 19:00,48582.586,48980.475
2025-06-22T18:00Z,2025-06-22 20:00,47671.362,48511.863
2025-06-22T19:00Z,2025-06-22 21:00,46971.754,47140.745
2025-06-22T20:00Z,2025-06-22 22:00,46760.349,45517.007
2025-06-22T21:00Z,2025-06-22 23:00,44715.859,43480.625
2025-06-22T22:00Z,2025-06-23 00:00,42609.848,41410.715
2025-06-22T23:00Z,2025-06-23 01:00,39987.476,40350.400
2025-06-23T00:00Z,2025-06-23 02:00,40096.490,39741.298
2025-06-23T01:00Z,2025-06-23 03:00,40345.302,40022.575
2025-06-23T02:00Z,2025-06-23 04:00,41125.769,41288.463
2025-06-23T03:00Z,2025-06-23 05:00,43988.141,44165.113
2025-06-23T04:00Z,2025-06-23 06:00,51210.542,50986.028
2025-06-23T05:00Z,2025-06-23 07:00,57094.916,56283.355
2025-06-23T06:00Z,2025-06-23 08:00,60444.170,60546.600
2025-06-23T07:00Z,2025-06-23 09:00,61885.329,62250.768
2025-06-23T08:00Z,2025-06-23 10:00,62067.203,62544.113
2025-06-23T09:00Z,2025-06-23 11:00,63263.380,62309.018
2025-06-23T10:00Z,2025-06-23 12:00,62422.547,61730.215
2025-06-23T11:00Z,2025-06-23 13:00,61352.079,60555.280
2025-06-23T12:00Z,2025-06-23 14:00,60113.733,59138.942
2025-06-23T13:00Z,2025-06-23 15:00,59418.297,57624.905
2025-06-23T14:00Z,2025-06-23 16:00,58188.057,56663.958
2025-06-23T15:00Z,2025-06-23 17:00,58545.628,56548.515
2025-06-23T16:00Z,2025-06-23 18:00,58021.210,57034.660
2025-06-23T17:00Z,2025-06-23 19:00,59381.169,57308.750
2025-06-23T18:00Z,2025-06-23 20:00,58875.529,56143.287
2025-06-23T19:00Z,2025-06-23 21:00,56642.890,53812.842
2025-06-23T20:00Z,2025-06-23 22:00,54204.290,50745.990
2025-06-23T21:00Z,2025-06-23 23:00,50854.177,47499.260
2025-06-23T22:00Z,2025-06-24 00:00,47059.105,45332.533
2025-06-23T23:00Z,2025-06-24 01:00,45131.557,43533.935
2025-06-24T00:00Z,2025-06-24 02:00,44216.067,42422.363
2025-06-24T01:00Z,2025-06-24 03:00,43919.563,42575.613
2025-06-24T02:00Z,2025-06-24 04:00,44587.465,43592.908
2025-06-24T03:00Z,2025-06-24 05:00,47522.783,45761.940
2025-06-24T04:00Z,2025-06-24 06:00,54572.798,51187.415
2025-06-24T05:00Z,2025-06-24 07:00,58780.467,55973.170
2025-06-24T06:00Z,2025-06-24 08:00,58975.189,59098.863
2025-06-24T07:00Z,2025-06-24 09:00,58543.243,60473.753
2025-06-24T08:00Z,2025-06-24 10:00,57615.832,60935.327
2025-06-24T09:00Z,2025-06-24 11:00,57803.173,61483.445
2025-06-24T10:00Z,2025-06-24 12:00,57472.621,61049.387
2025-06-24T11:00Z,2025-06-24 13:00,57279.561,59367.908
2025-06-24T12:00Z,2025-06-24 14:00,56799.528,58277.558
2025-06-24T13:00Z,2025-06-24 15:00,57030.882,57817.147
2025-06-24T14:00Z,2025-06-24 16:00,56844.887,56941.007
2025-06-24T15:00Z,2025-06-24 17:00,58737.819,56712.550
2025-06-24T16:00Z,2025-06-24 18:00,59833.925,56495.205
2025-06-24T17:00Z,2025-06-24 19:00,60014.115,56022.790
2025-06-24T18:00Z,2025-06-24 20:00,59209.360,55060.945
2025-06-24T19:00Z,2025-06-24 21:00,57096.465,53278.875
2025-06-24T20:00Z,2025-06-24 22:00,54180.344,50710.307
2025-06-24T21:00Z,2025-06-24 23:00,50835.823,47666.253
2025-06-24T22:00Z,2025-06-25 00:00,47781.211,45609.185
2025-06-24T23:00Z,2025-06-25 01:00,45541.694,44038.165
2025-06-25T00:00Z,2025-06-25 02:00,44151.211,43317.460
2025-06-25T01:00Z,2025-06-25 03:00,43559.907,43385.660
2025-06-25T02:00Z,2025-06-25 04:00,44623.340,44430.220
2025-06-25T03:00Z,2025-06-25 05:00,47163.948,45883.935
2025-06-25T04:00Z,2025-06-25 06:00,54572.371,51218.355
2025-06-25T05:00Z,2025-06-25 07:00,59615.468,56667.700
2025-06-25T06:00Z,2025-06-25 08:00,60855.558,60067.620
2025-06-25T07:00Z,2025-06-25 09:00,60088.645,61300.397
2025-06-25T08:00Z,2025-06-25 10:00,59309.856,61939.783
2025-06-25T09:00Z,2025-06-25 11:00,59887.348,62306.470
2025-06-25T10:00Z,2025-06-25 12:00,59149.269,61722.640
2025-06-25T11:00Z,2025-06-25 13:00,58469.412,61101.542
2025-06-25T12:00Z,2025-06-25 14:00,58671.609,59885.575
2025-06-25T13:00Z,2025-06-25 15:00,58627.606,58728.257
2025-06-25T14:00Z,2025-06-25 16:00,57940.575,57851.735
2025-06-25T15:00Z,2025-06-25 17:00,58418.711,58101.092
2025-06-25T16:00Z,2025-06-25 18:00,58876.295,58443.982
2025-06-25T17:00Z,2025-06-25 19:00,58918.848,58521.190
2025-06-25T18:00Z,2025-06-25 20:00,57922.743,56878.997
2025-06-25T19:00Z,2025-06-25 21:00,54892.549,54343.500
2025-06-25T20:00Z,2025-06-25 22:00,52709.244,51352.368
2025-06-25T21:00Z,2025-06-25 23:00,48981.192,48067.613
2025-06-25T22:00Z,2025-06-26 00:00,46123.550,45468.518
2025-06-25T23:00Z,2025-06-26 01:00,44227.752,43951.600
2025-06-26T00:00Z,2025-06-26 02:00,42887.794,43134.202
2025-06-26T01:00Z,2025-06-26 03:00,41569.121,43012.438
2025-06-26T02:00Z,2025-06-26 04:00,43349.634,43775.400
2025-06-26T03:00Z,2025-06-26 05:00,47019.811,45998.570
2025-06-26T04:00Z,2025-06-26 06:00,53628.123,51567.312
2025-06-26T05:00Z,2025-06-26 07:00,58439.029,56913.700
2025-06-26T06:00Z,2025-06-26 08:00,61473.440,60627.768
2025-06-26T07:00Z,2025-06-26 09:00,62188.005,62422.438
2025-06-26T08:00Z,2025-06-26 10:00,62386.670,63080.872
2025-06-26T09:00Z,2025-06-26 11:00,63143.266,63673.180
2025-06-26T10:00Z,2025-06-26 12:00,62469.341,63101.637
2025-06-26T11:00Z,2025-06-26 13:00,61508.493,61994.320
2025-06-26T12:00Z,2025-06-26 14:00,59775.575,60624.455
2025-06-26T13:00Z,2025-06-26 15:00,59460.952,59184.015
2025-06-26T14:00Z,2025-06-26 16:00,59619.743,58621.360
2025-06-26T15:00Z,2025-06-26 17:00,59180.426,58918.342
2025-06-26T16:00Z,2025-06-26 18:00,60450.342,58955.870
2025-06-26T17:00Z,2025-06-26 19:00,59202.944,58845.893
2025-06-26T18:00Z,2025-06-26 20:00,57616.416,57347.253
2025-06-26T19:00Z,2025-06-26 21:00,54863.211,55065.225
2025-06-26T20:00Z,2025-06-26 22:00,52686.198,51920.762
2025-06-26T21:00Z,2025-06-26 23:00,49927.276,48496.840
2025-06-26T22:00Z,2025-06-27 00:00,47349.056,46200.238
2025-06-26T23:00Z,2025-06-27 01:00,45889.410,44553.518
2025-06-27T00:00Z,2025-06-27 02:00,45751.122,43636.052
2025-06-27T01:00Z,2025-06-27 03:00,45783.519,43604.757
2025-06-27T02:00Z,2025-06-27 04:00,45980.506,44467.085
2025-06-27T03:00Z,2025-06-27 05:00,48301.066,46518.073
2025-06-27T04:00Z,2025-06-27 06:00,54139.064,52283.945
2025-06-27T05:00Z,2025-06-27 07:00,59119.282,57321.512
2025-06-27T06:00Z,2025-06-27 08:00,61302.740,59911.770
2025-06-27T07:00Z,2025-06-27 09:00,61189.213,61067.723
2025-06-27T08:00Z,2025-06-27 10:00,62173.393,61673.777
2025-06-27T09:00Z,2025-06-27 11:00,64417.786,61983.485
2025-06-27T10:00Z,2025-06-27 12:00,62541.637,61242.775
2025-06-27T11:00Z,2025-06-27 13:00,60850.848,59733.395
2025-06-27T12:00Z,2025-06-27 14:00,58321.847,57916.717
2025-06-27T13:00Z,2025-06-27 15:00,58531.196,57122.472
2025-06-27T14:00Z,2025-06-27 16:00,57249.193,56174.915
2025-06-27T15:00Z,2025-06-27 17:00,56686.695,56149.428
2025-06-27T16:00Z,2025-06-27 18:00,56825.649,56202.857
2025-06-27T17:00Z,2025-06-27 19:00,56543.609,55949.125
2025-06-27T18:00Z,2025-06-27 20:00,54405.811,54426.827
2025-06-27T19:00Z,2025-06-27 21:00,51929.781,52086.900
2025-06-27T20:00Z,2025-06-27 22:00,49897.997,49343.003
2025-06-27T21:00Z,2025-06-27 23:00,47390.647,46203.362
2025-06-27T22:00Z,2025-06-28 00:00,44713.870,42899.275
2025-06-27T23:00Z,2025-06-28 01:00,42302.901,40976.710
2025-06-28T00:00Z,2025-06-28 02:00,41007.403,39930.680
2025-06-28T01:00Z,2025-06-28 03:00,40084.081,39455.393
2025-06-28T02:00Z,2025-06-28 04:00,39535.790,39529.850
2025-06-28T03:00Z,2025-06-28 05:00,39257.516,38806.290
2025-06-28T04:00Z,2025-06-28 06:00,41426.701,39966.978
2025-06-28T05:00Z,2025-06-28 07:00,44714.680,42727.787
2025-06-28T06:00Z,2025-06-28 08:00,48048.494,46446.717
2025-06-28T07:00Z,2025-06-28 09:00,50270.577,49291.622
2025-06-28T08:00Z,2025-06-28 10:00,51506.410,50585.950
2025-06-28T09:00Z,2025-06-28 11:00,50296.147,51473.080
2025-06-28T10:00Z,2025-06-28 12:00,49158.031,51076.342
2025-06-28T11:00Z,2025-06-28 13:00,47968.778,49847.562
2025-06-28T12:00Z,2025-06-28 14:00,47307.804,48504.030
2025-06-28T13:00Z,2025-06-28 15:00,46872.781,47067.570
2025-06-28T14:00Z,2025-06-28 16:00,46810.543,46475.732
2025-06-28T15:00Z,2025-06-28 17:00,48569.294,46883.887
2025-06-28T16:00Z,2025-06-28 18:00,49664.523,47809.708
2025-06-28T17:00Z,2025-06-28 19:00,49791.276,47452.857
2025-06-28T18:00Z,2025-06-28 20:00,48624.303,46641.235
2025-06-28T19:00Z,2025-06-28 21:00,47027.853,45209.375
2025-06-28T20:00Z,2025-06-28 22:00,46217.418,43269.848
2025-06-28T21:00Z,2025-06-28 23:00,44009.318,41041.777
2025-06-28T22:00Z,2025-06-29 00:00,42169.639,40412.177
2025-06-28T23:00Z,2025-06-29 01:00,40128.062,38638.510
2025-06-29T00:00Z,2025-06-29 02:00,38580.174,37760.363
2025-06-29T01:00Z,2025-06-29 03:00,37902.542,37320.072
2025-06-29T02:00Z,2025-06-29 04:00,37437.369,37330.118
2025-06-29T03:00Z,2025-06-29 05:00,37071.902,36976.757
2025-06-29T04:00Z,2025-06-29 06:00,38337.971,38623.735
2025-06-29T05:00Z,2025-06-29 07:00,40446.816,41298.410
2025-06-29T06:00Z,2025-06-29 08:00,43581.393,44114.932
2025-06-29T07:00Z,2025-06-29 09:00,44208.277,46871.650
2025-06-29T08:00Z,2025-06-29 10:00,45882.129,48519.777
2025-06-29T09:00Z,2025-06-29 11:00,45172.744,49470.210
2025-06-29T10:00Z,2025-06-29 12:00,45354.319,49101.717
2025-06-29T11:00Z,2025-06-29 13:00,44784.004,47786.050
2025-06-29T12:00Z,2025-06-29 14:00,43603.161,46430.150
2025-06-29T13:00Z,2025-06-29 15:00,44052.785,45616.405
2025-06-29T14:00Z,2025-06-29 16:00,44267.251,45591.368
2025-06-29T15:00Z,2025-06-29 17:00,47605.010,46464.738
2025-06-29T16:00Z,2025-06-29 18:00,49374.205,47575.610
2025-06-29T17:00Z,2025-06-29 19:00,49656.406,48028.270
2025-06-29T18:00Z,2025-06-29 20:00,49497.319,47877.805
2025-06-29T19:00Z,2025-06-29 21:00,48411.184,46864.950
2025-06-29T20:00Z,2025-06-29 22:00,48309.037,45251.122
2025-06-29T21:00Z,2025-06-29 23:00,45762.059,43089.875
2025-06-29T22:00Z,2025-06-30 00:00,43267.448,40969.917
2025-06-29T23:00Z,2025-06-30 01:00,41600.718,39928.823
2025-06-30T00:00Z,2025-06-30 02:00,40837.517,39301.940
2025-06-30T01:00Z,2025-06-30 03:00,40269.246,39641.510
2025-06-30T02:00Z,2025-06-30 04:00,41039.595,40813.003
2025-06-30T03:00Z,2025-06-30 05:00,44080.012,43932.695
2025-06-30T04:00Z,2025-06-30 06:00,51483.644,51185.643
2025-06-30T05:00Z,2025-06-30 07:00,56883.213,56719.205
2025-06-30T06:00Z,2025-06-30 08:00,60516.035,60490.800
2025-06-30T07:00Z,2025-06-30 09:00,60488.998,61923.620
2025-06-30T08:00Z,2025-06-30 10:00,59601.604,62554.260
2025-06-30T09:00Z,2025-06-30 11:00,59045.904,62740.365
2025-06-30T10:00Z,2025-06-30 12:00,58289.258,61988.360
2025-06-30T11:00Z,2025-06-30 13:00,57768.796,61388.312
2025-06-30T12:00Z,2025-06-30 14:00,56760.684,59673.473
2025-06-30T13:00Z,2025-06-30 15:00,57050.323,58408.147
2025-06-30T14:00Z,2025-06-30 16:00,55943.632,57642.482
2025-06-30T15:00Z,2025-06-30 17:00,56843.707,57480.478
2025-06-30T16:00Z,2025-06-30 18:00,57679.193,57791.580
2025-06-30T17:00Z,2025-06-30 19:00,57584.137,57852.033
2025-06-30T18:00Z,2025-06-30 20:00,56769.993,56586.607
2025-06-30T19:00Z,2025-06-30 21:00,54578.584,54178.673
2025-06-30T20:00Z,2025-06-30 22:00,52289.037,50975.155
2025-06-30T21:00Z,2025-06-30 23:00,48418.230,47639.575
2025-06-30T22:00Z,2025-07-01 00:00,46038.448,45633.860
2025-06-30T23:00Z,2025-07-01 01:00,44783.984,44096.732
2025-07-01T00:00Z,2025-07-01 02:00,43570.535,42968.122
2025-07-01T01:00Z,2025-07-01 03:00,43980.330,43077.145
2025-07-01T02:00Z,2025-07-01 04:00,45033.667,44073.525
2025-07-01T03:00Z,2025-07-01 05:00,47365.196,45860.412
2025-07-01T04:00Z,2025-07-01 06:00,53849.130,51377.000
2025-07-01T05:00Z,2025-07-01 07:00,58663.234,56725.948
2025-07-01T06:00Z,2025-07-01 08:00,61387.260,59738.303
2025-07-01T07:00Z,2025-07-01 09:00,61525.333,61066.320
2025-07-01T08:00Z,2025-07-01 10:00,60390.188,61691.280
2025-07-01T09:00Z,2025-07-01 11:00,60878.884,62215.125
2025-07-01T10:00Z,2025-07-01 12:00,60119.143,61494.912
2025-07-01T11:00Z,2025-07-01 13:00,59420.446,60181.643
2025-07-01T12:00Z,2025-07-01 14:00,59008.784,58745.935
2025-07-01T13:00Z,2025-07-01 15:00,58448.561,57880.503
2025-07-01T14:00Z,2025-07-01 16:00,59235.836,57190.660
2025-07-01T15:00Z,2025-07-01 17:00,59917.845,56747.070
2025-07-01T16:00Z,2025-07-01 18:00,59513.632,57200.622
2025-07-01T17:00Z,2025-07-01 19:00,59312.526,57262.162
2025-07-01T18:00Z,2025-07-01 20:00,58183.190,56385.643
2025-07-01T19:00Z,2025-07-01 21:00,55854.070,54383.753
2025-07-01T20:00Z,2025-07-01 22:00,54289.649,51692.025
2025-07-01T21:00Z,2025-07-01 23:00,50766.400,48579.015
2025-07-01T22:00Z,2025-07-02 00:00,47864.654,45746.708
2025-07-01T23:00Z,2025-07-02 01:00,46344.962,44399.110
2025-07-02T00:00Z,2025-07-02 02:00,45505.069,43629.848
2025-07-02T01:00Z,2025-07-02 03:00,45252.554,43446.580
2025-07-02T02:00Z,2025-07-02 04:00,45564.630,44518.150
2025-07-02T03:00Z,2025-07-02 05:00,48493.594,46809.603
2025-07-02T04:00Z,2025-07-02 06:00,55349.102,52487.525
2025-07-02T05:00Z,2025-07-02 07:00,60456.588,58077.310
2025-07-02T06:00Z,2025-07-02 08:00,62641.195,61775.580
2025-07-02T07:00Z,2025-07-02 09:00,61935.910,63106.195
2025-07-02T08:00Z,2025-07-02 10:00,62410.642,63445.963
2025-07-02T09:00Z,2025-07-02 11:00,61353.438,63735.080
2025-07-02T10:00Z,2025-07-02 12:00,60683.930,62627.690
2025-07-02T11:00Z,2025-07-02 13:00,60513.388,61924.870
2025-07-02T12:00Z,2025-07-02 14:00,59133.471,60073.295
2025-07-02T13:00Z,2025-07-02 15:00,59412.143,58605.840
2025-07-02T14:00Z,2025-07-02 16:00,59781.935,57595.585
2025-07-02T15:00Z,2025-07-02 17:00,60756.067,57121.050
2025-07-02T16:00Z,2025-07-02 18:00,60057.122,57576.550
2025-07-02T17:00Z,2025-07-02 19:00,59507.383,57777.673
2025-07-02T18:00Z,2025-07-02 20:00,59592.279,56404.497
2025-07-02T19:00Z,2025-07-02 21:00,58530.826,54539.527
2025-07-02T20:00Z,2025-07-02 22:00,55871.184,51408.803
2025-07-02T21:00Z,2025-07-02 23:00,52573.126,48193.835
2025-07-02T22:00Z,2025-07-03 00:00,49444.904,47171.837
2025-07-02T23:00Z,2025-07-03 01:00,47598.519,45535.408
2025-07-03T00:00Z,2025-07-03 02:00,45464.464,44606.232
2025-07-03T01:00Z,2025-07-03 03:00,44336.254,44620.465
2025-07-03T02:00Z,2025-07-03 04:00,45375.212,45247.463
2025-07-03T03:00Z,2025-07-03 05:00,49320.823,46686.570
2025-07-03T04:00Z,2025-07-03 06:00,56610.254,51520.510
2025-07-03T05:00Z,2025-07-03 07:00,60417.034,56052.692
2025-07-03T06:00Z,2025-07-03 08:00,63377.530,59083.810
2025-07-03T07:00Z,2025-07-03 09:00,64237.692,60715.678
2025-07-03T08:00Z,2025-07-03 10:00,64636.998,61285.872
2025-07-03T09:00Z,2025-07-03 11:00,64688.135,61632.975
2025-07-03T10:00Z,2025-07-03 12:00,62602.488,61202.995
2025-07-03T11:00Z,2025-07-03 13:00,61476.394,60630.460
2025-07-03T12:00Z,2025-07-03 14:00,60306.876,59442.895
2025-07-03T13:00Z,2025-07-03 15:00,58765.615,58348.300
2025-07-03T14:00Z,2025-07-03 16:00,57558.492,57643.830
2025-07-03T15:00Z,2025-07-03 17:00,58963.879,57094.675
2025-07-03T16:00Z,2025-07-03 18:00,60380.889,57604.040
2025-07-03T17:00Z,2025-07-03 19:00,60071.665,57005.905
2025-07-03T18:00Z,2025-07-03 20:00,58107.111,55885.217
2025-07-03T19:00Z,2025-07-03 21:00,55376.306,54071.007
2025-07-03T20:00Z,2025-07-03 22:00,52759.720,51495.022
2025-07-03T21:00Z,2025-07-03 23:00,49523.054,48382.615
2025-07-03T22:00Z,2025-07-04 00:00,47290.325,46780.415
2025-07-03T23:00Z,2025-07-04 01:00,45046.055,45260.085
2025-07-04T00:00Z,2025-07-04 02:00,43862.300,44376.380
2025-07-04T01:00Z,2025-07-04 03:00,43738.972,44226.958
2025-07-04T02:00Z,2025-07-04 04:00,44380.109,45156.978
2025-07-04T03:00Z,2025-07-04 05:00,47295.045,47287.618
2025-07-04T04:00Z,2025-07-04 06:00,53202.833,53146.493
2025-07-04T05:00Z,2025-07-04 07:00,57862.720,57888.868
2025-07-04T06:00Z,2025-07-04 08:00,60750.309,60860.708
2025-07-04T07:00Z,2025-07-04 09:00,60081.007,61987.137
2025-07-04T08:00Z,2025-07-04 10:00,59783.239,62451.973
2025-07-04T09:00Z,2025-07-04 11:00,59600.633,63296.435
2025-07-04T10:00Z,2025-07-04 12:00,58694.145,62587.950
2025-07-04T11:00Z,2025-07-04 13:00,57133.823,61336.378
2025-07-04T12:00Z,2025-07-04 14:00,56311.876,59873.908
2025-07-04T13:00Z,2025-07-04 15:00,55837.127,58749.085
2025-07-04T14:00Z,2025-07-04 16:00,55500.570,57739.780
2025-07-04T15:00Z,2025-07-04 17:00,55492.057,57794.072
2025-07-04T16:00Z,2025-07-04 18:00,55685.894,58061.073
2025-07-04T17:00Z,2025-07-04 19:00,55614.711,57069.878
2025-07-04T18:00Z,2025-07-04 20:00,54441.974,55407.750
2025-07-04T19:00Z,2025-07-04 21:00,52059.870,53071.497
2025-07-04T20:00Z,2025-07-04 22:00,50237.325,50352.033
2025-07-04T21:00Z,2025-07-04 23:00,47720.595,47338.122
2025-07-04T22:00Z,2025-07-05 00:00,44593.940,43978.118
2025-07-04T23:00Z,2025-07-05 01:00,42010.371,41842.243
2025-07-05T00:00Z,2025-07-05 02:00,40235.268,40850.380
2025-07-05T01:00Z,2025-07-05 03:00,39866.983,40393.838
2025-07-05T02:00Z,2025-07-05 04:00,39989.683,40323.415
2025-07-05T03:00Z,2025-07-05 05:00,39947.574,40128.062
2025-07-05T04:00Z,2025-07-05 06:00,42660.347,41591.145
2025-07-05T05:00Z,2025-07-05 07:00,45049.650,44355.493
2025-07-05T06:00Z,2025-07-05 08:00,47739.145,47796.292
2025-07-05T07:00Z,2025-07-05 09:00,49756.844,50393.275
2025-07-05T08:00Z,2025-07-05 10:00,50692.486,51673.058
2025-07-05T09:00Z,2025-07-05 11:00,50791.690,52235.435
2025-07-05T10:00Z,2025-07-05 12:00,49030.209,51746.435
2025-07-05T11:00Z,2025-07-05 13:00,47471.219,50528.312
2025-07-05T12:00Z,2025-07-05 14:00,46625.205,49099.787
2025-07-05T13:00Z,2025-07-05 15:00,46362.704,48137.253
2025-07-05T14:00Z,2025-07-05 16:00,46617.007,48031.985
2025-07-05T15:00Z,2025-07-05 17:00,47942.021,48842.435
2025-07-05T16:00Z,2025-07-05 18:00,49008.431,49312.202
2025-07-05T17:00Z,2025-07-05 19:00,49385.085,49500.250
2025-07-05T18:00Z,2025-07-05 20:00,47776.986,48467.470
2025-07-05T19:00Z,2025-07-05 21:00,45793.712,46921.607
2025-07-05T20:00Z,2025-07-05 22:00,44789.949,45169.097
2025-07-05T21:00Z,2025-07-05 23:00,42601.214,42857.205
2025-07-05T22:00Z,2025-07-06 00:00,40868.449,41344.970
2025-07-05T23:00Z,2025-07-06 01:00,38981.706,39656.028
2025-07-06T00:00Z,2025-07-06 02:00,37669.243,38696.475
2025-07-06T01:00Z,2025-07-06 03:00,36837.127,38233.860
2025-07-06T02:00Z,2025-07-06 04:00,36256.473,38206.963
2025-07-06T03:00Z,2025-07-06 05:00,35956.204,38348.783
2025-07-06T04:00Z,2025-07-06 06:00,36977.094,40081.973
2025-07-06T05:00Z,2025-07-06 07:00,38672.206,42885.320
2025-07-06T06:00Z,2025-07-06 08:00,41395.718,45923.545
2025-07-06T07:00Z,2025-07-06 09:00,44230.600,48518.745
2025-07-06T08:00Z,2025-07-06 10:00,46570.807,50402.632
2025-07-06T09:00Z,2025-07-06 11:00,48040.158,51265.800
2025-07-06T10:00Z,2025-07-06 12:00,47716.947,50890.662
2025-07-06T11:00Z,2025-07-06 13:00,46987.580,49697.902
2025-07-06T12:00Z,2025-07-06 14:00,45685.645,48060.497
2025-07-06T13:00Z,2025-07-06 15:00,45880.927,47077.327
2025-07-06T14:00Z,2025-07-06 16:00,46189.592,46893.853
2025-07-06T15:00Z,2025-07-06 17:00,46368.167,47752.435
2025-07-06T16:00Z,2025-07-06 18:00,47827.874,48362.160
2025-07-06T17:00Z,2025-07-06 19:00,47959.687,49153.312
2025-07-06T18:00Z,2025-07-06 20:00,46922.628,49732.550
2025-07-06T19:00Z,2025-07-06 21:00,46267.690,48549.798
2025-07-06T20:00Z,2025-07-06 22:00,46352.792,47140.610
2025-07-06T21:00Z,2025-07-06 23:00,43887.003,44901.857
2025-07-06T22:00Z,2025-07-07 00:00,41940.938,41973.530
2025-07-06T23:00Z,2025-07-07 01:00,40237.954,40996.265
2025-07-07T00:00Z,2025-07-07 02:00,40028.575,40543.870
2025-07-07T01:00Z,2025-07-07 03:00,40545.322,40751.130
2025-07-07T02:00Z,2025-07-07 04:00,41851.956,41886.560
2025-07-07T03:00Z,2025-07-07 05:00,44398.315,45426.598
2025-07-07T04:00Z,2025-07-07 06:00,51579.952,52773.065
2025-07-07T05:00Z,2025-07-07 07:00,56687.034,58247.240
2025-07-07T06:00Z,2025-07-07 08:00,60039.084,61343.405
2025-07-07T07:00Z,2025-07-07 09:00,61448.845,62874.705
2025-07-07T08:00Z,2025-07-07 10:00,61675.382,63383.465
2025-07-07T09:00Z,2025-07-07 11:00,61985.113,63381.173
2025-07-07T10:00Z,2025-07-07 12:00,61920.039,62460.970
2025-07-07T11:00Z,2025-07-07 13:00,60726.901,61604.923
2025-07-07T12:00Z,2025-07-07 14:00,58870.395,60292.540
2025-07-07T13:00Z,2025-07-07 15:00,58005.993,59122.830
2025-07-07T14:00Z,2025-07-07 16:00,57755.631,58660.965
2025-07-07T15:00Z,2025-07-07 17:00,59186.042,58467.882
2025-07-07T16:00Z,2025-07-07 18:00,59335.515,58299.353
2025-07-07T17:00Z,2025-07-07 19:00,58075.605,58539.857
2025-07-07T18:00Z,2025-07-07 20:00,56092.691,57104.330
2025-07-07T19:00Z,2025-07-07 21:00,54157.405,54942.610
2025-07-07T20:00Z,2025-07-07 22:00,51152.357,52134.338
2025-07-07T21:00Z,2025-07-07 23:00,47742.532,48608.050
2025-07-07T22:00Z,2025-07-08 00:00,45247.351,47272.550
2025-07-07T23:00Z,2025-07-08 01:00,43613.610,45933.573
2025-07-08T00:00Z,2025-07-08 02:00,42624.142,44862.985
2025-07-08T01:00Z,2025-07-08 03:00,42552.164,44793.808
2025-07-08T02:00Z,2025-07-08 04:00,43608.915,45597.818
2025-07-08T03:00Z,2025-07-08 05:00,46705.683,47693.473
2025-07-08T04:00Z,2025-07-08 06:00,52773.000,53169.318
2025-07-08T05:00Z,2025-07-08 07:00,57435.736,58690.438
2025-07-08T06:00Z,2025-07-08 08:00,59846.364,61709.475
2025-07-08T07:00Z,2025-07-08 09:00,60631.192,62981.562
2025-07-08T08:00Z,2025-07-08 10:00,61121.726,63872.293
2025-07-08T09:00Z,2025-07-08 11:00,61288.929,64064.412
2025-07-08T10:00Z,2025-07-08 12:00,60463.808,62763.848
2025-07-08T11:00Z,2025-07-08 13:00,59734.472,61557.685
2025-07-08T12:00Z,2025-07-08 14:00,58301.886,60356.618
2025-07-08T13:00Z,2025-07-08 15:00,57035.384,59803.533
2025-07-08T14:00Z,2025-07-08 16:00,56279.776,59030.958
2025-07-08T15:00Z,2025-07-08 17:00,57250.014,58732.985
2025-07-08T16:00Z,2025-07-08 18:00,57711.340,58553.807
2025-07-08T17:00Z,2025-07-08 19:00,57146.644,58388.920
2025-07-08T18:00Z,2025-07-08 20:00,55161.132,57170.338
2025-07-08T19:00Z,2025-07-08 21:00,52454.772,55550.685
2025-07-08T20:00Z,2025-07-08 22:00,50280.526,53190.370
2025-07-08T21:00Z,2025-07-08 23:00,46816.493,49886.493
2025-07-08T22:00Z,2025-07-09 00:00,44388.972,45531.707
2025-07-08T23:00Z,2025-07-09 01:00,42653.739,44173.120
2025-07-09T00:00Z,2025-07-09 02:00,41083.151,43418.370
2025-07-09T01:00Z,2025-07-09 03:00,41057.827,43514.065
2025-07-09T02:00Z,2025-07-09 04:00,42158.542,44668.260
2025-07-09T03:00Z,2025-07-09 05:00,45462.789,46926.122
2025-07-09T04:00Z,2025-07-09 06:00,51746.290,52392.512
2025-07-09T05:00Z,2025-07-09 07:00,56655.529,58031.527
2025-07-09T06:00Z,2025-07-09 08:00,59378.710,61043.472
2025-07-09T07:00Z,2025-07-09 09:00,60078.306,62173.370
2025-07-09T08:00Z,2025-07-09 10:00,60362.349,62726.552
2025-07-09T09:00Z,2025-07-09 11:00,60498.281,62602.647
2025-07-09T10:00Z,2025-07-09 12:00,60549.261,61035.380
2025-07-09T11:00Z,2025-07-09 13:00,59066.466,60250.810
2025-07-09T12:00Z,2025-07-09 14:00,57599.871,58542.080
2025-07-09T13:00Z,2025-07-09 15:00,57052.409,57470.092
2025-07-09T14:00Z,2025-07-09 16:00,55712.558,56840.622
2025-07-09T15:00Z,2025-07-09 17:00,56004.487,56794.738
2025-07-09T16:00Z,2025-07-09 18:00,56924.762,56105.872
2025-07-09T17:00Z,2025-07-09 19:00,56129.157,56490.757
2025-07-09T18:00Z,2025-07-09 20:00,54855.502,55162.035
2025-07-09T19:00Z,2025-07-09 21:00,52850.813,53395.820
2025-07-09T20:00Z,2025-07-09 22:00,50505.432,50383.175
2025-07-09T21:00Z,2025-07-09 23:00,46943.895,47455.868
2025-07-09T22:00Z,2025-07-10 00:00,43799.747,45131.275
2025-07-09T23:00Z,2025-07-10 01:00,42198.092,43628.350
2025-07-10T00:00Z,2025-07-10 02:00,41236.692,42974.802
2025-07-10T01:00Z,2025-07-10 03:00,41262.101,42778.243
2025-07-10T02:00Z,2025-07-10 04:00,42171.112,43622.805
2025-07-10T03:00Z,2025-07-10 05:00,44986.638,45471.370
2025-07-10T04:00Z,2025-07-10 06:00,51596.851,50140.853
2025-07-10T05:00Z,2025-07-10 07:00,56146.486,55326.330
2025-07-10T06:00Z,2025-07-10 08:00,58568.775,58794.897
2025-07-10T07:00Z,2025-07-10 09:00,58302.713,60739.165
2025-07-10T08:00Z,2025-07-10 10:00,58702.032,61344.098
2025-07-10T09:00Z,2025-07-10 11:00,58354.126,61736.628
2025-07-10T10:00Z,2025-07-10 12:00,57435.429,61330.432
2025-07-10T11:00Z,2025-07-10 13:00,56474.851,60299.803
2025-07-10T12:00Z,2025-07-10 14:00,55745.019,59217.882
2025-07-10T13:00Z,2025-07-10 15:00,55354.784,58219.692
2025-07-10T14:00Z,2025-07-10 16:00,55601.312,57779.967
2025-07-10T15:00Z,2025-07-10 17:00,56045.334,58096.783
2025-07-10T16:00Z,2025-07-10 18:00,56300.024,58053.298
2025-07-10T17:00Z,2025-07-10 19:00,55754.803,57588.905
2025-07-10T18:00Z,2025-07-10 20:00,54634.779,55689.690
2025-07-10T19:00Z,2025-07-10 21:00,52777.255,53557.080
2025-07-10T20:00Z,2025-07-10 22:00,50969.830,50416.955
2025-07-10T21:00Z,2025-07-10 23:00,47459.913,47261.060
2025-07-10T22:00Z,2025-07-11 00:00,45187.024,45325.680
2025-07-10T23:00Z,2025-07-11 01:00,43365.795,43823.432
2025-07-11T00:00Z,2025-07-11 02:00,42078.843,43164.283
2025-07-11T01:00Z,2025-07-11 03:00,42336.765,43168.845
2025-07-11T02:00Z,2025-07-11 04:00,43173.771,44111.540
2025-07-11T03:00Z,2025-07-11 05:00,45768.554,46819.033
2025-07-11T04:00Z,2025-07-11 06:00,52353.509,52558.495
2025-07-11T05:00Z,2025-07-11 07:00,57548.218,57292.777
2025-07-11T06:00Z,2025-07-11 08:00,60900.545,60092.213
2025-07-11T07:00Z,2025-07-11 09:00,61228.141,61005.455
2025-07-11T08:00Z,2025-07-11 10:00,60273.840,62334.655
2025-07-11T09:00Z,2025-07-11 11:00,60496.611,62487.372
2025-07-11T10:00Z,2025-07-11 12:00,59402.423,61541.042
2025-07-11T11:00Z,2025-07-11 13:00,57399.781,60479.000
2025-07-11T12:00Z,2025-07-11 14:00,56159.047,59085.928
2025-07-11T13:00Z,2025-07-11 15:00,55961.863,57564.128
2025-07-11T14:00Z,2025-07-11 16:00,56068.046,56986.803
2025-07-11T15:00Z,2025-07-11 17:00,56511.577,56362.833
2025-07-11T16:00Z,2025-07-11 18:00,56389.435,56208.035
2025-07-11T17:00Z,2025-07-11 19:00,55029.259,55779.423
2025-07-11T18:00Z,2025-07-11 20:00,53337.198,54082.260
2025-07-11T19:00Z,2025-07-11 21:00,50957.251,51736.338
2025-07-11T20:00Z,2025-07-11 22:00,48498.205,48976.660
2025-07-11T21:00Z,2025-07-11 23:00,45044.260,45934.952
2025-07-11T22:00Z,2025-07-12 00:00,42955.716,43232.842
2025-07-11T23:00Z,2025-07-12 01:00,40737.775,41269.060
2025-07-12T00:00Z,2025-07-12 02:00,39739.540,40106.210
2025-07-12T01:00Z,2025-07-12 03:00,39383.816,39553.630
2025-07-12T02:00Z,2025-07-12 04:00,38863.489,39243.725
2025-07-12T03:00Z,2025-07-12 05:00,38874.132,40122.345
2025-07-12T04:00Z,2025-07-12 06:00,40637.236,42431.360
2025-07-12T05:00Z,2025-07-12 07:00,43593.008,44962.942
2025-07-12T06:00Z,2025-07-12 08:00,47363.904,47970.545
2025-07-12T07:00Z,2025-07-12 09:00,49693.620,50388.272
2025-07-12T08:00Z,2025-07-12 10:00,50991.795,51651.070
2025-07-12T09:00Z,2025-07-12 11:00,50702.512,51870.128
2025-07-12T10:00Z,2025-07-12 12:00,49088.016,51554.262
2025-07-12T11:00Z,2025-07-12 13:00,47669.534,50019.067
2025-07-12T12:00Z,2025-07-12 14:00,47190.597,48181.198
2025-07-12T13:00Z,2025-07-12 15:00,46750.364,47360.262
2025-07-12T14:00Z,2025-07-12 16:00,47221.804,47829.357
2025-07-12T15:00Z,2025-07-12 17:00,47616.556,48387.467
2025-07-12T16:00Z,2025-07-12 18:00,48819.840,48821.662
2025-07-12T17:00Z,2025-07-12 19:00,48691.160,49576.802
2025-07-12T18:00Z,2025-07-12 20:00,47689.385,48568.795
2025-07-12T19:00Z,2025-07-12 21:00,46003.488,47030.140
2025-07-12T20:00Z,2025-07-12 22:00,44751.338,45448.542
2025-07-12T21:00Z,2025-07-12 23:00,42312.290,43282.198
2025-07-12T22:00Z,2025-07-13 00:00,39710.558,41504.190
2025-07-12T23:00Z,2025-07-13 01:00,37962.051,39911.423
2025-07-13T00:00Z,2025-07-13 02:00,36912.791,38876.100
2025-07-13T01:00Z,2025-07-13 03:00,36199.309,38374.717
2025-07-13T02:00Z,2025-07-13 04:00,36030.820,38131.342
2025-07-13T03:00Z,2025-07-13 05:00,36061.150,37956.675
2025-07-13T04:00Z,2025-07-13 06:00,36692.855,39187.518
2025-07-13T05:00Z,2025-07-13 07:00,38346.418,41775.202
2025-07-13T06:00Z,2025-07-13 08:00,41391.693,44819.380
2025-07-13T07:00Z,2025-07-13 09:00,43783.434,47469.963
2025-07-13T08:00Z,2025-07-13 10:00,45777.917,49295.305
2025-07-13T09:00Z,2025-07-13 11:00,46905.121,50382.545
2025-07-13T10:00Z,2025-07-13 12:00,46362.454,50430.050
2025-07-13T11:00Z,2025-07-13 13:00,44692.473,49437.808
2025-07-13T12:00Z,2025-07-13 14:00,43311.355,48206.350
2025-07-13T13:00Z,2025-07-13 15:00,42274.323,47982.390
2025-07-13T14:00Z,2025-07-13 16:00,42655.292,47565.878
2025-07-13T15:00Z,2025-07-13 17:00,43419.882,48128.938
2025-07-13T16:00Z,2025-07-13 18:00,45274.522,48878.055
2025-07-13T17:00Z,2025-07-13 19:00,46361.372,48890.195
2025-07-13T18:00Z,2025-07-13 20:00,45931.622,48202.458
2025-07-13T19:00Z,2025-07-13 21:00,45489.905,47347.230
2025-07-13T20:00Z,2025-07-13 22:00,45303.887,45986.965
2025-07-13T21:00Z,2025-07-13 23:00,42595.514,43669.475
2025-07-13T22:00Z,2025-07-14 00:00,40355.520,41143.235
2025-07-13T23:00Z,2025-07-14 01:00,38555.675,39911.990
2025-07-14T00:00Z,2025-07-14 02:00,37823.271,39382.588
2025-07-14T01:00Z,2025-07-14 03:00,37664.611,39679.850
2025-07-14T02:00Z,2025-07-14 04:00,38571.095,40842.012
2025-07-14T03:00Z,2025-07-14 05:00,41371.751,44025.620
2025-07-14T04:00Z,2025-07-14 06:00,48505.745,50747.012
2025-07-14T05:00Z,2025-07-14 07:00,54177.500,56527.730
2025-07-14T06:00Z,2025-07-14 08:00,57947.763,60603.048
2025-07-14T07:00Z,2025-07-14 09:00,59145.629,62324.857
2025-07-14T08:00Z,2025-07-14 10:00,59951.772,63176.452
2025-07-14T09:00Z,2025-07-14 11:00,60023.830,63896.838
2025-07-14T10:00Z,2025-07-14 12:00,59926.613,63155.045
2025-07-14T11:00Z,2025-07-14 13:00,59165.736,62239.125
2025-07-14T12:00Z,2025-07-14 14:00,57955.322,60982.448
2025-07-14T13:00Z,2025-07-14 15:00,56756.783,59554.210
2025-07-14T14:00Z,2025-07-14 16:00,55844.159,58158.895
2025-07-14T15:00Z,2025-07-14 17:00,56212.643,57475.325
2025-07-14T16:00Z,2025-07-14 18:00,56564.241,57248.075
2025-07-14T17:00Z,2025-07-14 19:00,56260.572,57121.042
2025-07-14T18:00Z,2025-07-14 20:00,54495.935,55824.057
2025-07-14T19:00Z,2025-07-14 21:00,52190.980,53483.295
2025-07-14T20:00Z,2025-07-14 22:00,49779.430,50658.737
2025-07-14T21:00Z,2025-07-14 23:00,46483.799,47430.738
2025-07-14T22:00Z,2025-07-15 00:00,44178.139,45157.255
2025-07-14T23:00Z,2025-07-15 01:00,41802.907,43547.910
2025-07-15T00:00Z,2025-07-15 02:00,40303.656,42405.997
2025-07-15T01:00Z,2025-07-15 03:00,40411.405,42468.243
2025-07-15T02:00Z,2025-07-15 04:00,41377.131,43103.188
2025-07-15T03:00Z,2025-07-15 05:00,43692.949,45492.512
2025-07-15T04:00Z,2025-07-15 06:00,49570.834,51056.467
2025-07-15T05:00Z,2025-07-15 07:00,54766.753,56337.568
2025-07-15T06:00Z,2025-07-15 08:00,57499.156,59829.213
2025-07-15T07:00Z,2025-07-15 09:00,58185.511,61305.137
2025-07-15T08:00Z,2025-07-15 10:00,59286.255,62344.757
2025-07-15T09:00Z,2025-07-15 11:00,59822.875,62983.402
2025-07-15T10:00Z,2025-07-15 12:00,57677.514,62198.080
2025-07-15T11:00Z,2025-07-15 13:00,56883.941,60872.848
2025-07-15T12:00Z,2025-07-15 14:00,55149.928,59740.705
2025-07-15T13:00Z,2025-07-15 15:00,56422.647,59143.655
2025-07-15T14:00Z,2025-07-15 16:00,54945.689,58339.895
2025-07-15T15:00Z,2025-07-15 17:00,55563.353,57857.080
2025-07-15T16:00Z,2025-07-15 18:00,55977.911,57582.175
2025-07-15T17:00Z,2025-07-15 19:00,56581.259,56650.915
2025-07-15T18:00Z,2025-07-15 20:00,54629.659,55233.155
2025-07-15T19:00Z,2025-07-15 21:00,52463.898,53152.688
2025-07-15T20:00Z,2025-07-15 22:00,49734.774,50575.980
2025-07-15T21:00Z,2025-07-15 23:00,46456.774,47392.000
2025-07-15T22:00Z,2025-07-16 00:00,44002.372,44726.603
2025-07-15T23:00Z,2025-07-16 01:00,42783.552,43126.098
2025-07-16T00:00Z,2025-07-16 02:00,41708.639,42222.000
2025-07-16T01:00Z,2025-07-16 03:00,41425.765,42324.228
2025-07-16T02:00Z,2025-07-16 04:00,42023.131,43204.497
2025-07-16T03:00Z,2025-07-16 05:00,45329.435,45205.095
2025-07-16T04:00Z,2025-07-16 06:00,52119.236,50462.305
2025-07-16T05:00Z,2025-07-16 07:00,57098.243,55847.530
2025-07-16T06:00Z,2025-07-16 08:00,60110.356,58873.312
2025-07-16T07:00Z,2025-07-16 09:00,61161.713,60053.723
2025-07-16T08:00Z,2025-07-16 10:00,61829.870,61184.622
2025-07-16T09:00Z,2025-07-16 11:00,61528.321,61639.335
2025-07-16T10:00Z,2025-07-16 12:00,60325.524,60504.458
2025-07-16T11:00Z,2025-07-16 13:00,59185.271,59268.777
2025-07-16T12:00Z,2025-07-16 14:00,58021.939,57906.908
2025-07-16T13:00Z,2025-07-16 15:00,56835.249,57067.400
2025-07-16T14:00Z,2025-07-16 16:00,56301.331,56586.822
2025-07-16T15:00Z,2025-07-16 17:00,56785.864,56513.887
2025-07-16T16:00Z,2025-07-16 18:00,56934.535,56342.190
2025-07-16T17:00Z,2025-07-16 19:00,55479.443,56190.130
2025-07-16T18:00Z,2025-07-16 20:00,53370.666,54509.460
2025-07-16T19:00Z,2025-07-16 21:00,51423.610,52628.588
2025-07-16T20:00Z,2025-07-16 22:00,49063.840,49635.607
2025-07-16T21:00Z,2025-07-16 23:00,45971.628,46702.090
2025-07-16T22:00Z,2025-07-17 00:00,43538.583,44224.448
2025-07-16T23:00Z,2025-07-17 01:00,41880.135,42763.262
2025-07-17T00:00Z,2025-07-17 02:00,41197.888,42201.000
2025-07-17T01:00Z,2025-07-17 03:00,41448.354,42166.798
2025-07-17T02:00Z,2025-07-17 04:00,42441.136,42818.893
2025-07-17T03:00Z,2025-07-17 05:00,45463.730,44216.005
2025-07-17T04:00Z,2025-07-17 06:00,51592.132,48652.757
2025-07-17T05:00Z,2025-07-17 07:00,56170.380,53037.927
2025-07-17T06:00Z,2025-07-17 08:00,59345.128,55787.930
2025-07-17T07:00Z,2025-07-17 09:00,59779.967,57186.292
2025-07-17T08:00Z,2025-07-17 10:00,60147.281,57965.658
2025-07-17T09:00Z,2025-07-17 11:00,60672.617,58614.897
2025-07-17T10:00Z,2025-07-17 12:00,59775.106,58343.803
2025-07-17T11:00Z,2025-07-17 13:00,58768.783,58142.800
2025-07-17T12:00Z,2025-07-17 14:00,56905.276,57060.190
2025-07-17T13:00Z,2025-07-17 15:00,56098.053,55492.897
2025-07-17T14:00Z,2025-07-17 16:00,55007.079,55268.997
2025-07-17T15:00Z,2025-07-17 17:00,55462.839,55174.755
2025-07-17T16:00Z,2025-07-17 18:00,55968.910,55581.727
2025-07-17T17:00Z,2025-07-17 19:00,55481.711,55500.902
2025-07-17T18:00Z,2025-07-17 20:00,53772.214,54005.195
2025-07-17T19:00Z,2025-07-17 21:00,51696.090,52154.600
2025-07-17T20:00Z,2025-07-17 22:00,49156.359,49314.603
2025-07-17T21:00Z,2025-07-17 23:00,45658.704,46037.518
2025-07-17T22:00Z,2025-07-18 00:00,43141.987,44770.878
2025-07-17T23:00Z,2025-07-18 01:00,41361.805,43272.555
2025-07-18T00:00Z,2025-07-18 02:00,40273.346,42471.728
2025-07-18T01:00Z,2025-07-18 03:00,40071.621,42427.835
2025-07-18T02:00Z,2025-07-18 04:00,40919.327,43327.335
2025-07-18T03:00Z,2025-07-18 05:00,43856.369,45742.382
2025-07-18T04:00Z,2025-07-18 06:00,49705.536,50724.217
2025-07-18T05:00Z,2025-07-18 07:00,54455.750,55396.090
2025-07-18T06:00Z,2025-07-18 08:00,57296.873,58632.982
2025-07-18T07:00Z,2025-07-18 09:00,57712.699,59670.565
2025-07-18T08:00Z,2025-07-18 10:00,57817.577,60276.410
2025-07-18T09:00Z,2025-07-18 11:00,57621.371,60709.853
2025-07-18T10:00Z,2025-07-18 12:00,56667.858,60083.173
2025-07-18T11:00Z,2025-07-18 13:00,55436.329,58279.467
2025-07-18T12:00Z,2025-07-18 14:00,53565.863,56616.300
2025-07-18T13:00Z,2025-07-18 15:00,52724.475,55714.090
2025-07-18T14:00Z,2025-07-18 16:00,52579.307,54927.740
2025-07-18T15:00Z,2025-07-18 17:00,52727.835,54295.353
2025-07-18T16:00Z,2025-07-18 18:00,52553.456,54208.095
2025-07-18T17:00Z,2025-07-18 19:00,52302.945,53793.550
2025-07-18T18:00Z,2025-07-18 20:00,50882.117,52631.365
2025-07-18T19:00Z,2025-07-18 21:00,48995.492,50739.173
2025-07-18T20:00Z,2025-07-18 22:00,46684.328,47921.798
2025-07-18T21:00Z,2025-07-18 23:00,43705.440,44977.348
2025-07-18T22:00Z,2025-07-19 00:00,41516.380,42275.072
2025-07-18T23:00Z,2025-07-19 01:00,39600.913,40321.188
2025-07-19T00:00Z,2025-07-19 02:00,38241.523,39261.577
2025-07-19T01:00Z,2025-07-19 03:00,37674.428,38744.868
2025-07-19T02:00Z,2025-07-19 04:00,37549.971,38731.007
2025-07-19T03:00Z,2025-07-19 05:00,37704.602,38648.342
2025-07-19T04:00Z,2025-07-19 06:00,39203.712,39635.130
2025-07-19T05:00Z,2025-07-19 07:00,41642.065,42453.320
2025-07-19T06:00Z,2025-07-19 08:00,44999.034,45898.482
2025-07-19T07:00Z,2025-07-19 09:00,46993.570,48909.205
2025-07-19T08:00Z,2025-07-19 10:00,47686.042,50594.823
2025-07-19T09:00Z,2025-07-19 11:00,47848.908,51242.565
2025-07-19T10:00Z,2025-07-19 12:00,46982.704,50797.225
2025-07-19T11:00Z,2025-07-19 13:00,46157.907,49800.378
2025-07-19T12:00Z,2025-07-19 14:00,45889.257,48292.280
2025-07-19T13:00Z,2025-07-19 15:00,45577.571,47448.933
2025-07-19T14:00Z,2025-07-19 16:00,45403.099,47129.548
2025-07-19T15:00Z,2025-07-19 17:00,46470.895,47271.158
2025-07-19T16:00Z,2025-07-19 18:00,46993.942,47721.177
2025-07-19T17:00Z,2025-07-19 19:00,47070.107,47519.207
2025-07-19T18:00Z,2025-07-19 20:00,45958.388,46789.465
2025-07-19T19:00Z,2025-07-19 21:00,44595.938,45500.075
2025-07-19T20:00Z,2025-07-19 22:00,44015.484,43684.382
2025-07-19T21:00Z,2025-07-19 23:00,41596.444,41376.177
2025-07-19T22:00Z,2025-07-20 00:00,38903.918,39750.080
2025-07-19T23:00Z,2025-07-20 01:00,36836.954,38129.890
2025-07-20T00:00Z,2025-07-20 02:00,35987.686,37184.007
2025-07-20T01:00Z,2025-07-20 03:00,35238.491,36761.215
2025-07-20T02:00Z,2025-07-20 04:00,34998.078,36881.762
2025-07-20T03:00Z,2025-07-20 05:00,34870.919,37631.338
2025-07-20T04:00Z,2025-07-20 06:00,35383.946,39669.158
2025-07-20T05:00Z,2025-07-20 07:00,37400.893,42259.677
2025-07-20T06:00Z,2025-07-20 08:00,40438.938,45040.575
2025-07-20T07:00Z,2025-07-20 09:00,43136.385,47520.212
2025-07-20T08:00Z,2025-07-20 10:00,44100.562,49490.012
2025-07-20T09:00Z,2025-07-20 11:00,44985.158,50529.833
2025-07-20T10:00Z,2025-07-20 12:00,44197.901,50260.322
2025-07-20T11:00Z,2025-07-20 13:00,42693.943,49230.140
2025-07-20T12:00Z,2025-07-20 14:00,42388.477,48212.942
2025-07-20T13:00Z,2025-07-20 15:00,42794.174,47384.942
2025-07-20T14:00Z,2025-07-20 16:00,42714.887,47161.582
2025-07-20T15:00Z,2025-07-20 17:00,44147.741,47641.857
2025-07-20T16:00Z,2025-07-20 18:00,46468.758,48063.958
2025-07-20T17:00Z,2025-07-20 19:00,47345.567,48580.028
2025-07-20T18:00Z,2025-07-20 20:00,46980.259,48265.643
2025-07-20T19:00Z,2025-07-20 21:00,46872.266,47232.022
2025-07-20T20:00Z,2025-07-20 22:00,45845.474,45886.990
2025-07-20T21:00Z,2025-07-20 23:00,42731.669,43649.370
2025-07-20T22:00Z,2025-07-21 00:00,40908.613,41008.122
2025-07-20T23:00Z,2025-07-21 01:00,40050.737,39901.040
2025-07-21T00:00Z,2025-07-21 02:00,39122.880,39563.228
2025-07-21T01:00Z,2025-07-21 03:00,38983.014,39813.685
2025-07-21T02:00Z,2025-07-21 04:00,40005.255,40845.878
2025-07-21T03:00Z,2025-07-21 05:00,43070.963,44299.198
2025-07-21T04:00Z,2025-07-21 06:00,50160.035,51223.245
2025-07-21T05:00Z,2025-07-21 07:00,55420.560,56552.095
2025-07-21T06:00Z,2025-07-21 08:00,58801.387,60332.390
2025-07-21T07:00Z,2025-07-21 09:00,60691.161,62081.275
2025-07-21T08:00Z,2025-07-21 10:00,61343.767,63303.048
2025-07-21T09:00Z,2025-07-21 11:00,61703.974,63661.857
2025-07-21T10:00Z,2025-07-21 12:00,61623.188,63411.380
2025-07-21T11:00Z,2025-07-21 13:00,60808.492,62257.285
2025-07-21T12:00Z,2025-07-21 14:00,59439.026,60871.512
2025-07-21T13:00Z,2025-07-21 15:00,58187.467,59309.145
2025-07-21T14:00Z,2025-07-21 16:00,56928.150,58255.305
2025-07-21T15:00Z,2025-07-21 17:00,57453.701,57659.875
2025-07-21T16:00Z,2025-07-21 18:00,57433.999,57836.070
2025-07-21T17:00Z,2025-07-21 19:00,56186.890,57766.948
2025-07-21T18:00Z,2025-07-21 20:00,54503.369,56384.792
2025-07-21T19:00Z,2025-07-21 21:00,52163.005,54097.037
2025-07-21T20:00Z,2025-07-21 22:00,49309.928,51126.535
2025-07-21T21:00Z,2025-07-21 23:00,45469.341,47746.730
2025-07-21T22:00Z,2025-07-22 00:00,42651.540,45212.083
2025-07-21T23:00Z,2025-07-22 01:00,41010.060,43703.470
2025-07-22T00:00Z,2025-07-22 02:00,40260.619,42682.205
2025-07-22T01:00Z,2025-07-22 03:00,40672.612,42649.728
2025-07-22T02:00Z,2025-07-22 04:00,41397.525,43365.905
2025-07-22T03:00Z,2025-07-22 05:00,44504.313,45749.473
2025-07-22T04:00Z,2025-07-22 06:00,50441.809,51369.467
2025-07-22T05:00Z,2025-07-22 07:00,55429.022,56536.170
2025-07-22T06:00Z,2025-07-22 08:00,58683.508,59610.743
2025-07-22T07:00Z,2025-07-22 09:00,59209.153,60974.658
2025-07-22T08:00Z,2025-07-22 10:00,59474.917,61738.192
2025-07-22T09:00Z,2025-07-22 11:00,60278.275,62263.590
2025-07-22T10:00Z,2025-07-22 12:00,59519.537,61963.360
2025-07-22T11:00Z,2025-07-22 13:00,58065.060,60590.678
2025-07-22T12:00Z,2025-07-22 14:00,57550.782,59154.535
2025-07-22T13:00Z,2025-07-22 15:00,57344.842,58416.432
2025-07-22T14:00Z,2025-07-22 16:00,57648.120,57687.405
2025-07-22T15:00Z,2025-07-22 17:00,57485.335,57249.210
2025-07-22T16:00Z,2025-07-22 18:00,57184.471,57090.260
2025-07-22T17:00Z,2025-07-22 19:00,56700.282,56312.715
2025-07-22T18:00Z,2025-07-22 20:00,54813.749,54708.783
2025-07-22T19:00Z,2025-07-22 21:00,52679.385,52816.240
2025-07-22T20:00Z,2025-07-22 22:00,49504.019,50118.395
2025-07-22T21:00Z,2025-07-22 23:00,46941.773,47026.940
2025-07-22T22:00Z,2025-07-23 00:00,44121.152,43865.820
2025-07-22T23:00Z,2025-07-23 01:00,42884.782,42351.615
2025-07-23T00:00Z,2025-07-23 02:00,41648.964,41473.177
2025-07-23T01:00Z,2025-07-23 03:00,41592.415,41573.838
2025-07-23T02:00Z,2025-07-23 04:00,42503.536,42690.773
2025-07-23T03:00Z,2025-07-23 05:00,45209.687,45122.798
2025-07-23T04:00Z,2025-07-23 06:00,51357.792,50546.603
2025-07-23T05:00Z,2025-07-23 07:00,56124.052,55784.350
2025-07-23T06:00Z,2025-07-23 08:00,59104.230,59291.225
2025-07-23T07:00Z,2025-07-23 09:00,59702.639,60567.770
2025-07-23T08:00Z,2025-07-23 10:00,60464.371,61201.217
2025-07-23T09:00Z,2025-07-23 11:00,60088.702,61900.952
2025-07-23T10:00Z,2025-07-23 12:00,59535.982,61337.665
2025-07-23T11:00Z,2025-07-23 13:00,58901.791,60300.887
2025-07-23T12:00Z,2025-07-23 14:00,57183.512,58572.317
2025-07-23T13:00Z,2025-07-23 15:00,56186.459,57299.807
2025-07-23T14:00Z,2025-07-23 16:00,55881.384,56669.493
2025-07-23T15:00Z,2025-07-23 17:00,56130.522,56396.958
2025-07-23T16:00Z,2025-07-23 18:00,56914.536,56204.870
2025-07-23T17:00Z,2025-07-23 19:00,56946.295,56029.647
2025-07-23T18:00Z,2025-07-23 20:00,54846.391,54237.338
2025-07-23T19:00Z,2025-07-23 21:00,53012.022,52406.548
2025-07-23T20:00Z,2025-07-23 22:00,50104.841,49312.005
2025-07-23T21:00Z,2025-07-23 23:00,46896.373,46416.257
2025-07-23T22:00Z,2025-07-24 00:00,43929.699,43743.965
2025-07-23T23:00Z,2025-07-24 01:00,42252.442,42211.997
2025-07-24T00:00Z,2025-07-24 02:00,41077.784,41452.022
2025-07-24T01:00Z,2025-07-24 03:00,40885.669,41324.005
2025-07-24T02:00Z,2025-07-24 04:00,41486.188,42134.935
2025-07-24T03:00Z,2025-07-24 05:00,44397.638,44654.768
2025-07-24T04:00Z,2025-07-24 06:00,49991.260,49917.820
2025-07-24T05:00Z,2025-07-24 07:00,55010.393,54987.460
2025-07-24T06:00Z,2025-07-24 08:00,58312.350,58659.030
2025-07-24T07:00Z,2025-07-24 09:00,59457.243,60825.890
2025-07-24T08:00Z,2025-07-24 10:00,60291.119,61445.775
2025-07-24T09:00Z,2025-07-24 11:00,60615.861,62145.700
2025-07-24T10:00Z,2025-07-24 12:00,59338.449,61089.835
2025-07-24T11:00Z,2025-07-24 13:00,58386.570,60281.770
2025-07-24T12:00Z,2025-07-24 14:00,57326.025,58886.427
2025-07-24T13:00Z,2025-07-24 15:00,56251.633,57550.903
2025-07-24T14:00Z,2025-07-24 16:00,55656.441,56960.690
2025-07-24T15:00Z,2025-07-24 17:00,56231.077,56335.897
2025-07-24T16:00Z,2025-07-24 18:00,56563.988,56056.350
2025-07-24T17:00Z,2025-07-24 19:00,55792.194,56113.895
2025-07-24T18:00Z,2025-07-24 20:00,54622.447,54907.645
2025-07-24T19:00Z,2025-07-24 21:00,52957.159,52667.670
2025-07-24T20:00Z,2025-07-24 22:00,50252.119,49987.912
2025-07-24T21:00Z,2025-07-24 23:00,46495.248,46808.080
2025-07-24T22:00Z,2025-07-25 00:00,43508.034,44233.460
2025-07-24T23:00Z,2025-07-25 01:00,41860.585,42802.215
2025-07-25T00:00Z,2025-07-25 02:00,40998.434,41988.528
2025-07-25T01:00Z,2025-07-25 03:00,40993.072,41936.088
2025-07-25T02:00Z,2025-07-25 04:00,42115.020,42784.993
2025-07-25T03:00Z,2025-07-25 05:00,44664.958,45287.408
2025-07-25T04:00Z,2025-07-25 06:00,50028.952,50171.417
2025-07-25T05:00Z,2025-07-25 07:00,54897.431,55060.020
2025-07-25T06:00Z,2025-07-25 08:00,58099.057,58493.900
2025-07-25T07:00Z,2025-07-25 09:00,59055.606,59545.495
2025-07-25T08:00Z,2025-07-25 10:00,59598.993,60625.812
2025-07-25T09:00Z,2025-07-25 11:00,59784.232,60922.842
2025-07-25T10:00Z,2025-07-25 12:00,59053.383,59994.527
2025-07-25T11:00Z,2025-07-25 13:00,57186.916,58772.880
2025-07-25T12:00Z,2025-07-25 14:00,55589.982,56863.060
2025-07-25T13:00Z,2025-07-25 15:00,54596.173,55838.635
2025-07-25T14:00Z,2025-07-25 16:00,53214.572,55112.470
2025-07-25T15:00Z,2025-07-25 17:00,54029.771,54677.832
2025-07-25T16:00Z,2025-07-25 18:00,54121.008,54688.225
2025-07-25T17:00Z,2025-07-25 19:00,53745.601,54315.393
2025-07-25T18:00Z,2025-07-25 20:00,52143.822,52862.298
2025-07-25T19:00Z,2025-07-25 21:00,50239.073,50815.245
2025-07-25T20:00Z,2025-07-25 22:00,47725.416,47941.890
2025-07-25T21:00Z,2025-07-25 23:00,44500.586,44830.915
2025-07-25T22:00Z,2025-07-26 00:00,41963.452,41946.355
2025-07-25T23:00Z,2025-07-26 01:00,40007.027,39940.558
2025-07-26T00:00Z,2025-07-26 02:00,38645.045,38818.323
2025-07-26T01:00Z,2025-07-26 03:00,38054.318,38344.835
2025-07-26T02:00Z,2025-07-26 04:00,38072.577,38405.815
2025-07-26T03:00Z,2025-07-26 05:00,38581.864,38588.607
2025-07-26T04:00Z,2025-07-26 06:00,39900.255,39918.857
2025-07-26T05:00Z,2025-07-26 07:00,41839.846,42587.948
2025-07-26T06:00Z,2025-07-26 08:00,44325.851,46003.982
2025-07-26T07:00Z,2025-07-26 09:00,47003.081,48605.372
2025-07-26T08:00Z,2025-07-26 10:00,48190.713,49968.363
2025-07-26T09:00Z,2025-07-26 11:00,48923.882,50471.835
2025-07-26T10:00Z,2025-07-26 12:00,48091.407,50058.827
2025-07-26T11:00Z,2025-07-26 13:00,47092.918,48804.882
2025-07-26T12:00Z,2025-07-26 14:00,45637.592,47289.018
2025-07-26T13:00Z,2025-07-26 15:00,45379.254,46518.368
2025-07-26T14:00Z,2025-07-26 16:00,45141.040,46583.280
2025-07-26T15:00Z,2025-07-26 17:00,46163.878,47303.585
2025-07-26T16:00Z,2025-07-26 18:00,47204.895,47969.107
2025-07-26T17:00Z,2025-07-26 19:00,47412.901,47628.372
2025-07-26T18:00Z,2025-07-26 20:00,45963.398,46850.400
2025-07-26T19:00Z,2025-07-26 21:00,44722.762,45397.100
2025-07-26T20:00Z,2025-07-26 22:00,43367.721,43596.085
2025-07-26T21:00Z,2025-07-26 23:00,40754.685,41287.430
2025-07-26T22:00Z,2025-07-27 00:00,38393.076,39919.857
2025-07-26T23:00Z,2025-07-27 01:00,36540.316,38236.247
2025-07-27T00:00Z,2025-07-27 02:00,35195.884,37392.732
2025-07-27T01:00Z,2025-07-27 03:00,34539.245,36998.132
2025-07-27T02:00Z,2025-07-27 04:00,34384.277,37021.940
2025-07-27T03:00Z,2025-07-27 05:00,34479.217,37618.963
2025-07-27T04:00Z,2025-07-27 06:00,34967.950,38814.698
2025-07-27T05:00Z,2025-07-27 07:00,36718.867,41258.685
2025-07-27T06:00Z,2025-07-27 08:00,39894.290,44359.058
2025-07-27T07:00Z,2025-07-27 09:00,43189.942,46836.677
2025-07-27T08:00Z,2025-07-27 10:00,45231.265,48605.238
2025-07-27T09:00Z,2025-07-27 11:00,46107.950,49218.962
2025-07-27T10:00Z,2025-07-27 12:00,45571.750,49118.827
2025-07-27T11:00Z,2025-07-27 13:00,44141.582,48334.647
2025-07-27T12:00Z,2025-07-27 14:00,43046.309,46988.232
2025-07-27T13:00Z,2025-07-27 15:00,42404.154,46354.605
2025-07-27T14:00Z,2025-07-27 16:00,42394.860,46326.567
2025-07-27T15:00Z,2025-07-27 17:00,43649.934,47103.688
2025-07-27T16:00Z,2025-07-27 18:00,45395.090,47887.355
2025-07-27T17:00Z,2025-07-27 19:00,45303.604,48227.972
2025-07-27T18:00Z,2025-07-27 20:00,44424.757,47862.527
2025-07-27T19:00Z,2025-07-27 21:00,43963.795,47169.495
2025-07-27T20:00Z,2025-07-27 22:00,42722.568,45563.347
2025-07-27T21:00Z,2025-07-27 23:00,39870.526,43345.255
2025-07-27T22:00Z,2025-07-28 00:00,38291.037,40861.820
2025-07-27T23:00Z,2025-07-28 01:00,37359.830,39628.478
2025-07-28T00:00Z,2025-07-28 02:00,36482.777,39160.010
2025-07-28T01:00Z,2025-07-28 03:00,36729.225,39444.842
2025-07-28T02:00Z,2025-07-28 04:00,38094.543,40714.605
2025-07-28T03:00Z,2025-07-28 05:00,41307.382,44289.152
2025-07-28T04:00Z,2025-07-28 06:00,47949.344,50521.805
2025-07-28T05:00Z,2025-07-28 07:00,53413.203,56135.783
2025-07-28T06:00Z,2025-07-28 08:00,56819.056,60051.805
2025-07-28T07:00Z,2025-07-28 09:00,57603.639,62002.435
2025-07-28T08:00Z,2025-07-28 10:00,58708.730,63170.917
2025-07-28T09:00Z,2025-07-28 11:00,59693.302,63516.912
2025-07-28T10:00Z,2025-07-28 12:00,59502.761,63265.452
2025-07-28T11:00Z,2025-07-28 13:00,58447.363,62154.268
2025-07-28T12:00Z,2025-07-28 14:00,56956.771,60472.007
2025-07-28T13:00Z,2025-07-28 15:00,55824.196,58852.300
2025-07-28T14:00Z,2025-07-28 16:00,55542.132,57625.493
2025-07-28T15:00Z,2025-07-28 17:00,56105.167,57326.870
2025-07-28T16:00Z,2025-07-28 18:00,56432.662,57478.217
2025-07-28T17:00Z,2025-07-28 19:00,55833.737,57199.885
2025-07-28T18:00Z,2025-07-28 20:00,53756.347,55701.555
2025-07-28T19:00Z,2025-07-28 21:00,52600.194,53603.132
2025-07-28T20:00Z,2025-07-28 22:00,50065.413,50665.990
2025-07-28T21:00Z,2025-07-28 23:00,46861.888,47417.880
2025-07-28T22:00Z,2025-07-29 00:00,44679.294,44328.967
2025-07-28T23:00Z,2025-07-29 01:00,42542.965,42624.575
2025-07-29T00:00Z,2025-07-29 02:00,41450.027,41687.757
2025-07-29T01:00Z,2025-07-29 03:00,41423.506,41707.320
2025-07-29T02:00Z,2025-07-29 04:00,42312.800,42541.698
2025-07-29T03:00Z,2025-07-29 05:00,45487.001,45218.025
2025-07-29T04:00Z,2025-07-29 06:00,51639.479,50367.573
2025-07-29T05:00Z,2025-07-29 07:00,55895.858,55641.878
2025-07-29T06:00Z,2025-07-29 08:00,59663.577,59033.180
2025-07-29T07:00Z,2025-07-29 09:00,59988.917,60484.978
2025-07-29T08:00Z,2025-07-29 10:00,59712.931,61352.202
2025-07-29T09:00Z,2025-07-29 11:00,59777.054,61963.645
2025-07-29T10:00Z,2025-07-29 12:00,59243.029,61436.428
2025-07-29T11:00Z,2025-07-29 13:00,57845.299,60134.527
2025-07-29T12:00Z,2025-07-29 14:00,56508.747,58820.530
2025-07-29T13:00Z,2025-07-29 15:00,55939.469,58502.743
2025-07-29T14:00Z,2025-07-29 16:00,56235.776,57747.427
2025-07-29T15:00Z,2025-07-29 17:00,56088.980,57567.308
2025-07-29T16:00Z,2025-07-29 18:00,56361.028,57397.312
2025-07-29T17:00Z,2025-07-29 19:00,55598.959,56261.908
2025-07-29T18:00Z,2025-07-29 20:00,54028.159,54587.423
2025-07-29T19:00Z,2025-07-29 21:00,52416.370,52558.115
2025-07-29T20:00Z,2025-07-29 22:00,49551.072,49944.932
2025-07-29T21:00Z,2025-07-29 23:00,46374.091,46875.350
2025-07-29T22:00Z,2025-07-30 00:00,43184.947,43568.973
2025-07-29T23:00Z,2025-07-30 01:00,41584.406,42085.082
2025-07-30T00:00Z,2025-07-30 02:00,40252.612,41228.257
2025-07-30T01:00Z,2025-07-30 03:00,40628.502,41429.240
2025-07-30T02:00Z,2025-07-30 04:00,41248.040,42506.610
2025-07-30T03:00Z,2025-07-30 05:00,44383.630,44961.995
2025-07-30T04:00Z,2025-07-30 06:00,50306.705,50068.728
2025-07-30T05:00Z,2025-07-30 07:00,54668.368,55166.630
2025-07-30T06:00Z,2025-07-30 08:00,57388.855,58445.635
2025-07-30T07:00Z,2025-07-30 09:00,58595.028,59533.592
2025-07-30T08:00Z,2025-07-30 10:00,59514.968,60236.145
2025-07-30T09:00Z,2025-07-30 11:00,60715.380,60693.553
2025-07-30T10:00Z,2025-07-30 12:00,60196.328,60113.095
2025-07-30T11:00Z,2025-07-30 13:00,59426.576,58905.542
2025-07-30T12:00Z,2025-07-30 14:00,58310.279,57383.175
2025-07-30T13:00Z,2025-07-30 15:00,56223.517,56516.067
2025-07-30T14:00Z,2025-07-30 16:00,55101.297,55966.120
2025-07-30T15:00Z,2025-07-30 17:00,55435.859,56135.503
2025-07-30T16:00Z,2025-07-30 18:00,55122.061,56193.405
2025-07-30T17:00Z,2025-07-30 19:00,54815.875,55837.635
2025-07-30T18:00Z,2025-07-30 20:00,53154.559,54037.582
2025-07-30T19:00Z,2025-07-30 21:00,51787.961,52099.775
2025-07-30T20:00Z,2025-07-30 22:00,48670.086,48899.425
2025-07-30T21:00Z,2025-07-30 23:00,45049.511,46079.262
2025-07-30T22:00Z,2025-07-31 00:00,42759.512,42590.275
2025-07-30T23:00Z,2025-07-31 01:00,41404.342,41088.760
2025-07-31T00:00Z,2025-07-31 02:00,40657.217,40079.325
2025-07-31T01:00Z,2025-07-31 03:00,40380.612,39958.235
2025-07-31T02:00Z,2025-07-31 04:00,41288.292,40964.600
2025-07-31T03:00Z,2025-07-31 05:00,43835.235,44501.802
2025-07-31T04:00Z,2025-07-31 06:00,49577.406,49933.895
2025-07-31T05:00Z,2025-07-31 07:00,54527.926,55336.670
2025-07-31T06:00Z,2025-07-31 08:00,57560.110,58610.090
2025-07-31T07:00Z,2025-07-31 09:00,58659.418,60846.088
2025-07-31T08:00Z,2025-07-31 10:00,60026.481,62484.652
2025-07-31T09:00Z,2025-07-31 11:00,59975.824,63365.568
2025-07-31T10:00Z,2025-07-31 12:00,58985.053,62505.588
2025-07-31T11:00Z,2025-07-31 13:00,57407.842,61287.820
2025-07-31T12:00Z,2025-07-31 14:00,56170.482,59656.525
2025-07-31T13:00Z,2025-07-31 15:00,56039.287,58582.355
2025-07-31T14:00Z,2025-07-31 16:00,55113.009,58089.822
2025-07-31T15:00Z,2025-07-31 17:00,55090.220,57401.980
2025-07-31T16:00Z,2025-07-31 18:00,55465.098,56878.128
2025-07-31T17:00Z,2025-07-31 19:00,55498.700,56909.357
2025-07-31T18:00Z,2025-07-31 20:00,53441.500,55491.995
2025-07-31T19:00Z,2025-07-31 21:00,51916.997,52961.442
2025-07-31T20:00Z,2025-07-31 22:00,48647.968,49779.965
2025-07-31T21:00Z,2025-07-31 23:00,45415.301,46584.747
2025-07-31T22:00Z,2025-08-01 00:00,43036.494,44003.305
2025-07-31T23:00Z,2025-08-01 01:00,41632.370,42592.052
2025-08-01T00:00Z,2025-08-01 02:00,40467.815,41678.208
2025-08-01T01:00Z,2025-08-01 03:00,40328.609,41724.537
2025-08-01T02:00Z,2025-08-01 04:00,41286.472,42512.662
2025-08-01T03:00Z,2025-08-01 05:00,44270.028,45039.080
2025-08-01T04:00Z,2025-08-01 06:00,49403.853,50189.503
2025-08-01T05:00Z,2025-08-01 07:00,53959.886,54594.052
2025-08-01T06:00Z,2025-08-01 08:00,57492.854,58121.585
2025-08-01T07:00Z,2025-08-01 09:00,58596.939,60032.085
2025-08-01T08:00Z,2025-08-01 10:00,58830.368,61491.165
2025-08-01T09:00Z,2025-08-01 11:00,57658.474,61578.105
2025-08-01T10:00Z,2025-08-01 12:00,56965.359,60592.315
2025-08-01T11:00Z,2025-08-01 13:00,55177.317,59343.860
2025-08-01T12:00Z,2025-08-01 14:00,53434.164,57282.385
2025-08-01T13:00Z,2025-08-01 15:00,52269.036,56441.823
2025-08-01T14:00Z,2025-08-01 16:00,51821.412,55508.475
2025-08-01T15:00Z,2025-08-01 17:00,52501.406,54927.545
2025-08-01T16:00Z,2025-08-01 18:00,52600.575,54562.107
2025-08-01T17:00Z,2025-08-01 19:00,51848.745,54092.940
2025-08-01T18:00Z,2025-08-01 20:00,50314.117,52584.375
2025-08-01T19:00Z,2025-08-01 21:00,48343.049,50553.073
2025-08-01T20:00Z,2025-08-01 22:00,45388.179,47723.920
2025-08-01T21:00Z,2025-08-01 23:00,42353.161,44502.583
2025-08-01T22:00Z,2025-08-02 00:00,39827.810,42225.225
2025-08-01T23:00Z,2025-08-02 01:00,38222.596,40269.695
2025-08-02T00:00Z,2025-08-02 02:00,36755.204,39151.610
2025-08-02T01:00Z,2025-08-02 03:00,36300.320,38726.417
2025-08-02T02:00Z,2025-08-02 04:00,36488.424,38782.800
2025-08-02T03:00Z,2025-08-02 05:00,37371.726,38855.570
2025-08-02T04:00Z,2025-08-02 06:00,38981.560,40136.120
2025-08-02T05:00Z,2025-08-02 07:00,41012.695,42977.570
2025-08-02T06:00Z,2025-08-02 08:00,44330.923,46350.018
2025-08-02T07:00Z,2025-08-02 09:00,46648.505,49183.232
2025-08-02T08:00Z,2025-08-02 10:00,48607.389,51030.165
2025-08-02T09:00Z,2025-08-02 11:00,49435.030,51942.925
2025-08-02T10:00Z,2025-08-02 12:00,48478.041,51277.783
2025-08-02T11:00Z,2025-08-02 13:00,46552.472,49953.465
2025-08-02T12:00Z,2025-08-02 14:00,45633.792,48960.935
2025-08-02T13:00Z,2025-08-02 15:00,44736.849,48176.610
2025-08-02T14:00Z,2025-08-02 16:00,44696.111,47661.147
2025-08-02T15:00Z,2025-08-02 17:00,45479.576,48382.160
2025-08-02T16:00Z,2025-08-02 18:00,46143.128,48868.845
2025-08-02T17:00Z,2025-08-02 19:00,45898.815,48256.325
2025-08-02T18:00Z,2025-08-02 20:00,44492.934,47073.787
2025-08-02T19:00Z,2025-08-02 21:00,43445.500,45513.917
2025-08-02T20:00Z,2025-08-02 22:00,41841.746,43687.070
2025-08-02T21:00Z,2025-08-02 23:00,39271.952,41200.165
2025-08-02T22:00Z,2025-08-03 00:00,37069.410,39556.958
2025-08-02T23:00Z,2025-08-03 01:00,35853.940,37834.060
2025-08-03T00:00Z,2025-08-03 02:00,34570.947,36898.985
2025-08-03T01:00Z,2025-08-03 03:00,34272.372,36578.710
2025-08-03T02:00Z,2025-08-03 04:00,34212.384,36675.177
2025-08-03T03:00Z,2025-08-03 05:00,34592.319,37378.310
2025-08-03T04:00Z,2025-08-03 06:00,34955.865,38791.350
2025-08-03T05:00Z,2025-08-03 07:00,37148.393,41435.495
2025-08-03T06:00Z,2025-08-03 08:00,40195.404,44637.690
2025-08-03T07:00Z,2025-08-03 09:00,42936.967,47263.550
2025-08-03T08:00Z,2025-08-03 10:00,44323.179,49224.900
2025-08-03T09:00Z,2025-08-03 11:00,45737.760,50145.930
2025-08-03T10:00Z,2025-08-03 12:00,45767.436,49730.690
2025-08-03T11:00Z,2025-08-03 13:00,44608.758,48471.317
2025-08-03T12:00Z,2025-08-03 14:00,43513.106,46819.257
2025-08-03T13:00Z,2025-08-03 15:00,42586.272,46011.240
2025-08-03T14:00Z,2025-08-03 16:00,41845.387,46022.910
2025-08-03T15:00Z,2025-08-03 17:00,43379.084,46755.820
2025-08-03T16:00Z,2025-08-03 18:00,44642.556,47425.777
2025-08-03T17:00Z,2025-08-03 19:00,45312.664,47505.308
2025-08-03T18:00Z,2025-08-03 20:00,44855.955,47216.025
2025-08-03T19:00Z,2025-08-03 21:00,44242.652,46450.220
2025-08-03T20:00Z,2025-08-03 22:00,42184.036,44850.995
2025-08-03T21:00Z,2025-08-03 23:00,40048.652,42558.965
2025-08-03T22:00Z,2025-08-04 00:00,38615.860,39620.238
2025-08-03T23:00Z,2025-08-04 01:00,37721.774,38459.435
2025-08-04T00:00Z,2025-08-04 02:00,37557.285,38037.572
2025-08-04T01:00Z,2025-08-04 03:00,37693.282,38170.245
2025-08-04T02:00Z,2025-08-04 04:00,38558.389,39509.430
2025-08-04T03:00Z,2025-08-04 05:00,41694.588,43210.555
2025-08-04T04:00Z,2025-08-04 06:00,47799.256,49822.995
2025-08-04T05:00Z,2025-08-04 07:00,52701.943,55091.542
2025-08-04T06:00Z,2025-08-04 08:00,56308.685,58882.720
2025-08-04T07:00Z,2025-08-04 09:00,58405.483,61090.855
2025-08-04T08:00Z,2025-08-04 10:00,58980.382,62251.100
2025-08-04T09:00Z,2025-08-04 11:00,58499.128,63141.122
2025-08-04T10:00Z,2025-08-04 12:00,56914.751,62888.820
2025-08-04T11:00Z,2025-08-04 13:00,55491.245,61551.022
2025-08-04T12:00Z,2025-08-04 14:00,53873.499,59789.895
2025-08-04T13:00Z,2025-08-04 15:00,53116.480,58493.615
2025-08-04T14:00Z,2025-08-04 16:00,53457.048,57277.447
2025-08-04T15:00Z,2025-08-04 17:00,53998.018,56092.302
2025-08-04T16:00Z,2025-08-04 18:00,54921.000,56044.330
2025-08-04T17:00Z,2025-08-04 19:00,54459.500,56018.647
2025-08-04T18:00Z,2025-08-04 20:00,52187.196,54582.505
2025-08-04T19:00Z,2025-08-04 21:00,51379.711,52471.342
2025-08-04T20:00Z,2025-08-04 22:00,48182.531,49602.170
2025-08-04T21:00Z,2025-08-04 23:00,45388.404,46493.438
2025-08-04T22:00Z,2025-08-05 00:00,42404.437,44062.632
2025-08-04T23:00Z,2025-08-05 01:00,41660.160,42324.465
2025-08-05T00:00Z,2025-08-05 02:00,41549.328,41341.943
2025-08-05T01:00Z,2025-08-05 03:00,41631.660,41340.155
2025-08-05T02:00Z,2025-08-05 04:00,42087.031,42152.812
2025-08-05T03:00Z,2025-08-05 05:00,44555.446,44732.600
2025-08-05T04:00Z,2025-08-05 06:00,49499.553,49702.145
2025-08-05T05:00Z,2025-08-05 07:00,53749.423,54535.895
2025-08-05T06:00Z,2025-08-05 08:00,56909.187,57688.190
2025-08-05T07:00Z,2025-08-05 09:00,58324.344,59011.958
2025-08-05T08:00Z,2025-08-05 10:00,58978.136,59644.823
2025-08-05T09:00Z,2025-08-05 11:00,59837.996,60344.552
2025-08-05T10:00Z,2025-08-05 12:00,58804.254,59710.747
2025-08-05T11:00Z,2025-08-05 13:00,56929.642,58365.840
2025-08-05T12:00Z,2025-08-05 14:00,56463.567,57073.747
2025-08-05T13:00Z,2025-08-05 15:00,54332.393,56821.527
2025-08-05T14:00Z,2025-08-05 16:00,53754.068,55959.842
2025-08-05T15:00Z,2025-08-05 17:00,54934.781,55622.178
2025-08-05T16:00Z,2025-08-05 18:00,56264.336,55534.007
2025-08-05T17:00Z,2025-08-05 19:00,55658.664,54635.083
2025-08-05T18:00Z,2025-08-05 20:00,53778.411,53400.490
2025-08-05T19:00Z,2025-08-05 21:00,52192.729,51619.288
2025-08-05T20:00Z,2025-08-05 22:00,48357.258,48975.812
2025-08-05T21:00Z,2025-08-05 23:00,45415.295,45879.113
2025-08-05T22:00Z,2025-08-06 00:00,43195.611,42490.588
2025-08-05T23:00Z,2025-08-06 01:00,42302.463,41020.162
2025-08-06T00:00Z,2025-08-06 02:00,41371.226,40200.190
2025-08-06T01:00Z,2025-08-06 03:00,40938.317,40284.747
2025-08-06T02:00Z,2025-08-06 04:00,42060.309,41433.300
2025-08-06T03:00Z,2025-08-06 05:00,45055.508,43951.357
2025-08-06T04:00Z,2025-08-06 06:00,50882.575,48966.215
2025-08-06T05:00Z,2025-08-06 07:00,55106.314,53616.427
2025-08-06T06:00Z,2025-08-06 08:00,57781.146,57252.540
2025-08-06T07:00Z,2025-08-06 09:00,57030.498,58670.238
2025-08-06T08:00Z,2025-08-06 10:00,56973.268,59514.315
2025-08-06T09:00Z,2025-08-06 11:00,56451.788,60269.757
2025-08-06T10:00Z,2025-08-06 12:00,55859.858,59314.622
2025-08-06T11:00Z,2025-08-06 13:00,54788.330,57830.838
2025-08-06T12:00Z,2025-08-06 14:00,53118.947,56188.647
2025-08-06T13:00Z,2025-08-06 15:00,52490.887,55201.850
2025-08-06T14:00Z,2025-08-06 16:00,51880.182,54017.730
2025-08-06T15:00Z,2025-08-06 17:00,53458.391,53323.875
2025-08-06T16:00Z,2025-08-06 18:00,54635.493,53148.147
2025-08-06T17:00Z,2025-08-06 19:00,54579.796,53047.103
2025-08-06T18:00Z,2025-08-06 20:00,53670.924,52449.105
2025-08-06T19:00Z,2025-08-06 21:00,52253.713,50909.585
2025-08-06T20:00Z,2025-08-06 22:00,48800.977,47795.272
2025-08-06T21:00Z,2025-08-06 23:00,45786.547,44845.390
2025-08-06T22:00Z,2025-08-07 00:00,43229.027,42924.130
2025-08-06T23:00Z,2025-08-07 01:00,41589.164,41527.417
2025-08-07T00:00Z,2025-08-07 02:00,40195.548,40933.415
2025-08-07T01:00Z,2025-08-07 03:00,39980.546,40863.588
2025-08-07T02:00Z,2025-08-07 04:00,40687.428,41279.232
2025-08-07T03:00Z,2025-08-07 05:00,43736.078,43548.090
2025-08-07T04:00Z,2025-08-07 06:00,49489.137,48062.335
2025-08-07T05:00Z,2025-08-07 07:00,54016.909,52327.085
2025-08-07T06:00Z,2025-08-07 08:00,56698.413,55694.438
2025-08-07T07:00Z,2025-08-07 09:00,56272.340,58181.308
2025-08-07T08:00Z,2025-08-07 10:00,55789.716,59869.427
2025-08-07T09:00Z,2025-08-07 11:00,55119.534,60271.007
2025-08-07T10:00Z,2025-08-07 12:00,53735.375,59354.850
2025-08-07T11:00Z,2025-08-07 13:00,52695.830,58732.275
2025-08-07T12:00Z,2025-08-07 14:00,51696.277,57301.355
2025-08-07T13:00Z,2025-08-07 15:00,51430.674,55941.330
2025-08-07T14:00Z,2025-08-07 16:00,52033.905,55486.387
2025-08-07T15:00Z,2025-08-07 17:00,53350.079,55396.445
2025-08-07T16:00Z,2025-08-07 18:00,54803.268,55405.238
2025-08-07T17:00Z,2025-08-07 19:00,55078.177,54727.065
2025-08-07T18:00Z,2025-08-07 20:00,53990.151,53566.640
2025-08-07T19:00Z,2025-08-07 21:00,52520.834,52005.445
2025-08-07T20:00Z,2025-08-07 22:00,49171.139,48831.872
2025-08-07T21:00Z,2025-08-07 23:00,45552.031,45649.182
2025-08-07T22:00Z,2025-08-08 00:00,43195.117,43403.205
2025-08-07T23:00Z,2025-08-08 01:00,41099.132,41677.065
2025-08-08T00:00Z,2025-08-08 02:00,39972.073,40777.170
2025-08-08T01:00Z,2025-08-08 03:00,39710.245,40798.863
2025-08-08T02:00Z,2025-08-08 04:00,40371.976,41751.535
2025-08-08T03:00Z,2025-08-08 05:00,43603.184,44441.238
2025-08-08T04:00Z,2025-08-08 06:00,49148.508,49679.360
2025-08-08T05:00Z,2025-08-08 07:00,53609.588,54599.068
2025-08-08T06:00Z,2025-08-08 08:00,56591.372,58204.155
2025-08-08T07:00Z,2025-08-08 09:00,56550.636,59319.872
2025-08-08T08:00Z,2025-08-08 10:00,55987.507,60982.340
2025-08-08T09:00Z,2025-08-08 11:00,55942.989,61541.450
2025-08-08T10:00Z,2025-08-08 12:00,54639.937,60436.550
2025-08-08T11:00Z,2025-08-08 13:00,53158.962,59168.325
2025-08-08T12:00Z,2025-08-08 14:00,51718.346,57158.438
2025-08-08T13:00Z,2025-08-08 15:00,51622.671,55691.072
2025-08-08T14:00Z,2025-08-08 16:00,51663.219,55270.630
2025-08-08T15:00Z,2025-08-08 17:00,52294.344,55322.420
2025-08-08T16:00Z,2025-08-08 18:00,53224.903,54523.485
2025-08-08T17:00Z,2025-08-08 19:00,53257.487,53619.533
2025-08-08T18:00Z,2025-08-08 20:00,51303.808,51914.137
2025-08-08T19:00Z,2025-08-08 21:00,50011.896,49764.060
2025-08-08T20:00Z,2025-08-08 22:00,47006.273,46521.300
2025-08-08T21:00Z,2025-08-08 23:00,43634.785,43484.340
2025-08-08T22:00Z,2025-08-09 00:00,41470.328,40701.855
2025-08-08T23:00Z,2025-08-09 01:00,39445.612,38683.643
2025-08-09T00:00Z,2025-08-09 02:00,38214.053,37514.083
2025-08-09T01:00Z,2025-08-09 03:00,37858.908,37143.535
2025-08-09T02:00Z,2025-08-09 04:00,37572.497,37264.128
2025-08-09T03:00Z,2025-08-09 05:00,38339.170,37733.610
2025-08-09T04:00Z,2025-08-09 06:00,39533.109,39265.100
2025-08-09T05:00Z,2025-08-09 07:00,41947.328,42044.415
2025-08-09T06:00Z,2025-08-09 08:00,44254.091,45659.967
2025-08-09T07:00Z,2025-08-09 09:00,46466.998,48432.275
2025-08-09T08:00Z,2025-08-09 10:00,46930.656,50104.413
2025-08-09T09:00Z,2025-08-09 11:00,46180.992,50915.447
2025-08-09T10:00Z,2025-08-09 12:00,45083.477,50504.065
2025-08-09T11:00Z,2025-08-09 13:00,43958.121,48909.305
2025-08-09T12:00Z,2025-08-09 14:00,43037.543,47575.988
2025-08-09T13:00Z,2025-08-09 15:00,42283.968,46780.185
2025-08-09T14:00Z,2025-08-09 16:00,42906.886,46427.753
2025-08-09T15:00Z,2025-08-09 17:00,44479.992,46973.465
2025-08-09T16:00Z,2025-08-09 18:00,45442.355,47235.710
2025-08-09T17:00Z,2025-08-09 19:00,46205.271,46942.357
2025-08-09T18:00Z,2025-08-09 20:00,45179.762,46171.680
2025-08-09T19:00Z,2025-08-09 21:00,44352.003,44726.743
2025-08-09T20:00Z,2025-08-09 22:00,42305.414,42571.597
2025-08-09T21:00Z,2025-08-09 23:00,39825.353,40168.688
2025-08-09T22:00Z,2025-08-10 00:00,37718.274,38961.210
2025-08-09T23:00Z,2025-08-10 01:00,36297.612,37257.912
2025-08-10T00:00Z,2025-08-10 02:00,35657.953,36390.777
2025-08-10T01:00Z,2025-08-10 03:00,35106.984,35934.152
2025-08-10T02:00Z,2025-08-10 04:00,35388.430,36119.345
2025-08-10T03:00Z,2025-08-10 05:00,36116.645,36816.562
2025-08-10T04:00Z,2025-08-10 06:00,36525.330,38183.938
2025-08-10T05:00Z,2025-08-10 07:00,38116.171,40680.345
2025-08-10T06:00Z,2025-08-10 08:00,40625.092,43874.073
2025-08-10T07:00Z,2025-08-10 09:00,42585.092,46603.285
2025-08-10T08:00Z,2025-08-10 10:00,42484.324,48417.173
2025-08-10T09:00Z,2025-08-10 11:00,42254.101,49616.390
2025-08-10T10:00Z,2025-08-10 12:00,41403.133,49326.592
2025-08-10T11:00Z,2025-08-10 13:00,40237.861,48003.658
2025-08-10T12:00Z,2025-08-10 14:00,39541.931,46545.085
2025-08-10T13:00Z,2025-08-10 15:00,38909.713,45741.365
2025-08-10T14:00Z,2025-08-10 16:00,39572.425,45572.440
2025-08-10T15:00Z,2025-08-10 17:00,41916.060,46366.357
2025-08-10T16:00Z,2025-08-10 18:00,43965.751,47000.378
2025-08-10T17:00Z,2025-08-10 19:00,44766.158,47016.525
2025-08-10T18:00Z,2025-08-10 20:00,44660.933,46717.725
2025-08-10T19:00Z,2025-08-10 21:00,44747.016,45670.478
2025-08-10T20:00Z,2025-08-10 22:00,43080.434,44039.397
2025-08-10T21:00Z,2025-08-10 23:00,40636.882,41874.537
2025-08-10T22:00Z,2025-08-11 00:00,38359.082,39139.603
2025-08-10T23:00Z,2025-08-11 01:00,36956.299,38024.298
2025-08-11T00:00Z,2025-08-11 02:00,35907.087,37615.908
2025-08-11T01:00Z,2025-08-11 03:00,35789.526,37814.833
2025-08-11T02:00Z,2025-08-11 04:00,37013.158,39118.112
2025-08-11T03:00Z,2025-08-11 05:00,40551.697,42721.160
2025-08-11T04:00Z,2025-08-11 06:00,46378.094,49043.253
2025-08-11T05:00Z,2025-08-11 07:00,51218.403,53920.255
2025-08-11T06:00Z,2025-08-11 08:00,54263.134,57678.405
2025-08-11T07:00Z,2025-08-11 09:00,54852.533,59795.868
2025-08-11T08:00Z,2025-08-11 10:00,54679.763,60708.467
2025-08-11T09:00Z,2025-08-11 11:00,54062.645,61266.585
2025-08-11T10:00Z,2025-08-11 12:00,53335.071,60712.753
2025-08-11T11:00Z,2025-08-11 13:00,52429.416,59556.603
2025-08-11T12:00Z,2025-08-11 14:00,51701.751,58030.055
2025-08-11T13:00Z,2025-08-11 15:00,51130.628,56329.418
2025-08-11T14:00Z,2025-08-11 16:00,50941.776,55331.018
2025-08-11T15:00Z,2025-08-11 17:00,51812.405,54624.385
2025-08-11T16:00Z,2025-08-11 18:00,53490.920,55030.870
2025-08-11T17:00Z,2025-08-11 19:00,54073.098,55204.812
2025-08-11T18:00Z,2025-08-11 20:00,52840.298,54168.780
2025-08-11T19:00Z,2025-08-11 21:00,51058.370,52275.265
2025-08-11T20:00Z,2025-08-11 22:00,47311.915,49346.372
2025-08-11T21:00Z,2025-08-11 23:00,43843.121,46081.202
2025-08-11T22:00Z,2025-08-12 00:00,41659.791,43374.037
2025-08-11T23:00Z,2025-08-12 01:00,40276.766,41753.312
2025-08-12T00:00Z,2025-08-12 02:00,39500.539,40770.480
2025-08-12T01:00Z,2025-08-12 03:00,39131.409,40723.982
2025-08-12T02:00Z,2025-08-12 04:00,40003.503,41487.192
2025-08-12T03:00Z,2025-08-12 05:00,43277.246,43998.685
2025-08-12T04:00Z,2025-08-12 06:00,48863.188,49294.305
2025-08-12T05:00Z,2025-08-12 07:00,53257.916,54220.223
2025-08-12T06:00Z,2025-08-12 08:00,56400.311,57467.670
2025-08-12T07:00Z,2025-08-12 09:00,56732.540,59154.202
2025-08-12T08:00Z,2025-08-12 10:00,55118.407,60082.595
2025-08-12T09:00Z,2025-08-12 11:00,54874.148,60393.177
2025-08-12T10:00Z,2025-08-12 12:00,54445.006,59141.360
2025-08-12T11:00Z,2025-08-12 13:00,53777.727,57989.695
2025-08-12T12:00Z,2025-08-12 14:00,52990.370,56809.643
2025-08-12T13:00Z,2025-08-12 15:00,52844.430,56683.730
2025-08-12T14:00Z,2025-08-12 16:00,52654.201,55933.897
2025-08-12T15:00Z,2025-08-12 17:00,54096.595,56029.542
2025-08-12T16:00Z,2025-08-12 18:00,55587.135,56079.515
2025-08-12T17:00Z,2025-08-12 19:00,55939.566,55403.348
2025-08-12T18:00Z,2025-08-12 20:00,54441.098,54157.785
2025-08-12T19:00Z,2025-08-12 21:00,53183.358,52455.585
2025-08-12T20:00Z,2025-08-12 22:00,49733.398,49436.997
2025-08-12T21:00Z,2025-08-12 23:00,46287.826,46210.423
2025-08-12T22:00Z,2025-08-13 00:00,43913.304,43525.915
2025-08-12T23:00Z,2025-08-13 01:00,42255.510,41813.150
2025-08-13T00:00Z,2025-08-13 02:00,41332.743,40975.113
2025-08-13T01:00Z,2025-08-13 03:00,40966.493,40913.420
2025-08-13T02:00Z,2025-08-13 04:00,41835.586,41977.695
2025-08-13T03:00Z,2025-08-13 05:00,44977.108,44337.515
2025-08-13T04:00Z,2025-08-13 06:00,50317.742,49182.198
2025-08-13T05:00Z,2025-08-13 07:00,54670.351,53270.152
2025-08-13T06:00Z,2025-08-13 08:00,57772.669,57119.460
2025-08-13T07:00Z,2025-08-13 09:00,58787.820,58936.520
2025-08-13T08:00Z,2025-08-13 10:00,57564.080,59724.000
2025-08-13T09:00Z,2025-08-13 11:00,56695.030,59972.150
2025-08-13T10:00Z,2025-08-13 12:00,56211.368,58703.173
2025-08-13T11:00Z,2025-08-13 13:00,55870.759,57681.368
2025-08-13T12:00Z,2025-08-13 14:00,54773.081,56329.820
2025-08-13T13:00Z,2025-08-13 15:00,54133.451,55241.512
2025-08-13T14:00Z,2025-08-13 16:00,54280.696,54407.247
2025-08-13T15:00Z,2025-08-13 17:00,55766.238,54582.397
2025-08-13T16:00Z,2025-08-13 18:00,57128.062,54265.747
2025-08-13T17:00Z,2025-08-13 19:00,57537.141,53848.850
2025-08-13T18:00Z,2025-08-13 20:00,55794.548,53096.912
2025-08-13T19:00Z,2025-08-13 21:00,54490.760,51525.775
2025-08-13T20:00Z,2025-08-13 22:00,50886.743,48402.753
2025-08-13T21:00Z,2025-08-13 23:00,47842.690,45302.083
2025-08-13T22:00Z,2025-08-14 00:00,45552.245,42870.783
2025-08-13T23:00Z,2025-08-14 01:00,43465.607,41242.717
2025-08-14T00:00Z,2025-08-14 02:00,42278.529,40447.075
2025-08-14T01:00Z,2025-08-14 03:00,41860.590,40339.625
2025-08-14T02:00Z,2025-08-14 04:00,42486.369,41047.170
2025-08-14T03:00Z,2025-08-14 05:00,45510.087,43506.228
2025-08-14T04:00Z,2025-08-14 06:00,51189.614,48576.330
2025-08-14T05:00Z,2025-08-14 07:00,55841.244,53237.205
2025-08-14T06:00Z,2025-08-14 08:00,59067.675,56816.285
2025-08-14T07:00Z,2025-08-14 09:00,59556.686,58350.033
2025-08-14T08:00Z,2025-08-14 10:00,59633.676,59139.412
2025-08-14T09:00Z,2025-08-14 11:00,59346.180,59688.870
2025-08-14T10:00Z,2025-08-14 12:00,57640.130,59196.018
2025-08-14T11:00Z,2025-08-14 13:00,57204.211,58529.570
2025-08-14T12:00Z,2025-08-14 14:00,56203.455,57296.747
2025-08-14T13:00Z,2025-08-14 15:00,56092.788,56170.945
2025-08-14T14:00Z,2025-08-14 16:00,55824.589,55062.762
2025-08-14T15:00Z,2025-08-14 17:00,56938.094,54580.525
2025-08-14T16:00Z,2025-08-14 18:00,58136.012,54894.525
2025-08-14T17:00Z,2025-08-14 19:00,57801.728,54866.225
2025-08-14T18:00Z,2025-08-14 20:00,56336.336,53897.775
2025-08-14T19:00Z,2025-08-14 21:00,55087.391,52344.637
2025-08-14T20:00Z,2025-08-14 22:00,51347.707,49331.805
2025-08-14T21:00Z,2025-08-14 23:00,47769.982,46148.350
2025-08-14T22:00Z,2025-08-15 00:00,45486.776,43969.717
2025-08-14T23:00Z,2025-08-15 01:00,43832.249,42123.715
2025-08-15T00:00Z,2025-08-15 02:00,42263.963,41046.557
2025-08-15T01:00Z,2025-08-15 03:00,41800.793,40702.978
2025-08-15T02:00Z,2025-08-15 04:00,42289.090,41196.238
2025-08-15T03:00Z,2025-08-15 05:00,44762.196,43030.515
2025-08-15T04:00Z,2025-08-15 06:00,49471.003,46766.010
2025-08-15T05:00Z,2025-08-15 07:00,53702.366,51144.412
2025-08-15T06:00Z,2025-08-15 08:00,56833.891,54597.090
2025-08-15T07:00Z,2025-08-15 09:00,57121.031,56557.495
2025-08-15T08:00Z,2025-08-15 10:00,57691.360,57438.062
2025-08-15T09:00Z,2025-08-15 11:00,56775.232,57537.908
2025-08-15T10:00Z,2025-08-15 12:00,55372.024,56902.900
2025-08-15T11:00Z,2025-08-15 13:00,53658.167,55657.645
2025-08-15T12:00Z,2025-08-15 14:00,52662.916,53782.200
2025-08-15T13:00Z,2025-08-15 15:00,53078.309,52333.897
2025-08-15T14:00Z,2025-08-15 16:00,53888.999,51772.770
2025-08-15T15:00Z,2025-08-15 17:00,54647.636,52111.658
2025-08-15T16:00Z,2025-08-15 18:00,55673.434,52057.955
2025-08-15T17:00Z,2025-08-15 19:00,55328.924,52102.842
2025-08-15T18:00Z,2025-08-15 20:00,53297.362,51596.305
2025-08-15T19:00Z,2025-08-15 21:00,51710.416,49782.665
2025-08-15T20:00Z,2025-08-15 22:00,48914.949,46961.162
2025-08-15T21:00Z,2025-08-15 23:00,45952.771,44271.505
2025-08-15T22:00Z,2025-08-16 00:00,43659.749,42151.363
2025-08-15T23:00Z,2025-08-16 01:00,42067.325,40427.613
2025-08-16T00:00Z,2025-08-16 02:00,40340.888,39417.382
2025-08-16T01:00Z,2025-08-16 03:00,40071.385,39019.905
2025-08-16T02:00Z,2025-08-16 04:00,40073.202,39089.582
2025-08-16T03:00Z,2025-08-16 05:00,40431.958,39712.495
2025-08-16T04:00Z,2025-08-16 06:00,41469.915,41073.827
2025-08-16T05:00Z,2025-08-16 07:00,43233.778,43529.963
2025-08-16T06:00Z,2025-08-16 08:00,46529.183,46944.527
2025-08-16T07:00Z,2025-08-16 09:00,49130.581,49830.050
2025-08-16T08:00Z,2025-08-16 10:00,50329.359,51334.932
2025-08-16T09:00Z,2025-08-16 11:00,50826.404,51762.507
2025-08-16T10:00Z,2025-08-16 12:00,50128.566,50743.188
2025-08-16T11:00Z,2025-08-16 13:00,48145.774,49243.707
2025-08-16T12:00Z,2025-08-16 14:00,46970.681,48134.723
2025-08-16T13:00Z,2025-08-16 15:00,46836.342,47352.908
2025-08-16T14:00Z,2025-08-16 16:00,47153.852,47116.110
2025-08-16T15:00Z,2025-08-16 17:00,47575.257,47911.940
2025-08-16T16:00Z,2025-08-16 18:00,47765.633,48541.425
2025-08-16T17:00Z,2025-08-16 19:00,47910.586,48580.292
2025-08-16T18:00Z,2025-08-16 20:00,46376.219,47655.583
2025-08-16T19:00Z,2025-08-16 21:00,45488.780,46131.882
2025-08-16T20:00Z,2025-08-16 22:00,43214.579,44104.325
2025-08-16T21:00Z,2025-08-16 23:00,40672.438,41650.275
2025-08-16T22:00Z,2025-08-17 00:00,38291.771,39653.948
2025-08-16T23:00Z,2025-08-17 01:00,36793.621,37943.465
2025-08-17T00:00Z,2025-08-17 02:00,35570.918,36977.723
2025-08-17T01:00Z,2025-08-17 03:00,34807.629,36607.970
2025-08-17T02:00Z,2025-08-17 04:00,34741.860,36736.427
2025-08-17T03:00Z,2025-08-17 05:00,35166.778,37388.540
2025-08-17T04:00Z,2025-08-17 06:00,35373.424,39050.390
2025-08-17T05:00Z,2025-08-17 07:00,36883.159,41528.620
2025-08-17T06:00Z,2025-08-17 08:00,39392.312,44526.550
2025-08-17T07:00Z,2025-08-17 09:00,41978.522,46850.822
2025-08-17T08:00Z,2025-08-17 10:00,43625.952,48439.070
2025-08-17T09:00Z,2025-08-17 11:00,43837.831,48917.060
2025-08-17T10:00Z,2025-08-17 12:00,43075.454,48491.262
2025-08-17T11:00Z,2025-08-17 13:00,41719.873,47463.615
2025-08-17T12:00Z,2025-08-17 14:00,41051.325,45980.842
2025-08-17T13:00Z,2025-08-17 15:00,40726.317,45102.007
2025-08-17T14:00Z,2025-08-17 16:00,41041.084,45001.705
2025-08-17T15:00Z,2025-08-17 17:00,42204.206,45590.395
2025-08-17T16:00Z,2025-08-17 18:00,44629.153,46204.863
2025-08-17T17:00Z,2025-08-17 19:00,45780.657,46876.423
2025-08-17T18:00Z,2025-08-17 20:00,45901.348,47132.995
2025-08-17T19:00Z,2025-08-17 21:00,45483.522,46133.507
2025-08-17T20:00Z,2025-08-17 22:00,43538.846,44343.195
2025-08-17T21:00Z,2025-08-17 23:00,41020.617,42152.165
2025-08-17T22:00Z,2025-08-18 00:00,39079.394,39425.472
2025-08-17T23:00Z,2025-08-18 01:00,37503.636,38186.715
2025-08-18T00:00Z,2025-08-18 02:00,36691.628,37788.615
2025-08-18T01:00Z,2025-08-18 03:00,36787.372,37885.770
2025-08-18T02:00Z,2025-08-18 04:00,37892.641,39028.770
2025-08-18T03:00Z,2025-08-18 05:00,41658.934,42476.440
2025-08-18T04:00Z,2025-08-18 06:00,48488.905,48988.840
2025-08-18T05:00Z,2025-08-18 07:00,53104.696,53844.415
2025-08-18T06:00Z,2025-08-18 08:00,56224.927,57439.615
2025-08-18T07:00Z,2025-08-18 09:00,55856.431,59119.568
2025-08-18T08:00Z,2025-08-18 10:00,54869.963,59729.535
2025-08-18T09:00Z,2025-08-18 11:00,54661.024,59999.738
2025-08-18T10:00Z,2025-08-18 12:00,53941.353,59666.665
2025-08-18T11:00Z,2025-08-18 13:00,52260.619,58773.537
2025-08-18T12:00Z,2025-08-18 14:00,51403.321,57440.850
2025-08-18T13:00Z,2025-08-18 15:00,50953.904,55880.250
2025-08-18T14:00Z,2025-08-18 16:00,50891.653,54840.290
2025-08-18T15:00Z,2025-08-18 17:00,52112.230,54484.080
2025-08-18T16:00Z,2025-08-18 18:00,53764.755,55066.685
2025-08-18T17:00Z,2025-08-18 19:00,54735.139,55527.280
2025-08-18T18:00Z,2025-08-18 20:00,53591.276,54441.035
2025-08-18T19:00Z,2025-08-18 21:00,51686.156,52577.857
2025-08-18T20:00Z,2025-08-18 22:00,47560.298,49661.048
2025-08-18T21:00Z,2025-08-18 23:00,44542.994,46344.390
2025-08-18T22:00Z,2025-08-19 00:00,41875.467,44224.170
2025-08-18T23:00Z,2025-08-19 01:00,40388.421,42612.440
2025-08-19T00:00Z,2025-08-19 02:00,39606.433,41635.863
2025-08-19T01:00Z,2025-08-19 03:00,39635.709,41605.702
2025-08-19T02:00Z,2025-08-19 04:00,40643.312,42392.365
2025-08-19T03:00Z,2025-08-19 05:00,43761.833,45053.973
2025-08-19T04:00Z,2025-08-19 06:00,49709.883,50414.298
2025-08-19T05:00Z,2025-08-19 07:00,53950.744,55454.170
2025-08-19T06:00Z,2025-08-19 08:00,56987.689,58613.055
2025-08-19T07:00Z,2025-08-19 09:00,57033.269,59963.342
2025-08-19T08:00Z,2025-08-19 10:00,56547.195,60838.518
2025-08-19T09:00Z,2025-08-19 11:00,55990.255,61191.605
2025-08-19T10:00Z,2025-08-19 12:00,55592.607,59916.390
2025-08-19T11:00Z,2025-08-19 13:00,54479.630,58553.298
2025-08-19T12:00Z,2025-08-19 14:00,53819.913,57455.950
2025-08-19T13:00Z,2025-08-19 15:00,53799.372,57448.790
2025-08-19T14:00Z,2025-08-19 16:00,53491.326,56802.790
2025-08-19T15:00Z,2025-08-19 17:00,54269.014,57190.952
2025-08-19T16:00Z,2025-08-19 18:00,55482.459,57256.410
2025-08-19T17:00Z,2025-08-19 19:00,55799.874,56538.385
2025-08-19T18:00Z,2025-08-19 20:00,54755.593,55118.755
2025-08-19T19:00Z,2025-08-19 21:00,52754.362,53095.762
2025-08-19T20:00Z,2025-08-19 22:00,49288.609,50122.420
2025-08-19T21:00Z,2025-08-19 23:00,45873.893,46859.522
2025-08-19T22:00Z,2025-08-20 00:00,43239.197,44140.792
2025-08-19T23:00Z,2025-08-20 01:00,41463.018,42490.158
2025-08-20T00:00Z,2025-08-20 02:00,41165.319,41623.338
2025-08-20T01:00Z,2025-08-20 03:00,40551.043,41562.650
2025-08-20T02:00Z,2025-08-20 04:00,41540.396,42512.982
2025-08-20T03:00Z,2025-08-20 05:00,45438.647,45164.785
2025-08-20T04:00Z,2025-08-20 06:00,51449.009,50207.853
2025-08-20T05:00Z,2025-08-20 07:00,56020.350,54344.060
2025-08-20T06:00Z,2025-08-20 08:00,58618.352,58192.357
2025-08-20T07:00Z,2025-08-20 09:00,58407.526,59675.135
2025-08-20T08:00Z,2025-08-20 10:00,58042.205,60382.827
2025-08-20T09:00Z,2025-08-20 11:00,58065.295,60422.970
2025-08-20T10:00Z,2025-08-20 12:00,56710.634,59030.960
2025-08-20T11:00Z,2025-08-20 13:00,55799.409,58108.975
2025-08-20T12:00Z,2025-08-20 14:00,54842.312,56939.220
2025-08-20T13:00Z,2025-08-20 15:00,54380.811,55894.890
2025-08-20T14:00Z,2025-08-20 16:00,54340.178,55124.628
2025-08-20T15:00Z,2025-08-20 17:00,55651.436,55518.935
2025-08-20T16:00Z,2025-08-20 18:00,55937.640,55488.155
2025-08-20T17:00Z,2025-08-20 19:00,55886.085,55287.068
2025-08-20T18:00Z,2025-08-20 20:00,54288.802,54363.507
2025-08-20T19:00Z,2025-08-20 21:00,52280.638,52517.535
2025-08-20T20:00Z,2025-08-20 22:00,48307.220,49373.708
2025-08-20T21:00Z,2025-08-20 23:00,44662.455,46379.973
2025-08-20T22:00Z,2025-08-21 00:00,42690.840,44240.647
2025-08-20T23:00Z,2025-08-21 01:00,41173.426,42681.777
2025-08-21T00:00Z,2025-08-21 02:00,40319.270,42006.162
2025-08-21T01:00Z,2025-08-21 03:00,40294.046,41933.150
2025-08-21T02:00Z,2025-08-21 04:00,41179.853,42643.575
2025-08-21T03:00Z,2025-08-21 05:00,44450.202,45300.800
2025-08-21T04:00Z,2025-08-21 06:00,50238.132,50390.382
2025-08-21T05:00Z,2025-08-21 07:00,54766.095,54877.220
2025-08-21T06:00Z,2025-08-21 08:00,57713.462,57859.058
2025-08-21T07:00Z,2025-08-21 09:00,58318.011,59307.622
2025-08-21T08:00Z,2025-08-21 10:00,57851.762,59930.933
2025-08-21T09:00Z,2025-08-21 11:00,58377.791,60197.717
2025-08-21T10:00Z,2025-08-21 12:00,57949.543,59420.355
2025-08-21T11:00Z,2025-08-21 13:00,57151.245,58547.342
2025-08-21T12:00Z,2025-08-21 14:00,56008.750,57032.417
2025-08-21T13:00Z,2025-08-21 15:00,55957.240,55978.530
2025-08-21T14:00Z,2025-08-21 16:00,55647.157,55267.500
2025-08-21T15:00Z,2025-08-21 17:00,56361.970,55222.205
2025-08-21T16:00Z,2025-08-21 18:00,57270.994,55614.053
2025-08-21T17:00Z,2025-08-21 19:00,56897.188,55460.320
2025-08-21T18:00Z,2025-08-21 20:00,55094.286,54164.460
2025-08-21T19:00Z,2025-08-21 21:00,53303.406,52301.348
2025-08-21T20:00Z,2025-08-21 22:00,49821.830,49442.070
2025-08-21T21:00Z,2025-08-21 23:00,46037.330,46245.680
2025-08-21T22:00Z,2025-08-22 00:00,43544.065,43849.677
2025-08-21T23:00Z,2025-08-22 01:00,41949.112,42399.677
2025-08-22T00:00Z,2025-08-22 02:00,40754.029,41699.247
2025-08-22T01:00Z,2025-08-22 03:00,41053.306,41787.010
2025-08-22T02:00Z,2025-08-22 04:00,41740.668,42756.872
2025-08-22T03:00Z,2025-08-22 05:00,44874.284,45441.333
2025-08-22T04:00Z,2025-08-22 06:00,50553.023,50716.275
2025-08-22T05:00Z,2025-08-22 07:00,55041.647,54730.490
2025-08-22T06:00Z,2025-08-22 08:00,57404.941,58237.613
2025-08-22T07:00Z,2025-08-22 09:00,58714.902,59570.340
2025-08-22T08:00Z,2025-08-22 10:00,58652.366,60319.823
2025-08-22T09:00Z,2025-08-22 11:00,58370.407,60037.467
2025-08-22T10:00Z,2025-08-22 12:00,57472.942,58720.070
2025-08-22T11:00Z,2025-08-22 13:00,55599.483,57196.815
2025-08-22T12:00Z,2025-08-22 14:00,55354.746,55585.257
2025-08-22T13:00Z,2025-08-22 15:00,54757.439,54996.685
2025-08-22T14:00Z,2025-08-22 16:00,53913.424,54264.160
2025-08-22T15:00Z,2025-08-22 17:00,55192.143,54812.592
2025-08-22T16:00Z,2025-08-22 18:00,55446.508,54365.152
2025-08-22T17:00Z,2025-08-22 19:00,54530.512,53637.055
2025-08-22T18:00Z,2025-08-22 20:00,53033.867,52283.243
2025-08-22T19:00Z,2025-08-22 21:00,50829.764,50543.510
2025-08-22T20:00Z,2025-08-22 22:00,47457.927,47638.030
2025-08-22T21:00Z,2025-08-22 23:00,44201.998,44432.155
2025-08-22T22:00Z,2025-08-23 00:00,42487.749,41807.950
2025-08-22T23:00Z,2025-08-23 01:00,40992.935,39948.077
2025-08-23T00:00Z,2025-08-23 02:00,38729.576,38939.900
2025-08-23T01:00Z,2025-08-23 03:00,37956.937,38540.583
2025-08-23T02:00Z,2025-08-23 04:00,37400.276,38622.845
2025-08-23T03:00Z,2025-08-23 05:00,37918.745,39221.370
2025-08-23T04:00Z,2025-08-23 06:00,39992.985,40868.522
2025-08-23T05:00Z,2025-08-23 07:00,42828.262,43299.760
2025-08-23T06:00Z,2025-08-23 08:00,45453.776,46784.515
2025-08-23T07:00Z,2025-08-23 09:00,47023.159,49719.350
2025-08-23T08:00Z,2025-08-23 10:00,48808.690,50935.637
2025-08-23T09:00Z,2025-08-23 11:00,49070.478,51291.460
2025-08-23T10:00Z,2025-08-23 12:00,48425.184,50568.025
2025-08-23T11:00Z,2025-08-23 13:00,46202.367,49130.475
2025-08-23T12:00Z,2025-08-23 14:00,44699.806,48070.118
2025-08-23T13:00Z,2025-08-23 15:00,44761.134,47465.950
2025-08-23T14:00Z,2025-08-23 16:00,44944.584,47362.545
2025-08-23T15:00Z,2025-08-23 17:00,46327.874,48077.927
2025-08-23T16:00Z,2025-08-23 18:00,48272.358,48492.320
2025-08-23T17:00Z,2025-08-23 19:00,48738.305,48140.362
2025-08-23T18:00Z,2025-08-23 20:00,47859.662,46910.812
2025-08-23T19:00Z,2025-08-23 21:00,46739.265,45394.000
2025-08-23T20:00Z,2025-08-23 22:00,44593.174,43489.380
2025-08-23T21:00Z,2025-08-23 23:00,42170.239,41024.787
2025-08-23T22:00Z,2025-08-24 00:00,39695.086,39270.230
2025-08-23T23:00Z,2025-08-24 01:00,37090.306,37598.545
2025-08-24T00:00Z,2025-08-24 02:00,35455.945,36656.652
2025-08-24T01:00Z,2025-08-24 03:00,34437.000,36315.062
2025-08-24T02:00Z,2025-08-24 04:00,34245.997,36503.257
2025-08-24T03:00Z,2025-08-24 05:00,34571.128,37125.375
2025-08-24T04:00Z,2025-08-24 06:00,35893.189,39008.542
2025-08-24T05:00Z,2025-08-24 07:00,37577.605,41419.798
2025-08-24T06:00Z,2025-08-24 08:00,39291.922,44511.802
2025-08-24T07:00Z,2025-08-24 09:00,41744.560,47229.705
2025-08-24T08:00Z,2025-08-24 10:00,42327.779,48676.550
2025-08-24T09:00Z,2025-08-24 11:00,43331.615,49227.635
2025-08-24T10:00Z,2025-08-24 12:00,42879.604,48666.787
2025-08-24T11:00Z,2025-08-24 13:00,41666.552,47176.747
2025-08-24T12:00Z,2025-08-24 14:00,40481.645,45457.692
2025-08-24T13:00Z,2025-08-24 15:00,40176.193,44351.840
2025-08-24T14:00Z,2025-08-24 16:00,41503.353,44388.558
2025-08-24T15:00Z,2025-08-24 17:00,43100.202,45454.505
2025-08-24T16:00Z,2025-08-24 18:00,45193.409,46303.365
2025-08-24T17:00Z,2025-08-24 19:00,46578.250,47035.503
2025-08-24T18:00Z,2025-08-24 20:00,46814.427,47188.592
2025-08-24T19:00Z,2025-08-24 21:00,46220.484,46091.430
2025-08-24T20:00Z,2025-08-24 22:00,44593.647,44119.485
2025-08-24T21:00Z,2025-08-24 23:00,42331.013,41783.920
2025-08-24T22:00Z,2025-08-25 00:00,40516.826,39792.312
2025-08-24T23:00Z,2025-08-25 01:00,38577.763,38578.857
2025-08-25T00:00Z,2025-08-25 02:00,37650.735,38253.368
2025-08-25T01:00Z,2025-08-25 03:00,37690.270,38449.702
2025-08-25T02:00Z,2025-08-25 04:00,39132.436,39669.493
2025-08-25T03:00Z,2025-08-25 05:00,43076.271,43132.857
2025-08-25T04:00Z,2025-08-25 06:00,50354.414,49707.285
2025-08-25T05:00Z,2025-08-25 07:00,54987.579,54672.292
2025-08-25T06:00Z,2025-08-25 08:00,57611.336,58160.037
2025-08-25T07:00Z,2025-08-25 09:00,56587.859,59949.022
2025-08-25T08:00Z,2025-08-25 10:00,55219.810,60407.650
2025-08-25T09:00Z,2025-08-25 11:00,54600.408,60744.265
2025-08-25T10:00Z,2025-08-25 12:00,54095.041,60150.065
2025-08-25T11:00Z,2025-08-25 13:00,53373.248,59161.807
2025-08-25T12:00Z,2025-08-25 14:00,51914.936,57609.967
2025-08-25T13:00Z,2025-08-25 15:00,51909.880,55992.585
2025-08-25T14:00Z,2025-08-25 16:00,52017.931,55038.775
2025-08-25T15:00Z,2025-08-25 17:00,53189.058,54913.838
2025-08-25T16:00Z,2025-08-25 18:00,54871.091,55659.225
2025-08-25T17:00Z,2025-08-25 19:00,55143.859,56192.048
2025-08-25T18:00Z,2025-08-25 20:00,54376.657,55136.443
2025-08-25T19:00Z,2025-08-25 21:00,52295.659,53228.135
2025-08-25T20:00Z,2025-08-25 22:00,48379.761,50252.393
2025-08-25T21:00Z,2025-08-25 23:00,44821.980,46872.165
2025-08-25T22:00Z,2025-08-26 00:00,42223.626,43762.693
2025-08-25T23:00Z,2025-08-26 01:00,40584.122,42237.760
2025-08-26T00:00Z,2025-08-26 02:00,40013.386,41310.645
2025-08-26T01:00Z,2025-08-26 03:00,39855.033,41302.800
2025-08-26T02:00Z,2025-08-26 04:00,40801.768,42231.417
2025-08-26T03:00Z,2025-08-26 05:00,44396.399,45016.890
2025-08-26T04:00Z,2025-08-26 06:00,50612.825,50550.188
2025-08-26T05:00Z,2025-08-26 07:00,54871.799,55272.660
2025-08-26T06:00Z,2025-08-26 08:00,57897.482,58047.365
2025-08-26T07:00Z,2025-08-26 09:00,58729.959,59259.932
2025-08-26T08:00Z,2025-08-26 10:00,56543.957,60126.895
2025-08-26T09:00Z,2025-08-26 11:00,56281.636,60313.793
2025-08-26T10:00Z,2025-08-26 12:00,54774.909,59252.257
2025-08-26T11:00Z,2025-08-26 13:00,53768.899,58063.110
2025-08-26T12:00Z,2025-08-26 14:00,52706.527,56847.682
2025-08-26T13:00Z,2025-08-26 15:00,52761.782,56746.395
2025-08-26T14:00Z,2025-08-26 16:00,52939.388,56169.475
2025-08-26T15:00Z,2025-08-26 17:00,54922.776,56369.805
2025-08-26T16:00Z,2025-08-26 18:00,55927.784,56698.140
2025-08-26T17:00Z,2025-08-26 19:00,55644.103,56305.682
2025-08-26T18:00Z,2025-08-26 20:00,54777.906,55043.870
2025-08-26T19:00Z,2025-08-26 21:00,52527.832,52974.935
2025-08-26T20:00Z,2025-08-26 22:00,48056.797,49998.033
2025-08-26T21:00Z,2025-08-26 23:00,44265.656,46751.268
2025-08-26T22:00Z,2025-08-27 00:00,42006.546,44109.152
2025-08-26T23:00Z,2025-08-27 01:00,40768.094,42596.480
2025-08-27T00:00Z,2025-08-27 02:00,39703.727,41834.700
2025-08-27T01:00Z,2025-08-27 03:00,39723.802,41676.250
2025-08-27T02:00Z,2025-08-27 04:00,41026.848,42692.830
2025-08-27T03:00Z,2025-08-27 05:00,44180.687,45369.555
2025-08-27T04:00Z,2025-08-27 06:00,50866.409,50501.435
2025-08-27T05:00Z,2025-08-27 07:00,55472.034,54623.780
2025-08-27T06:00Z,2025-08-27 08:00,58305.626,58591.552
2025-08-27T07:00Z,2025-08-27 09:00,60024.299,60522.785
2025-08-27T08:00Z,2025-08-27 10:00,59989.640,61520.595
2025-08-27T09:00Z,2025-08-27 11:00,59810.302,61999.182
2025-08-27T10:00Z,2025-08-27 12:00,58898.315,60956.425
2025-08-27T11:00Z,2025-08-27 13:00,58697.578,59761.565
2025-08-27T12:00Z,2025-08-27 14:00,57513.463,58508.062
2025-08-27T13:00Z,2025-08-27 15:00,56904.624,57449.067
2025-08-27T14:00Z,2025-08-27 16:00,56445.110,56685.607
2025-08-27T15:00Z,2025-08-27 17:00,56438.755,56987.295
2025-08-27T16:00Z,2025-08-27 18:00,57347.543,56530.825
2025-08-27T17:00Z,2025-08-27 19:00,57394.486,55927.815
2025-08-27T18:00Z,2025-08-27 20:00,55849.631,54812.805
2025-08-27T19:00Z,2025-08-27 21:00,53203.103,52671.497
2025-08-27T20:00Z,2025-08-27 22:00,49452.753,49465.510
2025-08-27T21:00Z,2025-08-27 23:00,46479.425,46395.320
2025-08-27T22:00Z,2025-08-28 00:00,44074.971,43658.302
2025-08-27T23:00Z,2025-08-28 01:00,42274.870,42231.957
2025-08-28T00:00Z,2025-08-28 02:00,41359.721,41564.165
2025-08-28T01:00Z,2025-08-28 03:00,40897.964,41519.610
2025-08-28T02:00Z,2025-08-28 04:00,42228.490,42446.930
2025-08-28T03:00Z,2025-08-28 05:00,45564.059,45567.550
2025-08-28T04:00Z,2025-08-28 06:00,51945.475,50960.455
2025-08-28T05:00Z,2025-08-28 07:00,56597.696,55283.878
2025-08-28T06:00Z,2025-08-28 08:00,59370.674,58745.632
2025-08-28T07:00Z,2025-08-28 09:00,60556.075,60544.945
2025-08-28T08:00Z,2025-08-28 10:00,61909.198,61857.208
2025-08-28T09:00Z,2025-08-28 11:00,62410.764,62142.018
2025-08-28T10:00Z,2025-08-28 12:00,62448.866,60911.262
2025-08-28T11:00Z,2025-08-28 13:00,60768.192,59846.105
2025-08-28T12:00Z,2025-08-28 14:00,59088.215,58616.125
2025-08-28T13:00Z,2025-08-28 15:00,57533.080,57756.900
2025-08-28T14:00Z,2025-08-28 16:00,56563.685,57294.393
2025-08-28T15:00Z,2025-08-28 17:00,57569.738,56920.887
2025-08-28T16:00Z,2025-08-28 18:00,57674.986,56882.247
2025-08-28T17:00Z,2025-08-28 19:00,56539.624,56557.770
2025-08-28T18:00Z,2025-08-28 20:00,55634.892,55052.325
2025-08-28T19:00Z,2025-08-28 21:00,52982.390,52748.512
2025-08-28T20:00Z,2025-08-28 22:00,48984.549,49563.337
2025-08-28T21:00Z,2025-08-28 23:00,45479.012,46263.320
2025-08-28T22:00Z,2025-08-29 00:00,43013.459,44610.575
2025-08-28T23:00Z,2025-08-29 01:00,41822.199,43193.060
2025-08-29T00:00Z,2025-08-29 02:00,40922.015,42434.265
2025-08-29T01:00Z,2025-08-29 03:00,41272.431,42451.277
2025-08-29T02:00Z,2025-08-29 04:00,42320.650,43242.247
2025-08-29T03:00Z,2025-08-29 05:00,45136.620,45911.613
2025-08-29T04:00Z,2025-08-29 06:00,51297.780,51306.382
2025-08-29T05:00Z,2025-08-29 07:00,55528.202,55450.705
2025-08-29T06:00Z,2025-08-29 08:00,58733.718,59268.952
2025-08-29T07:00Z,2025-08-29 09:00,59993.157,60749.175
2025-08-29T08:00Z,2025-08-29 10:00,59666.402,61517.815
2025-08-29T09:00Z,2025-08-29 11:00,58892.342,61088.168
2025-08-29T10:00Z,2025-08-29 12:00,57210.178,59449.442
2025-08-29T11:00Z,2025-08-29 13:00,55720.779,57825.397
2025-08-29T12:00Z,2025-08-29 14:00,53943.132,56204.228
2025-08-29T13:00Z,2025-08-29 15:00,52504.253,55571.488
2025-08-29T14:00Z,2025-08-29 16:00,52587.951,54806.952
2025-08-29T15:00Z,2025-08-29 17:00,53297.190,55236.558
2025-08-29T16:00Z,2025-08-29 18:00,54083.693,54868.792
2025-08-29T17:00Z,2025-08-29 19:00,53784.681,54452.507
2025-08-29T18:00Z,2025-08-29 20:00,52283.937,53232.930
2025-08-29T19:00Z,2025-08-29 21:00,49614.338,51444.527
2025-08-29T20:00Z,2025-08-29 22:00,46303.455,48402.012
2025-08-29T21:00Z,2025-08-29 23:00,43355.177,45182.188
2025-08-29T22:00Z,2025-08-30 00:00,40597.716,42679.902
2025-08-29T23:00Z,2025-08-30 01:00,38727.222,40815.897
2025-08-30T00:00Z,2025-08-30 02:00,37702.955,39735.965
2025-08-30T01:00Z,2025-08-30 03:00,37382.783,39272.928
2025-08-30T02:00Z,2025-08-30 04:00,37546.353,39183.372
2025-08-30T03:00Z,2025-08-30 05:00,38333.877,39637.247
2025-08-30T04:00Z,2025-08-30 06:00,40440.704,41352.033
2025-08-30T05:00Z,2025-08-30 07:00,42318.715,43641.302
2025-08-30T06:00Z,2025-08-30 08:00,45473.961,47035.512
2025-08-30T07:00Z,2025-08-30 09:00,47678.204,50023.037
2025-08-30T08:00Z,2025-08-30 10:00,48965.052,51496.543
2025-08-30T09:00Z,2025-08-30 11:00,49116.172,51908.160
2025-08-30T10:00Z,2025-08-30 12:00,47523.474,50878.262
2025-08-30T11:00Z,2025-08-30 13:00,45859.812,49396.482
2025-08-30T12:00Z,2025-08-30 14:00,44470.999,48205.562
2025-08-30T13:00Z,2025-08-30 15:00,43893.336,47601.095
2025-08-30T14:00Z,2025-08-30 16:00,43463.889,47574.090
2025-08-30T15:00Z,2025-08-30 17:00,44522.931,48209.680
2025-08-30T16:00Z,2025-08-30 18:00,46039.728,48868.590
2025-08-30T17:00Z,2025-08-30 19:00,46711.385,48881.497
2025-08-30T18:00Z,2025-08-30 20:00,46239.597,47841.092
2025-08-30T19:00Z,2025-08-30 21:00,44162.441,46135.260
2025-08-30T20:00Z,2025-08-30 22:00,41797.848,44033.333
2025-08-30T21:00Z,2025-08-30 23:00,39353.954,41532.270
2025-08-30T22:00Z,2025-08-31 00:00,36715.623,39518.397
2025-08-30T23:00Z,2025-08-31 01:00,35232.779,37984.397
2025-08-31T00:00Z,2025-08-31 02:00,34374.577,37130.853
2025-08-31T01:00Z,2025-08-31 03:00,34107.275,36779.927
2025-08-31T02:00Z,2025-08-31 04:00,34125.203,36928.250
2025-08-31T03:00Z,2025-08-31 05:00,34963.088,37670.763
2025-08-31T04:00Z,2025-08-31 06:00,35760.329,39896.098
2025-08-31T05:00Z,2025-08-31 07:00,37335.719,42626.760
2025-08-31T06:00Z,2025-08-31 08:00,40412.718,45811.863
2025-08-31T07:00Z,2025-08-31 09:00,43344.897,48440.872
2025-08-31T08:00Z,2025-08-31 10:00,44723.547,49957.885
2025-08-31T09:00Z,2025-08-31 11:00,45176.323,50514.522
2025-08-31T10:00Z,2025-08-31 12:00,44076.175,50067.533
2025-08-31T11:00Z,2025-08-31 13:00,42328.562,48800.423
2025-08-31T12:00Z,2025-08-31 14:00,41443.973,47474.020
2025-08-31T13:00Z,2025-08-31 15:00,40983.259,46621.565
2025-08-31T14:00Z,2025-08-31 16:00,41220.249,46472.215
2025-08-31T15:00Z,2025-08-31 17:00,42733.450,47295.735
2025-08-31T16:00Z,2025-08-31 18:00,45435.418,47883.140
2025-08-31T17:00Z,2025-08-31 19:00,46818.587,48533.397
2025-08-31T18:00Z,2025-08-31 20:00,47113.885,48431.257
2025-08-31T19:00Z,2025-08-31 21:00,45512.381,47091.405
2025-08-31T20:00Z,2025-08-31 22:00,43718.876,45053.900
2025-08-31T21:00Z,2025-08-31 23:00,42139.149,42723.335
2025-08-31T22:00Z,2025-09-01 00:00,40347.501,39571.655
2025-08-31T23:00Z,2025-09-01 01:00,39390.173,38391.445
2025-09-01T00:00Z,2025-09-01 02:00,38319.504,38104.857
2025-09-01T01:00Z,2025-09-01 03:00,38021.287,38252.127
2025-09-01T02:00Z,2025-09-01 04:00,38707.668,39393.550
2025-09-01T03:00Z,2025-09-01 05:00,42282.439,43028.885
2025-09-01T04:00Z,2025-09-01 06:00,50102.423,50113.982
2025-09-01T05:00Z,2025-09-01 07:00,55315.824,55527.473
2025-09-01T06:00Z,2025-09-01 08:00,58443.751,59377.673
2025-09-01T07:00Z,2025-09-01 09:00,59116.413,61225.000
2025-09-01T08:00Z,2025-09-01 10:00,59711.846,61799.155
2025-09-01T09:00Z,2025-09-01 11:00,60466.624,61931.485
2025-09-01T10:00Z,2025-09-01 12:00,59519.619,61444.370
2025-09-01T11:00Z,2025-09-01 13:00,57623.408,60447.270
2025-09-01T12:00Z,2025-09-01 14:00,57198.594,59030.595
2025-09-01T13:00Z,2025-09-01 15:00,57130.182,57270.475
2025-09-01T14:00Z,2025-09-01 16:00,56519.411,56316.825
2025-09-01T15:00Z,2025-09-01 17:00,56918.241,56145.520
2025-09-01T16:00Z,2025-09-01 18:00,57164.417,56812.515
2025-09-01T17:00Z,2025-09-01 19:00,57565.768,57325.970
2025-09-01T18:00Z,2025-09-01 20:00,56763.414,56131.618
2025-09-01T19:00Z,2025-09-01 21:00,53457.029,53831.027
2025-09-01T20:00Z,2025-09-01 22:00,49009.046,50569.820
2025-09-01T21:00Z,2025-09-01 23:00,44877.299,47065.552
2025-09-01T22:00Z,2025-09-02 00:00,42918.510,44164.158
2025-09-01T23:00Z,2025-09-02 01:00,41449.613,42638.848
2025-09-02T00:00Z,2025-09-02 02:00,40410.310,41753.810
2025-09-02T01:00Z,2025-09-02 03:00,40353.600,41775.415
2025-09-02T02:00Z,2025-09-02 04:00,41438.963,42612.993
2025-09-02T03:00Z,2025-09-02 05:00,45331.288,45441.435
2025-09-02T04:00Z,2025-09-02 06:00,52403.294,51153.235
2025-09-02T05:00Z,2025-09-02 07:00,56468.026,56208.195
2025-09-02T06:00Z,2025-09-02 08:00,59412.639,59469.738
2025-09-02T07:00Z,2025-09-02 09:00,60310.173,60537.342
2025-09-02T08:00Z,2025-09-02 10:00,60994.354,61182.688
2025-09-02T09:00Z,2025-09-02 11:00,60978.742,61266.815
2025-09-02T10:00Z,2025-09-02 12:00,59559.747,60202.895
2025-09-02T11:00Z,2025-09-02 13:00,58193.008,58893.158
2025-09-02T12:00Z,2025-09-02 14:00,56616.950,57615.132
2025-09-02T13:00Z,2025-09-02 15:00,55933.715,57581.635
2025-09-02T14:00Z,2025-09-02 16:00,54686.412,57113.325
2025-09-02T15:00Z,2025-09-02 17:00,55511.438,57398.857
2025-09-02T16:00Z,2025-09-02 18:00,56281.586,57529.022
2025-09-02T17:00Z,2025-09-02 19:00,56535.109,57268.410
2025-09-02T18:00Z,2025-09-02 20:00,56018.597,55861.353
2025-09-02T19:00Z,2025-09-02 21:00,53247.008,53525.650
2025-09-02T20:00Z,2025-09-02 22:00,49674.431,50384.357
2025-09-02T21:00Z,2025-09-02 23:00,46549.913,46954.950
2025-09-02T22:00Z,2025-09-03 00:00,43322.049,44164.215
2025-09-02T23:00Z,2025-09-03 01:00,41741.029,42860.510
2025-09-03T00:00Z,2025-09-03 02:00,40852.304,42228.810
2025-09-03T01:00Z,2025-09-03 03:00,41376.056,42212.948
2025-09-03T02:00Z,2025-09-03 04:00,42090.739,43306.897
2025-09-03T03:00Z,2025-09-03 05:00,45760.704,46094.228
2025-09-03T04:00Z,2025-09-03 06:00,53002.160,51388.768
2025-09-03T05:00Z,2025-09-03 07:00,56833.533,55527.095
2025-09-03T06:00Z,2025-09-03 08:00,59356.942,59456.333
2025-09-03T07:00Z,2025-09-03 09:00,59692.941,61409.098
2025-09-03T08:00Z,2025-09-03 10:00,60837.484,62259.540
2025-09-03T09:00Z,2025-09-03 11:00,61308.330,62393.798
2025-09-03T10:00Z,2025-09-03 12:00,60551.732,61189.923
2025-09-03T11:00Z,2025-09-03 13:00,58912.126,60087.728
2025-09-03T12:00Z,2025-09-03 14:00,58330.614,59006.463
2025-09-03T13:00Z,2025-09-03 15:00,58439.224,57950.702
2025-09-03T14:00Z,2025-09-03 16:00,58146.412,57123.103
2025-09-03T15:00Z,2025-09-03 17:00,58316.679,57578.270
2025-09-03T16:00Z,2025-09-03 18:00,59567.688,57209.725
2025-09-03T17:00Z,2025-09-03 19:00,59315.352,56518.088
2025-09-03T18:00Z,2025-09-03 20:00,58568.770,55284.285
2025-09-03T19:00Z,2025-09-03 21:00,55684.473,53072.722
2025-09-03T20:00Z,2025-09-03 22:00,51599.525,49620.993
2025-09-03T21:00Z,2025-09-03 23:00,48180.787,46510.245
2025-09-03T22:00Z,2025-09-04 00:00,46128.164,44105.100
2025-09-03T23:00Z,2025-09-04 01:00,44536.767,42487.960
2025-09-04T00:00Z,2025-09-04 02:00,43662.266,41848.595
2025-09-04T01:00Z,2025-09-04 03:00,43312.704,41953.835
2025-09-04T02:00Z,2025-09-04 04:00,44034.245,42772.137
2025-09-04T03:00Z,2025-09-04 05:00,47020.560,45830.963
2025-09-04T04:00Z,2025-09-04 06:00,54385.100,51512.018
2025-09-04T05:00Z,2025-09-04 07:00,58431.025,56324.565
2025-09-04T06:00Z,2025-09-04 08:00,60685.997,59980.555
2025-09-04T07:00Z,2025-09-04 09:00,61012.845,61867.192
2025-09-04T08:00Z,2025-09-04 10:00,60564.268,63363.905
2025-09-04T09:00Z,2025-09-04 11:00,59959.189,63791.827
2025-09-04T10:00Z,2025-09-04 12:00,59273.719,62917.223
2025-09-04T11:00Z,2025-09-04 13:00,58664.444,61809.300
2025-09-04T12:00Z,2025-09-04 14:00,57648.190,60164.442
2025-09-04T13:00Z,2025-09-04 15:00,56718.950,59048.673
2025-09-04T14:00Z,2025-09-04 16:00,56165.681,58266.030
2025-09-04T15:00Z,2025-09-04 17:00,57336.898,57679.190
2025-09-04T16:00Z,2025-09-04 18:00,57307.287,57490.620
2025-09-04T17:00Z,2025-09-04 19:00,56918.808,57033.940
2025-09-04T18:00Z,2025-09-04 20:00,56306.863,55478.955
2025-09-04T19:00Z,2025-09-04 21:00,52970.503,53486.170
2025-09-04T20:00Z,2025-09-04 22:00,49601.572,50305.668
2025-09-04T21:00Z,2025-09-04 23:00,45778.889,46940.310
2025-09-04T22:00Z,2025-09-05 00:00,44086.406,45078.507
2025-09-04T23:00Z,2025-09-05 01:00,42763.975,43621.185
2025-09-05T00:00Z,2025-09-05 02:00,41850.296,42929.960
2025-09-05T01:00Z,2025-09-05 03:00,42266.107,43062.785
2025-09-05T02:00Z,2025-09-05 04:00,42663.617,44107.537
2025-09-05T03:00Z,2025-09-05 05:00,45301.702,47066.573
2025-09-05T04:00Z,2025-09-05 06:00,52191.990,52763.683
2025-09-05T05:00Z,2025-09-05 07:00,56494.456,57160.270
2025-09-05T06:00Z,2025-09-05 08:00,59885.252,60745.885
2025-09-05T07:00Z,2025-09-05 09:00,60642.599,62288.448
2025-09-05T08:00Z,2025-09-05 10:00,61676.632,62326.240
2025-09-05T09:00Z,2025-09-05 11:00,60780.929,62179.680
2025-09-05T10:00Z,2025-09-05 12:00,59504.174,60977.390
2025-09-05T11:00Z,2025-09-05 13:00,57561.532,59249.972
2025-09-05T12:00Z,2025-09-05 14:00,55599.592,57278.225
2025-09-05T13:00Z,2025-09-05 15:00,54082.090,56589.903
2025-09-05T14:00Z,2025-09-05 16:00,53936.294,55793.967
2025-09-05T15:00Z,2025-09-05 17:00,54421.878,56264.833
2025-09-05T16:00Z,2025-09-05 18:00,54726.537,56559.562
2025-09-05T17:00Z,2025-09-05 19:00,54127.395,55631.052
2025-09-05T18:00Z,2025-09-05 20:00,53486.291,54019.920
2025-09-05T19:00Z,2025-09-05 21:00,50160.189,51598.740
2025-09-05T20:00Z,2025-09-05 22:00,46740.832,48623.130
2025-09-05T21:00Z,2025-09-05 23:00,43508.413,45521.825
2025-09-05T22:00Z,2025-09-06 00:00,40935.813,42717.287
2025-09-05T23:00Z,2025-09-06 01:00,39148.924,40810.118
2025-09-06T00:00Z,2025-09-06 02:00,37939.671,39881.675
2025-09-06T01:00Z,2025-09-06 03:00,37302.018,39449.930
2025-09-06T02:00Z,2025-09-06 04:00,37334.963,39393.100
2025-09-06T03:00Z,2025-09-06 05:00,38248.567,39367.035
2025-09-06T04:00Z,2025-09-06 06:00,40333.266,40461.357
2025-09-06T05:00Z,2025-09-06 07:00,42198.477,42742.022
2025-09-06T06:00Z,2025-09-06 08:00,45383.065,46145.370
2025-09-06T07:00Z,2025-09-06 09:00,47588.886,49037.265
2025-09-06T08:00Z,2025-09-06 10:00,48316.072,50705.100
2025-09-06T09:00Z,2025-09-06 11:00,47556.079,51004.902
2025-09-06T10:00Z,2025-09-06 12:00,45811.441,50224.690
2025-09-06T11:00Z,2025-09-06 13:00,44127.526,48648.420
2025-09-06T12:00Z,2025-09-06 14:00,42970.279,47184.713
2025-09-06T13:00Z,2025-09-06 15:00,42404.468,46476.605
2025-09-06T14:00Z,2025-09-06 16:00,42995.677,46300.065
2025-09-06T15:00Z,2025-09-06 17:00,44608.787,46872.302
2025-09-06T16:00Z,2025-09-06 18:00,46300.192,47638.765
2025-09-06T17:00Z,2025-09-06 19:00,46769.467,47771.787
2025-09-06T18:00Z,2025-09-06 20:00,46332.266,46854.037
2025-09-06T19:00Z,2025-09-06 21:00,43536.031,45364.167
2025-09-06T20:00Z,2025-09-06 22:00,41123.575,43348.315
2025-09-06T21:00Z,2025-09-06 23:00,38403.437,40930.390
2025-09-06T22:00Z,2025-09-07 00:00,36144.380,39041.195
2025-09-06T23:00Z,2025-09-07 01:00,35054.879,37414.455
2025-09-07T00:00Z,2025-09-07 02:00,33932.406,36528.268
2025-09-07T01:00Z,2025-09-07 03:00,33614.825,36219.658
2025-09-07T02:00Z,2025-09-07 04:00,33658.219,36402.538
2025-09-07T03:00Z,2025-09-07 05:00,34281.045,37105.050
2025-09-07T04:00Z,2025-09-07 06:00,35004.497,38909.440
2025-09-07T05:00Z,2025-09-07 07:00,36788.456,41484.280
2025-09-07T06:00Z,2025-09-07 08:00,39967.399,44877.225
2025-09-07T07:00Z,2025-09-07 09:00,42799.196,47630.450
2025-09-07T08:00Z,2025-09-07 10:00,43815.272,49404.710
2025-09-07T09:00Z,2025-09-07 11:00,44131.701,50135.743
2025-09-07T10:00Z,2025-09-07 12:00,43304.517,49602.860
2025-09-07T11:00Z,2025-09-07 13:00,41307.956,48245.040
2025-09-07T12:00Z,2025-09-07 14:00,40124.237,46968.305
2025-09-07T13:00Z,2025-09-07 15:00,39664.260,46154.107
2025-09-07T14:00Z,2025-09-07 16:00,40123.025,46032.320
2025-09-07T15:00Z,2025-09-07 17:00,42507.920,46904.270
2025-09-07T16:00Z,2025-09-07 18:00,45169.195,48524.098
2025-09-07T17:00Z,2025-09-07 19:00,46818.129,49391.787
2025-09-07T18:00Z,2025-09-07 20:00,47828.635,48660.345
2025-09-07T19:00Z,2025-09-07 21:00,46249.004,47156.020
2025-09-07T20:00Z,2025-09-07 22:00,44333.184,45381.555
2025-09-07T21:00Z,2025-09-07 23:00,41400.422,43051.418
2025-09-07T22:00Z,2025-09-08 00:00,39816.921,40409.558
2025-09-07T23:00Z,2025-09-08 01:00,38374.581,39461.707
2025-09-08T00:00Z,2025-09-08 02:00,37476.810,39092.810
2025-09-08T01:00Z,2025-09-08 03:00,37678.982,39399.595
2025-09-08T02:00Z,2025-09-08 04:00,38881.758,40663.100
2025-09-08T03:00Z,2025-09-08 05:00,43345.781,45236.445
2025-09-08T04:00Z,2025-09-08 06:00,51669.244,53177.652
2025-09-08T05:00Z,2025-09-08 07:00,55744.580,58530.342
2025-09-08T06:00Z,2025-09-08 08:00,59201.466,61909.860
2025-09-08T07:00Z,2025-09-08 09:00,60627.824,63175.480
2025-09-08T08:00Z,2025-09-08 10:00,61330.949,63936.495
2025-09-08T09:00Z,2025-09-08 11:00,60773.530,64146.238
2025-09-08T10:00Z,2025-09-08 12:00,60061.122,63250.722
2025-09-08T11:00Z,2025-09-08 13:00,58853.026,61884.408
2025-09-08T12:00Z,2025-09-08 14:00,58177.848,60399.478
2025-09-08T13:00Z,2025-09-08 15:00,57670.404,59557.445
2025-09-08T14:00Z,2025-09-08 16:00,57360.659,59039.963
2025-09-08T15:00Z,2025-09-08 17:00,57646.162,59488.698
2025-09-08T16:00Z,2025-09-08 18:00,57443.593,59706.643
2025-09-08T17:00Z,2025-09-08 19:00,56790.912,59455.395
2025-09-08T18:00Z,2025-09-08 20:00,55875.221,57894.655
2025-09-08T19:00Z,2025-09-08 21:00,53000.142,54931.417
2025-09-08T20:00Z,2025-09-08 22:00,48834.290,51282.770
2025-09-08T21:00Z,2025-09-08 23:00,45609.263,47814.095
2025-09-08T22:00Z,2025-09-09 00:00,43332.749,44905.770
2025-09-08T23:00Z,2025-09-09 01:00,41509.093,43544.435
2025-09-09T00:00Z,2025-09-09 02:00,40619.534,42857.777
2025-09-09T01:00Z,2025-09-09 03:00,40781.019,42895.495
2025-09-09T02:00Z,2025-09-09 04:00,41770.480,43846.143
2025-09-09T03:00Z,2025-09-09 05:00,45184.663,46972.868
2025-09-09T04:00Z,2025-09-09 06:00,52741.989,52996.568
2025-09-09T05:00Z,2025-09-09 07:00,57035.601,57981.855
2025-09-09T06:00Z,2025-09-09 08:00,60107.478,61160.378
2025-09-09T07:00Z,2025-09-09 09:00,61822.479,62553.450
2025-09-09T08:00Z,2025-09-09 10:00,61965.139,63256.815
2025-09-09T09:00Z,2025-09-09 11:00,62841.720,63604.050
2025-09-09T10:00Z,2025-09-09 12:00,62083.666,62781.452
2025-09-09T11:00Z,2025-09-09 13:00,60679.636,61178.952
2025-09-09T12:00Z,2025-09-09 14:00,59626.042,59516.485
2025-09-09T13:00Z,2025-09-09 15:00,59639.620,58445.243
2025-09-09T14:00Z,2025-09-09 16:00,58712.095,57731.500
2025-09-09T15:00Z,2025-09-09 17:00,58840.993,57931.243
2025-09-09T16:00Z,2025-09-09 18:00,58748.632,58268.735
2025-09-09T17:00Z,2025-09-09 19:00,58389.430,58087.743
2025-09-09T18:00Z,2025-09-09 20:00,57909.028,56732.255
2025-09-09T19:00Z,2025-09-09 21:00,54313.141,54214.573
2025-09-09T20:00Z,2025-09-09 22:00,49893.608,50995.260
2025-09-09T21:00Z,2025-09-09 23:00,46657.363,47859.610
2025-09-09T22:00Z,2025-09-10 00:00,44390.932,44458.768
2025-09-09T23:00Z,2025-09-10 01:00,42927.132,43231.440
2025-09-10T00:00Z,2025-09-10 02:00,41787.240,42394.395
2025-09-10T01:00Z,2025-09-10 03:00,41413.235,42521.693
2025-09-10T02:00Z,2025-09-10 04:00,42472.231,43713.438
2025-09-10T03:00Z,2025-09-10 05:00,45815.371,47088.042
2025-09-10T04:00Z,2025-09-10 06:00,53179.660,53659.870
2025-09-10T05:00Z,2025-09-10 07:00,57603.555,59830.647
2025-09-10T06:00Z,2025-09-10 08:00,60509.522,62514.188
2025-09-10T07:00Z,2025-09-10 09:00,61345.325,63042.450
2025-09-10T08:00Z,2025-09-10 10:00,62524.868,63139.777
2025-09-10T09:00Z,2025-09-10 11:00,63033.645,63261.822
2025-09-10T10:00Z,2025-09-10 12:00,62502.348,62240.465
2025-09-10T11:00Z,2025-09-10 13:00,61005.480,61180.710
2025-09-10T12:00Z,2025-09-10 14:00,59479.564,59343.083
2025-09-10T13:00Z,2025-09-10 15:00,58375.765,58041.993
2025-09-10T14:00Z,2025-09-10 16:00,57251.853,56934.208
2025-09-10T15:00Z,2025-09-10 17:00,57948.361,56561.315
2025-09-10T16:00Z,2025-09-10 18:00,58508.076,56975.762
2025-09-10T17:00Z,2025-09-10 19:00,58230.613,57097.760
2025-09-10T18:00Z,2025-09-10 20:00,57602.479,56119.728
2025-09-10T19:00Z,2025-09-10 21:00,53443.224,54206.372
2025-09-10T20:00Z,2025-09-10 22:00,49607.498,50535.385
2025-09-10T21:00Z,2025-09-10 23:00,45137.074,47368.723
2025-09-10T22:00Z,2025-09-11 00:00,42835.152,46053.315
2025-09-10T23:00Z,2025-09-11 01:00,41504.270,44449.967
2025-09-11T00:00Z,2025-09-11 02:00,40467.295,44041.262
2025-09-11T01:00Z,2025-09-11 03:00,40530.580,44075.660
2025-09-11T02:00Z,2025-09-11 04:00,41861.573,44607.262
2025-09-11T03:00Z,2025-09-11 05:00,46039.167,46841.452
2025-09-11T04:00Z,2025-09-11 06:00,53865.261,52449.573
2025-09-11T05:00Z,2025-09-11 07:00,58073.014,56987.500
2025-09-11T06:00Z,2025-09-11 08:00,60402.522,60522.052
2025-09-11T07:00Z,2025-09-11 09:00,61274.185,62086.268
2025-09-11T08:00Z,2025-09-11 10:00,61528.521,63066.503
2025-09-11T09:00Z,2025-09-11 11:00,61831.048,62665.410
2025-09-11T10:00Z,2025-09-11 12:00,60776.456,62080.325
2025-09-11T11:00Z,2025-09-11 13:00,59333.782,61721.988
2025-09-11T12:00Z,2025-09-11 14:00,57770.459,60728.370
2025-09-11T13:00Z,2025-09-11 15:00,56122.816,59276.717
2025-09-11T14:00Z,2025-09-11 16:00,55757.065,58469.863
2025-09-11T15:00Z,2025-09-11 17:00,57140.397,58291.387
2025-09-11T16:00Z,2025-09-11 18:00,57451.534,58824.978
2025-09-11T17:00Z,2025-09-11 19:00,58090.584,58299.110
2025-09-11T18:00Z,2025-09-11 20:00,57270.236,56916.805
2025-09-11T19:00Z,2025-09-11 21:00,53508.326,54614.345
2025-09-11T20:00Z,2025-09-11 22:00,49430.159,51367.048
2025-09-11T21:00Z,2025-09-11 23:00,47288.147,48022.083
2025-09-11T22:00Z,2025-09-12 00:00,44688.565,45488.540
2025-09-11T23:00Z,2025-09-12 01:00,42609.834,43912.592
2025-09-12T00:00Z,2025-09-12 02:00,41616.274,43423.262
2025-09-12T01:00Z,2025-09-12 03:00,42282.826,43559.183
2025-09-12T02:00Z,2025-09-12 04:00,42954.213,44622.092
2025-09-12T03:00Z,2025-09-12 05:00,46283.739,47556.027
2025-09-12T04:00Z,2025-09-12 06:00,53557.592,53138.958
2025-09-12T05:00Z,2025-09-12 07:00,57709.752,57941.290
2025-09-12T06:00Z,2025-09-12 08:00,60471.401,61133.298
2025-09-12T07:00Z,2025-09-12 09:00,61039.554,62664.562
2025-09-12T08:00Z,2025-09-12 10:00,61545.649,63799.690
2025-09-12T09:00Z,2025-09-12 11:00,61852.112,64233.390
2025-09-12T10:00Z,2025-09-12 12:00,60265.690,63223.393
2025-09-12T11:00Z,2025-09-12 13:00,57174.900,61538.833
2025-09-12T12:00Z,2025-09-12 14:00,55676.891,59295.193
2025-09-12T13:00Z,2025-09-12 15:00,54163.395,58358.680
2025-09-12T14:00Z,2025-09-12 16:00,53603.528,58003.680
2025-09-12T15:00Z,2025-09-12 17:00,55104.669,58057.607
2025-09-12T16:00Z,2025-09-12 18:00,55967.668,57700.537
2025-09-12T17:00Z,2025-09-12 19:00,56022.273,56942.915
2025-09-12T18:00Z,2025-09-12 20:00,54790.727,55185.355
2025-09-12T19:00Z,2025-09-12 21:00,50898.442,52425.675
2025-09-12T20:00Z,2025-09-12 22:00,47697.995,49068.908
2025-09-12T21:00Z,2025-09-12 23:00,44802.295,45757.655
2025-09-12T22:00Z,2025-09-13 00:00,41234.220,43021.770
2025-09-12T23:00Z,2025-09-13 01:00,39338.728,41104.560
2025-09-13T00:00Z,2025-09-13 02:00,38821.695,40063.810
2025-09-13T01:00Z,2025-09-13 03:00,38619.542,39624.268
2025-09-13T02:00Z,2025-09-13 04:00,38145.328,39548.980
2025-09-13T03:00Z,2025-09-13 05:00,38888.817,40111.410
2025-09-13T04:00Z,2025-09-13 06:00,41036.713,41681.250
2025-09-13T05:00Z,2025-09-13 07:00,43049.732,44096.418
2025-09-13T06:00Z,2025-09-13 08:00,46206.971,47307.930
2025-09-13T07:00Z,2025-09-13 09:00,49253.268,50156.033
2025-09-13T08:00Z,2025-09-13 10:00,50866.067,52094.662
2025-09-13T09:00Z,2025-09-13 11:00,51297.599,52053.307
2025-09-13T10:00Z,2025-09-13 12:00,50071.815,51213.205
2025-09-13T11:00Z,2025-09-13 13:00,48000.959,49699.165
2025-09-13T12:00Z,2025-09-13 14:00,46378.320,48261.318
2025-09-13T13:00Z,2025-09-13 15:00,45885.455,47418.003
2025-09-13T14:00Z,2025-09-13 16:00,46070.359,47426.790
2025-09-13T15:00Z,2025-09-13 17:00,47369.675,47977.565
2025-09-13T16:00Z,2025-09-13 18:00,49152.771,48950.585
2025-09-13T17:00Z,2025-09-13 19:00,48367.777,49273.230
2025-09-13T18:00Z,2025-09-13 20:00,47890.050,48397.387
2025-09-13T19:00Z,2025-09-13 21:00,44899.714,46647.995
2025-09-13T20:00Z,2025-09-13 22:00,42620.805,44670.088
2025-09-13T21:00Z,2025-09-13 23:00,40449.309,42176.077
2025-09-13T22:00Z,2025-09-14 00:00,37881.139,40747.975
2025-09-13T23:00Z,2025-09-14 01:00,36133.148,39105.810
2025-09-14T00:00Z,2025-09-14 02:00,35243.738,38278.405
2025-09-14T01:00Z,2025-09-14 03:00,34794.402,37805.295
2025-09-14T02:00Z,2025-09-14 04:00,34468.520,37815.147
2025-09-14T03:00Z,2025-09-14 05:00,35294.325,38078.262
2025-09-14T04:00Z,2025-09-14 06:00,36244.223,39404.357
2025-09-14T05:00Z,2025-09-14 07:00,38116.051,41843.497
2025-09-14T06:00Z,2025-09-14 08:00,41089.626,45089.473
2025-09-14T07:00Z,2025-09-14 09:00,43680.711,48165.895
2025-09-14T08:00Z,2025-09-14 10:00,45710.029,50071.768
2025-09-14T09:00Z,2025-09-14 11:00,46874.122,50676.788
2025-09-14T10:00Z,2025-09-14 12:00,45943.991,50136.485
2025-09-14T11:00Z,2025-09-14 13:00,43790.667,48513.795
2025-09-14T12:00Z,2025-09-14 14:00,42096.098,47020.473
2025-09-14T13:00Z,2025-09-14 15:00,41291.622,46609.440
2025-09-14T14:00Z,2025-09-14 16:00,41713.903,46951.615
2025-09-14T15:00Z,2025-09-14 17:00,43992.001,48163.915
2025-09-14T16:00Z,2025-09-14 18:00,46352.855,49276.730
2025-09-14T17:00Z,2025-09-14 19:00,47643.472,49832.780
2025-09-14T18:00Z,2025-09-14 20:00,47356.022,49516.520
2025-09-14T19:00Z,2025-09-14 21:00,45225.977,48058.440
2025-09-14T20:00Z,2025-09-14 22:00,43160.731,46082.438
2025-09-14T21:00Z,2025-09-14 23:00,41282.420,43573.493
2025-09-14T22:00Z,2025-09-15 00:00,39929.315,41086.738
2025-09-14T23:00Z,2025-09-15 01:00,38799.539,39972.442
2025-09-15T00:00Z,2025-09-15 02:00,38516.202,39608.395
2025-09-15T01:00Z,2025-09-15 03:00,38542.005,39860.903
2025-09-15T02:00Z,2025-09-15 04:00,39914.394,41099.440
2025-09-15T03:00Z,2025-09-15 05:00,44694.889,45100.600
2025-09-15T04:00Z,2025-09-15 06:00,54155.782,52341.622
2025-09-15T05:00Z,2025-09-15 07:00,59318.431,58028.902
2025-09-15T06:00Z,2025-09-15 08:00,62284.275,61857.923
2025-09-15T07:00Z,2025-09-15 09:00,62488.113,63638.185
2025-09-15T08:00Z,2025-09-15 10:00,62534.552,64551.327
2025-09-15T09:00Z,2025-09-15 11:00,62135.920,65087.043
2025-09-15T10:00Z,2025-09-15 12:00,60680.763,64768.397
2025-09-15T11:00Z,2025-09-15 13:00,58680.938,63719.550
2025-09-15T12:00Z,2025-09-15 14:00,56642.086,62358.198
2025-09-15T13:00Z,2025-09-15 15:00,55839.914,61194.863
2025-09-15T14:00Z,2025-09-15 16:00,55783.949,60250.855
2025-09-15T15:00Z,2025-09-15 17:00,57679.674,59733.345
2025-09-15T16:00Z,2025-09-15 18:00,59455.723,60124.425
2025-09-15T17:00Z,2025-09-15 19:00,59880.556,60204.710
2025-09-15T18:00Z,2025-09-15 20:00,59226.218,58744.507
2025-09-15T19:00Z,2025-09-15 21:00,55467.033,55541.927
2025-09-15T20:00Z,2025-09-15 22:00,51746.492,51755.450
2025-09-15T21:00Z,2025-09-15 23:00,48293.607,48297.690
2025-09-15T22:00Z,2025-09-16 00:00,45786.772,46075.535
2025-09-15T23:00Z,2025-09-16 01:00,43649.018,44347.393
2025-09-16T00:00Z,2025-09-16 02:00,42497.282,43336.875
2025-09-16T01:00Z,2025-09-16 03:00,42920.749,43437.717
2025-09-16T02:00Z,2025-09-16 04:00,44194.880,44400.175
2025-09-16T03:00Z,2025-09-16 05:00,48858.703,47292.917
2025-09-16T04:00Z,2025-09-16 06:00,56926.054,53081.880
2025-09-16T05:00Z,2025-09-16 07:00,60912.444,58092.640
2025-09-16T06:00Z,2025-09-16 08:00,63773.718,61249.158
2025-09-16T07:00Z,2025-09-16 09:00,64270.565,62515.527
2025-09-16T08:00Z,2025-09-16 10:00,64363.481,63662.075
2025-09-16T09:00Z,2025-09-16 11:00,63332.031,64378.073
2025-09-16T10:00Z,2025-09-16 12:00,61135.806,63795.393
2025-09-16T11:00Z,2025-09-16 13:00,59970.115,62948.660
2025-09-16T12:00Z,2025-09-16 14:00,58143.336,61124.130
2025-09-16T13:00Z,2025-09-16 15:00,56998.618,60154.280
2025-09-16T14:00Z,2025-09-16 16:00,57706.637,59329.478
2025-09-16T15:00Z,2025-09-16 17:00,60066.810,58992.232
2025-09-16T16:00Z,2025-09-16 18:00,60163.342,58896.365
2025-09-16T17:00Z,2025-09-16 19:00,61276.263,58980.147
2025-09-16T18:00Z,2025-09-16 20:00,58407.967,57622.842
2025-09-16T19:00Z,2025-09-16 21:00,51489.147,54496.490
2025-09-16T20:00Z,2025-09-16 22:00,47562.668,50961.012
2025-09-16T21:00Z,2025-09-16 23:00,44447.041,47710.697
2025-09-16T22:00Z,2025-09-17 00:00,42994.054,45056.360
2025-09-16T23:00Z,2025-09-17 01:00,43213.914,43558.662
2025-09-17T00:00Z,2025-09-17 02:00,42793.835,42813.100
2025-09-17T01:00Z,2025-09-17 03:00,42714.472,43068.075
2025-09-17T02:00Z,2025-09-17 04:00,43664.160,44265.463
2025-09-17T03:00Z,2025-09-17 05:00,47077.750,47140.762
2025-09-17T04:00Z,2025-09-17 06:00,55599.743,52854.512
2025-09-17T05:00Z,2025-09-17 07:00,60160.334,57330.162
2025-09-17T06:00Z,2025-09-17 08:00,61897.967,61020.315
2025-09-17T07:00Z,2025-09-17 09:00,62995.143,62700.290
2025-09-17T08:00Z,2025-09-17 10:00,62540.721,64164.268
2025-09-17T09:00Z,2025-09-17 11:00,62125.178,64623.438
2025-09-17T10:00Z,2025-09-17 12:00,60414.520,63586.408
2025-09-17T11:00Z,2025-09-17 13:00,59129.406,62143.875
2025-09-17T12:00Z,2025-09-17 14:00,57597.404,60356.635
2025-09-17T13:00Z,2025-09-17 15:00,57310.679,59186.268
2025-09-17T14:00Z,2025-09-17 16:00,57816.548,58273.300
2025-09-17T15:00Z,2025-09-17 17:00,59877.632,58403.505
2025-09-17T16:00Z,2025-09-17 18:00,60553.017,58363.675
2025-09-17T17:00Z,2025-09-17 19:00,60229.773,58342.190
2025-09-17T18:00Z,2025-09-17 20:00,59890.348,57040.308
2025-09-17T19:00Z,2025-09-17 21:00,55638.791,53980.235
2025-09-17T20:00Z,2025-09-17 22:00,51076.940,50208.257
2025-09-17T21:00Z,2025-09-17 23:00,47517.607,47010.230
2025-09-17T22:00Z,2025-09-18 00:00,44587.478,45953.427
2025-09-17T23:00Z,2025-09-18 01:00,42897.246,44520.412
2025-09-18T00:00Z,2025-09-18 02:00,41784.501,44141.280
2025-09-18T01:00Z,2025-09-18 03:00,42098.490,44468.753
2025-09-18T02:00Z,2025-09-18 04:00,43531.390,45070.755
2025-09-18T03:00Z,2025-09-18 05:00,47814.902,47549.518
2025-09-18T04:00Z,2025-09-18 06:00,55743.945,53083.448
2025-09-18T05:00Z,2025-09-18 07:00,60157.781,57824.472
2025-09-18T06:00Z,2025-09-18 08:00,62340.976,61143.812
2025-09-18T07:00Z,2025-09-18 09:00,62553.188,62391.050
2025-09-18T08:00Z,2025-09-18 10:00,62558.175,63278.225
2025-09-18T09:00Z,2025-09-18 11:00,62069.297,62992.853
2025-09-18T10:00Z,2025-09-18 12:00,61329.293,61908.490
2025-09-18T11:00Z,2025-09-18 13:00,59490.642,61419.320
2025-09-18T12:00Z,2025-09-18 14:00,58126.706,60145.805
2025-09-18T13:00Z,2025-09-18 15:00,56999.849,58910.610
2025-09-18T14:00Z,2025-09-18 16:00,57256.899,58210.525
2025-09-18T15:00Z,2025-09-18 17:00,58748.251,58945.162
2025-09-18T16:00Z,2025-09-18 18:00,59809.934,59245.710
2025-09-18T17:00Z,2025-09-18 19:00,60873.978,58413.050
2025-09-18T18:00Z,2025-09-18 20:00,59459.615,56710.705
2025-09-18T19:00Z,2025-09-18 21:00,55846.123,54200.165
2025-09-18T20:00Z,2025-09-18 22:00,51557.799,51059.003
2025-09-18T21:00Z,2025-09-18 23:00,48303.976,47962.395
2025-09-18T22:00Z,2025-09-19 00:00,45382.457,45552.270
2025-09-18T23:00Z,2025-09-19 01:00,43689.872,43731.938
2025-09-19T00:00Z,2025-09-19 02:00,42646.217,43337.195
2025-09-19T01:00Z,2025-09-19 03:00,42544.168,43599.865
2025-09-19T02:00Z,2025-09-19 04:00,43549.398,44786.402
2025-09-19T03:00Z,2025-09-19 05:00,47647.380,48365.085
2025-09-19T04:00Z,2025-09-19 06:00,55566.287,54463.152
2025-09-19T05:00Z,2025-09-19 07:00,59817.095,59830.625
2025-09-19T06:00Z,2025-09-19 08:00,62402.855,62984.162
2025-09-19T07:00Z,2025-09-19 09:00,62760.282,63659.055
2025-09-19T08:00Z,2025-09-19 10:00,62211.275,64735.188
2025-09-19T09:00Z,2025-09-19 11:00,61086.828,65182.568
2025-09-19T10:00Z,2025-09-19 12:00,59535.827,64930.805
2025-09-19T11:00Z,2025-09-19 13:00,57321.358,63267.360
2025-09-19T12:00Z,2025-09-19 14:00,55718.126,60658.243
2025-09-19T13:00Z,2025-09-19 15:00,54671.398,58888.183
2025-09-19T14:00Z,2025-09-19 16:00,54275.175,59637.053
2025-09-19T15:00Z,2025-09-19 17:00,55315.658,59279.110
2025-09-19T16:00Z,2025-09-19 18:00,55949.578,58772.495
2025-09-19T17:00Z,2025-09-19 19:00,56181.718,58675.482
2025-09-19T18:00Z,2025-09-19 20:00,54514.602,56646.707
2025-09-19T19:00Z,2025-09-19 21:00,51075.526,53120.115
2025-09-19T20:00Z,2025-09-19 22:00,47436.315,49200.590
2025-09-19T21:00Z,2025-09-19 23:00,44505.357,45927.580
2025-09-19T22:00Z,2025-09-20 00:00,41621.167,42814.048
2025-09-19T23:00Z,2025-09-20 01:00,40198.153,41090.330
2025-09-20T00:00Z,2025-09-20 02:00,39219.694,40108.710
2025-09-20T01:00Z,2025-09-20 03:00,38172.139,39709.600
2025-09-20T02:00Z,2025-09-20 04:00,37829.601,39673.545
2025-09-20T03:00Z,2025-09-20 05:00,38461.204,40332.912
2025-09-20T04:00Z,2025-09-20 06:00,40438.053,42128.768
2025-09-20T05:00Z,2025-09-20 07:00,42566.007,44753.775
2025-09-20T06:00Z,2025-09-20 08:00,46521.185,48194.253
2025-09-20T07:00Z,2025-09-20 09:00,49484.497,51255.052
2025-09-20T08:00Z,2025-09-20 10:00,50470.089,53104.572
2025-09-20T09:00Z,2025-09-20 11:00,49881.843,53688.010
2025-09-20T10:00Z,2025-09-20 12:00,48175.767,53115.945
2025-09-20T11:00Z,2025-09-20 13:00,46258.317,51581.022
2025-09-20T12:00Z,2025-09-20 14:00,44941.690,49870.003
2025-09-20T13:00Z,2025-09-20 15:00,45132.257,49161.478
2025-09-20T14:00Z,2025-09-20 16:00,46286.048,48741.335
2025-09-20T15:00Z,2025-09-20 17:00,48225.713,49269.177
2025-09-20T16:00Z,2025-09-20 18:00,49645.001,50082.423
2025-09-20T17:00Z,2025-09-20 19:00,50494.381,50075.460
2025-09-20T18:00Z,2025-09-20 20:00,48604.159,48903.743
2025-09-20T19:00Z,2025-09-20 21:00,45447.462,46932.668
2025-09-20T20:00Z,2025-09-20 22:00,43287.486,44681.312
2025-09-20T21:00Z,2025-09-20 23:00,40245.739,42199.323
2025-09-20T22:00Z,2025-09-21 00:00,37794.135,40524.320
2025-09-20T23:00Z,2025-09-21 01:00,36507.458,38877.747
2025-09-21T00:00Z,2025-09-21 02:00,35849.519,38109.637
2025-09-21T01:00Z,2025-09-21 03:00,35409.269,37699.503
2025-09-21T02:00Z,2025-09-21 04:00,35496.311,37788.908
2025-09-21T03:00Z,2025-09-21 05:00,36207.237,38525.465
2025-09-21T04:00Z,2025-09-21 06:00,38125.432,40445.213
2025-09-21T05:00Z,2025-09-21 07:00,40074.636,43012.378
2025-09-21T06:00Z,2025-09-21 08:00,42968.312,46009.175
2025-09-21T07:00Z,2025-09-21 09:00,46183.175,48854.970
2025-09-21T08:00Z,2025-09-21 10:00,47903.225,50927.950
2025-09-21T09:00Z,2025-09-21 11:00,48941.128,51894.847
2025-09-21T10:00Z,2025-09-21 12:00,47891.458,51386.400
2025-09-21T11:00Z,2025-09-21 13:00,47120.414,49940.223
2025-09-21T12:00Z,2025-09-21 14:00,46115.971,48438.875
2025-09-21T13:00Z,2025-09-21 15:00,45937.099,47529.518
2025-09-21T14:00Z,2025-09-21 16:00,46719.207,47588.800
2025-09-21T15:00Z,2025-09-21 17:00,48821.176,48451.798
2025-09-21T16:00Z,2025-09-21 18:00,50848.366,49864.378
2025-09-21T17:00Z,2025-09-21 19:00,51345.181,50517.205
2025-09-21T18:00Z,2025-09-21 20:00,50467.682,49831.065
2025-09-21T19:00Z,2025-09-21 21:00,47714.346,47926.785
2025-09-21T20:00Z,2025-09-21 22:00,45239.905,45868.495
2025-09-21T21:00Z,2025-09-21 23:00,42054.175,43423.280
2025-09-21T22:00Z,2025-09-22 00:00,40056.180,39852.798
2025-09-21T23:00Z,2025-09-22 01:00,38948.409,38721.372
2025-09-22T00:00Z,2025-09-22 02:00,37988.487,38164.150
2025-09-22T01:00Z,2025-09-22 03:00,38433.269,38260.857
2025-09-22T02:00Z,2025-09-22 04:00,40189.310,39455.545
2025-09-22T03:00Z,2025-09-22 05:00,44177.316,43711.010
2025-09-22T04:00Z,2025-09-22 06:00,52605.865,51730.560
2025-09-22T05:00Z,2025-09-22 07:00,57872.282,57474.938
2025-09-22T06:00Z,2025-09-22 08:00,61067.967,61058.113
2025-09-22T07:00Z,2025-09-22 09:00,62299.439,62266.567
2025-09-22T08:00Z,2025-09-22 10:00,63285.675,62923.443
2025-09-22T09:00Z,2025-09-22 11:00,63878.099,62895.938
2025-09-22T10:00Z,2025-09-22 12:00,63585.474,62195.122
2025-09-22T11:00Z,2025-09-22 13:00,61834.016,61225.747
2025-09-22T12:00Z,2025-09-22 14:00,59898.024,59894.000
2025-09-22T13:00Z,2025-09-22 15:00,59430.112,58771.507
2025-09-22T14:00Z,2025-09-22 16:00,58627.494,58196.330
2025-09-22T15:00Z,2025-09-22 17:00,59615.637,58537.562
2025-09-22T16:00Z,2025-09-22 18:00,59657.122,59094.445
2025-09-22T17:00Z,2025-09-22 19:00,59588.717,59426.360
2025-09-22T18:00Z,2025-09-22 20:00,57867.853,57647.208
2025-09-22T19:00Z,2025-09-22 21:00,53904.470,54466.808
2025-09-22T20:00Z,2025-09-22 22:00,50033.962,50808.197
2025-09-22T21:00Z,2025-09-22 23:00,46143.418,47287.857
2025-09-22T22:00Z,2025-09-23 00:00,43697.540,45232.707
2025-09-22T23:00Z,2025-09-23 01:00,41828.474,43641.545
2025-09-23T00:00Z,2025-09-23 02:00,40891.783,42694.420
2025-09-23T01:00Z,2025-09-23 03:00,41029.040,42629.647
2025-09-23T02:00Z,2025-09-23 04:00,41956.459,43728.548
2025-09-23T03:00Z,2025-09-23 05:00,45735.287,47117.525
2025-09-23T04:00Z,2025-09-23 06:00,53666.397,53377.973
2025-09-23T05:00Z,2025-09-23 07:00,58474.396,58288.615
2025-09-23T06:00Z,2025-09-23 08:00,61391.312,61319.585
2025-09-23T07:00Z,2025-09-23 09:00,61863.863,62312.885
2025-09-23T08:00Z,2025-09-23 10:00,61956.748,62814.598
2025-09-23T09:00Z,2025-09-23 11:00,61891.370,62813.428
2025-09-23T10:00Z,2025-09-23 12:00,60064.407,62055.440
2025-09-23T11:00Z,2025-09-23 13:00,59212.443,60757.155
2025-09-23T12:00Z,2025-09-23 14:00,57700.470,59405.257
2025-09-23T13:00Z,2025-09-23 15:00,56888.408,58752.705
2025-09-23T14:00Z,2025-09-23 16:00,57286.446,58357.990
2025-09-23T15:00Z,2025-09-23 17:00,58380.313,58804.670
2025-09-23T16:00Z,2025-09-23 18:00,59405.048,59397.910
2025-09-23T17:00Z,2025-09-23 19:00,60168.839,59580.340
2025-09-23T18:00Z,2025-09-23 20:00,58114.425,57796.927
2025-09-23T19:00Z,2025-09-23 21:00,54091.189,54671.820
2025-09-23T20:00Z,2025-09-23 22:00,49883.687,51200.777
2025-09-23T21:00Z,2025-09-23 23:00,46181.406,47914.510
2025-09-23T22:00Z,2025-09-24 00:00,43143.319,45036.375
2025-09-23T23:00Z,2025-09-24 01:00,41659.809,43688.833
2025-09-24T00:00Z,2025-09-24 02:00,40432.711,42978.542
2025-09-24T01:00Z,2025-09-24 03:00,40524.632,43145.655
2025-09-24T02:00Z,2025-09-24 04:00,41976.745,44464.245
2025-09-24T03:00Z,2025-09-24 05:00,46029.985,47695.715
2025-09-24T04:00Z,2025-09-24 06:00,53869.050,54187.245
2025-09-24T05:00Z,2025-09-24 07:00,59401.541,59934.570
2025-09-24T06:00Z,2025-09-24 08:00,62282.858,62833.967
2025-09-24T07:00Z,2025-09-24 09:00,62961.215,63337.365
2025-09-24T08:00Z,2025-09-24 10:00,63182.191,63525.905
2025-09-24T09:00Z,2025-09-24 11:00,63002.043,63554.083
2025-09-24T10:00Z,2025-09-24 12:00,62476.149,62599.253
2025-09-24T11:00Z,2025-09-24 13:00,60911.754,61518.562
2025-09-24T12:00Z,2025-09-24 14:00,60040.687,59947.190
2025-09-24T13:00Z,2025-09-24 15:00,60074.490,58667.033
2025-09-24T14:00Z,2025-09-24 16:00,59671.248,58051.050
2025-09-24T15:00Z,2025-09-24 17:00,60812.200,58253.552
2025-09-24T16:00Z,2025-09-24 18:00,62017.377,58949.887
2025-09-24T17:00Z,2025-09-24 19:00,62631.475,59209.365
2025-09-24T18:00Z,2025-09-24 20:00,60711.470,57264.747
2025-09-24T19:00Z,2025-09-24 21:00,56855.914,54496.777
2025-09-24T20:00Z,2025-09-24 22:00,52449.367,50629.318
2025-09-24T21:00Z,2025-09-24 23:00,48625.060,47156.565
2025-09-24T22:00Z,2025-09-25 00:00,46126.041,45231.183
2025-09-24T23:00Z,2025-09-25 01:00,44324.741,43642.270
2025-09-25T00:00Z,2025-09-25 02:00,43376.469,43052.838
2025-09-25T01:00Z,2025-09-25 03:00,43399.008,43149.528
2025-09-25T02:00Z,2025-09-25 04:00,45207.116,43911.265
2025-09-25T03:00Z,2025-09-25 05:00,48732.448,46917.545
2025-09-25T04:00Z,2025-09-25 06:00,56895.056,52971.415
2025-09-25T05:00Z,2025-09-25 07:00,62405.722,58451.188
2025-09-25T06:00Z,2025-09-25 08:00,64874.966,61959.715
2025-09-25T07:00Z,2025-09-25 09:00,65181.291,63278.095
2025-09-25T08:00Z,2025-09-25 10:00,65698.699,63799.600
2025-09-25T09:00Z,2025-09-25 11:00,65426.822,64065.215
2025-09-25T10:00Z,2025-09-25 12:00,64895.142,63487.935
2025-09-25T11:00Z,2025-09-25 13:00,64356.995,62662.298
2025-09-25T12:00Z,2025-09-25 14:00,62883.656,61154.543
2025-09-25T13:00Z,2025-09-25 15:00,61984.852,59806.505
2025-09-25T14:00Z,2025-09-25 16:00,62298.933,59171.798
2025-09-25T15:00Z,2025-09-25 17:00,62962.843,59808.890
2025-09-25T16:00Z,2025-09-25 18:00,63178.426,60611.167
2025-09-25T17:00Z,2025-09-25 19:00,64170.946,60345.560
2025-09-25T18:00Z,2025-09-25 20:00,61364.149,58071.702
2025-09-25T19:00Z,2025-09-25 21:00,57850.038,54840.745
2025-09-25T20:00Z,2025-09-25 22:00,53953.923,51356.132
2025-09-25T21:00Z,2025-09-25 23:00,50105.301,47857.430
2025-09-25T22:00Z,2025-09-26 00:00,46766.210,45525.482
2025-09-25T23:00Z,2025-09-26 01:00,44666.243,43878.493
2025-09-26T00:00Z,2025-09-26 02:00,43670.423,43151.607
2025-09-26T01:00Z,2025-09-26 03:00,43728.807,43346.295
2025-09-26T02:00Z,2025-09-26 04:00,44796.113,44430.107
2025-09-26T03:00Z,2025-09-26 05:00,48746.632,47458.700
2025-09-26T04:00Z,2025-09-26 06:00,57068.010,53719.530
2025-09-26T05:00Z,2025-09-26 07:00,61872.349,59069.350
2025-09-26T06:00Z,2025-09-26 08:00,64570.802,62597.402
2025-09-26T07:00Z,2025-09-26 09:00,65637.024,63603.647
2025-09-26T08:00Z,2025-09-26 10:00,66603.239,64113.897
2025-09-26T09:00Z,2025-09-26 11:00,66657.748,64070.775
2025-09-26T10:00Z,2025-09-26 12:00,65140.268,63324.303
2025-09-26T11:00Z,2025-09-26 13:00,63870.511,61894.640
2025-09-26T12:00Z,2025-09-26 14:00,61130.753,59709.667
2025-09-26T13:00Z,2025-09-26 15:00,61282.076,58282.605
2025-09-26T14:00Z,2025-09-26 16:00,60566.368,57991.700
2025-09-26T15:00Z,2025-09-26 17:00,60441.249,58412.560
2025-09-26T16:00Z,2025-09-26 18:00,60915.814,58841.158
2025-09-26T17:00Z,2025-09-26 19:00,61865.895,58219.357
2025-09-26T18:00Z,2025-09-26 20:00,59157.617,55783.863
2025-09-26T19:00Z,2025-09-26 21:00,55492.361,52451.688
2025-09-26T20:00Z,2025-09-26 22:00,51435.723,48955.465
2025-09-26T21:00Z,2025-09-26 23:00,47410.054,45595.522
2025-09-26T22:00Z,2025-09-27 00:00,44083.308,43044.577
2025-09-26T23:00Z,2025-09-27 01:00,42048.810,41100.075
2025-09-27T00:00Z,2025-09-27 02:00,40582.738,40068.238
2025-09-27T01:00Z,2025-09-27 03:00,40461.676,39775.020
2025-09-27T02:00Z,2025-09-27 04:00,40212.939,39898.162
2025-09-27T03:00Z,2025-09-27 05:00,40842.060,40314.730
2025-09-27T04:00Z,2025-09-27 06:00,43296.787,41864.175
2025-09-27T05:00Z,2025-09-27 07:00,45657.719,44573.232
2025-09-27T06:00Z,2025-09-27 08:00,48954.433,48258.738
2025-09-27T07:00Z,2025-09-27 09:00,50222.753,51668.792
2025-09-27T08:00Z,2025-09-27 10:00,51839.897,53494.573
2025-09-27T09:00Z,2025-09-27 11:00,52493.469,53233.713
2025-09-27T10:00Z,2025-09-27 12:00,51447.220,52260.765
2025-09-27T11:00Z,2025-09-27 13:00,49586.970,50607.210
2025-09-27T12:00Z,2025-09-27 14:00,48259.448,48997.217
2025-09-27T13:00Z,2025-09-27 15:00,48706.091,48699.713
2025-09-27T14:00Z,2025-09-27 16:00,49185.637,48312.770
2025-09-27T15:00Z,2025-09-27 17:00,50614.416,48953.088
2025-09-27T16:00Z,2025-09-27 18:00,52084.315,49809.225
2025-09-27T17:00Z,2025-09-27 19:00,53417.717,50096.893
2025-09-27T18:00Z,2025-09-27 20:00,50950.164,48651.000
2025-09-27T19:00Z,2025-09-27 21:00,47757.699,46377.807
2025-09-27T20:00Z,2025-09-27 22:00,45304.023,44245.330
2025-09-27T21:00Z,2025-09-27 23:00,42448.981,41650.770
2025-09-27T22:00Z,2025-09-28 00:00,39802.291,40019.878
2025-09-27T23:00Z,2025-09-28 01:00,37680.928,38386.098
2025-09-28T00:00Z,2025-09-28 02:00,36183.532,37467.375
2025-09-28T01:00Z,2025-09-28 03:00,35598.548,37266.165
2025-09-28T02:00Z,2025-09-28 04:00,35839.912,37500.630
2025-09-28T03:00Z,2025-09-28 05:00,36439.931,38396.435
2025-09-28T04:00Z,2025-09-28 06:00,37740.622,40556.408
2025-09-28T05:00Z,2025-09-28 07:00,39580.892,42936.395
2025-09-28T06:00Z,2025-09-28 08:00,42861.981,46241.527
2025-09-28T07:00Z,2025-09-28 09:00,45739.995,49425.585
2025-09-28T08:00Z,2025-09-28 10:00,47213.220,51321.480
2025-09-28T09:00Z,2025-09-28 11:00,49059.297,52085.567
2025-09-28T10:00Z,2025-09-28 12:00,48325.400,51926.177
2025-09-28T11:00Z,2025-09-28 13:00,45844.435,50509.465
2025-09-28T12:00Z,2025-09-28 14:00,44415.093,48948.098
2025-09-28T13:00Z,2025-09-28 15:00,43709.409,48381.152
2025-09-28T14:00Z,2025-09-28 16:00,43816.786,48816.475
2025-09-28T15:00Z,2025-09-28 17:00,46223.255,49920.970
2025-09-28T16:00Z,2025-09-28 18:00,49105.348,51319.975
2025-09-28T17:00Z,2025-09-28 19:00,51121.488,51427.368
2025-09-28T18:00Z,2025-09-28 20:00,50445.660,50176.208
2025-09-28T19:00Z,2025-09-28 21:00,48001.809,48143.015
2025-09-28T20:00Z,2025-09-28 22:00,46086.306,46193.323
2025-09-28T21:00Z,2025-09-28 23:00,43249.846,43782.957
2025-09-28T22:00Z,2025-09-29 00:00,40746.386,41468.878
2025-09-28T23:00Z,2025-09-29 01:00,39497.920,40469.770
2025-09-29T00:00Z,2025-09-29 02:00,38812.995,40083.785
2025-09-29T01:00Z,2025-09-29 03:00,39038.899,40315.580
2025-09-29T02:00Z,2025-09-29 04:00,40529.310,41802.708
2025-09-29T03:00Z,2025-09-29 05:00,44813.134,46271.342
2025-09-29T04:00Z,2025-09-29 06:00,53435.072,54202.292
2025-09-29T05:00Z,2025-09-29 07:00,58644.004,60123.573
2025-09-29T06:00Z,2025-09-29 08:00,61909.042,63539.897
2025-09-29T07:00Z,2025-09-29 09:00,62722.591,65066.573
2025-09-29T08:00Z,2025-09-29 10:00,63106.920,65865.235
2025-09-29T09:00Z,2025-09-29 11:00,62800.493,65916.475
2025-09-29T10:00Z,2025-09-29 12:00,61935.897,65322.927
2025-09-29T11:00Z,2025-09-29 13:00,59305.915,64078.080
2025-09-29T12:00Z,2025-09-29 14:00,57524.177,62596.485
2025-09-29T13:00Z,2025-09-29 15:00,57178.484,61673.065
2025-09-29T14:00Z,2025-09-29 16:00,56944.526,61238.588
2025-09-29T15:00Z,2025-09-29 17:00,58574.066,61490.625
2025-09-29T16:00Z,2025-09-29 18:00,60130.637,62332.920
2025-09-29T17:00Z,2025-09-29 19:00,61413.734,61942.820
2025-09-29T18:00Z,2025-09-29 20:00,58775.380,59507.438
2025-09-29T19:00Z,2025-09-29 21:00,54702.738,56297.020
2025-09-29T20:00Z,2025-09-29 22:00,50513.753,52638.613
2025-09-29T21:00Z,2025-09-29 23:00,47398.173,48958.220
2025-09-29T22:00Z,2025-09-30 00:00,44499.088,45754.868
2025-09-29T23:00Z,2025-09-30 01:00,42742.304,44103.030
2025-09-30T00:00Z,2025-09-30 02:00,41717.170,43369.505
2025-09-30T01:00Z,2025-09-30 03:00,41892.156,43512.485
2025-09-30T02:00Z,2025-09-30 04:00,43425.825,44702.845
2025-09-30T03:00Z,2025-09-30 05:00,47138.551,48037.653
2025-09-30T04:00Z,2025-09-30 06:00,55194.757,54323.755
2025-09-30T05:00Z,2025-09-30 07:00,59913.699,59651.357
2025-09-30T06:00Z,2025-09-30 08:00,62253.832,62805.088
2025-09-30T07:00Z,2025-09-30 09:00,62989.272,63917.772
2025-09-30T08:00Z,2025-09-30 10:00,63808.738,64727.650
2025-09-30T09:00Z,2025-09-30 11:00,63729.587,65167.348
2025-09-30T10:00Z,2025-09-30 12:00,62491.224,64583.323
2025-09-30T11:00Z,2025-09-30 13:00,60326.823,63576.173
2025-09-30T12:00Z,2025-09-30 14:00,59028.016,61928.250
2025-09-30T13:00Z,2025-09-30 15:00,57357.661,60938.033
2025-09-30T14:00Z,2025-09-30 16:00,57283.943,60458.575
2025-09-30T15:00Z,2025-09-30 17:00,58532.713,60697.053
2025-09-30T16:00Z,2025-09-30 18:00,59453.660,61714.662
2025-09-30T17:00Z,2025-09-30 19:00,60653.116,61612.330
2025-09-30T18:00Z,2025-09-30 20:00,58579.874,59102.010
2025-09-30T19:00Z,2025-09-30 21:00,55147.744,55653.978
2025-09-30T20:00Z,2025-09-30 22:00,50793.018,51992.585
2025-09-30T21:00Z,2025-09-30 23:00,47215.168,48434.333
2025-09-30T22:00Z,2025-10-01 00:00,44578.441,45848.537
2025-09-30T23:00Z,2025-10-01 01:00,42411.442,44444.942
2025-10-01T00:00Z,2025-10-01 02:00,41397.582,43903.105
2025-10-01T01:00Z,2025-10-01 03:00,41676.211,44048.080
2025-10-01T02:00Z,2025-10-01 04:00,43128.823,45229.417
2025-10-01T03:00Z,2025-10-01 05:00,47521.534,48246.107
2025-10-01T04:00Z,2025-10-01 06:00,55588.180,54789.545
2025-10-01T05:00Z,2025-10-01 07:00,60291.114,60404.787
2025-10-01T06:00Z,2025-10-01 08:00,62395.465,63424.595
2025-10-01T07:00Z,2025-10-01 09:00,63105.339,64476.360
2025-10-01T08:00Z,2025-10-01 10:00,62284.088,65101.420
2025-10-01T09:00Z,2025-10-01 11:00,60947.180,65429.967
2025-10-01T10:00Z,2025-10-01 12:00,59528.361,64810.753
2025-10-01T11:00Z,2025-10-01 13:00,57654.538,63781.878
2025-10-01T12:00Z,2025-10-01 14:00,55617.476,62028.637
2025-10-01T13:00Z,2025-10-01 15:00,55530.090,61012.115
2025-10-01T14:00Z,2025-10-01 16:00,56640.152,60310.188
2025-10-01T15:00Z,2025-10-01 17:00,57664.386,60560.552
2025-10-01T16:00Z,2025-10-01 18:00,59649.784,61655.548
2025-10-01T17:00Z,2025-10-01 19:00,60894.051,61475.870
2025-10-01T18:00Z,2025-10-01 20:00,58608.785,59163.043
2025-10-01T19:00Z,2025-10-01 21:00,55078.601,56009.997
2025-10-01T20:00Z,2025-10-01 22:00,51274.438,52366.435
2025-10-01T21:00Z,2025-10-01 23:00,47685.215,48813.740
2025-10-01T22:00Z,2025-10-02 00:00,45244.925,46750.565
2025-10-01T23:00Z,2025-10-02 01:00,43503.741,45195.695
2025-10-02T00:00Z,2025-10-02 02:00,42875.344,44961.535
2025-10-02T01:00Z,2025-10-02 03:00,43191.065,45017.945
2025-10-02T02:00Z,2025-10-02 04:00,44506.698,45349.342
2025-10-02T03:00Z,2025-10-02 05:00,48419.692,47349.790
2025-10-02T04:00Z,2025-10-02 06:00,56001.607,52771.552
2025-10-02T05:00Z,2025-10-02 07:00,60946.957,57483.290
2025-10-02T06:00Z,2025-10-02 08:00,63015.836,61067.322
2025-10-02T07:00Z,2025-10-02 09:00,63175.615,61880.305
2025-10-02T08:00Z,2025-10-02 10:00,61998.652,63149.602
2025-10-02T09:00Z,2025-10-02 11:00,61366.702,62872.327
2025-10-02T10:00Z,2025-10-02 12:00,58448.414,62166.312
2025-10-02T11:00Z,2025-10-02 13:00,56422.810,61491.768
2025-10-02T12:00Z,2025-10-02 14:00,55296.939,60224.675
2025-10-02T13:00Z,2025-10-02 15:00,55104.037,58815.575
2025-10-02T14:00Z,2025-10-02 16:00,55007.413,58006.260
2025-10-02T15:00Z,2025-10-02 17:00,56313.582,58528.868
2025-10-02T16:00Z,2025-10-02 18:00,57840.063,59946.655
2025-10-02T17:00Z,2025-10-02 19:00,59270.181,59792.768
2025-10-02T18:00Z,2025-10-02 20:00,56452.418,57970.445
2025-10-02T19:00Z,2025-10-02 21:00,53230.455,55618.905
2025-10-02T20:00Z,2025-10-02 22:00,49493.133,52376.760
2025-10-02T21:00Z,2025-10-02 23:00,45689.747,48950.385
2025-10-02T22:00Z,2025-10-03 00:00,42996.640,45119.295
2025-10-02T23:00Z,2025-10-03 01:00,41674.880,43417.208
2025-10-03T00:00Z,2025-10-03 02:00,40598.406,42418.113
2025-10-03T01:00Z,2025-10-03 03:00,40005.924,41764.262
2025-10-03T02:00Z,2025-10-03 04:00,40258.181,42722.213
2025-10-03T03:00Z,2025-10-03 05:00,40919.227,42523.747
2025-10-03T04:00Z,2025-10-03 06:00,41827.973,43319.800
2025-10-03T05:00Z,2025-10-03 07:00,42990.384,46060.285
2025-10-03T06:00Z,2025-10-03 08:00,45385.657,49124.165
2025-10-03T07:00Z,2025-10-03 09:00,48471.940,51680.287
2025-10-03T08:00Z,2025-10-03 10:00,49849.232,53368.743
2025-10-03T09:00Z,2025-10-03 11:00,50914.717,54236.280
2025-10-03T10:00Z,2025-10-03 12:00,50391.322,53571.885
2025-10-03T11:00Z,2025-10-03 13:00,48538.649,51525.952
2025-10-03T12:00Z,2025-10-03 14:00,46467.734,50096.522
2025-10-03T13:00Z,2025-10-03 15:00,46102.898,49129.257
2025-10-03T14:00Z,2025-10-03 16:00,46645.945,48943.777
2025-10-03T15:00Z,2025-10-03 17:00,48198.377,49940.497
2025-10-03T16:00Z,2025-10-03 18:00,50791.020,51411.772
2025-10-03T17:00Z,2025-10-03 19:00,53283.516,52107.083
2025-10-03T18:00Z,2025-10-03 20:00,51626.725,50969.238
2025-10-03T19:00Z,2025-10-03 21:00,49497.971,49114.570
2025-10-03T20:00Z,2025-10-03 22:00,47868.415,47148.860
2025-10-03T21:00Z,2025-10-03 23:00,45142.351,44755.830
2025-10-03T22:00Z,2025-10-04 00:00,42893.944,44139.005
2025-10-03T23:00Z,2025-10-04 01:00,40909.925,42652.613
2025-10-04T00:00Z,2025-10-04 02:00,39896.150,41796.945
2025-10-04T01:00Z,2025-10-04 03:00,40181.481,41600.887
2025-10-04T02:00Z,2025-10-04 04:00,41303.463,41620.620
2025-10-04T03:00Z,2025-10-04 05:00,42552.064,42048.022
2025-10-04T04:00Z,2025-10-04 06:00,45065.432,43364.570
2025-10-04T05:00Z,2025-10-04 07:00,47617.668,45838.810
2025-10-04T06:00Z,2025-10-04 08:00,50558.230,48992.382
2025-10-04T07:00Z,2025-10-04 09:00,53301.106,51681.518
2025-10-04T08:00Z,2025-10-04 10:00,55441.978,53543.857
2025-10-04T09:00Z,2025-10-04 11:00,56357.292,54647.188
2025-10-04T10:00Z,2025-10-04 12:00,55157.275,54126.908
2025-10-04T11:00Z,2025-10-04 13:00,53023.586,52522.323
2025-10-04T12:00Z,2025-10-04 14:00,52067.084,51379.405
2025-10-04T13:00Z,2025-10-04 15:00,52039.916,50828.478
2025-10-04T14:00Z,2025-10-04 16:00,52184.523,50297.442
2025-10-04T15:00Z,2025-10-04 17:00,53572.309,50960.202
2025-10-04T16:00Z,2025-10-04 18:00,55512.947,51871.353
2025-10-04T17:00Z,2025-10-04 19:00,56079.137,51969.927
2025-10-04T18:00Z,2025-10-04 20:00,53092.183,50523.850
2025-10-04T19:00Z,2025-10-04 21:00,50179.492,48451.235
2025-10-04T20:00Z,2025-10-04 22:00,47749.594,46591.423
2025-10-04T21:00Z,2025-10-04 23:00,44913.676,44205.665
2025-10-04T22:00Z,2025-10-05 00:00,42486.001,42607.585
2025-10-04T23:00Z,2025-10-05 01:00,40860.243,40921.783
2025-10-05T00:00Z,2025-10-05 02:00,39955.431,39978.553
2025-10-05T01:00Z,2025-10-05 03:00,39481.390,39754.823
2025-10-05T02:00Z,2025-10-05 04:00,39961.231,40042.845
2025-10-05T03:00Z,2025-10-05 05:00,40270.671,40733.603
2025-10-05T04:00Z,2025-10-05 06:00,41581.681,42301.652
2025-10-05T05:00Z,2025-10-05 07:00,43112.796,44926.022
2025-10-05T06:00Z,2025-10-05 08:00,45607.810,48137.985
2025-10-05T07:00Z,2025-10-05 09:00,48680.061,50548.045
2025-10-05T08:00Z,2025-10-05 10:00,51210.046,52456.060
2025-10-05T09:00Z,2025-10-05 11:00,53879.062,53493.753
2025-10-05T10:00Z,2025-10-05 12:00,53215.784,53331.045
2025-10-05T11:00Z,2025-10-05 13:00,51481.516,52029.680
2025-10-05T12:00Z,2025-10-05 14:00,49832.857,50503.950
2025-10-05T13:00Z,2025-10-05 15:00,48508.635,49674.798
2025-10-05T14:00Z,2025-10-05 16:00,48799.220,49682.838
2025-10-05T15:00Z,2025-10-05 17:00,51863.247,50911.430
2025-10-05T16:00Z,2025-10-05 18:00,54724.516,52311.525
2025-10-05T17:00Z,2025-10-05 19:00,55140.979,52917.730
2025-10-05T18:00Z,2025-10-05 20:00,52736.958,51769.643
2025-10-05T19:00Z,2025-10-05 21:00,50499.488,49996.928
2025-10-05T20:00Z,2025-10-05 22:00,49815.669,47995.100
2025-10-05T21:00Z,2025-10-05 23:00,47568.497,45386.180
2025-10-05T22:00Z,2025-10-06 00:00,44061.432,42972.387
2025-10-05T23:00Z,2025-10-06 01:00,43020.935,41785.673
2025-10-06T00:00Z,2025-10-06 02:00,42431.471,41327.923
2025-10-06T01:00Z,2025-10-06 03:00,42668.582,41491.170
2025-10-06T02:00Z,2025-10-06 04:00,44315.343,42965.393
2025-10-06T03:00Z,2025-10-06 05:00,48621.361,47243.940
2025-10-06T04:00Z,2025-10-06 06:00,57432.744,55122.255
2025-10-06T05:00Z,2025-10-06 07:00,63472.666,61056.875
2025-10-06T06:00Z,2025-10-06 08:00,65948.306,64382.182
2025-10-06T07:00Z,2025-10-06 09:00,66693.734,65985.050
2025-10-06T08:00Z,2025-10-06 10:00,66750.473,67154.988
2025-10-06T09:00Z,2025-10-06 11:00,67067.393,67409.490
2025-10-06T10:00Z,2025-10-06 12:00,66679.940,66605.928
2025-10-06T11:00Z,2025-10-06 13:00,66700.624,65355.897
2025-10-06T12:00Z,2025-10-06 14:00,64814.671,63812.670
2025-10-06T13:00Z,2025-10-06 15:00,63638.434,62635.325
2025-10-06T14:00Z,2025-10-06 16:00,62413.901,62152.057
2025-10-06T15:00Z,2025-10-06 17:00,62331.923,62453.247
2025-10-06T16:00Z,2025-10-06 18:00,62745.029,63268.875
2025-10-06T17:00Z,2025-10-06 19:00,63284.728,62738.723
2025-10-06T18:00Z,2025-10-06 20:00,59915.416,60214.452
2025-10-06T19:00Z,2025-10-06 21:00,55968.669,57002.805
2025-10-06T20:00Z,2025-10-06 22:00,52220.798,53275.530
2025-10-06T21:00Z,2025-10-06 23:00,48258.544,49423.137
2025-10-06T22:00Z,2025-10-07 00:00,45180.372,46077.143
2025-10-06T23:00Z,2025-10-07 01:00,43439.860,44496.262
2025-10-07T00:00Z,2025-10-07 02:00,42618.134,43736.738
2025-10-07T01:00Z,2025-10-07 03:00,42542.577,43859.448
2025-10-07T02:00Z,2025-10-07 04:00,44159.098,44983.753
2025-10-07T03:00Z,2025-10-07 05:00,47785.075,48145.210
2025-10-07T04:00Z,2025-10-07 06:00,55637.662,54629.705
2025-10-07T05:00Z,2025-10-07 07:00,60843.252,60094.357
2025-10-07T06:00Z,2025-10-07 08:00,63209.271,63214.285
2025-10-07T07:00Z,2025-10-07 09:00,63741.187,64649.960
2025-10-07T08:00Z,2025-10-07 10:00,64553.207,65856.198
2025-10-07T09:00Z,2025-10-07 11:00,65383.120,66596.140
2025-10-07T10:00Z,2025-10-07 12:00,64076.306,65999.857
2025-10-07T11:00Z,2025-10-07 13:00,63395.764,64971.198
2025-10-07T12:00Z,2025-10-07 14:00,61402.626,63271.040
2025-10-07T13:00Z,2025-10-07 15:00,60755.064,62058.268
2025-10-07T14:00Z,2025-10-07 16:00,60162.826,61551.035
2025-10-07T15:00Z,2025-10-07 17:00,61287.774,61867.978
2025-10-07T16:00Z,2025-10-07 18:00,62519.691,62791.950
2025-10-07T17:00Z,2025-10-07 19:00,63344.644,62388.970
2025-10-07T18:00Z,2025-10-07 20:00,60266.363,59665.610
2025-10-07T19:00Z,2025-10-07 21:00,56316.938,56323.405
2025-10-07T20:00Z,2025-10-07 22:00,52808.470,52760.652
2025-10-07T21:00Z,2025-10-07 23:00,49106.268,49193.850
2025-10-07T22:00Z,2025-10-08 00:00,45964.471,46361.948
2025-10-07T23:00Z,2025-10-08 01:00,44255.645,44941.330
2025-10-08T00:00Z,2025-10-08 02:00,43388.672,44397.645
2025-10-08T01:00Z,2025-10-08 03:00,43420.030,44526.195
2025-10-08T02:00Z,2025-10-08 04:00,44730.526,45771.787
2025-10-08T03:00Z,2025-10-08 05:00,48915.560,48787.545
2025-10-08T04:00Z,2025-10-08 06:00,56765.554,55262.395
2025-10-08T05:00Z,2025-10-08 07:00,61877.908,60881.605
2025-10-08T06:00Z,2025-10-08 08:00,64150.114,63980.967
2025-10-08T07:00Z,2025-10-08 09:00,64134.717,65261.618
2025-10-08T08:00Z,2025-10-08 10:00,64248.387,66066.070
2025-10-08T09:00Z,2025-10-08 11:00,64228.819,66435.020
2025-10-08T10:00Z,2025-10-08 12:00,63441.441,65633.647
2025-10-08T11:00Z,2025-10-08 13:00,62288.886,64490.372
2025-10-08T12:00Z,2025-10-08 14:00,60722.585,62614.790
2025-10-08T13:00Z,2025-10-08 15:00,59747.326,61560.208
2025-10-08T14:00Z,2025-10-08 16:00,58983.760,61029.037
2025-10-08T15:00Z,2025-10-08 17:00,60190.380,61501.875
2025-10-08T16:00Z,2025-10-08 18:00,61809.298,62507.747
2025-10-08T17:00Z,2025-10-08 19:00,62170.177,61932.290
2025-10-08T18:00Z,2025-10-08 20:00,58873.572,59292.668
2025-10-08T19:00Z,2025-10-08 21:00,55193.663,56023.757
2025-10-08T20:00Z,2025-10-08 22:00,51498.142,52512.375
2025-10-08T21:00Z,2025-10-08 23:00,47788.324,48970.900
2025-10-08T22:00Z,2025-10-09 00:00,44851.297,46572.990
2025-10-08T23:00Z,2025-10-09 01:00,42853.216,44786.598
2025-10-09T00:00Z,2025-10-09 02:00,42122.144,44188.335
2025-10-09T01:00Z,2025-10-09 03:00,42457.997,44368.685
2025-10-09T02:00Z,2025-10-09 04:00,44307.194,45577.302
2025-10-09T03:00Z,2025-10-09 05:00,48263.705,48535.128
2025-10-09T04:00Z,2025-10-09 06:00,56282.227,54676.238
2025-10-09T05:00Z,2025-10-09 07:00,61788.015,60145.912
2025-10-09T06:00Z,2025-10-09 08:00,64157.272,63603.168
2025-10-09T07:00Z,2025-10-09 09:00,64612.887,64846.670
2025-10-09T08:00Z,2025-10-09 10:00,65712.835,65609.825
2025-10-09T09:00Z,2025-10-09 11:00,66052.262,65545.793
2025-10-09T10:00Z,2025-10-09 12:00,65141.461,64803.207
2025-10-09T11:00Z,2025-10-09 13:00,64459.235,63957.482
2025-10-09T12:00Z,2025-10-09 14:00,62801.602,62406.030
2025-10-09T13:00Z,2025-10-09 15:00,61923.203,60986.323
2025-10-09T14:00Z,2025-10-09 16:00,61486.895,60218.715
2025-10-09T15:00Z,2025-10-09 17:00,62962.257,60901.385
2025-10-09T16:00Z,2025-10-09 18:00,64883.352,62039.515
2025-10-09T17:00Z,2025-10-09 19:00,65515.196,61836.500
2025-10-09T18:00Z,2025-10-09 20:00,62399.473,59082.835
2025-10-09T19:00Z,2025-10-09 21:00,58863.997,55945.815
2025-10-09T20:00Z,2025-10-09 22:00,54489.842,52477.425
2025-10-09T21:00Z,2025-10-09 23:00,50860.143,49139.995
2025-10-09T22:00Z,2025-10-10 00:00,47892.257,46525.340
2025-10-09T23:00Z,2025-10-10 01:00,46160.258,44884.787
2025-10-10T00:00Z,2025-10-10 02:00,45080.771,44248.582
2025-10-10T01:00Z,2025-10-10 03:00,45410.782,44455.855
2025-10-10T02:00Z,2025-10-10 04:00,46762.580,45824.375
2025-10-10T03:00Z,2025-10-10 05:00,50191.932,49095.940
2025-10-10T04:00Z,2025-10-10 06:00,58804.747,55421.467
2025-10-10T05:00Z,2025-10-10 07:00,64246.315,60954.457
2025-10-10T06:00Z,2025-10-10 08:00,66897.183,64195.488
2025-10-10T07:00Z,2025-10-10 09:00,67224.807,65530.467
2025-10-10T08:00Z,2025-10-10 10:00,67212.483,66383.330
2025-10-10T09:00Z,2025-10-10 11:00,67206.200,66937.900
2025-10-10T10:00Z,2025-10-10 12:00,65937.079,66418.967
2025-10-10T11:00Z,2025-10-10 13:00,64694.350,64776.592
2025-10-10T12:00Z,2025-10-10 14:00,62807.995,63192.188
2025-10-10T13:00Z,2025-10-10 15:00,61906.311,61782.553
2025-10-10T14:00Z,2025-10-10 16:00,61535.082,61250.830
2025-10-10T15:00Z,2025-10-10 17:00,62240.893,61587.098
2025-10-10T16:00Z,2025-10-10 18:00,63255.987,61396.240
2025-10-10T17:00Z,2025-10-10 19:00,63426.080,60854.050
2025-10-10T18:00Z,2025-10-10 20:00,60436.717,57712.618
2025-10-10T19:00Z,2025-10-10 21:00,56634.824,54438.575
2025-10-10T20:00Z,2025-10-10 22:00,52905.918,51169.920
2025-10-10T21:00Z,2025-10-10 23:00,49208.476,47966.622
2025-10-10T22:00Z,2025-10-11 00:00,45930.016,44523.465
2025-10-10T23:00Z,2025-10-11 01:00,44281.778,42638.018
2025-10-11T00:00Z,2025-10-11 02:00,42808.438,41745.173
2025-10-11T01:00Z,2025-10-11 03:00,42938.703,41542.510
2025-10-11T02:00Z,2025-10-11 04:00,43306.038,41756.855
2025-10-11T03:00Z,2025-10-11 05:00,44020.650,42016.105
2025-10-11T04:00Z,2025-10-11 06:00,46042.047,43369.325
2025-10-11T05:00Z,2025-10-11 07:00,48818.408,46187.420
2025-10-11T06:00Z,2025-10-11 08:00,51071.282,49974.323
2025-10-11T07:00Z,2025-10-11 09:00,53762.370,53140.738
2025-10-11T08:00Z,2025-10-11 10:00,54708.599,55001.110
2025-10-11T09:00Z,2025-10-11 11:00,55197.248,55912.125
2025-10-11T10:00Z,2025-10-11 12:00,55012.113,55355.732
2025-10-11T11:00Z,2025-10-11 13:00,53254.890,53766.960
2025-10-11T12:00Z,2025-10-11 14:00,51887.114,52626.655
2025-10-11T13:00Z,2025-10-11 15:00,51228.763,52025.355
2025-10-11T14:00Z,2025-10-11 16:00,51122.786,52145.775
2025-10-11T15:00Z,2025-10-11 17:00,53005.168,53482.770
2025-10-11T16:00Z,2025-10-11 18:00,54912.344,54615.240
2025-10-11T17:00Z,2025-10-11 19:00,54973.213,53588.305
2025-10-11T18:00Z,2025-10-11 20:00,51960.528,51007.305
2025-10-11T19:00Z,2025-10-11 21:00,49492.676,48617.420
2025-10-11T20:00Z,2025-10-11 22:00,47252.736,46167.635
2025-10-11T21:00Z,2025-10-11 23:00,44225.295,43561.927
2025-10-11T22:00Z,2025-10-12 00:00,41520.283,42028.747
2025-10-11T23:00Z,2025-10-12 01:00,39633.484,40267.647
2025-10-12T00:00Z,2025-10-12 02:00,38633.526,39326.072
2025-10-12T01:00Z,2025-10-12 03:00,38174.342,39248.912
2025-10-12T02:00Z,2025-10-12 04:00,38535.296,39779.010
2025-10-12T03:00Z,2025-10-12 05:00,39041.657,41020.132
2025-10-12T04:00Z,2025-10-12 06:00,40188.860,43129.275
2025-10-12T05:00Z,2025-10-12 07:00,42241.704,45419.275
2025-10-12T06:00Z,2025-10-12 08:00,44724.880,48345.850
2025-10-12T07:00Z,2025-10-12 09:00,47583.289,51268.637
2025-10-12T08:00Z,2025-10-12 10:00,48949.270,53449.365
2025-10-12T09:00Z,2025-10-12 11:00,50727.985,54391.810
2025-10-12T10:00Z,2025-10-12 12:00,50918.284,54186.270
2025-10-12T11:00Z,2025-10-12 13:00,49160.294,52740.357
2025-10-12T12:00Z,2025-10-12 14:00,47375.482,51296.007
2025-10-12T13:00Z,2025-10-12 15:00,46391.768,50627.865
2025-10-12T14:00Z,2025-10-12 16:00,46848.186,50843.910
2025-10-12T15:00Z,2025-10-12 17:00,49670.450,52677.345
2025-10-12T16:00Z,2025-10-12 18:00,52479.462,54221.272
2025-10-12T17:00Z,2025-10-12 19:00,53036.332,54334.448
2025-10-12T18:00Z,2025-10-12 20:00,50503.961,52662.632
2025-10-12T19:00Z,2025-10-12 21:00,48390.864,50674.772
2025-10-12T20:00Z,2025-10-12 22:00,46706.142,48621.667
2025-10-12T21:00Z,2025-10-12 23:00,44174.555,46073.415
2025-10-12T22:00Z,2025-10-13 00:00,41317.240,43628.808
2025-10-12T23:00Z,2025-10-13 01:00,39507.440,42289.652
2025-10-13T00:00Z,2025-10-13 02:00,38887.746,41686.905
2025-10-13T01:00Z,2025-10-13 03:00,39344.960,41865.015
2025-10-13T02:00Z,2025-10-13 04:00,41448.581,43089.673
2025-10-13T03:00Z,2025-10-13 05:00,45731.364,46995.912
2025-10-13T04:00Z,2025-10-13 06:00,54009.728,54885.510
2025-10-13T05:00Z,2025-10-13 07:00,59938.433,61133.503
2025-10-13T06:00Z,2025-10-13 08:00,62710.084,64555.923
2025-10-13T07:00Z,2025-10-13 09:00,63510.553,65687.435
2025-10-13T08:00Z,2025-10-13 10:00,64376.891,66773.818
2025-10-13T09:00Z,2025-10-13 11:00,65129.681,67252.415
2025-10-13T10:00Z,2025-10-13 12:00,64518.640,66882.717
2025-10-13T11:00Z,2025-10-13 13:00,63062.770,65833.835
2025-10-13T12:00Z,2025-10-13 14:00,61598.341,64281.045
2025-10-13T13:00Z,2025-10-13 15:00,60406.245,63098.650
2025-10-13T14:00Z,2025-10-13 16:00,59780.330,62282.208
2025-10-13T15:00Z,2025-10-13 17:00,60503.814,62215.455
2025-10-13T16:00Z,2025-10-13 18:00,62048.179,63605.287
2025-10-13T17:00Z,2025-10-13 19:00,62522.116,63383.215
2025-10-13T18:00Z,2025-10-13 20:00,59330.512,60813.997
2025-10-13T19:00Z,2025-10-13 21:00,55715.334,57230.575
2025-10-13T20:00Z,2025-10-13 22:00,52237.756,53390.130
2025-10-13T21:00Z,2025-10-13 23:00,48786.275,49613.893
2025-10-13T22:00Z,2025-10-14 00:00,46347.960,47188.865
2025-10-13T23:00Z,2025-10-14 01:00,44612.321,45332.738
2025-10-14T00:00Z,2025-10-14 02:00,44003.861,44233.583
2025-10-14T01:00Z,2025-10-14 03:00,44179.515,44454.167
2025-10-14T02:00Z,2025-10-14 04:00,45833.531,45594.560
2025-10-14T03:00Z,2025-10-14 05:00,49459.696,48560.052
2025-10-14T04:00Z,2025-10-14 06:00,56736.267,54920.155
2025-10-14T05:00Z,2025-10-14 07:00,61730.517,60678.605
2025-10-14T06:00Z,2025-10-14 08:00,63961.345,63882.190
2025-10-14T07:00Z,2025-10-14 09:00,63909.543,64795.598
2025-10-14T08:00Z,2025-10-14 10:00,64323.636,65682.045
2025-10-14T09:00Z,2025-10-14 11:00,64537.881,66223.978
2025-10-14T10:00Z,2025-10-14 12:00,63779.826,65724.982
2025-10-14T11:00Z,2025-10-14 13:00,62029.977,64574.175
2025-10-14T12:00Z,2025-10-14 14:00,59992.124,63068.455
2025-10-14T13:00Z,2025-10-14 15:00,59029.586,61805.540
2025-10-14T14:00Z,2025-10-14 16:00,58635.747,61318.052
2025-10-14T15:00Z,2025-10-14 17:00,59835.778,61516.230
2025-10-14T16:00Z,2025-10-14 18:00,61488.436,62760.982
2025-10-14T17:00Z,2025-10-14 19:00,61962.450,62475.685
2025-10-14T18:00Z,2025-10-14 20:00,59125.112,59664.863
2025-10-14T19:00Z,2025-10-14 21:00,55565.440,56337.175
2025-10-14T20:00Z,2025-10-14 22:00,51833.804,52851.158
2025-10-14T21:00Z,2025-10-14 23:00,48166.135,49346.743
2025-10-14T22:00Z,2025-10-15 00:00,45639.938,46769.935
2025-10-14T23:00Z,2025-10-15 01:00,43937.781,45258.385
2025-10-15T00:00Z,2025-10-15 02:00,43270.355,44506.730
2025-10-15T01:00Z,2025-10-15 03:00,43722.385,44721.870
2025-10-15T02:00Z,2025-10-15 04:00,45044.444,46114.980
2025-10-15T03:00Z,2025-10-15 05:00,48642.515,49005.853
2025-10-15T04:00Z,2025-10-15 06:00,56103.864,55330.025
2025-10-15T05:00Z,2025-10-15 07:00,61403.857,61446.832
2025-10-15T06:00Z,2025-10-15 08:00,63874.892,64638.438
2025-10-15T07:00Z,2025-10-15 09:00,64411.359,65525.785
2025-10-15T08:00Z,2025-10-15 10:00,65157.993,66085.465
2025-10-15T09:00Z,2025-10-15 11:00,65780.857,66492.460
2025-10-15T10:00Z,2025-10-15 12:00,64684.435,65772.132
2025-10-15T11:00Z,2025-10-15 13:00,63184.050,64506.305
2025-10-15T12:00Z,2025-10-15 14:00,61712.102,62794.607
2025-10-15T13:00Z,2025-10-15 15:00,61108.375,61596.740
2025-10-15T14:00Z,2025-10-15 16:00,60907.749,60999.643
2025-10-15T15:00Z,2025-10-15 17:00,62208.155,61318.772
2025-10-15T16:00Z,2025-10-15 18:00,63671.735,62566.460
2025-10-15T17:00Z,2025-10-15 19:00,64027.004,62331.280
2025-10-15T18:00Z,2025-10-15 20:00,61026.287,59686.595
2025-10-15T19:00Z,2025-10-15 21:00,57928.708,56326.077
2025-10-15T20:00Z,2025-10-15 22:00,53982.796,52821.475
2025-10-15T21:00Z,2025-10-15 23:00,50670.587,49377.303
2025-10-15T22:00Z,2025-10-16 00:00,47553.299,46145.895
2025-10-15T23:00Z,2025-10-16 01:00,46121.038,44331.067
2025-10-16T00:00Z,2025-10-16 02:00,44578.154,43545.613
2025-10-16T01:00Z,2025-10-16 03:00,44601.705,43626.280
2025-10-16T02:00Z,2025-10-16 04:00,46112.128,44638.323
2025-10-16T03:00Z,2025-10-16 05:00,50438.029,47698.088
2025-10-16T04:00Z,2025-10-16 06:00,57902.633,54031.338
2025-10-16T05:00Z,2025-10-16 07:00,63290.467,59926.307
2025-10-16T06:00Z,2025-10-16 08:00,65435.818,63543.240
2025-10-16T07:00Z,2025-10-16 09:00,65843.451,64932.257
2025-10-16T08:00Z,2025-10-16 10:00,66147.931,66233.952
2025-10-16T09:00Z,2025-10-16 11:00,66059.169,66955.143
2025-10-16T10:00Z,2025-10-16 12:00,65250.656,66741.668
2025-10-16T11:00Z,2025-10-16 13:00,64625.363,65962.798
2025-10-16T12:00Z,2025-10-16 14:00,63030.751,64211.518
2025-10-16T13:00Z,2025-10-16 15:00,62492.230,62434.290
2025-10-16T14:00Z,2025-10-16 16:00,61401.836,61261.543
2025-10-16T15:00Z,2025-10-16 17:00,62509.367,61613.075
2025-10-16T16:00Z,2025-10-16 18:00,64078.694,62634.958
2025-10-16T17:00Z,2025-10-16 19:00,64259.430,62536.522
2025-10-16T18:00Z,2025-10-16 20:00,61610.374,59840.073
2025-10-16T19:00Z,2025-10-16 21:00,58118.651,56539.395
2025-10-16T20:00Z,2025-10-16 22:00,54473.553,53106.268
2025-10-16T21:00Z,2025-10-16 23:00,50940.130,49429.185
2025-10-16T22:00Z,2025-10-17 00:00,48208.436,46919.875
2025-10-16T23:00Z,2025-10-17 01:00,46239.782,45305.530
2025-10-17T00:00Z,2025-10-17 02:00,45066.485,44731.277
2025-10-17T01:00Z,2025-10-17 03:00,44849.341,45048.537
2025-10-17T02:00Z,2025-10-17 04:00,45802.932,46179.660
2025-10-17T03:00Z,2025-10-17 05:00,49464.302,49099.645
2025-10-17T04:00Z,2025-10-17 06:00,56966.960,55368.068
2025-10-17T05:00Z,2025-10-17 07:00,62452.753,60721.550
2025-10-17T06:00Z,2025-10-17 08:00,64862.839,64319.952
2025-10-17T07:00Z,2025-10-17 09:00,64887.469,65680.440
2025-10-17T08:00Z,2025-10-17 10:00,65647.096,66357.467
2025-10-17T09:00Z,2025-10-17 11:00,66114.898,66301.995
2025-10-17T10:00Z,2025-10-17 12:00,65116.576,65513.425
2025-10-17T11:00Z,2025-10-17 13:00,63160.084,63583.780
2025-10-17T12:00Z,2025-10-17 14:00,61748.244,61765.590
2025-10-17T13:00Z,2025-10-17 15:00,60851.728,60681.958
2025-10-17T14:00Z,2025-10-17 16:00,60911.200,60082.503
2025-10-17T15:00Z,2025-10-17 17:00,61638.596,61223.340
2025-10-17T16:00Z,2025-10-17 18:00,62855.762,61770.990
2025-10-17T17:00Z,2025-10-17 19:00,62768.965,60939.772
2025-10-17T18:00Z,2025-10-17 20:00,60272.193,57656.262
2025-10-17T19:00Z,2025-10-17 21:00,57245.314,54302.905
2025-10-17T20:00Z,2025-10-17 22:00,53272.357,51012.772
2025-10-17T21:00Z,2025-10-17 23:00,49596.250,47801.622
2025-10-17T22:00Z,2025-10-18 00:00,46480.370,44576.975
2025-10-17T23:00Z,2025-10-18 01:00,44306.029,42597.333
2025-10-18T00:00Z,2025-10-18 02:00,42803.479,41579.427
2025-10-18T01:00Z,2025-10-18 03:00,42614.895,41253.280
2025-10-18T02:00Z,2025-10-18 04:00,43199.993,41240.445
2025-10-18T03:00Z,2025-10-18 05:00,43987.171,42004.175
2025-10-18T04:00Z,2025-10-18 06:00,46271.764,43780.647
2025-10-18T05:00Z,2025-10-18 07:00,49024.671,46336.368
2025-10-18T06:00Z,2025-10-18 08:00,51858.716,49893.268
2025-10-18T07:00Z,2025-10-18 09:00,53725.923,52991.645
2025-10-18T08:00Z,2025-10-18 10:00,54550.189,54995.732
2025-10-18T09:00Z,2025-10-18 11:00,54808.238,55820.245
2025-10-18T10:00Z,2025-10-18 12:00,53595.974,54874.622
2025-10-18T11:00Z,2025-10-18 13:00,50804.515,52935.345
2025-10-18T12:00Z,2025-10-18 14:00,49053.891,51693.800
2025-10-18T13:00Z,2025-10-18 15:00,47838.568,50742.037
2025-10-18T14:00Z,2025-10-18 16:00,48664.926,50796.000
2025-10-18T15:00Z,2025-10-18 17:00,50554.696,52099.257
2025-10-18T16:00Z,2025-10-18 18:00,53168.590,53497.625
2025-10-18T17:00Z,2025-10-18 19:00,53175.713,53286.677
2025-10-18T18:00Z,2025-10-18 20:00,50202.020,51211.050
2025-10-18T19:00Z,2025-10-18 21:00,47926.400,48780.420
2025-10-18T20:00Z,2025-10-18 22:00,45747.577,46839.755
2025-10-18T21:00Z,2025-10-18 23:00,43156.828,44388.005
2025-10-18T22:00Z,2025-10-19 00:00,40810.660,42797.510
2025-10-18T23:00Z,2025-10-19 01:00,39136.938,41142.067
2025-10-19T00:00Z,2025-10-19 02:00,38408.294,40279.305
2025-10-19T01:00Z,2025-10-19 03:00,38062.200,39982.440
2025-10-19T02:00Z,2025-10-19 04:00,38480.302,40143.787
2025-10-19T03:00Z,2025-10-19 05:00,39003.412,40789.277
2025-10-19T04:00Z,2025-10-19 06:00,39874.102,42598.682
2025-10-19T05:00Z,2025-10-19 07:00,41885.216,45148.280
2025-10-19T06:00Z,2025-10-19 08:00,44727.066,48348.190
2025-10-19T07:00Z,2025-10-19 09:00,48085.247,51530.792
2025-10-19T08:00Z,2025-10-19 10:00,50172.997,53642.568
2025-10-19T09:00Z,2025-10-19 11:00,51900.776,55091.072
2025-10-19T10:00Z,2025-10-19 12:00,51614.512,54938.900
2025-10-19T11:00Z,2025-10-19 13:00,49142.716,53635.990
2025-10-19T12:00Z,2025-10-19 14:00,47095.153,51990.073
2025-10-19T13:00Z,2025-10-19 15:00,46865.384,51212.607
2025-10-19T14:00Z,2025-10-19 16:00,47768.464,51506.790
2025-10-19T15:00Z,2025-10-19 17:00,50191.518,53202.190
2025-10-19T16:00Z,2025-10-19 18:00,54605.280,54542.963
2025-10-19T17:00Z,2025-10-19 19:00,55344.849,54791.423
2025-10-19T18:00Z,2025-10-19 20:00,53405.115,52797.753
2025-10-19T19:00Z,2025-10-19 21:00,51546.580,50611.423
2025-10-19T20:00Z,2025-10-19 22:00,50264.212,48896.423
2025-10-19T21:00Z,2025-10-19 23:00,47335.120,46333.402
2025-10-19T22:00Z,2025-10-20 00:00,45256.449,43001.665
2025-10-19T23:00Z,2025-10-20 01:00,43881.088,41683.082
2025-10-20T00:00Z,2025-10-20 02:00,43235.774,41203.585
2025-10-20T01:00Z,2025-10-20 03:00,43355.080,41202.475
2025-10-20T02:00Z,2025-10-20 04:00,45028.666,42721.512
2025-10-20T03:00Z,2025-10-20 05:00,48987.199,46388.832
2025-10-20T04:00Z,2025-10-20 06:00,57461.180,53585.162
2025-10-20T05:00Z,2025-10-20 07:00,63925.344,59317.963
2025-10-20T06:00Z,2025-10-20 08:00,66522.852,63255.747
2025-10-20T07:00Z,2025-10-20 09:00,67256.593,65286.122
2025-10-20T08:00Z,2025-10-20 10:00,67303.273,66505.695
2025-10-20T09:00Z,2025-10-20 11:00,68229.681,66935.850
2025-10-20T10:00Z,2025-10-20 12:00,67055.925,66535.915
2025-10-20T11:00Z,2025-10-20 13:00,66337.014,65325.098
2025-10-20T12:00Z,2025-10-20 14:00,63812.807,64034.423
2025-10-20T13:00Z,2025-10-20 15:00,63311.002,62429.610
2025-10-20T14:00Z,2025-10-20 16:00,62788.526,61619.327
2025-10-20T15:00Z,2025-10-20 17:00,64350.063,61685.345
2025-10-20T16:00Z,2025-10-20 18:00,66526.167,62699.168
2025-10-20T17:00Z,2025-10-20 19:00,65860.893,62583.945
2025-10-20T18:00Z,2025-10-20 20:00,62766.574,60135.665
2025-10-20T19:00Z,2025-10-20 21:00,58686.391,56931.775
2025-10-20T20:00Z,2025-10-20 22:00,55264.490,53322.033
2025-10-20T21:00Z,2025-10-20 23:00,51717.697,49644.302
2025-10-20T22:00Z,2025-10-21 00:00,48738.234,46795.105
2025-10-20T23:00Z,2025-10-21 01:00,46914.588,44999.655
2025-10-21T00:00Z,2025-10-21 02:00,46037.788,44053.050
2025-10-21T01:00Z,2025-10-21 03:00,45943.108,43940.675
2025-10-21T02:00Z,2025-10-21 04:00,47410.845,44960.000
2025-10-21T03:00Z,2025-10-21 05:00,50588.677,47905.318
2025-10-21T04:00Z,2025-10-21 06:00,58116.620,54161.217
2025-10-21T05:00Z,2025-10-21 07:00,64124.338,59480.283
2025-10-21T06:00Z,2025-10-21 08:00,66760.668,62658.728
2025-10-21T07:00Z,2025-10-21 09:00,67048.005,64125.312
2025-10-21T08:00Z,2025-10-21 10:00,67760.788,65356.673
2025-10-21T09:00Z,2025-10-21 11:00,67956.470,65885.170
2025-10-21T10:00Z,2025-10-21 12:00,67379.689,65249.330
2025-10-21T11:00Z,2025-10-21 13:00,65467.397,64024.562
2025-10-21T12:00Z,2025-10-21 14:00,63492.172,62577.930
2025-10-21T13:00Z,2025-10-21 15:00,62315.633,61527.933
2025-10-21T14:00Z,2025-10-21 16:00,62169.276,60879.970
2025-10-21T15:00Z,2025-10-21 17:00,63971.788,61228.755
2025-10-21T16:00Z,2025-10-21 18:00,66538.388,61774.315
2025-10-21T17:00Z,2025-10-21 19:00,66275.849,61486.052
2025-10-21T18:00Z,2025-10-21 20:00,62995.423,59094.792
2025-10-21T19:00Z,2025-10-21 21:00,58836.018,55826.945
2025-10-21T20:00Z,2025-10-21 22:00,54761.059,52233.488
2025-10-21T21:00Z,2025-10-21 23:00,51222.034,48903.223
2025-10-21T22:00Z,2025-10-22 00:00,48160.008,45974.710
2025-10-21T23:00Z,2025-10-22 01:00,45711.840,44482.230
2025-10-22T00:00Z,2025-10-22 02:00,44457.383,43606.322
2025-10-22T01:00Z,2025-10-22 03:00,44430.407,43653.222
2025-10-22T02:00Z,2025-10-22 04:00,45776.023,44727.183
2025-10-22T03:00Z,2025-10-22 05:00,49588.575,47520.235
2025-10-22T04:00Z,2025-10-22 06:00,57211.170,53874.643
2025-10-22T05:00Z,2025-10-22 07:00,63492.000,59530.948
2025-10-22T06:00Z,2025-10-22 08:00,65779.967,63174.085
2025-10-22T07:00Z,2025-10-22 09:00,66299.956,64672.785
2025-10-22T08:00Z,2025-10-22 10:00,66892.002,65637.303
2025-10-22T09:00Z,2025-10-22 11:00,67262.343,66212.772
2025-10-22T10:00Z,2025-10-22 12:00,66208.443,65633.038
2025-10-22T11:00Z,2025-10-22 13:00,64796.574,64182.588
2025-10-22T12:00Z,2025-10-22 14:00,63117.552,62478.030
2025-10-22T13:00Z,2025-10-22 15:00,62160.843,61164.488
2025-10-22T14:00Z,2025-10-22 16:00,61157.497,60251.743
2025-10-22T15:00Z,2025-10-22 17:00,62164.504,60559.923
2025-10-22T16:00Z,2025-10-22 18:00,63679.941,61288.662
2025-10-22T17:00Z,2025-10-22 19:00,63084.948,61027.552
2025-10-22T18:00Z,2025-10-22 20:00,59911.870,58590.417
2025-10-22T19:00Z,2025-10-22 21:00,56546.560,55440.030
2025-10-22T20:00Z,2025-10-22 22:00,52643.872,51861.275
2025-10-22T21:00Z,2025-10-22 23:00,48811.510,48574.005
2025-10-22T22:00Z,2025-10-23 00:00,45884.303,46916.717
2025-10-22T23:00Z,2025-10-23 01:00,43600.802,45152.423
2025-10-23T00:00Z,2025-10-23 02:00,41702.748,44843.583
2025-10-23T01:00Z,2025-10-23 03:00,42465.099,45045.018
2025-10-23T02:00Z,2025-10-23 04:00,44480.730,45897.110
2025-10-23T03:00Z,2025-10-23 05:00,49168.176,48573.393
2025-10-23T04:00Z,2025-10-23 06:00,56691.109,54331.308
2025-10-23T05:00Z,2025-10-23 07:00,63005.498,59959.175
2025-10-23T06:00Z,2025-10-23 08:00,66939.413,63688.090
2025-10-23T07:00Z,2025-10-23 09:00,67868.309,64836.180
2025-10-23T08:00Z,2025-10-23 10:00,67827.363,65742.220
2025-10-23T09:00Z,2025-10-23 11:00,68074.683,66477.250
2025-10-23T10:00Z,2025-10-23 12:00,68190.161,66031.238
2025-10-23T11:00Z,2025-10-23 13:00,67871.262,65303.702
2025-10-23T12:00Z,2025-10-23 14:00,66217.124,64129.035
2025-10-23T13:00Z,2025-10-23 15:00,65778.487,62877.755
2025-10-23T14:00Z,2025-10-23 16:00,64356.864,62118.180
2025-10-23T15:00Z,2025-10-23 17:00,65196.779,62970.760
2025-10-23T16:00Z,2025-10-23 18:00,66948.497,64007.130
2025-10-23T17:00Z,2025-10-23 19:00,65860.910,63863.895
2025-10-23T18:00Z,2025-10-23 20:00,62792.980,61324.245
2025-10-23T19:00Z,2025-10-23 21:00,59413.786,58210.315
2025-10-23T20:00Z,2025-10-23 22:00,55800.680,54775.963
2025-10-23T21:00Z,2025-10-23 23:00,52123.819,51064.478
2025-10-23T22:00Z,2025-10-24 00:00,49433.206,48497.152
2025-10-23T23:00Z,2025-10-24 01:00,47171.830,46483.452
2025-10-24T00:00Z,2025-10-24 02:00,46293.682,45703.777
2025-10-24T01:00Z,2025-10-24 03:00,46725.089,45816.995
2025-10-24T02:00Z,2025-10-24 04:00,48320.699,46757.100
2025-10-24T03:00Z,2025-10-24 05:00,52001.251,49617.257
2025-10-24T04:00Z,2025-10-24 06:00,59102.382,55538.393
2025-10-24T05:00Z,2025-10-24 07:00,63789.437,61679.860
2025-10-24T06:00Z,2025-10-24 08:00,67399.873,65167.777
2025-10-24T07:00Z,2025-10-24 09:00,68143.832,65825.600
2025-10-24T08:00Z,2025-10-24 10:00,69052.696,66470.810
2025-10-24T09:00Z,2025-10-24 11:00,69386.331,66962.110
2025-10-24T10:00Z,2025-10-24 12:00,67742.630,67116.590
2025-10-24T11:00Z,2025-10-24 13:00,65763.081,66004.818
2025-10-24T12:00Z,2025-10-24 14:00,64125.766,64105.215
2025-10-24T13:00Z,2025-10-24 15:00,62688.304,62650.982
2025-10-24T14:00Z,2025-10-24 16:00,62527.378,62770.812
2025-10-24T15:00Z,2025-10-24 17:00,63637.632,62698.700
2025-10-24T16:00Z,2025-10-24 18:00,64048.003,63078.292
2025-10-24T17:00Z,2025-10-24 19:00,63347.421,62253.340
2025-10-24T18:00Z,2025-10-24 20:00,60184.530,59250.757
2025-10-24T19:00Z,2025-10-24 21:00,56273.031,55781.552
2025-10-24T20:00Z,2025-10-24 22:00,53365.906,52350.450
2025-10-24T21:00Z,2025-10-24 23:00,50165.814,48811.745
2025-10-24T22:00Z,2025-10-25 00:00,47677.877,45093.762
2025-10-24T23:00Z,2025-10-25 01:00,45752.472,43121.395
2025-10-25T00:00Z,2025-10-25 02:00,44425.347,41883.787
2025-10-25T01:00Z,2025-10-25 03:00,43991.462,41503.128
2025-10-25T02:00Z,2025-10-25 04:00,44078.211,41548.270
2025-10-25T03:00Z,2025-10-25 05:00,45022.904,41853.973
2025-10-25T04:00Z,2025-10-25 06:00,47384.691,43348.603
2025-10-25T05:00Z,2025-10-25 07:00,50360.588,46054.850
2025-10-25T06:00Z,2025-10-25 08:00,53320.484,49563.082
2025-10-25T07:00Z,2025-10-25 09:00,55947.183,52596.268
2025-10-25T08:00Z,2025-10-25 10:00,57477.839,54747.425
2025-10-25T09:00Z,2025-10-25 11:00,58602.702,55936.573
2025-10-25T10:00Z,2025-10-25 12:00,58600.510,55292.438
2025-10-25T11:00Z,2025-10-25 13:00,57269.197,53471.375
2025-10-25T12:00Z,2025-10-25 14:00,55512.908,51868.780
2025-10-25T13:00Z,2025-10-25 15:00,54605.257,51112.095
2025-10-25T14:00Z,2025-10-25 16:00,54997.488,51024.440
2025-10-25T15:00Z,2025-10-25 17:00,56972.640,51768.880
2025-10-25T16:00Z,2025-10-25 18:00,59184.406,53412.275
2025-10-25T17:00Z,2025-10-25 19:00,58009.058,53224.993
2025-10-25T18:00Z,2025-10-25 20:00,54993.542,51219.527
2025-10-25T19:00Z,2025-10-25 21:00,52603.224,48972.217
2025-10-25T20:00Z,2025-10-25 22:00,50577.136,46904.173
2025-10-25T21:00Z,2025-10-25 23:00,47635.290,44420.777
2025-10-25T22:00Z,2025-10-26 00:00,44448.092,42213.312
2025-10-25T23:00Z,2025-10-26 01:00,42570.899,41254.607
2025-10-26T00:00Z,2025-10-26 02:00,41280.141,40283.490
2025-10-26T01:00Z,2025-10-26 02:00,40662.212,39882.115
2025-10-26T02:00Z,2025-10-26 03:00,40761.855,39626.175
2025-10-26T03:00Z,2025-10-26 04:00,41108.543,39706.257
2025-10-26T04:00Z,2025-10-26 05:00,41512.620,40636.753
2025-10-26T05:00Z,2025-10-26 06:00,43291.178,42490.085
2025-10-26T06:00Z,2025-10-26 07:00,45619.982,45254.735
2025-10-26T07:00Z,2025-10-26 08:00,49492.732,48235.848
2025-10-26T08:00Z,2025-10-26 09:00,52674.852,51171.930
2025-10-26T09:00Z,2025-10-26 10:00,53987.567,53224.527
2025-10-26T10:00Z,2025-10-26 11:00,55159.422,54226.338
2025-10-26T11:00Z,2025-10-26 12:00,55140.597,53800.630
2025-10-26T12:00Z,2025-10-26 13:00,53531.184,52500.293
2025-10-26T13:00Z,2025-10-26 14:00,52418.355,51058.787
2025-10-26T14:00Z,2025-10-26 15:00,52491.553,50298.777
2025-10-26T15:00Z,2025-10-26 16:00,53915.133,50985.447
2025-10-26T16:00Z,2025-10-26 17:00,57012.755,52496.985
2025-10-26T17:00Z,2025-10-26 18:00,56327.323,53876.265
2025-10-26T18:00Z,2025-10-26 19:00,54817.252,54048.475
2025-10-26T19:00Z,2025-10-26 20:00,52946.364,51836.250
2025-10-26T20:00Z,2025-10-26 21:00,51821.189,49530.522
2025-10-26T21:00Z,2025-10-26 22:00,51138.049,47917.675
2025-10-26T22:00Z,2025-10-26 23:00,48360.957,45438.255
2025-10-26T23:00Z,2025-10-27 00:00,46030.403,43432.393
2025-10-27T00:00Z,2025-10-27 01:00,45034.248,42677.493
2025-10-27T01:00Z,2025-10-27 02:00,44344.747,42470.077
2025-10-27T02:00Z,2025-10-27 03:00,44927.116,43293.732
2025-10-27T03:00Z,2025-10-27 04:00,46559.473,45195.910
2025-10-27T04:00Z,2025-10-27 05:00,50806.163,49795.190
2025-10-27T05:00Z,2025-10-27 06:00,59239.720,58018.147
2025-10-27T06:00Z,2025-10-27 07:00,65088.697,63711.140
2025-10-27T07:00Z,2025-10-27 08:00,68163.851,66430.812
2025-10-27T08:00Z,2025-10-27 09:00,68627.424,67281.020
2025-10-27T09:00Z,2025-10-27 10:00,68575.878,68360.113
2025-10-27T10:00Z,2025-10-27 11:00,69149.169,68838.372
2025-10-27T11:00Z,2025-10-27 12:00,68502.348,68565.768
2025-10-27T12:00Z,2025-10-27 13:00,66839.896,67592.190
2025-10-27T13:00Z,2025-10-27 14:00,65405.696,66479.188
2025-10-27T14:00Z,2025-10-27 15:00,64840.200,65171.967
2025-10-27T15:00Z,2025-10-27 16:00,64990.565,64722.310
2025-10-27T16:00Z,2025-10-27 17:00,68376.042,65331.787
2025-10-27T17:00Z,2025-10-27 18:00,68615.516,66486.325
2025-10-27T18:00Z,2025-10-27 19:00,67255.631,65593.930
2025-10-27T19:00Z,2025-10-27 20:00,63784.908,62215.130
2025-10-27T20:00Z,2025-10-27 21:00,60601.558,58463.825
2025-10-27T21:00Z,2025-10-27 22:00,56719.832,54964.150
2025-10-27T22:00Z,2025-10-27 23:00,53216.680,51086.253
2025-10-27T23:00Z,2025-10-28 00:00,49668.152,47809.902
2025-10-28T00:00Z,2025-10-28 01:00,47869.822,46273.355
2025-10-28T01:00Z,2025-10-28 02:00,47003.491,45525.933
2025-10-28T02:00Z,2025-10-28 03:00,48247.666,45990.660
2025-10-28T03:00Z,2025-10-28 04:00,49207.267,47392.247
2025-10-28T04:00Z,2025-10-28 05:00,52503.620,50787.122
2025-10-28T05:00Z,2025-10-28 06:00,59992.062,57181.173
2025-10-28T06:00Z,2025-10-28 07:00,65407.473,62333.967
2025-10-28T07:00Z,2025-10-28 08:00,68521.485,65023.137
2025-10-28T08:00Z,2025-10-28 09:00,68544.003,65952.500
2025-10-28T09:00Z,2025-10-28 10:00,69541.145,66997.707
2025-10-28T10:00Z,2025-10-28 11:00,69895.959,67603.717
2025-10-28T11:00Z,2025-10-28 12:00,69286.782,67217.658
2025-10-28T12:00Z,2025-10-28 13:00,68171.815,66379.420
2025-10-28T13:00Z,2025-10-28 14:00,65922.133,65232.423
2025-10-28T14:00Z,2025-10-28 15:00,64958.057,64287.338
2025-10-28T15:00Z,2025-10-28 16:00,65008.123,63744.598
2025-10-28T16:00Z,2025-10-28 17:00,68435.525,64157.985
2025-10-28T17:00Z,2025-10-28 18:00,68596.801,65419.600
2025-10-28T18:00Z,2025-10-28 19:00,65951.290,64646.000
2025-10-28T19:00Z,2025-10-28 20:00,62822.072,61151.073
2025-10-28T20:00Z,2025-10-28 21:00,58911.806,57523.565
2025-10-28T21:00Z,2025-10-28 22:00,54755.584,54092.140
2025-10-28T22:00Z,2025-10-28 23:00,51379.145,50458.077
2025-10-28T23:00Z,2025-10-29 00:00,49319.594,47746.665
2025-10-29T00:00Z,2025-10-29 01:00,47874.603,46429.003
2025-10-29T01:00Z,2025-10-29 02:00,47161.889,45939.318
2025-10-29T02:00Z,2025-10-29 03:00,47726.102,46190.900
2025-10-29T03:00Z,2025-10-29 04:00,48749.801,47435.910
2025-10-29T04:00Z,2025-10-29 05:00,52598.156,50688.938
2025-10-29T05:00Z,2025-10-29 06:00,60901.348,56956.912
2025-10-29T06:00Z,2025-10-29 07:00,65573.812,62264.545
2025-10-29T07:00Z,2025-10-29 08:00,67790.349,65113.000
2025-10-29T08:00Z,2025-10-29 09:00,67437.698,65671.682
2025-10-29T09:00Z,2025-10-29 10:00,67125.463,66531.298
2025-10-29T10:00Z,2025-10-29 11:00,66238.604,66970.122
2025-10-29T11:00Z,2025-10-29 12:00,64845.776,66727.095
2025-10-29T12:00Z,2025-10-29 13:00,63933.138,66057.927
2025-10-29T13:00Z,2025-10-29 14:00,62799.352,64744.650
2025-10-29T14:00Z,2025-10-29 15:00,62858.641,63746.243
2025-10-29T15:00Z,2025-10-29 16:00,63793.600,63238.650
2025-10-29T16:00Z,2025-10-29 17:00,66700.272,63858.285
2025-10-29T17:00Z,2025-10-29 18:00,67012.566,65204.330
2025-10-29T18:00Z,2025-10-29 19:00,65663.012,64306.298
2025-10-29T19:00Z,2025-10-29 20:00,62247.379,60921.798
2025-10-29T20:00Z,2025-10-29 21:00,58343.328,57341.368
2025-10-29T21:00Z,2025-10-29 22:00,54423.031,53875.905
2025-10-29T22:00Z,2025-10-29 23:00,49932.742,50073.810
2025-10-29T23:00Z,2025-10-30 00:00,47087.271,47827.368
2025-10-30T00:00Z,2025-10-30 01:00,45023.757,46458.950
2025-10-30T01:00Z,2025-10-30 02:00,44285.064,46215.685
2025-10-30T02:00Z,2025-10-30 03:00,45090.370,46531.447
2025-10-30T03:00Z,2025-10-30 04:00,46108.223,47780.738
2025-10-30T04:00Z,2025-10-30 05:00,50249.569,51536.082
2025-10-30T05:00Z,2025-10-30 06:00,58546.447,57981.015
2025-10-30T06:00Z,2025-10-30 07:00,64436.736,63094.923
2025-10-30T07:00Z,2025-10-30 08:00,66557.648,65596.207
2025-10-30T08:00Z,2025-10-30 09:00,66145.970,66510.512
2025-10-30T09:00Z,2025-10-30 10:00,65120.174,67336.417
2025-10-30T10:00Z,2025-10-30 11:00,65631.049,68057.555
2025-10-30T11:00Z,2025-10-30 12:00,64683.392,67365.365
2025-10-30T12:00Z,2025-10-30 13:00,62742.189,65892.633
2025-10-30T13:00Z,2025-10-30 14:00,61950.182,64007.530
2025-10-30T14:00Z,2025-10-30 15:00,62974.603,63419.900
2025-10-30T15:00Z,2025-10-30 16:00,64477.094,64113.908
2025-10-30T16:00Z,2025-10-30 17:00,68231.096,65631.758
2025-10-30T17:00Z,2025-10-30 18:00,68298.675,66025.245
2025-10-30T18:00Z,2025-10-30 19:00,66086.537,64767.075
2025-10-30T19:00Z,2025-10-30 20:00,62845.936,61398.688
2025-10-30T20:00Z,2025-10-30 21:00,59398.836,57662.493
2025-10-30T21:00Z,2025-10-30 22:00,55543.250,54247.357
2025-10-30T22:00Z,2025-10-30 23:00,51126.522,50831.430
2025-10-30T23:00Z,2025-10-31 00:00,48035.033,46493.835
2025-10-31T00:00Z,2025-10-31 01:00,46177.105,44901.430
2025-10-31T01:00Z,2025-10-31 02:00,44842.121,44333.113
2025-10-31T02:00Z,2025-10-31 03:00,44778.956,44793.675
2025-10-31T03:00Z,2025-10-31 04:00,45898.262,46200.598
2025-10-31T04:00Z,2025-10-31 05:00,48834.256,49511.647
2025-10-31T05:00Z,2025-10-31 06:00,53459.037,55120.035
2025-10-31T06:00Z,2025-10-31 07:00,57851.565,60400.493
2025-10-31T07:00Z,2025-10-31 08:00,60077.518,63239.792
2025-10-31T08:00Z,2025-10-31 09:00,60647.155,63499.438
2025-10-31T09:00Z,2025-10-31 10:00,60591.815,64194.900
2025-10-31T10:00Z,2025-10-31 11:00,60752.602,64910.025
2025-10-31T11:00Z,2025-10-31 12:00,59758.046,64514.512
2025-10-31T12:00Z,2025-10-31 13:00,58570.512,63091.363
2025-10-31T13:00Z,2025-10-31 14:00,57276.262,61451.478
2025-10-31T14:00Z,2025-10-31 15:00,57077.529,60187.192
2025-10-31T15:00Z,2025-10-31 16:00,58252.812,61332.315
2025-10-31T16:00Z,2025-10-31 17:00,60908.437,61972.603
2025-10-31T17:00Z,2025-10-31 18:00,60463.643,62497.310
2025-10-31T18:00Z,2025-10-31 19:00,58437.140,60783.600
2025-10-31T19:00Z,2025-10-31 20:00,55800.894,57271.908
2025-10-31T20:00Z,2025-10-31 21:00,53563.413,53627.927
2025-10-31T21:00Z,2025-10-31 22:00,50500.382,50317.908
2025-10-31T22:00Z,2025-10-31 23:00,46845.107,47139.548
2025-10-31T23:00Z,2025-11-01 00:00,44435.255,43995.310
2025-11-01T00:00Z,2025-11-01 01:00,42441.272,42172.570
2025-11-01T01:00Z,2025-11-01 02:00,41784.266,41197.825
2025-11-01T02:00Z,2025-11-01 03:00,41066.356,40660.340
2025-11-01T03:00Z,2025-11-01 04:00,39806.857,40637.793
2025-11-01T04:00Z,2025-11-01 05:00,40132.154,39946.940
2025-11-01T05:00Z,2025-11-01 06:00,42836.443,39946.103
2025-11-01T06:00Z,2025-11-01 07:00,44405.968,42442.268
2025-11-01T07:00Z,2025-11-01 08:00,47214.860,45685.928
2025-11-01T08:00Z,2025-11-01 09:00,49834.751,48894.113
2025-11-01T09:00Z,2025-11-01 10:00,50491.667,51154.290
2025-11-01T10:00Z,2025-11-01 11:00,52494.267,52474.915
2025-11-01T11:00Z,2025-11-01 12:00,53026.110,52337.902
2025-11-01T12:00Z,2025-11-01 13:00,51552.039,50715.952
2025-11-01T13:00Z,2025-11-01 14:00,51903.183,49091.330
2025-11-01T14:00Z,2025-11-01 15:00,53537.226,48307.473
2025-11-01T15:00Z,2025-11-01 16:00,55089.843,48934.092
2025-11-01T16:00Z,2025-11-01 17:00,57036.517,50513.793
2025-11-01T17:00Z,2025-11-01 18:00,57350.988,52055.368
2025-11-01T18:00Z,2025-11-01 19:00,55468.318,51863.537
2025-11-01T19:00Z,2025-11-01 20:00,52838.236,49433.188
2025-11-01T20:00Z,2025-11-01 21:00,50337.182,47255.000
2025-11-01T21:00Z,2025-11-01 22:00,47969.083,45645.425
2025-11-01T22:00Z,2025-11-01 23:00,44101.232,43344.680
2025-11-01T23:00Z,2025-11-02 00:00,41088.799,41439.495
2025-11-02T00:00Z,2025-11-02 01:00,39110.715,40202.820
2025-11-02T01:00Z,2025-11-02 02:00,38209.294,39864.713
2025-11-02T02:00Z,2025-11-02 03:00,37919.681,39917.510
2025-11-02T03:00Z,2025-11-02 04:00,38286.616,40482.418
2025-11-02T04:00Z,2025-11-02 05:00,38944.370,42155.240
2025-11-02T05:00Z,2025-11-02 06:00,40198.765,44432.327
2025-11-02T06:00Z,2025-11-02 07:00,41896.983,47012.800
2025-11-02T07:00Z,2025-11-02 08:00,45264.294,49758.512
2025-11-02T08:00Z,2025-11-02 09:00,48530.577,51903.537
2025-11-02T09:00Z,2025-11-02 10:00,50639.843,53758.280
2025-11-02T10:00Z,2025-11-02 11:00,52115.042,55044.618
2025-11-02T11:00Z,2025-11-02 12:00,52151.421,55327.603
2025-11-02T12:00Z,2025-11-02 13:00,50658.911,54043.995
2025-11-02T13:00Z,2025-11-02 14:00,50018.416,52594.675
2025-11-02T14:00Z,2025-11-02 15:00,50109.148,52542.665
2025-11-02T15:00Z,2025-11-02 16:00,50933.501,53680.125
2025-11-02T16:00Z,2025-11-02 17:00,54949.180,56123.228
2025-11-02T17:00Z,2025-11-02 18:00,55830.119,57173.213
2025-11-02T18:00Z,2025-11-02 19:00,53920.885,55912.158
2025-11-02T19:00Z,2025-11-02 20:00,51641.685,53661.840
2025-11-02T20:00Z,2025-11-02 21:00,49254.045,51753.575
2025-11-02T21:00Z,2025-11-02 22:00,47035.332,49621.417
2025-11-02T22:00Z,2025-11-02 23:00,44034.092,46864.675
2025-11-02T23:00Z,2025-11-03 00:00,41864.641,44015.588
2025-11-03T00:00Z,2025-11-03 01:00,41074.312,42787.677
2025-11-03T01:00Z,2025-11-03 02:00,40862.032,42438.005
2025-11-03T02:00Z,2025-11-03 03:00,41331.240,42640.452
2025-11-03T03:00Z,2025-11-03 04:00,43020.491,44031.938
2025-11-03T04:00Z,2025-11-03 05:00,47398.049,48151.793
2025-11-03T05:00Z,2025-11-03 06:00,56406.357,55502.238
2025-11-03T06:00Z,2025-11-03 07:00,61822.885,61008.300
2025-11-03T07:00Z,2025-11-03 08:00,64858.677,64207.217
2025-11-03T08:00Z,2025-11-03 09:00,65410.379,65407.273
2025-11-03T09:00Z,2025-11-03 10:00,65494.340,66300.807
2025-11-03T10:00Z,2025-11-03 11:00,65618.134,66840.342
2025-11-03T11:00Z,2025-11-03 12:00,65147.562,66115.235
2025-11-03T12:00Z,2025-11-03 13:00,64717.888,65303.410
2025-11-03T13:00Z,2025-11-03 14:00,63774.081,64064.695
2025-11-03T14:00Z,2025-11-03 15:00,63421.204,63179.145
2025-11-03T15:00Z,2025-11-03 16:00,64549.096,63466.060
2025-11-03T16:00Z,2025-11-03 17:00,68017.417,65095.245
2025-11-03T17:00Z,2025-11-03 18:00,68677.049,65433.720
2025-11-03T18:00Z,2025-11-03 19:00,67778.457,63709.923
2025-11-03T19:00Z,2025-11-03 20:00,64286.351,60621.753
2025-11-03T20:00Z,2025-11-03 21:00,60509.202,57151.360
2025-11-03T21:00Z,2025-11-03 22:00,56682.908,53535.060
2025-11-03T22:00Z,2025-11-03 23:00,53309.079,49873.122
2025-11-03T23:00Z,2025-11-04 00:00,49144.565,47132.835
2025-11-04T00:00Z,2025-11-04 01:00,47428.738,45633.400
2025-11-04T01:00Z,2025-11-04 02:00,46740.681,45198.990
2025-11-04T02:00Z,2025-11-04 03:00,47037.385,45377.530
2025-11-04T03:00Z,2025-11-04 04:00,48522.868,46606.155
2025-11-04T04:00Z,2025-11-04 05:00,52091.147,50213.698
2025-11-04T05:00Z,2025-11-04 06:00,59691.304,56279.827
2025-11-04T06:00Z,2025-11-04 07:00,64157.335,60917.897
2025-11-04T07:00Z,2025-11-04 08:00,65625.542,63507.973
2025-11-04T08:00Z,2025-11-04 09:00,65455.839,64690.410
2025-11-04T09:00Z,2025-11-04 10:00,65894.776,65414.298
2025-11-04T10:00Z,2025-11-04 11:00,64718.425,65905.995
2025-11-04T11:00Z,2025-11-04 12:00,63461.410,65076.010
2025-11-04T12:00Z,2025-11-04 13:00,62140.273,63666.993
2025-11-04T13:00Z,2025-11-04 14:00,61489.148,62440.278
2025-11-04T14:00Z,2025-11-04 15:00,61985.786,61721.853
2025-11-04T15:00Z,2025-11-04 16:00,63572.891,62005.382
2025-11-04T16:00Z,2025-11-04 17:00,67198.886,63391.890
2025-11-04T17:00Z,2025-11-04 18:00,68376.843,64072.397
2025-11-04T18:00Z,2025-11-04 19:00,67304.205,62681.065
2025-11-04T19:00Z,2025-11-04 20:00,63623.290,59599.807
2025-11-04T20:00Z,2025-11-04 21:00,59748.415,56178.385
2025-11-04T21:00Z,2025-11-04 22:00,55712.862,52638.238
2025-11-04T22:00Z,2025-11-04 23:00,51903.681,49350.982
2025-11-04T23:00Z,2025-11-05 00:00,49196.801,46684.390
2025-11-05T00:00Z,2025-11-05 01:00,47080.003,45521.122
2025-11-05T01:00Z,2025-11-05 02:00,45937.018,44989.062
2025-11-05T02:00Z,2025-11-05 03:00,46473.284,45232.378
2025-11-05T03:00Z,2025-11-05 04:00,48265.389,46675.223
2025-11-05T04:00Z,2025-11-05 05:00,52773.868,50086.845
2025-11-05T05:00Z,2025-11-05 06:00,61825.094,56504.120
2025-11-05T06:00Z,2025-11-05 07:00,65755.601,61726.485
2025-11-05T07:00Z,2025-11-05 08:00,67710.962,64666.943
2025-11-05T08:00Z,2025-11-05 09:00,66823.222,65380.315
2025-11-05T09:00Z,2025-11-05 10:00,65381.890,65615.605
2025-11-05T10:00Z,2025-11-05 11:00,64504.020,65788.673
2025-11-05T11:00Z,2025-11-05 12:00,63557.065,64607.940
2025-11-05T12:00Z,2025-11-05 13:00,61732.767,63193.175
2025-11-05T13:00Z,2025-11-05 14:00,60465.157,62163.768
2025-11-05T14:00Z,2025-11-05 15:00,61905.242,61188.478
2025-11-05T15:00Z,2025-11-05 16:00,63387.324,61309.190
2025-11-05T16:00Z,2025-11-05 17:00,66866.480,63338.217
2025-11-05T17:00Z,2025-11-05 18:00,67565.681,64684.085
2025-11-05T18:00Z,2025-11-05 19:00,66383.645,62985.530
2025-11-05T19:00Z,2025-11-05 20:00,62769.603,59895.107
2025-11-05T20:00Z,2025-11-05 21:00,58506.624,56472.695
2025-11-05T21:00Z,2025-11-05 22:00,54337.570,52894.260
2025-11-05T22:00Z,2025-11-05 23:00,50791.011,49229.158
2025-11-05T23:00Z,2025-11-06 00:00,48341.951,48073.507
2025-11-06T00:00Z,2025-11-06 01:00,46495.098,46586.823
2025-11-06T01:00Z,2025-11-06 02:00,45979.763,46222.993
2025-11-06T02:00Z,2025-11-06 03:00,46360.258,46253.835
2025-11-06T03:00Z,2025-11-06 04:00,47852.095,46984.412
2025-11-06T04:00Z,2025-11-06 05:00,51768.554,50261.780
2025-11-06T05:00Z,2025-11-06 06:00,60302.228,56845.253
2025-11-06T06:00Z,2025-11-06 07:00,64944.179,61992.592
2025-11-06T07:00Z,2025-11-06 08:00,66903.435,65121.253
2025-11-06T08:00Z,2025-11-06 09:00,66523.909,65491.637
2025-11-06T09:00Z,2025-11-06 10:00,66160.712,65645.057
2025-11-06T10:00Z,2025-11-06 11:00,65323.302,65749.550
2025-11-06T11:00Z,2025-11-06 12:00,64321.445,64880.807
2025-11-06T12:00Z,2025-11-06 13:00,62861.658,64281.848
2025-11-06T13:00Z,2025-11-06 14:00,61946.735,62808.228
2025-11-06T14:00Z,2025-11-06 15:00,62561.731,61799.098
2025-11-06T15:00Z,2025-11-06 16:00,63936.151,62505.882
2025-11-06T16:00Z,2025-11-06 17:00,67489.245,64773.820
2025-11-06T17:00Z,2025-11-06 18:00,67736.159,66001.272
2025-11-06T18:00Z,2025-11-06 19:00,66682.039,64502.300
2025-11-06T19:00Z,2025-11-06 20:00,63667.548,60815.705
2025-11-06T20:00Z,2025-11-06 21:00,59970.472,57299.202
2025-11-06T21:00Z,2025-11-06 22:00,56330.854,53686.430
2025-11-06T22:00Z,2025-11-06 23:00,51818.505,50071.740
2025-11-06T23:00Z,2025-11-07 00:00,48924.044,49241.690
2025-11-07T00:00Z,2025-11-07 01:00,47199.173,47960.085
2025-11-07T01:00Z,2025-11-07 02:00,46602.305,47552.012
2025-11-07T02:00Z,2025-11-07 03:00,47267.811,47946.618
2025-11-07T03:00Z,2025-11-07 04:00,48506.557,49221.518
2025-11-07T04:00Z,2025-11-07 05:00,52158.021,52954.382
2025-11-07T05:00Z,2025-11-07 06:00,59882.059,59435.402
2025-11-07T06:00Z,2025-11-07 07:00,65233.802,64721.420
2025-11-07T07:00Z,2025-11-07 08:00,67458.959,67549.405
2025-11-07T08:00Z,2025-11-07 09:00,67078.592,67961.717
2025-11-07T09:00Z,2025-11-07 10:00,67609.102,68243.175
2025-11-07T10:00Z,2025-11-07 11:00,67142.660,68082.947
2025-11-07T11:00Z,2025-11-07 12:00,66528.163,67478.940
2025-11-07T12:00Z,2025-11-07 13:00,64816.090,65589.783
2025-11-07T13:00Z,2025-11-07 14:00,63500.507,63861.685
2025-11-07T14:00Z,2025-11-07 15:00,63440.146,62872.793
2025-11-07T15:00Z,2025-11-07 16:00,64517.140,63872.917
2025-11-07T16:00Z,2025-11-07 17:00,66892.530,65874.160
2025-11-07T17:00Z,2025-11-07 18:00,66043.148,66413.583
2025-11-07T18:00Z,2025-11-07 19:00,63604.799,64584.980
2025-11-07T19:00Z,2025-11-07 20:00,60051.250,60562.438
2025-11-07T20:00Z,2025-11-07 21:00,56169.928,56651.562
2025-11-07T21:00Z,2025-11-07 22:00,52958.901,53380.427
2025-11-07T22:00Z,2025-11-07 23:00,49920.260,49961.897
2025-11-07T23:00Z,2025-11-08 00:00,46990.763,47220.880
2025-11-08T00:00Z,2025-11-08 01:00,45101.438,45145.135
2025-11-08T01:00Z,2025-11-08 02:00,43918.063,44123.812
2025-11-08T02:00Z,2025-11-08 03:00,43529.027,43846.070
2025-11-08T03:00Z,2025-11-08 04:00,43741.219,43765.260
2025-11-08T04:00Z,2025-11-08 05:00,44645.829,45266.025
2025-11-08T05:00Z,2025-11-08 06:00,46477.270,47702.240
2025-11-08T06:00Z,2025-11-08 07:00,49280.701,50509.482
2025-11-08T07:00Z,2025-11-08 08:00,52547.488,53852.878
2025-11-08T08:00Z,2025-11-08 09:00,54997.901,56422.870
2025-11-08T09:00Z,2025-11-08 10:00,56186.091,58304.652
2025-11-08T10:00Z,2025-11-08 11:00,57350.066,59467.085
2025-11-08T11:00Z,2025-11-08 12:00,57351.285,59025.217
2025-11-08T12:00Z,2025-11-08 13:00,55338.631,57154.332
2025-11-08T13:00Z,2025-11-08 14:00,54267.621,54908.650
2025-11-08T14:00Z,2025-11-08 15:00,54413.280,54158.658
2025-11-08T15:00Z,2025-11-08 16:00,55833.590,54836.818
2025-11-08T16:00Z,2025-11-08 17:00,58588.659,56785.705
2025-11-08T17:00Z,2025-11-08 18:00,58246.431,58495.235
2025-11-08T18:00Z,2025-11-08 19:00,56173.980,56812.722
2025-11-08T19:00Z,2025-11-08 20:00,52775.440,53978.217
2025-11-08T20:00Z,2025-11-08 21:00,50191.638,51387.857
2025-11-08T21:00Z,2025-11-08 22:00,48391.588,49305.287
2025-11-08T22:00Z,2025-11-08 23:00,45533.719,46595.207
2025-11-08T23:00Z,2025-11-09 00:00,43076.097,44312.560
2025-11-09T00:00Z,2025-11-09 01:00,40702.473,42744.887
2025-11-09T01:00Z,2025-11-09 02:00,39034.163,42129.835
2025-11-09T02:00Z,2025-11-09 03:00,38664.531,41779.353
2025-11-09T03:00Z,2025-11-09 04:00,38968.290,41733.185
2025-11-09T04:00Z,2025-11-09 05:00,39403.155,42491.540
2025-11-09T05:00Z,2025-11-09 06:00,40755.938,44693.190
2025-11-09T06:00Z,2025-11-09 07:00,42805.880,47278.458
2025-11-09T07:00Z,2025-11-09 08:00,46102.677,50418.485
2025-11-09T08:00Z,2025-11-09 09:00,49202.729,53105.178
2025-11-09T09:00Z,2025-11-09 10:00,51494.888,55514.780
2025-11-09T10:00Z,2025-11-09 11:00,53912.766,56665.545
2025-11-09T11:00Z,2025-11-09 12:00,54328.099,56167.155
2025-11-09T12:00Z,2025-11-09 13:00,53028.525,54919.130
2025-11-09T13:00Z,2025-11-09 14:00,52079.398,53482.295
2025-11-09T14:00Z,2025-11-09 15:00,52133.314,53434.300
2025-11-09T15:00Z,2025-11-09 16:00,53277.236,54868.363
2025-11-09T16:00Z,2025-11-09 17:00,56487.980,57564.738
2025-11-09T17:00Z,2025-11-09 18:00,56515.358,58024.920
2025-11-09T18:00Z,2025-11-09 19:00,54694.524,56649.988
2025-11-09T19:00Z,2025-11-09 20:00,52472.798,54172.040
2025-11-09T20:00Z,2025-11-09 21:00,50307.291,52035.872
2025-11-09T21:00Z,2025-11-09 22:00,48893.112,49802.940
2025-11-09T22:00Z,2025-11-09 23:00,45889.877,46864.495
2025-11-09T23:00Z,2025-11-10 00:00,43405.449,43601.209
2025-11-10T00:00Z,2025-11-10 01:00,41715.976,42550.448
2025-11-10T01:00Z,2025-11-10 02:00,41219.304,42124.845
2025-11-10T02:00Z,2025-11-10 03:00,41832.757,42399.504
2025-11-10T03:00Z,2025-11-10 04:00,43718.112,44350.286
2025-11-10T04:00Z,2025-11-10 05:00,48316.661,50848.248
2025-11-10T05:00Z,2025-11-10 06:00,57229.379,59334.279
2025-11-10T06:00Z,2025-11-10 07:00,62873.576,65002.362
2025-11-10T07:00Z,2025-11-10 08:00,65625.388,67259.091
2025-11-10T08:00Z,2025-11-10 09:00,66283.245,67759.330
2025-11-10T09:00Z,2025-11-10 10:00,66468.301,68890.320
2025-11-10T10:00Z,2025-11-10 11:00,66462.385,69220.303
2025-11-10T11:00Z,2025-11-10 12:00,66141.247,68663.728
2025-11-10T12:00Z,2025-11-10 13:00,65157.969,68045.757
2025-11-10T13:00Z,2025-11-10 14:00,63952.681,66608.776
2025-11-10T14:00Z,2025-11-10 15:00,63622.745,65870.882
2025-11-10T15:00Z,2025-11-10 16:00,64432.284,66206.602
2025-11-10T16:00Z,2025-11-10 17:00,67193.520,68225.746
2025-11-10T17:00Z,2025-11-10 18:00,67020.761,68441.607
2025-11-10T18:00Z,2025-11-10 19:00,65359.860,66417.422
2025-11-10T19:00Z,2025-11-10 20:00,62280.013,62995.321
2025-11-10T20:00Z,2025-11-10 21:00,58689.976,59842.546
2025-11-10T21:00Z,2025-11-10 22:00,55002.162,56058.872
2025-11-10T22:00Z,2025-11-10 23:00,51140.478,52517.308
2025-11-10T23:00Z,2025-11-11 00:00,48608.135,49398.229
2025-11-11T00:00Z,2025-11-11 01:00,46581.922,47933.178
2025-11-11T01:00Z,2025-11-11 02:00,45786.637,46939.154
2025-11-11T02:00Z,2025-11-11 03:00,46656.879,47309.420
2025-11-11T03:00Z,2025-11-11 04:00,48340.498,48621.774
2025-11-11T04:00Z,2025-11-11 05:00,51578.267,51814.361
2025-11-11T05:00Z,2025-11-11 06:00,59770.760,58348.161
2025-11-11T06:00Z,2025-11-11 07:00,65018.471,63780.909
2025-11-11T07:00Z,2025-11-11 08:00,67283.680,66613.784
2025-11-11T08:00Z,2025-11-11 09:00,67290.645,67243.429
2025-11-11T09:00Z,2025-11-11 10:00,67007.607,67842.463
2025-11-11T10:00Z,2025-11-11 11:00,66859.639,68033.583
2025-11-11T11:00Z,2025-11-11 12:00,65724.655,67635.040
2025-11-11T12:00Z,2025-11-11 13:00,65007.617,66506.530
2025-11-11T13:00Z,2025-11-11 14:00,63862.708,64814.345
2025-11-11T14:00Z,2025-11-11 15:00,63661.524,64455.099
2025-11-11T15:00Z,2025-11-11 16:00,64833.953,65123.537
2025-11-11T16:00Z,2025-11-11 17:00,67657.564,67490.215
2025-11-11T17:00Z,2025-11-11 18:00,67787.768,67043.162
2025-11-11T18:00Z,2025-11-11 19:00,66317.409,65343.677
2025-11-11T19:00Z,2025-11-11 20:00,63032.599,61749.319
2025-11-11T20:00Z,2025-11-11 21:00,58954.589,58161.602
2025-11-11T21:00Z,2025-11-11 22:00,55187.230,54659.348
2025-11-11T22:00Z,2025-11-11 23:00,51394.309,51201.024
2025-11-11T23:00Z,2025-11-12 00:00,48415.004,48169.276
2025-11-12T00:00Z,2025-11-12 01:00,46739.232,46961.748
2025-11-12T01:00Z,2025-11-12 02:00,45649.365,46465.852
2025-11-12T02:00Z,2025-11-12 03:00,46129.026,46985.382
2025-11-12T03:00Z,2025-11-12 04:00,48013.565,48504.465
2025-11-12T04:00Z,2025-11-12 05:00,51999.469,51975.025
2025-11-12T05:00Z,2025-11-12 06:00,60084.708,58520.749
2025-11-12T06:00Z,2025-11-12 07:00,65816.202,64811.072
2025-11-12T07:00Z,2025-11-12 08:00,68340.712,67454.187
2025-11-12T08:00Z,2025-11-12 09:00,68992.170,67504.240
2025-11-12T09:00Z,2025-11-12 10:00,67891.251,67629.863
2025-11-12T10:00Z,2025-11-12 11:00,67518.226,68135.398
2025-11-12T11:00Z,2025-11-12 12:00,66612.351,67658.059
2025-11-12T12:00Z,2025-11-12 13:00,65458.116,66321.886
2025-11-12T13:00Z,2025-11-12 14:00,63857.459,64640.041
2025-11-12T14:00Z,2025-11-12 15:00,64196.893,63955.699
2025-11-12T15:00Z,2025-11-12 16:00,66232.445,64418.882
2025-11-12T16:00Z,2025-11-12 17:00,69251.498,66606.821
2025-11-12T17:00Z,2025-11-12 18:00,69283.395,67220.005
2025-11-12T18:00Z,2025-11-12 19:00,67578.486,65289.989
2025-11-12T19:00Z,2025-11-12 20:00,63959.863,61746.272
2025-11-12T20:00Z,2025-11-12 21:00,60048.368,58059.849
2025-11-12T21:00Z,2025-11-12 22:00,56163.971,54341.854
2025-11-12T22:00Z,2025-11-12 23:00,52271.018,50611.155
2025-11-12T23:00Z,2025-11-13 00:00,49074.274,47837.836
2025-11-13T00:00Z,2025-11-13 01:00,47975.758,46238.135
2025-11-13T01:00Z,2025-11-13 02:00,47320.950,45651.740
2025-11-13T02:00Z,2025-11-13 03:00,47783.185,46023.880
2025-11-13T03:00Z,2025-11-13 04:00,49258.144,46977.767
2025-11-13T04:00Z,2025-11-13 05:00,52710.278,50337.292
2025-11-13T05:00Z,2025-11-13 06:00,60608.106,57077.671
2025-11-13T06:00Z,2025-11-13 07:00,66103.412,62699.452
2025-11-13T07:00Z,2025-11-13 08:00,67966.865,66026.805
2025-11-13T08:00Z,2025-11-13 09:00,68387.750,67085.623
2025-11-13T09:00Z,2025-11-13 10:00,69328.698,68044.482
2025-11-13T10:00Z,2025-11-13 11:00,68961.987,68190.759
2025-11-13T11:00Z,2025-11-13 12:00,68156.917,67577.554
2025-11-13T12:00Z,2025-11-13 13:00,66805.927,66863.160
2025-11-13T13:00Z,2025-11-13 14:00,65939.663,65295.244
2025-11-13T14:00Z,2025-11-13 15:00,65697.204,63959.753
2025-11-13T15:00Z,2025-11-13 16:00,67705.850,64392.002
2025-11-13T16:00Z,2025-11-13 17:00,69895.984,66856.194
2025-11-13T17:00Z,2025-11-13 18:00,69779.818,67609.847
2025-11-13T18:00Z,2025-11-13 19:00,67252.251,65851.919
2025-11-13T19:00Z,2025-11-13 20:00,63847.131,61666.876
2025-11-13T20:00Z,2025-11-13 21:00,60116.426,57776.686
2025-11-13T21:00Z,2025-11-13 22:00,56073.079,53914.733
2025-11-13T22:00Z,2025-11-13 23:00,51743.500,50120.101
2025-11-13T23:00Z,2025-11-14 00:00,48127.151,47620.854
2025-11-14T00:00Z,2025-11-14 01:00,45725.835,46257.122
2025-11-14T01:00Z,2025-11-14 02:00,44975.141,45736.525
2025-11-14T02:00Z,2025-11-14 03:00,45324.360,46097.455
2025-11-14T03:00Z,2025-11-14 04:00,46449.686,47458.514
2025-11-14T04:00Z,2025-11-14 05:00,49999.827,50889.021
2025-11-14T05:00Z,2025-11-14 06:00,58145.639,57655.872
2025-11-14T06:00Z,2025-11-14 07:00,63502.697,63008.010
2025-11-14T07:00Z,2025-11-14 08:00,65643.065,66269.809
2025-11-14T08:00Z,2025-11-14 09:00,65747.255,67581.877
2025-11-14T09:00Z,2025-11-14 10:00,66093.631,68216.614
2025-11-14T10:00Z,2025-11-14 11:00,66212.907,68015.033
2025-11-14T11:00Z,2025-11-14 12:00,65616.473,67115.904
2025-11-14T12:00Z,2025-11-14 13:00,64093.991,65197.382
2025-11-14T13:00Z,2025-11-14 14:00,63077.666,63745.375
2025-11-14T14:00Z,2025-11-14 15:00,63354.877,63237.301
2025-11-14T15:00Z,2025-11-14 16:00,64819.765,63676.591
2025-11-14T16:00Z,2025-11-14 17:00,67104.747,65995.740
2025-11-14T17:00Z,2025-11-14 18:00,66549.085,66201.016
2025-11-14T18:00Z,2025-11-14 19:00,63872.866,63918.703
2025-11-14T19:00Z,2025-11-14 20:00,59894.427,60042.116
2025-11-14T20:00Z,2025-11-14 21:00,56843.090,56241.023
2025-11-14T21:00Z,2025-11-14 22:00,53781.367,53025.760
2025-11-14T22:00Z,2025-11-14 23:00,50479.600,49600.003
2025-11-14T23:00Z,2025-11-15 00:00,47590.231,47205.858
2025-11-15T00:00Z,2025-11-15 01:00,45785.276,45039.086
2025-11-15T01:00Z,2025-11-15 02:00,44323.923,43945.269
2025-11-15T02:00Z,2025-11-15 03:00,43276.071,43641.119
2025-11-15T03:00Z,2025-11-15 04:00,44089.573,43544.863
2025-11-15T04:00Z,2025-11-15 05:00,44993.310,44786.993
2025-11-15T05:00Z,2025-11-15 06:00,47995.352,46843.771
2025-11-15T06:00Z,2025-11-15 07:00,50418.066,49770.644
2025-11-15T07:00Z,2025-11-15 08:00,53091.186,53619.155
2025-11-15T08:00Z,2025-11-15 09:00,55656.890,56507.884
2025-11-15T09:00Z,2025-11-15 10:00,57287.517,58345.415
2025-11-15T10:00Z,2025-11-15 11:00,58171.979,59633.703
2025-11-15T11:00Z,2025-11-15 12:00,56909.480,59300.587
2025-11-15T12:00Z,2025-11-15 13:00,55628.829,57531.581
2025-11-15T13:00Z,2025-11-15 14:00,55079.810,55897.521
2025-11-15T14:00Z,2025-11-15 15:00,55241.553,55102.748
2025-11-15T15:00Z,2025-11-15 16:00,56696.704,56019.872
2025-11-15T16:00Z,2025-11-15 17:00,58958.761,57795.218
2025-11-15T17:00Z,2025-11-15 18:00,59066.847,58526.358
2025-11-15T18:00Z,2025-11-15 19:00,56493.575,56886.354
2025-11-15T19:00Z,2025-11-15 20:00,53672.247,53953.052
2025-11-15T20:00Z,2025-11-15 21:00,50715.767,51408.771
2025-11-15T21:00Z,2025-11-15 22:00,48598.613,49273.301
2025-11-15T22:00Z,2025-11-15 23:00,45717.478,46518.615
2025-11-15T23:00Z,2025-11-16 00:00,43302.423,44646.821
2025-11-16T00:00Z,2025-11-16 01:00,41068.883,43040.992
2025-11-16T01:00Z,2025-11-16 02:00,40144.003,42146.491
2025-11-16T02:00Z,2025-11-16 03:00,39620.824,41739.555
2025-11-16T03:00Z,2025-11-16 04:00,39679.313,41997.768
2025-11-16T04:00Z,2025-11-16 05:00,40238.543,42955.879
2025-11-16T05:00Z,2025-11-16 06:00,41212.682,45086.399
2025-11-16T06:00Z,2025-11-16 07:00,43591.767,47811.444
2025-11-16T07:00Z,2025-11-16 08:00,46596.098,51042.976
2025-11-16T08:00Z,2025-11-16 09:00,49181.384,53673.323
2025-11-16T09:00Z,2025-11-16 10:00,51203.949,55850.359
2025-11-16T10:00Z,2025-11-16 11:00,53269.121,57054.670
2025-11-16T11:00Z,2025-11-16 12:00,53246.586,56695.233
2025-11-16T12:00Z,2025-11-16 13:00,51961.324,55577.062
2025-11-16T13:00Z,2025-11-16 14:00,51218.031,54225.232
2025-11-16T14:00Z,2025-11-16 15:00,51618.023,54343.000
2025-11-16T15:00Z,2025-11-16 16:00,53606.587,55929.341
2025-11-16T16:00Z,2025-11-16 17:00,56432.362,58697.140
2025-11-16T17:00Z,2025-11-16 18:00,56650.519,59307.893
2025-11-16T18:00Z,2025-11-16 19:00,55053.619,57705.602
2025-11-16T19:00Z,2025-11-16 20:00,53443.661,55132.577
2025-11-16T20:00Z,2025-11-16 21:00,51723.105,52758.471
2025-11-16T21:00Z,2025-11-16 22:00,50489.407,50717.739
2025-11-16T22:00Z,2025-11-16 23:00,48172.497,47846.582
2025-11-16T23:00Z,2025-11-17 00:00,45642.983,46077.994
2025-11-17T00:00Z,2025-11-17 01:00,43659.687,44819.760
2025-11-17T01:00Z,2025-11-17 02:00,43642.356,44522.956
2025-11-17T02:00Z,2025-11-17 03:00,45174.532,44850.792
2025-11-17T03:00Z,2025-11-17 04:00,46975.001,46428.158
2025-11-17T04:00Z,2025-11-17 05:00,50531.275,51159.006
2025-11-17T05:00Z,2025-11-17 06:00,59779.190,59157.812
2025-11-17T06:00Z,2025-11-17 07:00,65608.217,65242.383
2025-11-17T07:00Z,2025-11-17 08:00,68585.014,67821.090
2025-11-17T08:00Z,2025-11-17 09:00,69249.334,68118.866
2025-11-17T09:00Z,2025-11-17 10:00,69735.209,69141.151
2025-11-17T10:00Z,2025-11-17 11:00,70542.787,69562.706
2025-11-17T11:00Z,2025-11-17 12:00,70399.677,68630.217
2025-11-17T12:00Z,2025-11-17 13:00,69788.147,67617.733
2025-11-17T13:00Z,2025-11-17 14:00,68869.190,66466.723
2025-11-17T14:00Z,2025-11-17 15:00,69111.796,65949.507
2025-11-17T15:00Z,2025-11-17 16:00,70388.728,66778.103
2025-11-17T16:00Z,2025-11-17 17:00,72925.396,68488.355
2025-11-17T17:00Z,2025-11-17 18:00,70999.223,68686.132
2025-11-17T18:00Z,2025-11-17 19:00,69397.264,66801.332
2025-11-17T19:00Z,2025-11-17 20:00,66705.832,63189.395
2025-11-17T20:00Z,2025-11-17 21:00,63662.110,59725.998
2025-11-17T21:00Z,2025-11-17 22:00,59012.921,55923.447
2025-11-17T22:00Z,2025-11-17 23:00,55021.686,51858.138
2025-11-17T23:00Z,2025-11-18 00:00,52257.655,49411.428
2025-11-18T00:00Z,2025-11-18 01:00,51040.490,47611.074
2025-11-18T01:00Z,2025-11-18 02:00,50633.817,47216.008
2025-11-18T02:00Z,2025-11-18 03:00,51067.767,47425.169
2025-11-18T03:00Z,2025-11-18 04:00,52605.541,48653.347
2025-11-18T04:00Z,2025-11-18 05:00,57016.485,52301.794
2025-11-18T05:00Z,2025-11-18 06:00,64867.621,58704.899
2025-11-18T06:00Z,2025-11-18 07:00,70935.954,64015.470
2025-11-18T07:00Z,2025-11-18 08:00,73372.635,66862.906
2025-11-18T08:00Z,2025-11-18 09:00,71900.663,67618.462
2025-11-18T09:00Z,2025-11-18 10:00,71556.863,68846.731
2025-11-18T10:00Z,2025-11-18 11:00,70919.752,69493.760
2025-11-18T11:00Z,2025-11-18 12:00,69664.411,69127.662
2025-11-18T12:00Z,2025-11-18 13:00,69058.583,68153.351
2025-11-18T13:00Z,2025-11-18 14:00,68313.374,66819.489
2025-11-18T14:00Z,2025-11-18 15:00,68763.106,66775.607
2025-11-18T15:00Z,2025-11-18 16:00,70251.495,67301.733
2025-11-18T16:00Z,2025-11-18 17:00,72574.179,68734.105
2025-11-18T17:00Z,2025-11-18 18:00,72000.233,68551.906
2025-11-18T18:00Z,2025-11-18 19:00,70011.507,67165.629
2025-11-18T19:00Z,2025-11-18 20:00,66542.693,63413.825
2025-11-18T20:00Z,2025-11-18 21:00,62684.297,59514.394
2025-11-18T21:00Z,2025-11-18 22:00,58370.730,56007.551
2025-11-18T22:00Z,2025-11-18 23:00,54740.144,52285.642
2025-11-18T23:00Z,2025-11-19 00:00,52817.933,49330.473
2025-11-19T00:00Z,2025-11-19 01:00,50362.989,47866.211
2025-11-19T01:00Z,2025-11-19 02:00,49819.090,47225.431
2025-11-19T02:00Z,2025-11-19 03:00,49799.575,47547.925
2025-11-19T03:00Z,2025-11-19 04:00,50676.973,48894.215
2025-11-19T04:00Z,2025-11-19 05:00,54346.445,50865.111
2025-11-19T05:00Z,2025-11-19 06:00,62182.112,54663.110
2025-11-19T06:00Z,2025-11-19 07:00,68192.929,59316.071
2025-11-19T07:00Z,2025-11-19 08:00,70315.881,63137.090
2025-11-19T08:00Z,2025-11-19 09:00,70875.523,64780.901
2025-11-19T09:00Z,2025-11-19 10:00,70590.569,65571.538
2025-11-19T10:00Z,2025-11-19 11:00,71061.879,66035.291
2025-11-19T11:00Z,2025-11-19 12:00,69821.747,65160.849
2025-11-19T12:00Z,2025-11-19 13:00,69241.621,64110.347
2025-11-19T13:00Z,2025-11-19 14:00,68273.509,62583.635
2025-11-19T14:00Z,2025-11-19 15:00,68749.631,62591.566
2025-11-19T15:00Z,2025-11-19 16:00,70231.542,63840.061
2025-11-19T16:00Z,2025-11-19 17:00,72068.095,66018.758
2025-11-19T17:00Z,2025-11-19 18:00,72175.213,66030.043
2025-11-19T18:00Z,2025-11-19 19:00,70081.459,64305.327
2025-11-19T19:00Z,2025-11-19 20:00,66537.374,61146.444
2025-11-19T20:00Z,2025-11-19 21:00,63117.827,57618.097
2025-11-19T21:00Z,2025-11-19 22:00,59281.564,54720.125
2025-11-19T22:00Z,2025-11-19 23:00,55291.610,51492.181
2025-11-19T23:00Z,2025-11-20 00:00,51146.382,48769.625
2025-11-20T00:00Z,2025-11-20 01:00,49673.116,47443.703
2025-11-20T01:00Z,2025-11-20 02:00,49330.976,46954.274
2025-11-20T02:00Z,2025-11-20 03:00,49570.107,47178.622
2025-11-20T03:00Z,2025-11-20 04:00,50352.836,48429.458
2025-11-20T04:00Z,2025-11-20 05:00,53907.370,53560.061
2025-11-20T05:00Z,2025-11-20 06:00,61942.557,61177.539
2025-11-20T06:00Z,2025-11-20 07:00,67623.691,66937.088
2025-11-20T07:00Z,2025-11-20 08:00,70229.144,69416.374
2025-11-20T08:00Z,2025-11-20 09:00,70308.620,69765.886
2025-11-20T09:00Z,2025-11-20 10:00,71109.718,70543.120
2025-11-20T10:00Z,2025-11-20 11:00,71329.734,71081.727
2025-11-20T11:00Z,2025-11-20 12:00,70869.357,70457.690
2025-11-20T12:00Z,2025-11-20 13:00,69982.694,68984.382
2025-11-20T13:00Z,2025-11-20 14:00,69384.589,67317.838
2025-11-20T14:00Z,2025-11-20 15:00,69624.762,66888.048
2025-11-20T15:00Z,2025-11-20 16:00,71354.897,67918.813
2025-11-20T16:00Z,2025-11-20 17:00,73658.966,69764.838
2025-11-20T17:00Z,2025-11-20 18:00,72795.924,70089.913
2025-11-20T18:00Z,2025-11-20 19:00,70920.193,68425.981
2025-11-20T19:00Z,2025-11-20 20:00,67875.687,64778.228
2025-11-20T20:00Z,2025-11-20 21:00,64745.132,61010.822
2025-11-20T21:00Z,2025-11-20 22:00,60744.420,57673.001
2025-11-20T22:00Z,2025-11-20 23:00,57398.561,53997.071
2025-11-20T23:00Z,2025-11-21 00:00,54798.157,51748.307
2025-11-21T00:00Z,2025-11-21 01:00,53222.991,50193.882
2025-11-21T01:00Z,2025-11-21 02:00,52308.641,49652.835
2025-11-21T02:00Z,2025-11-21 03:00,52223.056,50111.319
2025-11-21T03:00Z,2025-11-21 04:00,53604.308,51445.511
2025-11-21T04:00Z,2025-11-21 05:00,56754.405,55119.651
2025-11-21T05:00Z,2025-11-21 06:00,63807.966,61358.472
2025-11-21T06:00Z,2025-11-21 07:00,69317.758,67162.931
2025-11-21T07:00Z,2025-11-21 08:00,71770.749,69405.107
2025-11-21T08:00Z,2025-11-21 09:00,71361.061,69214.210
2025-11-21T09:00Z,2025-11-21 10:00,71020.496,69815.028
2025-11-21T10:00Z,2025-11-21 11:00,70101.793,70144.569
2025-11-21T11:00Z,2025-11-21 12:00,68784.325,69632.294
2025-11-21T12:00Z,2025-11-21 13:00,66722.696,68086.454
2025-11-21T13:00Z,2025-11-21 14:00,65241.863,66143.373
2025-11-21T14:00Z,2025-11-21 15:00,65682.422,65288.219
2025-11-21T15:00Z,2025-11-21 16:00,67299.234,66725.899
2025-11-21T16:00Z,2025-11-21 17:00,69275.490,68036.754
2025-11-21T17:00Z,2025-11-21 18:00,68347.541,68386.941
2025-11-21T18:00Z,2025-11-21 19:00,66364.495,66408.908
2025-11-21T19:00Z,2025-11-21 20:00,63055.750,62841.777
2025-11-21T20:00Z,2025-11-21 21:00,59844.810,59163.106
2025-11-21T21:00Z,2025-11-21 22:00,57309.662,55946.426
2025-11-21T22:00Z,2025-11-21 23:00,54175.138,52534.109
2025-11-21T23:00Z,2025-11-22 00:00,52044.661,50174.065
2025-11-22T00:00Z,2025-11-22 01:00,50456.237,48019.892
2025-11-22T01:00Z,2025-11-22 02:00,50284.382,47026.044
2025-11-22T02:00Z,2025-11-22 03:00,49583.067,46676.190
2025-11-22T03:00Z,2025-11-22 04:00,49720.761,46497.849
2025-11-22T04:00Z,2025-11-22 05:00,50088.502,47405.556
2025-11-22T05:00Z,2025-11-22 06:00,51816.253,49099.182
2025-11-22T06:00Z,2025-11-22 07:00,54392.832,51768.800
2025-11-22T07:00Z,2025-11-22 08:00,57559.786,54987.615
2025-11-22T08:00Z,2025-11-22 09:00,59831.865,57605.256
2025-11-22T09:00Z,2025-11-22 10:00,61736.164,59217.626
2025-11-22T10:00Z,2025-11-22 11:00,61183.901,60134.557
2025-11-22T11:00Z,2025-11-22 12:00,60627.249,59552.120
2025-11-22T12:00Z,2025-11-22 13:00,59062.155,58024.939
2025-11-22T13:00Z,2025-11-22 14:00,57643.094,56701.812
2025-11-22T14:00Z,2025-11-22 15:00,58162.919,56486.418
2025-11-22T15:00Z,2025-11-22 16:00,60650.685,58143.909
2025-11-22T16:00Z,2025-11-22 17:00,63503.753,60458.359
2025-11-22T17:00Z,2025-11-22 18:00,63892.083,61213.900
2025-11-22T18:00Z,2025-11-22 19:00,62832.589,59534.466
2025-11-22T19:00Z,2025-11-22 20:00,59975.448,56718.197
2025-11-22T20:00Z,2025-11-22 21:00,57373.384,54137.424
2025-11-22T21:00Z,2025-11-22 22:00,55740.902,52327.893
2025-11-22T22:00Z,2025-11-22 23:00,53199.360,49674.262
2025-11-22T23:00Z,2025-11-23 00:00,49800.038,47687.920
2025-11-23T00:00Z,2025-11-23 01:00,48298.249,45985.870
2025-11-23T01:00Z,2025-11-23 02:00,47268.783,45399.639
2025-11-23T02:00Z,2025-11-23 03:00,46901.937,44950.725
2025-11-23T03:00Z,2025-11-23 04:00,47040.205,44982.808
2025-11-23T04:00Z,2025-11-23 05:00,47063.208,45427.439
2025-11-23T05:00Z,2025-11-23 06:00,48078.836,47251.286
2025-11-23T06:00Z,2025-11-23 07:00,50437.507,49922.662
2025-11-23T07:00Z,2025-11-23 08:00,53674.019,52987.304
2025-11-23T08:00Z,2025-11-23 09:00,55712.443,55463.501
2025-11-23T09:00Z,2025-11-23 10:00,57955.675,57384.426
2025-11-23T10:00Z,2025-11-23 11:00,59350.969,58657.046
2025-11-23T11:00Z,2025-11-23 12:00,58787.352,58612.573
2025-11-23T12:00Z,2025-11-23 13:00,57169.250,57339.729
2025-11-23T13:00Z,2025-11-23 14:00,56404.747,55852.308
2025-11-23T14:00Z,2025-11-23 15:00,58429.601,55881.770
2025-11-23T15:00Z,2025-11-23 16:00,61517.468,57452.696
2025-11-23T16:00Z,2025-11-23 17:00,64957.802,60342.948
2025-11-23T17:00Z,2025-11-23 18:00,66136.061,61090.666
2025-11-23T18:00Z,2025-11-23 19:00,63955.399,59838.139
2025-11-23T19:00Z,2025-11-23 20:00,61113.715,57424.448
2025-11-23T20:00Z,2025-11-23 21:00,58540.670,54786.772
2025-11-23T21:00Z,2025-11-23 22:00,56919.854,52772.104
2025-11-23T22:00Z,2025-11-23 23:00,53881.664,49996.360
2025-11-23T23:00Z,2025-11-24 00:00,51690.847,47469.691
2025-11-24T00:00Z,2025-11-24 01:00,49996.535,46144.555
2025-11-24T01:00Z,2025-11-24 02:00,49406.615,45753.910
2025-11-24T02:00Z,2025-11-24 03:00,49378.045,46125.670
2025-11-24T03:00Z,2025-11-24 04:00,51203.366,47597.045
2025-11-24T04:00Z,2025-11-24 05:00,55145.894,53171.165
2025-11-24T05:00Z,2025-11-24 06:00,63760.832,62288.096
2025-11-24T06:00Z,2025-11-24 07:00,69612.313,68884.462
2025-11-24T07:00Z,2025-11-24 08:00,72110.588,71440.974
2025-11-24T08:00Z,2025-11-24 09:00,72946.029,71774.351
2025-11-24T09:00Z,2025-11-24 10:00,73237.785,72217.145
2025-11-24T10:00Z,2025-11-24 11:00,73747.740,72720.198
2025-11-24T11:00Z,2025-11-24 12:00,72730.632,71839.682
2025-11-24T12:00Z,2025-11-24 13:00,71158.280,70672.515
2025-11-24T13:00Z,2025-11-24 14:00,69969.259,69628.293
2025-11-24T14:00Z,2025-11-24 15:00,69869.010,68888.761
2025-11-24T15:00Z,2025-11-24 16:00,70947.870,69719.274
2025-11-24T16:00Z,2025-11-24 17:00,72157.532,71581.366
2025-11-24T17:00Z,2025-11-24 18:00,71401.190,72409.307
2025-11-24T18:00Z,2025-11-24 19:00,69400.415,70217.754
2025-11-24T19:00Z,2025-11-24 20:00,65716.512,66665.834
2025-11-24T20:00Z,2025-11-24 21:00,62121.108,62873.451
2025-11-24T21:00Z,2025-11-24 22:00,58344.136,59507.348
2025-11-24T22:00Z,2025-11-24 23:00,54369.607,55417.827
2025-11-24T23:00Z,2025-11-25 00:00,51395.918,52530.698
2025-11-25T00:00Z,2025-11-25 01:00,49643.857,50995.418
2025-11-25T01:00Z,2025-11-25 02:00,48772.809,50365.976
2025-11-25T02:00Z,2025-11-25 03:00,49149.534,50561.818
2025-11-25T03:00Z,2025-11-25 04:00,50471.762,52055.585
2025-11-25T04:00Z,2025-11-25 05:00,54171.006,56005.373
2025-11-25T05:00Z,2025-11-25 06:00,61696.461,62519.035
2025-11-25T06:00Z,2025-11-25 07:00,67777.300,68204.272
2025-11-25T07:00Z,2025-11-25 08:00,70523.675,70688.059
2025-11-25T08:00Z,2025-11-25 09:00,70890.459,71323.243
2025-11-25T09:00Z,2025-11-25 10:00,70777.325,71848.773
2025-11-25T10:00Z,2025-11-25 11:00,70757.271,72339.567
2025-11-25T11:00Z,2025-11-25 12:00,69866.819,71983.441
2025-11-25T12:00Z,2025-11-25 13:00,69537.363,70653.430
2025-11-25T13:00Z,2025-11-25 14:00,68888.794,69478.915
2025-11-25T14:00Z,2025-11-25 15:00,68760.771,68938.395
2025-11-25T15:00Z,2025-11-25 16:00,69737.174,70108.630
2025-11-25T16:00Z,2025-11-25 17:00,71274.499,72353.792
2025-11-25T17:00Z,2025-11-25 18:00,70617.092,72449.620
2025-11-25T18:00Z,2025-11-25 19:00,68596.275,70536.902
2025-11-25T19:00Z,2025-11-25 20:00,64712.925,66788.846
2025-11-25T20:00Z,2025-11-25 21:00,61233.611,62785.753
2025-11-25T21:00Z,2025-11-25 22:00,57878.783,59626.841
2025-11-25T22:00Z,2025-11-25 23:00,54099.919,55828.426
2025-11-25T23:00Z,2025-11-26 00:00,51208.921,52469.677
2025-11-26T00:00Z,2025-11-26 01:00,49645.218,50741.813
2025-11-26T01:00Z,2025-11-26 02:00,48931.340,49952.659
2025-11-26T02:00Z,2025-11-26 03:00,48841.585,50333.282
2025-11-26T03:00Z,2025-11-26 04:00,50636.176,51777.475
2025-11-26T04:00Z,2025-11-26 05:00,54152.880,55044.379
2025-11-26T05:00Z,2025-11-26 06:00,61773.552,61408.812
2025-11-26T06:00Z,2025-11-26 07:00,67734.565,67758.426
2025-11-26T07:00Z,2025-11-26 08:00,70858.692,70354.171
2025-11-26T08:00Z,2025-11-26 09:00,71256.004,70499.028
2025-11-26T09:00Z,2025-11-26 10:00,71437.239,70752.889
2025-11-26T10:00Z,2025-11-26 11:00,71729.769,71237.020
2025-11-26T11:00Z,2025-11-26 12:00,71629.586,70633.406
2025-11-26T12:00Z,2025-11-26 13:00,71234.905,69514.660
2025-11-26T13:00Z,2025-11-26 14:00,70610.908,68401.405
2025-11-26T14:00Z,2025-11-26 15:00,70512.096,67874.369
2025-11-26T15:00Z,2025-11-26 16:00,71386.609,68824.093
2025-11-26T16:00Z,2025-11-26 17:00,72808.964,70316.500
2025-11-26T17:00Z,2025-11-26 18:00,71901.787,70620.883
2025-11-26T18:00Z,2025-11-26 19:00,69850.096,68724.127
2025-11-26T19:00Z,2025-11-26 20:00,66151.715,65499.664
2025-11-26T20:00Z,2025-11-26 21:00,62857.743,61931.011
2025-11-26T21:00Z,2025-11-26 22:00,59698.550,58630.813
2025-11-26T22:00Z,2025-11-26 23:00,55900.324,55072.755
2025-11-26T23:00Z,2025-11-27 00:00,52503.974,51435.684
2025-11-27T00:00Z,2025-11-27 01:00,50660.874,49773.814
2025-11-27T01:00Z,2025-11-27 02:00,49771.829,49216.557
2025-11-27T02:00Z,2025-11-27 03:00,50049.197,49377.562
2025-11-27T03:00Z,2025-11-27 04:00,51820.693,50874.429
2025-11-27T04:00Z,2025-11-27 05:00,56311.457,54289.820
2025-11-27T05:00Z,2025-11-27 06:00,64538.593,60511.576
2025-11-27T06:00Z,2025-11-27 07:00,70617.476,66204.918
2025-11-27T07:00Z,2025-11-27 08:00,73784.750,68762.585
2025-11-27T08:00Z,2025-11-27 09:00,73973.983,69516.375
2025-11-27T09:00Z,2025-11-27 10:00,73933.028,70227.395
2025-11-27T10:00Z,2025-11-27 11:00,73783.643,70836.456
2025-11-27T11:00Z,2025-11-27 12:00,73243.977,70326.958
2025-11-27T12:00Z,2025-11-27 13:00,73415.761,69066.666
2025-11-27T13:00Z,2025-11-27 14:00,72655.606,67952.500
2025-11-27T14:00Z,2025-11-27 15:00,73019.242,67482.994
2025-11-27T15:00Z,2025-11-27 16:00,74285.147,68627.740
2025-11-27T16:00Z,2025-11-27 17:00,76400.223,70320.201
2025-11-27T17:00Z,2025-11-27 18:00,75414.184,70405.822
2025-11-27T18:00Z,2025-11-27 19:00,73335.379,68471.546
2025-11-27T19:00Z,2025-11-27 20:00,69596.324,65015.642
2025-11-27T20:00Z,2025-11-27 21:00,65888.624,61448.546
2025-11-27T21:00Z,2025-11-27 22:00,62340.756,58127.574
2025-11-27T22:00Z,2025-11-27 23:00,58418.206,54486.911
2025-11-27T23:00Z,2025-11-28 00:00,55374.195,52832.497
2025-11-28T00:00Z,2025-11-28 01:00,53529.874,51238.152
2025-11-28T01:00Z,2025-11-28 02:00,52352.679,50802.081
2025-11-28T02:00Z,2025-11-28 03:00,52701.750,51203.022
2025-11-28T03:00Z,2025-11-28 04:00,53512.662,52584.242
2025-11-28T04:00Z,2025-11-28 05:00,56417.419,56109.919
2025-11-28T05:00Z,2025-11-28 06:00,64592.322,62220.855
2025-11-28T06:00Z,2025-11-28 07:00,70680.558,67977.857
2025-11-28T07:00Z,2025-11-28 08:00,73116.808,70528.509
2025-11-28T08:00Z,2025-11-28 09:00,72902.352,71342.661
2025-11-28T09:00Z,2025-11-28 10:00,72843.636,71943.517
2025-11-28T10:00Z,2025-11-28 11:00,72689.361,72371.868
2025-11-28T11:00Z,2025-11-28 12:00,71454.330,71673.189
2025-11-28T12:00Z,2025-11-28 13:00,69197.452,70132.689
2025-11-28T13:00Z,2025-11-28 14:00,68565.142,68893.596
2025-11-28T14:00Z,2025-11-28 15:00,68510.887,68349.344
2025-11-28T15:00Z,2025-11-28 16:00,69699.406,69686.239
2025-11-28T16:00Z,2025-11-28 17:00,70590.851,70771.810
2025-11-28T17:00Z,2025-11-28 18:00,69369.352,70399.864
2025-11-28T18:00Z,2025-11-28 19:00,67463.294,67905.943
2025-11-28T19:00Z,2025-11-28 20:00,64532.816,64278.302
2025-11-28T20:00Z,2025-11-28 21:00,61366.958,60443.339
2025-11-28T21:00Z,2025-11-28 22:00,58298.458,57312.336
2025-11-28T22:00Z,2025-11-28 23:00,54334.606,53929.999
2025-11-28T23:00Z,2025-11-29 00:00,50588.739,49646.198
2025-11-29T00:00Z,2025-11-29 01:00,48019.290,47643.984
2025-11-29T01:00Z,2025-11-29 02:00,46775.413,46549.205
2025-11-29T02:00Z,2025-11-29 03:00,46025.848,46080.113
2025-11-29T03:00Z,2025-11-29 04:00,46198.369,45889.195
2025-11-29T04:00Z,2025-11-29 05:00,46808.030,47614.858
2025-11-29T05:00Z,2025-11-29 06:00,48855.860,50029.157
2025-11-29T06:00Z,2025-11-29 07:00,51874.363,53054.613
2025-11-29T07:00Z,2025-11-29 08:00,55417.938,56402.393
2025-11-29T08:00Z,2025-11-29 09:00,57900.692,58894.406
2025-11-29T09:00Z,2025-11-29 10:00,59379.359,60538.206
2025-11-29T10:00Z,2025-11-29 11:00,59650.052,61397.605
2025-11-29T11:00Z,2025-11-29 12:00,58854.502,60869.922
2025-11-29T12:00Z,2025-11-29 13:00,57466.671,58941.560
2025-11-29T13:00Z,2025-11-29 14:00,56672.322,57384.113
2025-11-29T14:00Z,2025-11-29 15:00,56975.775,57296.774
2025-11-29T15:00Z,2025-11-29 16:00,59089.180,59126.175
2025-11-29T16:00Z,2025-11-29 17:00,60888.113,61506.646
2025-11-29T17:00Z,2025-11-29 18:00,60991.091,61969.201
2025-11-29T18:00Z,2025-11-29 19:00,59055.076,60030.837
2025-11-29T19:00Z,2025-11-29 20:00,56405.081,57078.993
2025-11-29T20:00Z,2025-11-29 21:00,54299.342,54634.640
2025-11-29T21:00Z,2025-11-29 22:00,52675.935,52724.721
2025-11-29T22:00Z,2025-11-29 23:00,49539.269,50024.891
2025-11-29T23:00Z,2025-11-30 00:00,46838.473,47692.848
2025-11-30T00:00Z,2025-11-30 01:00,44827.098,46096.145
2025-11-30T01:00Z,2025-11-30 02:00,44503.970,45289.471
2025-11-30T02:00Z,2025-11-30 03:00,44342.717,44970.592
2025-11-30T03:00Z,2025-11-30 04:00,44205.752,45137.002
2025-11-30T04:00Z,2025-11-30 05:00,44745.329,46492.908
2025-11-30T05:00Z,2025-11-30 06:00,45766.395,48928.710
2025-11-30T06:00Z,2025-11-30 07:00,47336.535,51489.844
2025-11-30T07:00Z,2025-11-30 08:00,50867.822,54443.122
2025-11-30T08:00Z,2025-11-30 09:00,53662.110,56852.354
2025-11-30T09:00Z,2025-11-30 10:00,55192.119,58607.383
2025-11-30T10:00Z,2025-11-30 11:00,57440.152,60052.112
2025-11-30T11:00Z,2025-11-30 12:00,57535.894,60084.408
2025-11-30T12:00Z,2025-11-30 13:00,55916.868,58937.900
2025-11-30T13:00Z,2025-11-30 14:00,55297.981,57360.868
2025-11-30T14:00Z,2025-11-30 15:00,55343.217,57260.332
2025-11-30T15:00Z,2025-11-30 16:00,56960.334,58968.973
2025-11-30T16:00Z,2025-11-30 17:00,59753.189,60864.409
2025-11-30T17:00Z,2025-11-30 18:00,60684.650,61730.653
2025-11-30T18:00Z,2025-11-30 19:00,59362.014,60365.074
2025-11-30T19:00Z,2025-11-30 20:00,57032.000,57950.671
2025-11-30T20:00Z,2025-11-30 21:00,55629.476,55838.286
2025-11-30T21:00Z,2025-11-30 22:00,53962.697,53997.089
2025-11-30T22:00Z,2025-11-30 23:00,51450.719,51087.045
2025-11-30T23:00Z,2025-12-01 00:00,49401.533,48448.426
2025-12-01T00:00Z,2025-12-01 01:00,48316.417,47059.103
2025-12-01T01:00Z,2025-12-01 02:00,47316.470,46605.047
2025-12-01T02:00Z,2025-12-01 03:00,47909.671,46687.907
2025-12-01T03:00Z,2025-12-01 04:00,50124.498,47855.251
2025-12-01T04:00Z,2025-12-01 05:00,53617.535,52932.693
2025-12-01T05:00Z,2025-12-01 06:00,62528.634,61653.952
2025-12-01T06:00Z,2025-12-01 07:00,69087.767,68072.770
2025-12-01T07:00Z,2025-12-01 08:00,71091.723,70191.272
2025-12-01T08:00Z,2025-12-01 09:00,71391.434,70196.578
2025-12-01T09:00Z,2025-12-01 10:00,70498.053,70522.978
2025-12-01T10:00Z,2025-12-01 11:00,70114.499,71003.973
2025-12-01T11:00Z,2025-12-01 12:00,69696.020,70635.038
2025-12-01T12:00Z,2025-12-01 13:00,69032.847,69296.855
2025-12-01T13:00Z,2025-12-01 14:00,69062.418,68211.085
2025-12-01T14:00Z,2025-12-01 15:00,69815.793,67717.176
2025-12-01T15:00Z,2025-12-01 16:00,71810.013,68667.983
2025-12-01T16:00Z,2025-12-01 17:00,74379.213,70453.662
2025-12-01T17:00Z,2025-12-01 18:00,74016.612,71348.374
2025-12-01T18:00Z,2025-12-01 19:00,72324.359,69267.763
2025-12-01T19:00Z,2025-12-01 20:00,69162.829,65666.482
2025-12-01T20:00Z,2025-12-01 21:00,65072.505,61992.414
2025-12-01T21:00Z,2025-12-01 22:00,61533.606,58702.857
2025-12-01T22:00Z,2025-12-01 23:00,57581.743,54632.965
2025-12-01T23:00Z,2025-12-02 00:00,54487.531,52047.672
2025-12-02T00:00Z,2025-12-02 01:00,52546.864,50493.283
2025-12-02T01:00Z,2025-12-02 02:00,51835.865,49807.908
2025-12-02T02:00Z,2025-12-02 03:00,52316.345,49996.041
2025-12-02T03:00Z,2025-12-02 04:00,53637.944,51467.419
2025-12-02T04:00Z,2025-12-02 05:00,57434.320,55317.415
2025-12-02T05:00Z,2025-12-02 06:00,65743.400,61846.535
2025-12-02T06:00Z,2025-12-02 07:00,72169.325,67398.613
2025-12-02T07:00Z,2025-12-02 08:00,74602.285,69911.648
2025-12-02T08:00Z,2025-12-02 09:00,74156.954,70777.015
2025-12-02T09:00Z,2025-12-02 10:00,73891.797,71351.964
2025-12-02T10:00Z,2025-12-02 11:00,73510.859,72018.094
2025-12-02T11:00Z,2025-12-02 12:00,72617.121,71744.227
2025-12-02T12:00Z,2025-12-02 13:00,72059.470,70464.713
2025-12-02T13:00Z,2025-12-02 14:00,71314.472,69151.683
2025-12-02T14:00Z,2025-12-02 15:00,71103.608,68473.084
2025-12-02T15:00Z,2025-12-02 16:00,72734.005,69539.171
2025-12-02T16:00Z,2025-12-02 17:00,74465.551,71472.988
2025-12-02T17:00Z,2025-12-02 18:00,73436.466,71534.847
2025-12-02T18:00Z,2025-12-02 19:00,71309.988,69686.127
2025-12-02T19:00Z,2025-12-02 20:00,67956.759,65988.095
2025-12-02T20:00Z,2025-12-02 21:00,63749.229,61815.469
2025-12-02T21:00Z,2025-12-02 22:00,60331.793,58594.847
2025-12-02T22:00Z,2025-12-02 23:00,56451.687,54776.301
2025-12-02T23:00Z,2025-12-03 00:00,52997.966,51692.688
2025-12-03T00:00Z,2025-12-03 01:00,51040.594,50164.226
2025-12-03T01:00Z,2025-12-03 02:00,50163.778,49424.614
2025-12-03T02:00Z,2025-12-03 03:00,50595.874,49853.697
2025-12-03T03:00Z,2025-12-03 04:00,51911.351,51319.951
2025-12-03T04:00Z,2025-12-03 05:00,55277.302,55066.090
2025-12-03T05:00Z,2025-12-03 06:00,63013.554,61705.093
2025-12-03T06:00Z,2025-12-03 07:00,68933.475,67939.277
2025-12-03T07:00Z,2025-12-03 08:00,71310.931,70200.376
2025-12-03T08:00Z,2025-12-03 09:00,71542.298,70565.104
2025-12-03T09:00Z,2025-12-03 10:00,72027.322,71067.884
2025-12-03T10:00Z,2025-12-03 11:00,72116.413,71559.115
2025-12-03T11:00Z,2025-12-03 12:00,71892.171,70901.607
2025-12-03T12:00Z,2025-12-03 13:00,71431.762,69843.564
2025-12-03T13:00Z,2025-12-03 14:00,70710.734,68703.716
2025-12-03T14:00Z,2025-12-03 15:00,70884.260,67932.226
2025-12-03T15:00Z,2025-12-03 16:00,72132.196,68791.056
2025-12-03T16:00Z,2025-12-03 17:00,73510.228,70158.711
2025-12-03T17:00Z,2025-12-03 18:00,72749.437,70348.542
2025-12-03T18:00Z,2025-12-03 19:00,70746.114,68304.691
2025-12-03T19:00Z,2025-12-03 20:00,67220.452,64926.090
2025-12-03T20:00Z,2025-12-03 21:00,63348.002,61120.920
2025-12-03T21:00Z,2025-12-03 22:00,59709.378,57819.784
2025-12-03T22:00Z,2025-12-03 23:00,55624.940,54184.504
2025-12-03T23:00Z,2025-12-04 00:00,53185.141,52157.147
2025-12-04T00:00Z,2025-12-04 01:00,51350.801,50508.662
2025-12-04T01:00Z,2025-12-04 02:00,50202.585,49809.413
2025-12-04T02:00Z,2025-12-04 03:00,50792.297,49922.201
2025-12-04T03:00Z,2025-12-04 04:00,52315.945,51270.448
2025-12-04T04:00Z,2025-12-04 05:00,56034.852,55047.705
2025-12-04T05:00Z,2025-12-04 06:00,63689.419,61759.381
2025-12-04T06:00Z,2025-12-04 07:00,69234.395,67828.344
2025-12-04T07:00Z,2025-12-04 08:00,72017.662,70792.858
2025-12-04T08:00Z,2025-12-04 09:00,72382.451,71313.260
2025-12-04T09:00Z,2025-12-04 10:00,72681.175,71996.065
2025-12-04T10:00Z,2025-12-04 11:00,72647.703,72480.254
2025-12-04T11:00Z,2025-12-04 12:00,72247.931,71593.288
2025-12-04T12:00Z,2025-12-04 13:00,71144.066,70146.643
2025-12-04T13:00Z,2025-12-04 14:00,70576.763,68754.229
2025-12-04T14:00Z,2025-12-04 15:00,70333.889,68228.699
2025-12-04T15:00Z,2025-12-04 16:00,71709.613,69369.675
2025-12-04T16:00Z,2025-12-04 17:00,73584.628,71212.531
2025-12-04T17:00Z,2025-12-04 18:00,73315.359,71310.290
2025-12-04T18:00Z,2025-12-04 19:00,71743.416,69302.823
2025-12-04T19:00Z,2025-12-04 20:00,68007.182,65702.921
2025-12-04T20:00Z,2025-12-04 21:00,64405.383,62191.651
2025-12-04T21:00Z,2025-12-04 22:00,60919.719,58945.416
2025-12-04T22:00Z,2025-12-04 23:00,56946.499,55403.774
2025-12-04T23:00Z,2025-12-05 00:00,53846.941,52465.272
2025-12-05T00:00Z,2025-12-05 01:00,52027.285,50902.968
2025-12-05T01:00Z,2025-12-05 02:00,51017.469,50365.041
2025-12-05T02:00Z,2025-12-05 03:00,51102.838,50631.372
2025-12-05T03:00Z,2025-12-05 04:00,52303.420,51920.936
2025-12-05T04:00Z,2025-12-05 05:00,55448.181,55576.588
2025-12-05T05:00Z,2025-12-05 06:00,62580.455,62050.189
2025-12-05T06:00Z,2025-12-05 07:00,68557.450,68010.556
2025-12-05T07:00Z,2025-12-05 08:00,71466.153,70840.128
2025-12-05T08:00Z,2025-12-05 09:00,71526.749,71690.049
2025-12-05T09:00Z,2025-12-05 10:00,71711.220,72102.043
2025-12-05T10:00Z,2025-12-05 11:00,71520.055,72464.298
2025-12-05T11:00Z,2025-12-05 12:00,70324.329,71782.556
2025-12-05T12:00Z,2025-12-05 13:00,68779.039,70192.488
2025-12-05T13:00Z,2025-12-05 14:00,67899.971,68787.773
2025-12-05T14:00Z,2025-12-05 15:00,68123.565,67899.108
2025-12-05T15:00Z,2025-12-05 16:00,69588.815,69210.019
2025-12-05T16:00Z,2025-12-05 17:00,70486.806,70265.461
2025-12-05T17:00Z,2025-12-05 18:00,69274.804,70058.926
2025-12-05T18:00Z,2025-12-05 19:00,67116.287,67692.520
2025-12-05T19:00Z,2025-12-05 20:00,63740.290,64139.367
2025-12-05T20:00Z,2025-12-05 21:00,60890.414,60317.359
2025-12-05T21:00Z,2025-12-05 22:00,57776.519,57136.205
2025-12-05T22:00Z,2025-12-05 23:00,53821.592,53776.583
2025-12-05T23:00Z,2025-12-06 00:00,50427.685,50448.505
2025-12-06T00:00Z,2025-12-06 01:00,48643.202,48180.331
2025-12-06T01:00Z,2025-12-06 02:00,47465.808,46996.820
2025-12-06T02:00Z,2025-12-06 03:00,46551.995,46598.592
2025-12-06T03:00Z,2025-12-06 04:00,47234.880,46391.806
2025-12-06T04:00Z,2025-12-06 05:00,48039.890,48002.940
2025-12-06T05:00Z,2025-12-06 06:00,49902.988,50096.868
2025-12-06T06:00Z,2025-12-06 07:00,52834.213,52790.742
2025-12-06T07:00Z,2025-12-06 08:00,56642.478,56052.137
2025-12-06T08:00Z,2025-12-06 09:00,59275.138,58557.501
2025-12-06T09:00Z,2025-12-06 10:00,60780.162,60496.683
2025-12-06T10:00Z,2025-12-06 11:00,61671.525,61535.192
2025-12-06T11:00Z,2025-12-06 12:00,60819.736,61162.573
2025-12-06T12:00Z,2025-12-06 13:00,60132.986,59447.167
2025-12-06T13:00Z,2025-12-06 14:00,59462.883,58016.257
2025-12-06T14:00Z,2025-12-06 15:00,59945.855,57974.053
2025-12-06T15:00Z,2025-12-06 16:00,61968.606,59761.372
2025-12-06T16:00Z,2025-12-06 17:00,63480.795,62123.882
2025-12-06T17:00Z,2025-12-06 18:00,63048.094,62419.126
2025-12-06T18:00Z,2025-12-06 19:00,61186.932,60704.180
2025-12-06T19:00Z,2025-12-06 20:00,57524.448,57815.787
2025-12-06T20:00Z,2025-12-06 21:00,54302.221,55188.489
2025-12-06T21:00Z,2025-12-06 22:00,52459.284,53144.267
2025-12-06T22:00Z,2025-12-06 23:00,49105.528,50359.462
2025-12-06T23:00Z,2025-12-07 00:00,45539.260,47538.472
2025-12-07T00:00Z,2025-12-07 01:00,43442.957,45859.865
2025-12-07T01:00Z,2025-12-07 02:00,42277.350,44989.713
2025-12-07T02:00Z,2025-12-07 03:00,41852.584,44676.511
2025-12-07T03:00Z,2025-12-07 04:00,42127.354,44729.784
2025-12-07T04:00Z,2025-12-07 05:00,42128.965,45765.962
2025-12-07T05:00Z,2025-12-07 06:00,42914.904,48032.131
2025-12-07T06:00Z,2025-12-07 07:00,45251.149,50789.361
2025-12-07T07:00Z,2025-12-07 08:00,48999.378,53539.998
2025-12-07T08:00Z,2025-12-07 09:00,51746.039,56163.978
2025-12-07T09:00Z,2025-12-07 10:00,52936.670,58206.485
2025-12-07T10:00Z,2025-12-07 11:00,54834.716,59871.083
2025-12-07T11:00Z,2025-12-07 12:00,54954.842,60176.712
2025-12-07T12:00Z,2025-12-07 13:00,52972.032,59401.737
2025-12-07T13:00Z,2025-12-07 14:00,51787.269,57993.723
2025-12-07T14:00Z,2025-12-07 15:00,52365.970,57604.561
2025-12-07T15:00Z,2025-12-07 16:00,54546.132,59004.404
2025-12-07T16:00Z,2025-12-07 17:00,57011.977,60838.936
2025-12-07T17:00Z,2025-12-07 18:00,57739.781,61610.592
2025-12-07T18:00Z,2025-12-07 19:00,56954.038,60216.723
2025-12-07T19:00Z,2025-12-07 20:00,55269.424,57823.811
2025-12-07T20:00Z,2025-12-07 21:00,53818.562,55666.811
2025-12-07T21:00Z,2025-12-07 22:00,52261.014,53699.853
2025-12-07T22:00Z,2025-12-07 23:00,49527.743,50834.004
2025-12-07T23:00Z,2025-12-08 00:00,47224.853,47244.684
2025-12-08T00:00Z,2025-12-08 01:00,45825.413,45857.054
2025-12-08T01:00Z,2025-12-08 02:00,45347.801,45506.095
2025-12-08T02:00Z,2025-12-08 03:00,45833.360,45657.672
2025-12-08T03:00Z,2025-12-08 04:00,47489.497,46589.745
2025-12-08T04:00Z,2025-12-08 05:00,51642.534,49979.547
2025-12-08T05:00Z,2025-12-08 06:00,59977.756,55724.461
2025-12-08T06:00Z,2025-12-08 07:00,66545.718,60486.113
2025-12-08T07:00Z,2025-12-08 08:00,69258.249,63686.498
2025-12-08T08:00Z,2025-12-08 09:00,69176.513,65320.185
2025-12-08T09:00Z,2025-12-08 10:00,70047.404,66237.459
2025-12-08T10:00Z,2025-12-08 11:00,70744.778,67386.012
2025-12-08T11:00Z,2025-12-08 12:00,70476.001,67721.940
2025-12-08T12:00Z,2025-12-08 13:00,70489.452,66281.846
2025-12-08T13:00Z,2025-12-08 14:00,69602.571,65137.920
2025-12-08T14:00Z,2025-12-08 15:00,69897.049,64180.540
2025-12-08T15:00Z,2025-12-08 16:00,71487.484,65287.667
2025-12-08T16:00Z,2025-12-08 17:00,72873.877,66618.950
2025-12-08T17:00Z,2025-12-08 18:00,72357.967,66863.039
2025-12-08T18:00Z,2025-12-08 19:00,69996.278,64980.603
2025-12-08T19:00Z,2025-12-08 20:00,66137.942,61888.995
2025-12-08T20:00Z,2025-12-08 21:00,62191.334,58698.235
2025-12-08T21:00Z,2025-12-08 22:00,58056.589,55739.959
2025-12-08T22:00Z,2025-12-08 23:00,54146.487,52246.838
2025-12-08T23:00Z,2025-12-09 00:00,50411.204,48500.716
2025-12-09T00:00Z,2025-12-09 01:00,48693.649,46924.009
2025-12-09T01:00Z,2025-12-09 02:00,47242.554,46500.433
2025-12-09T02:00Z,2025-12-09 03:00,47539.423,46554.220
2025-12-09T03:00Z,2025-12-09 04:00,49167.522,47330.433
2025-12-09T04:00Z,2025-12-09 05:00,52885.397,51113.871
2025-12-09T05:00Z,2025-12-09 06:00,61434.260,58140.739
2025-12-09T06:00Z,2025-12-09 07:00,67869.868,63812.146
2025-12-09T07:00Z,2025-12-09 08:00,70600.396,66571.126
2025-12-09T08:00Z,2025-12-09 09:00,69713.936,67595.784
2025-12-09T09:00Z,2025-12-09 10:00,69169.757,68347.614
2025-12-09T10:00Z,2025-12-09 11:00,68765.142,69024.354
2025-12-09T11:00Z,2025-12-09 12:00,67852.689,68804.285
2025-12-09T12:00Z,2025-12-09 13:00,66466.323,67266.955
2025-12-09T13:00Z,2025-12-09 14:00,66282.326,66046.039
2025-12-09T14:00Z,2025-12-09 15:00,66430.468,65537.928
2025-12-09T15:00Z,2025-12-09 16:00,68025.705,66327.602
2025-12-09T16:00Z,2025-12-09 17:00,70148.486,68072.169
2025-12-09T17:00Z,2025-12-09 18:00,69699.044,68111.953
2025-12-09T18:00Z,2025-12-09 19:00,68172.782,66422.157
2025-12-09T19:00Z,2025-12-09 20:00,64504.116,62870.624
2025-12-09T20:00Z,2025-12-09 21:00,61551.815,58981.936
2025-12-09T21:00Z,2025-12-09 22:00,56934.747,55843.701
2025-12-09T22:00Z,2025-12-09 23:00,53880.697,52217.879
2025-12-09T23:00Z,2025-12-10 00:00,50728.508,50532.459
2025-12-10T00:00Z,2025-12-10 01:00,48476.335,48911.540
2025-12-10T01:00Z,2025-12-10 02:00,47955.983,48064.800
2025-12-10T02:00Z,2025-12-10 03:00,48245.017,48405.215
2025-12-10T03:00Z,2025-12-10 04:00,50143.542,49815.879
2025-12-10T04:00Z,2025-12-10 05:00,53935.673,53484.953
2025-12-10T05:00Z,2025-12-10 06:00,62082.379,60049.241
2025-12-10T06:00Z,2025-12-10 07:00,68205.215,66132.992
2025-12-10T07:00Z,2025-12-10 08:00,70198.257,68413.731
2025-12-10T08:00Z,2025-12-10 09:00,70053.582,68850.824
2025-12-10T09:00Z,2025-12-10 10:00,70055.286,69636.420
2025-12-10T10:00Z,2025-12-10 11:00,70619.342,70470.308
2025-12-10T11:00Z,2025-12-10 12:00,70353.515,69988.815
2025-12-10T12:00Z,2025-12-10 13:00,69491.116,68932.954
2025-12-10T13:00Z,2025-12-10 14:00,69112.795,67748.690
2025-12-10T14:00Z,2025-12-10 15:00,69848.843,66955.684
2025-12-10T15:00Z,2025-12-10 16:00,71523.137,67764.111
2025-12-10T16:00Z,2025-12-10 17:00,72768.779,69046.689
2025-12-10T17:00Z,2025-12-10 18:00,72221.569,69204.732
2025-12-10T18:00Z,2025-12-10 19:00,70523.036,66956.203
2025-12-10T19:00Z,2025-12-10 20:00,66945.811,63471.776
2025-12-10T20:00Z,2025-12-10 21:00,63210.008,59738.459
2025-12-10T21:00Z,2025-12-10 22:00,59549.433,56361.761
2025-12-10T22:00Z,2025-12-10 23:00,55577.224,52729.135
2025-12-10T23:00Z,2025-12-11 00:00,52177.015,48509.307
2025-12-11T00:00Z,2025-12-11 01:00,50087.447,47067.879
2025-12-11T01:00Z,2025-12-11 02:00,49172.296,46654.505
2025-12-11T02:00Z,2025-12-11 03:00,49355.228,46873.236
2025-12-11T03:00Z,2025-12-11 04:00,50694.847,48481.772
2025-12-11T04:00Z,2025-12-11 05:00,54385.092,52527.836
2025-12-11T05:00Z,2025-12-11 06:00,62777.558,59438.339
2025-12-11T06:00Z,2025-12-11 07:00,69051.820,64990.847
2025-12-11T07:00Z,2025-12-11 08:00,71503.851,67889.605
2025-12-11T08:00Z,2025-12-11 09:00,71457.103,68631.048
2025-12-11T09:00Z,2025-12-11 10:00,71834.616,69473.545
2025-12-11T10:00Z,2025-12-11 11:00,71421.917,69928.912
2025-12-11T11:00Z,2025-12-11 12:00,71365.170,69567.918
2025-12-11T12:00Z,2025-12-11 13:00,70754.882,68366.710
2025-12-11T13:00Z,2025-12-11 14:00,69628.499,67053.927
2025-12-11T14:00Z,2025-12-11 15:00,69359.414,66573.814
2025-12-11T15:00Z,2025-12-11 16:00,71612.054,67693.787
2025-12-11T16:00Z,2025-12-11 17:00,73516.375,69494.501
2025-12-11T17:00Z,2025-12-11 18:00,72892.757,69428.316
2025-12-11T18:00Z,2025-12-11 19:00,71047.917,67162.616
2025-12-11T19:00Z,2025-12-11 20:00,66909.449,63335.801
2025-12-11T20:00Z,2025-12-11 21:00,63291.688,59604.184
2025-12-11T21:00Z,2025-12-11 22:00,60200.178,56077.597
2025-12-11T22:00Z,2025-12-11 23:00,55899.108,52295.676
2025-12-11T23:00Z,2025-12-12 00:00,52582.857,49495.342
2025-12-12T00:00Z,2025-12-12 01:00,50125.408,47858.290
2025-12-12T01:00Z,2025-12-12 02:00,48688.830,47308.232
2025-12-12T02:00Z,2025-12-12 03:00,48207.390,47529.459
2025-12-12T03:00Z,2025-12-12 04:00,49027.690,48737.173
2025-12-12T04:00Z,2025-12-12 05:00,52722.557,52078.438
2025-12-12T05:00Z,2025-12-12 06:00,59996.121,58620.696
2025-12-12T06:00Z,2025-12-12 07:00,65747.396,64379.238
2025-12-12T07:00Z,2025-12-12 08:00,68720.677,67495.730
2025-12-12T08:00Z,2025-12-12 09:00,68297.987,68272.123
2025-12-12T09:00Z,2025-12-12 10:00,68030.183,68839.615
2025-12-12T10:00Z,2025-12-12 11:00,67606.059,69156.263
2025-12-12T11:00Z,2025-12-12 12:00,66467.232,68380.019
2025-12-12T12:00Z,2025-12-12 13:00,65518.141,66804.053
2025-12-12T13:00Z,2025-12-12 14:00,64115.837,65276.922
2025-12-12T14:00Z,2025-12-12 15:00,64099.804,64743.941
2025-12-12T15:00Z,2025-12-12 16:00,65681.967,65993.681
2025-12-12T16:00Z,2025-12-12 17:00,67395.426,67687.995
2025-12-12T17:00Z,2025-12-12 18:00,66405.171,67797.445
2025-12-12T18:00Z,2025-12-12 19:00,64621.502,65759.092
2025-12-12T19:00Z,2025-12-12 20:00,61148.314,61945.093
2025-12-12T20:00Z,2025-12-12 21:00,58189.534,58039.797
2025-12-12T21:00Z,2025-12-12 22:00,56119.250,54794.315
2025-12-12T22:00Z,2025-12-12 23:00,52358.543,51145.933
2025-12-12T23:00Z,2025-12-13 00:00,48998.649,48581.683
2025-12-13T00:00Z,2025-12-13 01:00,46674.274,46433.104
2025-12-13T01:00Z,2025-12-13 02:00,45370.730,45233.161
2025-12-13T02:00Z,2025-12-13 03:00,45705.981,44928.700
2025-12-13T03:00Z,2025-12-13 04:00,46233.485,44689.713
2025-12-13T04:00Z,2025-12-13 05:00,47118.265,46898.213
2025-12-13T05:00Z,2025-12-13 06:00,49140.686,49710.170
2025-12-13T06:00Z,2025-12-13 07:00,51670.523,52661.330
2025-12-13T07:00Z,2025-12-13 08:00,55088.987,56011.216
2025-12-13T08:00Z,2025-12-13 09:00,58001.447,58248.044
2025-12-13T09:00Z,2025-12-13 10:00,59817.946,59948.444
2025-12-13T10:00Z,2025-12-13 11:00,61109.201,61075.467
2025-12-13T11:00Z,2025-12-13 12:00,61599.746,60884.912
2025-12-13T12:00Z,2025-12-13 13:00,60352.939,59159.868
2025-12-13T13:00Z,2025-12-13 14:00,59355.462,57545.277
2025-12-13T14:00Z,2025-12-13 15:00,59308.554,57164.987
2025-12-13T15:00Z,2025-12-13 16:00,61046.015,58973.672
2025-12-13T16:00Z,2025-12-13 17:00,62179.424,60668.821
2025-12-13T17:00Z,2025-12-13 18:00,61932.869,61000.823
2025-12-13T18:00Z,2025-12-13 19:00,60176.079,59512.541
2025-12-13T19:00Z,2025-12-13 20:00,57381.515,56572.688
2025-12-13T20:00Z,2025-12-13 21:00,54880.775,54085.718
2025-12-13T21:00Z,2025-12-13 22:00,53305.216,52061.592
2025-12-13T22:00Z,2025-12-13 23:00,50277.637,49145.361
2025-12-13T23:00Z,2025-12-14 00:00,46855.996,46365.739
2025-12-14T00:00Z,2025-12-14 01:00,44869.227,44690.120
2025-12-14T01:00Z,2025-12-14 02:00,44020.041,44265.452
2025-12-14T02:00Z,2025-12-14 03:00,43655.161,43766.508
2025-12-14T03:00Z,2025-12-14 04:00,44175.005,43753.450
2025-12-14T04:00Z,2025-12-14 05:00,44807.300,43865.259
2025-12-14T05:00Z,2025-12-14 06:00,45639.170,45348.016
2025-12-14T06:00Z,2025-12-14 07:00,48265.878,47998.635
2025-12-14T07:00Z,2025-12-14 08:00,51524.303,51261.428
2025-12-14T08:00Z,2025-12-14 09:00,55446.323,54082.764
2025-12-14T09:00Z,2025-12-14 10:00,57869.952,56285.165
2025-12-14T10:00Z,2025-12-14 11:00,60170.361,57885.061
2025-12-14T11:00Z,2025-12-14 12:00,60026.892,57589.541
2025-12-14T12:00Z,2025-12-14 13:00,58187.154,56296.893
2025-12-14T13:00Z,2025-12-14 14:00,57576.414,55278.859
2025-12-14T14:00Z,2025-12-14 15:00,57630.380,55243.879
2025-12-14T15:00Z,2025-12-14 16:00,59632.669,56716.447
2025-12-14T16:00Z,2025-12-14 17:00,61915.694,59266.475
2025-12-14T17:00Z,2025-12-14 18:00,61738.565,59932.293
2025-12-14T18:00Z,2025-12-14 19:00,60841.304,59138.875
2025-12-14T19:00Z,2025-12-14 20:00,58713.699,56614.855
2025-12-14T20:00Z,2025-12-14 21:00,56811.799,53905.383
2025-12-14T21:00Z,2025-12-14 22:00,54792.053,52157.440
2025-12-14T22:00Z,2025-12-14 23:00,51571.087,49497.685
2025-12-14T23:00Z,2025-12-15 00:00,48827.183,46363.765
2025-12-15T00:00Z,2025-12-15 01:00,47555.785,45191.843
2025-12-15T01:00Z,2025-12-15 02:00,46379.400,44855.969
2025-12-15T02:00Z,2025-12-15 03:00,46313.924,44964.218
2025-12-15T03:00Z,2025-12-15 04:00,48099.863,46627.749
2025-12-15T04:00Z,2025-12-15 05:00,52918.218,51745.754
2025-12-15T05:00Z,2025-12-15 06:00,61015.312,60364.690
2025-12-15T06:00Z,2025-12-15 07:00,67601.106,66996.781
2025-12-15T07:00Z,2025-12-15 08:00,71524.729,69619.609
2025-12-15T08:00Z,2025-12-15 09:00,71432.557,69740.193
2025-12-15T09:00Z,2025-12-15 10:00,70595.167,70215.471
2025-12-15T10:00Z,2025-12-15 11:00,69869.204,70785.513
2025-12-15T11:00Z,2025-12-15 12:00,69219.267,69905.101
2025-12-15T12:00Z,2025-12-15 13:00,67688.474,68617.774
2025-12-15T13:00Z,2025-12-15 14:00,66784.967,67274.791
2025-12-15T14:00Z,2025-12-15 15:00,67764.046,67097.122
2025-12-15T15:00Z,2025-12-15 16:00,69861.399,67884.768
2025-12-15T16:00Z,2025-12-15 17:00,72055.050,69891.822
2025-12-15T17:00Z,2025-12-15 18:00,71742.739,70269.348
2025-12-15T18:00Z,2025-12-15 19:00,69622.706,68229.430
2025-12-15T19:00Z,2025-12-15 20:00,65815.605,64851.673
2025-12-15T20:00Z,2025-12-15 21:00,62456.366,61206.879
2025-12-15T21:00Z,2025-12-15 22:00,58314.020,57923.726
2025-12-15T22:00Z,2025-12-15 23:00,53886.378,53685.499
2025-12-15T23:00Z,2025-12-16 00:00,50431.996,50918.552
2025-12-16T00:00Z,2025-12-16 01:00,48554.648,49360.003
2025-12-16T01:00Z,2025-12-16 02:00,48158.703,48985.802
2025-12-16T02:00Z,2025-12-16 03:00,48131.447,49324.576
2025-12-16T03:00Z,2025-12-16 04:00,49165.925,50623.867
2025-12-16T04:00Z,2025-12-16 05:00,52957.925,54357.018
2025-12-16T05:00Z,2025-12-16 06:00,60877.603,60834.835
2025-12-16T06:00Z,2025-12-16 07:00,67001.772,66527.945
2025-12-16T07:00Z,2025-12-16 08:00,69993.524,69450.741
2025-12-16T08:00Z,2025-12-16 09:00,69975.534,70336.120
2025-12-16T09:00Z,2025-12-16 10:00,69180.195,71197.935
2025-12-16T10:00Z,2025-12-16 11:00,69046.493,71692.868
2025-12-16T11:00Z,2025-12-16 12:00,68688.223,71229.792
2025-12-16T12:00Z,2025-12-16 13:00,67826.971,69781.784
2025-12-16T13:00Z,2025-12-16 14:00,66707.069,67912.003
2025-12-16T14:00Z,2025-12-16 15:00,66954.815,67808.680
2025-12-16T15:00Z,2025-12-16 16:00,68196.330,68404.701
2025-12-16T16:00Z,2025-12-16 17:00,69766.750,69983.003
2025-12-16T17:00Z,2025-12-16 18:00,69441.036,69740.689
2025-12-16T18:00Z,2025-12-16 19:00,67958.181,68172.983
2025-12-16T19:00Z,2025-12-16 20:00,64656.570,64613.360
2025-12-16T20:00Z,2025-12-16 21:00,61349.561,60960.394
2025-12-16T21:00Z,2025-12-16 22:00,58158.843,57529.803
2025-12-16T22:00Z,2025-12-16 23:00,54351.766,53842.266
2025-12-16T23:00Z,2025-12-17 00:00,51036.599,48898.610
2025-12-17T00:00Z,2025-12-17 01:00,49221.931,47525.318
2025-12-17T01:00Z,2025-12-17 02:00,48388.599,46939.122
2025-12-17T02:00Z,2025-12-17 03:00,48200.496,47281.976
2025-12-17T03:00Z,2025-12-17 04:00,49237.623,48854.759
2025-12-17T04:00Z,2025-12-17 05:00,53152.447,52513.201
2025-12-17T05:00Z,2025-12-17 06:00,60212.747,59165.821
2025-12-17T06:00Z,2025-12-17 07:00,66093.409,65637.722
2025-12-17T07:00Z,2025-12-17 08:00,68759.411,68107.233
2025-12-17T08:00Z,2025-12-17 09:00,68667.110,68346.544
2025-12-17T09:00Z,2025-12-17 10:00,68632.845,69134.616
2025-12-17T10:00Z,2025-12-17 11:00,68293.649,69986.865
2025-12-17T11:00Z,2025-12-17 12:00,67103.827,69411.222
2025-12-17T12:00Z,2025-12-17 13:00,66121.953,68230.367
2025-12-17T13:00Z,2025-12-17 14:00,65343.727,66624.263
2025-12-17T14:00Z,2025-12-17 15:00,65951.376,66137.018
2025-12-17T15:00Z,2025-12-17 16:00,67690.446,66773.268
2025-12-17T16:00Z,2025-12-17 17:00,69633.004,68447.658
2025-12-17T17:00Z,2025-12-17 18:00,69370.612,68292.580
2025-12-17T18:00Z,2025-12-17 19:00,66981.234,66429.430
2025-12-17T19:00Z,2025-12-17 20:00,63669.926,62887.618
2025-12-17T20:00Z,2025-12-17 21:00,60053.180,59236.514
2025-12-17T21:00Z,2025-12-17 22:00,56649.415,55722.589
2025-12-17T22:00Z,2025-12-17 23:00,52753.100,51773.684
2025-12-17T23:00Z,2025-12-18 00:00,49489.750,49030.354
2025-12-18T00:00Z,2025-12-18 01:00,47535.601,47488.646
2025-12-18T01:00Z,2025-12-18 02:00,46850.868,47049.477
2025-12-18T02:00Z,2025-12-18 03:00,47557.571,47429.027
2025-12-18T03:00Z,2025-12-18 04:00,49492.208,48707.228
2025-12-18T04:00Z,2025-12-18 05:00,53174.054,51834.281
2025-12-18T05:00Z,2025-12-18 06:00,60424.419,58028.489
2025-12-18T06:00Z,2025-12-18 07:00,66750.085,63437.509
2025-12-18T07:00Z,2025-12-18 08:00,69615.604,66355.366
2025-12-18T08:00Z,2025-12-18 09:00,69161.362,67041.519
2025-12-18T09:00Z,2025-12-18 10:00,68246.723,67752.812
2025-12-18T10:00Z,2025-12-18 11:00,67174.576,68168.125
2025-12-18T11:00Z,2025-12-18 12:00,65743.432,67661.440
2025-12-18T12:00Z,2025-12-18 13:00,64283.056,66084.781
2025-12-18T13:00Z,2025-12-18 14:00,63856.954,64749.407
2025-12-18T14:00Z,2025-12-18 15:00,64109.782,64335.914
2025-12-18T15:00Z,2025-12-18 16:00,66391.730,65297.612
2025-12-18T16:00Z,2025-12-18 17:00,69158.878,67122.528
2025-12-18T17:00Z,2025-12-18 18:00,69356.841,67496.768
2025-12-18T18:00Z,2025-12-18 19:00,67066.854,65401.538
2025-12-18T19:00Z,2025-12-18 20:00,64072.289,61816.201
2025-12-18T20:00Z,2025-12-18 21:00,60875.677,58478.399
2025-12-18T21:00Z,2025-12-18 22:00,57790.219,55172.881
2025-12-18T22:00Z,2025-12-18 23:00,54085.701,51662.814
2025-12-18T23:00Z,2025-12-19 00:00,51169.802,48890.101
2025-12-19T00:00Z,2025-12-19 01:00,49541.229,47145.806
2025-12-19T01:00Z,2025-12-19 02:00,48781.243,46521.627
2025-12-19T02:00Z,2025-12-19 03:00,48866.618,46694.547
2025-12-19T03:00Z,2025-12-19 04:00,50065.618,48110.270
2025-12-19T04:00Z,2025-12-19 05:00,53225.483,51460.953
2025-12-19T05:00Z,2025-12-19 06:00,59292.536,57630.015
2025-12-19T06:00Z,2025-12-19 07:00,63758.130,63646.090
2025-12-19T07:00Z,2025-12-19 08:00,67060.369,67093.069
2025-12-19T08:00Z,2025-12-19 09:00,66560.720,67659.639
2025-12-19T09:00Z,2025-12-19 10:00,65840.148,68135.351
2025-12-19T10:00Z,2025-12-19 11:00,65298.924,68343.519
2025-12-19T11:00Z,2025-12-19 12:00,65108.019,67723.134
2025-12-19T12:00Z,2025-12-19 13:00,63303.170,66223.158
2025-12-19T13:00Z,2025-12-19 14:00,62270.568,64579.285
2025-12-19T14:00Z,2025-12-19 15:00,62648.332,63627.261
2025-12-19T15:00Z,2025-12-19 16:00,64369.397,64538.189
2025-12-19T16:00Z,2025-12-19 17:00,65211.941,65750.942
2025-12-19T17:00Z,2025-12-19 18:00,64205.680,65552.286
2025-12-19T18:00Z,2025-12-19 19:00,61988.966,63492.441
2025-12-19T19:00Z,2025-12-19 20:00,58424.078,59641.068
2025-12-19T20:00Z,2025-12-19 21:00,55377.153,55941.531
2025-12-19T21:00Z,2025-12-19 22:00,52451.886,52813.777
2025-12-19T22:00Z,2025-12-19 23:00,48907.333,49486.699
2025-12-19T23:00Z,2025-12-20 00:00,45721.475,46101.213
2025-12-20T00:00Z,2025-12-20 01:00,43781.673,44282.117
2025-12-20T01:00Z,2025-12-20 02:00,43063.819,43253.637
2025-12-20T02:00Z,2025-12-20 03:00,42423.259,43019.906
2025-12-20T03:00Z,2025-12-20 04:00,42571.918,43142.820
2025-12-20T04:00Z,2025-12-20 05:00,43044.916,44311.985
2025-12-20T05:00Z,2025-12-20 06:00,44555.272,46340.383
2025-12-20T06:00Z,2025-12-20 07:00,47624.603,49265.330
2025-12-20T07:00Z,2025-12-20 08:00,50827.414,53099.814
2025-12-20T08:00Z,2025-12-20 09:00,53019.062,55841.316
2025-12-20T09:00Z,2025-12-20 10:00,54443.062,57382.205
2025-12-20T10:00Z,2025-12-20 11:00,55558.669,58185.112
2025-12-20T11:00Z,2025-12-20 12:00,55577.012,57474.058
2025-12-20T12:00Z,2025-12-20 13:00,54536.897,55993.233
2025-12-20T13:00Z,2025-12-20 14:00,53749.880,54808.702
2025-12-20T14:00Z,2025-12-20 15:00,54053.918,54828.236
2025-12-20T15:00Z,2025-12-20 16:00,55743.397,55914.875
2025-12-20T16:00Z,2025-12-20 17:00,57357.148,57655.147
2025-12-20T17:00Z,2025-12-20 18:00,57211.198,58153.629
2025-12-20T18:00Z,2025-12-20 19:00,55705.451,56734.857
2025-12-20T19:00Z,2025-12-20 20:00,52941.572,53921.808
2025-12-20T20:00Z,2025-12-20 21:00,50630.659,51443.317
2025-12-20T21:00Z,2025-12-20 22:00,48684.415,49664.678
2025-12-20T22:00Z,2025-12-20 23:00,46345.796,47080.394
2025-12-20T23:00Z,2025-12-21 00:00,43270.342,44664.871
2025-12-21T00:00Z,2025-12-21 01:00,41541.986,43108.634
2025-12-21T01:00Z,2025-12-21 02:00,40602.069,42535.061
2025-12-21T02:00Z,2025-12-21 03:00,40604.715,42260.079
2025-12-21T03:00Z,2025-12-21 04:00,40608.716,42571.118
2025-12-21T04:00Z,2025-12-21 05:00,41198.224,43634.138
2025-12-21T05:00Z,2025-12-21 06:00,41955.925,46016.666
2025-12-21T06:00Z,2025-12-21 07:00,44267.491,48808.470
2025-12-21T07:00Z,2025-12-21 08:00,47007.973,51980.247
2025-12-21T08:00Z,2025-12-21 09:00,49775.617,54512.767
2025-12-21T09:00Z,2025-12-21 10:00,51941.681,56315.910
2025-12-21T10:00Z,2025-12-21 11:00,53558.100,57646.103
2025-12-21T11:00Z,2025-12-21 12:00,53513.744,57520.019
2025-12-21T12:00Z,2025-12-21 13:00,51702.784,56394.994
2025-12-21T13:00Z,2025-12-21 14:00,50668.333,55477.321
2025-12-21T14:00Z,2025-12-21 15:00,51161.038,55543.453
2025-12-21T15:00Z,2025-12-21 16:00,52972.055,56663.129
2025-12-21T16:00Z,2025-12-21 17:00,55598.496,58676.218
2025-12-21T17:00Z,2025-12-21 18:00,56467.021,59278.731
2025-12-21T18:00Z,2025-12-21 19:00,55184.518,58478.527
2025-12-21T19:00Z,2025-12-21 20:00,52869.209,56267.874
2025-12-21T20:00Z,2025-12-21 21:00,51203.896,53491.573
2025-12-21T21:00Z,2025-12-21 22:00,49361.727,51461.599
2025-12-21T22:00Z,2025-12-21 23:00,46366.577,48682.674
2025-12-21T23:00Z,2025-12-22 00:00,44636.290,46005.588
2025-12-22T00:00Z,2025-12-22 01:00,43564.323,44683.385
2025-12-22T01:00Z,2025-12-22 02:00,43107.269,44444.416
2025-12-22T02:00Z,2025-12-22 03:00,43654.378,44467.312
2025-12-22T03:00Z,2025-12-22 04:00,44641.434,45772.402
2025-12-22T04:00Z,2025-12-22 05:00,47531.569,50289.512
2025-12-22T05:00Z,2025-12-22 06:00,51819.888,58144.839
2025-12-22T06:00Z,2025-12-22 07:00,56381.528,63978.188
2025-12-22T07:00Z,2025-12-22 08:00,60298.836,67082.738
2025-12-22T08:00Z,2025-12-22 09:00,61911.861,68230.163
2025-12-22T09:00Z,2025-12-22 10:00,61844.920,68483.515
2025-12-22T10:00Z,2025-12-22 11:00,62079.201,68732.357
2025-12-22T11:00Z,2025-12-22 12:00,62160.082,67895.737
2025-12-22T12:00Z,2025-12-22 13:00,61969.365,66811.563
2025-12-22T13:00Z,2025-12-22 14:00,61437.541,65666.927
2025-12-22T14:00Z,2025-12-22 15:00,61583.800,65231.906
2025-12-22T15:00Z,2025-12-22 16:00,63113.109,66169.941
2025-12-22T16:00Z,2025-12-22 17:00,64507.819,67550.407
2025-12-22T17:00Z,2025-12-22 18:00,64125.750,67672.712
2025-12-22T18:00Z,2025-12-22 19:00,62479.637,65996.319
2025-12-22T19:00Z,2025-12-22 20:00,59475.197,62958.956
2025-12-22T20:00Z,2025-12-22 21:00,56801.493,59520.108
2025-12-22T21:00Z,2025-12-22 22:00,54011.207,56183.379
2025-12-22T22:00Z,2025-12-22 23:00,49917.937,52158.710
2025-12-22T23:00Z,2025-12-23 00:00,46263.734,48755.720
2025-12-23T00:00Z,2025-12-23 01:00,44694.292,47213.871
2025-12-23T01:00Z,2025-12-23 02:00,44190.161,46524.000
2025-12-23T02:00Z,2025-12-23 03:00,43845.023,46598.409
2025-12-23T03:00Z,2025-12-23 04:00,44871.093,47739.124
2025-12-23T04:00Z,2025-12-23 05:00,46940.679,50990.830
2025-12-23T05:00Z,2025-12-23 06:00,51048.060,56770.267
2025-12-23T06:00Z,2025-12-23 07:00,55709.936,61689.364
2025-12-23T07:00Z,2025-12-23 08:00,59631.150,64794.087
2025-12-23T08:00Z,2025-12-23 09:00,61958.587,66084.509
2025-12-23T09:00Z,2025-12-23 10:00,62152.882,66678.541
2025-12-23T10:00Z,2025-12-23 11:00,63083.033,66978.798
2025-12-23T11:00Z,2025-12-23 12:00,63990.660,66605.337
2025-12-23T12:00Z,2025-12-23 13:00,63298.249,65422.265
2025-12-23T13:00Z,2025-12-23 14:00,62613.924,64354.499
2025-12-23T14:00Z,2025-12-23 15:00,62536.857,64002.816
2025-12-23T15:00Z,2025-12-23 16:00,63464.415,64928.007
2025-12-23T16:00Z,2025-12-23 17:00,65272.917,65694.971
2025-12-23T17:00Z,2025-12-23 18:00,64456.125,65688.071
2025-12-23T18:00Z,2025-12-23 19:00,62757.919,64516.411
2025-12-23T19:00Z,2025-12-23 20:00,59323.234,61562.194
2025-12-23T20:00Z,2025-12-23 21:00,56454.187,58117.092
2025-12-23T21:00Z,2025-12-23 22:00,53490.276,54900.263
2025-12-23T22:00Z,2025-12-23 23:00,49873.679,51492.051
2025-12-23T23:00Z,2025-12-24 00:00,46643.998,46832.080
2025-12-24T00:00Z,2025-12-24 01:00,44549.238,45376.547
2025-12-24T01:00Z,2025-12-24 02:00,43487.120,44632.534
2025-12-24T02:00Z,2025-12-24 03:00,43203.452,44693.000
2025-12-24T03:00Z,2025-12-24 04:00,43540.355,45581.260
2025-12-24T04:00Z,2025-12-24 05:00,44963.057,46678.345
2025-12-24T05:00Z,2025-12-24 06:00,46680.526,48848.347
2025-12-24T06:00Z,2025-12-24 07:00,49261.731,52416.645
2025-12-24T07:00Z,2025-12-24 08:00,52750.477,55805.431
2025-12-24T08:00Z,2025-12-24 09:00,56168.755,58019.415
2025-12-24T09:00Z,2025-12-24 10:00,57161.562,59259.899
2025-12-24T10:00Z,2025-12-24 11:00,57707.265,59959.579
2025-12-24T11:00Z,2025-12-24 12:00,57361.654,59635.896
2025-12-24T12:00Z,2025-12-24 13:00,56341.234,58315.606
2025-12-24T13:00Z,2025-12-24 14:00,55241.268,56921.767
2025-12-24T14:00Z,2025-12-24 15:00,54963.536,56392.715
2025-12-24T15:00Z,2025-12-24 16:00,56383.820,57558.957
2025-12-24T16:00Z,2025-12-24 17:00,58093.015,59414.293
2025-12-24T17:00Z,2025-12-24 18:00,56837.382,59284.300
2025-12-24T18:00Z,2025-12-24 19:00,53874.312,57639.387
2025-12-24T19:00Z,2025-12-24 20:00,51562.367,55319.958
2025-12-24T20:00Z,2025-12-24 21:00,50244.464,53160.587
2025-12-24T21:00Z,2025-12-24 22:00,49477.535,50967.244
2025-12-24T22:00Z,2025-12-24 23:00,47413.777,47949.962
2025-12-24T23:00Z,2025-12-25 00:00,45495.676,43388.548
2025-12-25T00:00Z,2025-12-25 01:00,43275.050,41722.465
2025-12-25T01:00Z,2025-12-25 02:00,42475.681,40928.464
2025-12-25T02:00Z,2025-12-25 03:00,41990.270,40482.524
2025-12-25T03:00Z,2025-12-25 04:00,42193.999,40522.697
2025-12-25T04:00Z,2025-12-25 05:00,42608.902,40787.913
2025-12-25T05:00Z,2025-12-25 06:00,42537.652,41324.103
2025-12-25T06:00Z,2025-12-25 07:00,44316.676,43378.960
2025-12-25T07:00Z,2025-12-25 08:00,47261.362,46194.536
2025-12-25T08:00Z,2025-12-25 09:00,50136.721,48930.037
2025-12-25T09:00Z,2025-12-25 10:00,52392.313,50653.319
2025-12-25T10:00Z,2025-12-25 11:00,54219.481,51663.486
2025-12-25T11:00Z,2025-12-25 12:00,53442.147,51328.777
2025-12-25T12:00Z,2025-12-25 13:00,50079.433,49820.485
2025-12-25T13:00Z,2025-12-25 14:00,48584.925,48598.669
2025-12-25T14:00Z,2025-12-25 15:00,49491.487,48319.458
2025-12-25T15:00Z,2025-12-25 16:00,51805.799,49431.980
2025-12-25T16:00Z,2025-12-25 17:00,54517.341,51075.939
2025-12-25T17:00Z,2025-12-25 18:00,54898.451,51729.092
2025-12-25T18:00Z,2025-12-25 19:00,53819.923,51184.255
2025-12-25T19:00Z,2025-12-25 20:00,51985.433,49513.457
2025-12-25T20:00Z,2025-12-25 21:00,50566.156,47922.678
2025-12-25T21:00Z,2025-12-25 22:00,49822.754,46305.521
2025-12-25T22:00Z,2025-12-25 23:00,47781.181,43834.289
2025-12-25T23:00Z,2025-12-26 00:00,45744.843,42620.636
2025-12-26T00:00Z,2025-12-26 01:00,44190.268,41216.223
2025-12-26T01:00Z,2025-12-26 02:00,43151.081,40569.803
2025-12-26T02:00Z,2025-12-26 03:00,42504.025,40235.438
2025-12-26T03:00Z,2025-12-26 04:00,42801.060,40506.160
2025-12-26T04:00Z,2025-12-26 05:00,43710.564,41352.907
2025-12-26T05:00Z,2025-12-26 06:00,43530.836,42611.409
2025-12-26T06:00Z,2025-12-26 07:00,45028.770,44812.972
2025-12-26T07:00Z,2025-12-26 08:00,47886.776,47708.048
2025-12-26T08:00Z,2025-12-26 09:00,50789.419,50346.472
2025-12-26T09:00Z,2025-12-26 10:00,52090.738,51849.308
2025-12-26T10:00Z,2025-12-26 11:00,53934.903,52982.902
2025-12-26T11:00Z,2025-12-26 12:00,52814.342,52782.433
2025-12-26T12:00Z,2025-12-26 13:00,50523.502,51359.947
2025-12-26T13:00Z,2025-12-26 14:00,49000.263,50302.408
2025-12-26T14:00Z,2025-12-26 15:00,49665.222,49984.447
2025-12-26T15:00Z,2025-12-26 16:00,51290.504,50981.038
2025-12-26T16:00Z,2025-12-26 17:00,53519.021,52464.508
2025-12-26T17:00Z,2025-12-26 18:00,54060.302,52939.003
2025-12-26T18:00Z,2025-12-26 19:00,53094.860,51919.596
2025-12-26T19:00Z,2025-12-26 20:00,51612.145,50001.001
2025-12-26T20:00Z,2025-12-26 21:00,50264.973,48113.627
2025-12-26T21:00Z,2025-12-26 22:00,49144.513,46516.281
2025-12-26T22:00Z,2025-12-26 23:00,46994.697,44001.210
2025-12-26T23:00Z,2025-12-27 00:00,44655.258,44566.490
2025-12-27T00:00Z,2025-12-27 01:00,43298.493,43069.127
2025-12-27T01:00Z,2025-12-27 02:00,42642.902,42230.204
2025-12-27T02:00Z,2025-12-27 03:00,42406.731,41812.953
2025-12-27T03:00Z,2025-12-27 04:00,42863.828,41917.391
2025-12-27T04:00Z,2025-12-27 05:00,43747.140,43062.121
2025-12-27T05:00Z,2025-12-27 06:00,45650.376,44403.328
2025-12-27T06:00Z,2025-12-27 07:00,48390.969,46847.304
2025-12-27T07:00Z,2025-12-27 08:00,51867.499,50347.189
2025-12-27T08:00Z,2025-12-27 09:00,54477.199,53046.065
2025-12-27T09:00Z,2025-12-27 10:00,55767.810,54806.996
2025-12-27T10:00Z,2025-12-27 11:00,57042.495,55834.742
2025-12-27T11:00Z,2025-12-27 12:00,57275.444,55312.411
2025-12-27T12:00Z,2025-12-27 13:00,55897.949,54008.795
2025-12-27T13:00Z,2025-12-27 14:00,54721.798,52917.517
2025-12-27T14:00Z,2025-12-27 15:00,55386.035,52508.821
2025-12-27T15:00Z,2025-12-27 16:00,58350.158,53710.452
2025-12-27T16:00Z,2025-12-27 17:00,61230.312,55631.768
2025-12-27T17:00Z,2025-12-27 18:00,61627.773,56019.531
2025-12-27T18:00Z,2025-12-27 19:00,59704.845,54343.493
2025-12-27T19:00Z,2025-12-27 20:00,56859.001,51604.202
2025-12-27T20:00Z,2025-12-27 21:00,54123.248,49379.513
2025-12-27T21:00Z,2025-12-27 22:00,52325.523,47505.997
2025-12-27T22:00Z,2025-12-27 23:00,49931.592,45026.588
2025-12-27T23:00Z,2025-12-28 00:00,47257.784,43557.821
2025-12-28T00:00Z,2025-12-28 01:00,44832.199,42093.350
2025-12-28T01:00Z,2025-12-28 02:00,43119.759,41341.408
2025-12-28T02:00Z,2025-12-28 03:00,42958.646,41102.995
2025-12-28T03:00Z,2025-12-28 04:00,43308.819,41403.887
2025-12-28T04:00Z,2025-12-28 05:00,43830.899,42422.742
2025-12-28T05:00Z,2025-12-28 06:00,44344.280,44671.306
2025-12-28T06:00Z,2025-12-28 07:00,46178.221,47539.106
2025-12-28T07:00Z,2025-12-28 08:00,49157.245,50621.469
2025-12-28T08:00Z,2025-12-28 09:00,50636.821,53182.905
2025-12-28T09:00Z,2025-12-28 10:00,52211.094,55077.822
2025-12-28T10:00Z,2025-12-28 11:00,53468.899,56210.969
2025-12-28T11:00Z,2025-12-28 12:00,53321.760,55739.020
2025-12-28T12:00Z,2025-12-28 13:00,51393.075,54640.035
2025-12-28T13:00Z,2025-12-28 14:00,50760.651,53644.490
2025-12-28T14:00Z,2025-12-28 15:00,52224.836,53629.030
2025-12-28T15:00Z,2025-12-28 16:00,54035.938,54811.345
2025-12-28T16:00Z,2025-12-28 17:00,57278.214,56967.615
2025-12-28T17:00Z,2025-12-28 18:00,58082.039,58032.553
2025-12-28T18:00Z,2025-12-28 19:00,57669.838,57262.432
2025-12-28T19:00Z,2025-12-28 20:00,55878.546,54878.041
2025-12-28T20:00Z,2025-12-28 21:00,54339.380,52622.746
2025-12-28T21:00Z,2025-12-28 22:00,53318.819,50872.117
2025-12-28T22:00Z,2025-12-28 23:00,51148.059,48375.717
2025-12-28T23:00Z,2025-12-29 00:00,48547.317,46424.628
2025-12-29T00:00Z,2025-12-29 01:00,47173.851,45130.046
2025-12-29T01:00Z,2025-12-29 02:00,45852.528,44865.092
2025-12-29T02:00Z,2025-12-29 03:00,45645.111,44923.219
2025-12-29T03:00Z,2025-12-29 04:00,46384.329,46316.100
2025-12-29T04:00Z,2025-12-29 05:00,47621.343,50743.564
2025-12-29T05:00Z,2025-12-29 06:00,50162.308,58322.317
2025-12-29T06:00Z,2025-12-29 07:00,53373.370,63884.797
2025-12-29T07:00Z,2025-12-29 08:00,56477.391,66532.506
2025-12-29T08:00Z,2025-12-29 09:00,58549.430,67225.628
2025-12-29T09:00Z,2025-12-29 10:00,59257.520,67215.208
2025-12-29T10:00Z,2025-12-29 11:00,59865.471,67550.060
2025-12-29T11:00Z,2025-12-29 12:00,59908.089,66838.618
2025-12-29T12:00Z,2025-12-29 13:00,59454.168,65849.889
2025-12-29T13:00Z,2025-12-29 14:00,59211.489,64994.046
2025-12-29T14:00Z,2025-12-29 15:00,59993.232,64637.687
2025-12-29T15:00Z,2025-12-29 16:00,62247.589,65691.945
2025-12-29T16:00Z,2025-12-29 17:00,64415.223,67437.527
2025-12-29T17:00Z,2025-12-29 18:00,64302.741,67672.712
2025-12-29T18:00Z,2025-12-29 19:00,62429.821,66038.121
2025-12-29T19:00Z,2025-12-29 20:00,59029.403,62921.175
2025-12-29T20:00Z,2025-12-29 21:00,56419.237,59550.875
2025-12-29T21:00Z,2025-12-29 22:00,54339.038,56349.514
2025-12-29T22:00Z,2025-12-29 23:00,51527.014,52314.241
2025-12-29T23:00Z,2025-12-30 00:00,48389.413,49868.309
2025-12-30T00:00Z,2025-12-30 01:00,45909.698,48136.230
2025-12-30T01:00Z,2025-12-30 02:00,45190.821,47408.353
2025-12-30T02:00Z,2025-12-30 03:00,45187.566,47541.853
2025-12-30T03:00Z,2025-12-30 04:00,45652.180,48397.102
2025-12-30T04:00Z,2025-12-30 05:00,47699.586,51053.142
2025-12-30T05:00Z,2025-12-30 06:00,51050.020,55986.071
2025-12-30T06:00Z,2025-12-30 07:00,54553.174,61078.194
2025-12-30T07:00Z,2025-12-30 08:00,57647.704,64172.469
2025-12-30T08:00Z,2025-12-30 09:00,59160.446,65287.151
2025-12-30T09:00Z,2025-12-30 10:00,59775.485,66018.967
2025-12-30T10:00Z,2025-12-30 11:00,59620.708,66407.777
2025-12-30T11:00Z,2025-12-30 12:00,59342.595,65998.812
2025-12-30T12:00Z,2025-12-30 13:00,57771.747,64940.709
2025-12-30T13:00Z,2025-12-30 14:00,57213.247,64033.256
2025-12-30T14:00Z,2025-12-30 15:00,58184.373,63832.699
2025-12-30T15:00Z,2025-12-30 16:00,60675.599,64840.694
2025-12-30T16:00Z,2025-12-30 17:00,63499.045,65585.608
2025-12-30T17:00Z,2025-12-30 18:00,63585.066,65581.751
2025-12-30T18:00Z,2025-12-30 19:00,61804.884,64349.686
2025-12-30T19:00Z,2025-12-30 20:00,58491.395,61475.548
2025-12-30T20:00Z,2025-12-30 21:00,56424.363,58663.197
2025-12-30T21:00Z,2025-12-30 22:00,54431.831,55855.763
2025-12-30T22:00Z,2025-12-30 23:00,52000.671,52610.153
2025-12-30T23:00Z,2025-12-31 00:00,50076.131,48113.776
2025-12-31T00:00Z,2025-12-31 01:00,48011.923,46613.522
2025-12-31T01:00Z,2025-12-31 02:00,46980.389,45929.646
2025-12-31T02:00Z,2025-12-31 03:00,46067.258,46165.404
2025-12-31T03:00Z,2025-12-31 04:00,45962.497,47015.553
2025-12-31T04:00Z,2025-12-31 05:00,47546.700,47978.657
2025-12-31T05:00Z,2025-12-31 06:00,49015.658,50708.914
2025-12-31T06:00Z,2025-12-31 07:00,51186.811,54464.653
2025-12-31T07:00Z,2025-12-31 08:00,53342.091,57209.035
2025-12-31T08:00Z,2025-12-31 09:00,55588.873,59155.463
2025-12-31T09:00Z,2025-12-31 10:00,56705.672,60266.851
2025-12-31T10:00Z,2025-12-31 11:00,57510.124,61352.163
2025-12-31T11:00Z,2025-12-31 12:00,57867.999,61403.238
2025-12-31T12:00Z,2025-12-31 13:00,56728.779,60508.720
2025-12-31T13:00Z,2025-12-31 14:00,55727.807,59520.325
2025-12-31T14:00Z,2025-12-31 15:00,56175.644,59219.347
2025-12-31T15:00Z,2025-12-31 16:00,58052.634,59847.190
2025-12-31T16:00Z,2025-12-31 17:00,59689.589,61564.942
2025-12-31T17:00Z,2025-12-31 18:00,58967.301,62607.398
2025-12-31T18:00Z,2025-12-31 19:00,56097.690,61429.253
2025-12-31T19:00Z,2025-12-31 20:00,52861.529,58695.505
2025-12-31T20:00Z,2025-12-31 21:00,50891.418,55991.970
2025-12-31T21:00Z,2025-12-31 22:00,49550.971,53693.202
2025-12-31T22:00Z,2025-12-31 23:00,47939.806,50790.707
2025-12-31T23:00Z,2026-01-01 00:00,46607.094,46779.656
2026-01-01T00:00Z,2026-01-01 01:00,46065.430,44845.787
2026-01-01T01:00Z,2026-01-01 02:00,45125.775,44085.780
2026-01-01T02:00Z,2026-01-01 03:00,44237.088,43532.684
2026-01-01T03:00Z,2026-01-01 04:00,43791.724,43314.859
2026-01-01T04:00Z,2026-01-01 05:00,43508.823,43361.919
2026-01-01T05:00Z,2026-01-01 06:00,42989.046,44027.040
2026-01-01T06:00Z,2026-01-01 07:00,43612.236,46145.612
2026-01-01T07:00Z,2026-01-01 08:00,44514.643,48310.025
2026-01-01T08:00Z,2026-01-01 09:00,46498.402,51033.549
2026-01-01T09:00Z,2026-01-01 10:00,48618.798,52690.871
2026-01-01T10:00Z,2026-01-01 11:00,50733.073,53833.689
2026-01-01T11:00Z,2026-01-01 12:00,51933.371,54082.183
2026-01-01T12:00Z,2026-01-01 13:00,51386.366,53302.925
2026-01-01T13:00Z,2026-01-01 14:00,51704.951,52477.454
2026-01-01T14:00Z,2026-01-01 15:00,52509.490,52572.095
2026-01-01T15:00Z,2026-01-01 16:00,54707.888,53581.986
2026-01-01T16:00Z,2026-01-01 17:00,56945.656,55972.484
2026-01-01T17:00Z,2026-01-01 18:00,56818.022,56984.274
2026-01-01T18:00Z,2026-01-01 19:00,55572.015,56255.761
2026-01-01T19:00Z,2026-01-01 20:00,53486.646,54733.292
2026-01-01T20:00Z,2026-01-01 21:00,51939.496,53005.699
2026-01-01T21:00Z,2026-01-01 22:00,50369.960,51290.751
2026-01-01T22:00Z,2026-01-01 23:00,48465.926,48629.629
2026-01-01T23:00Z,2026-01-02 00:00,46103.754,48128.123
2026-01-02T00:00Z,2026-01-02 01:00,45311.783,46485.260
2026-01-02T01:00Z,2026-01-02 02:00,44513.656,46085.548
2026-01-02T02:00Z,2026-01-02 03:00,44415.294,46256.151
2026-01-02T03:00Z,2026-01-02 04:00,45643.119,47430.883
2026-01-02T04:00Z,2026-01-02 05:00,47172.511,51118.339
2026-01-02T05:00Z,2026-01-02 06:00,49588.863,56214.752
2026-01-02T06:00Z,2026-01-02 07:00,53327.137,61154.860
2026-01-02T07:00Z,2026-01-02 08:00,56205.266,64004.871
2026-01-02T08:00Z,2026-01-02 09:00,58858.751,64883.855
2026-01-02T09:00Z,2026-01-02 10:00,61604.660,65439.098
2026-01-02T10:00Z,2026-01-02 11:00,62728.853,66822.742
2026-01-02T11:00Z,2026-01-02 12:00,63697.769,67807.632
2026-01-02T12:00Z,2026-01-02 13:00,62523.148,66720.715
2026-01-02T13:00Z,2026-01-02 14:00,61456.646,67643.467
2026-01-02T14:00Z,2026-01-02 15:00,61414.172,65501.645
2026-01-02T15:00Z,2026-01-02 16:00,62503.220,65706.430
2026-01-02T16:00Z,2026-01-02 17:00,64841.319,67208.385
2026-01-02T17:00Z,2026-01-02 18:00,64512.268,67401.128
2026-01-02T18:00Z,2026-01-02 19:00,62268.196,65285.372
2026-01-02T19:00Z,2026-01-02 20:00,58836.117,62139.060
2026-01-02T20:00Z,2026-01-02 21:00,56745.696,58792.701
2026-01-02T21:00Z,2026-01-02 22:00,55019.446,55945.289
2026-01-02T22:00Z,2026-01-02 23:00,52369.269,52228.150
2026-01-02T23:00Z,2026-01-03 00:00,51264.219,49200.716
2026-01-03T00:00Z,2026-01-03 01:00,49722.334,46937.826
2026-01-03T01:00Z,2026-01-03 02:00,48105.441,45707.479
2026-01-03T02:00Z,2026-01-03 03:00,47314.916,45024.555
2026-01-03T03:00Z,2026-01-03 04:00,47588.499,45264.080
2026-01-03T04:00Z,2026-01-03 05:00,48086.326,44675.982
2026-01-03T05:00Z,2026-01-03 06:00,48905.028,45681.413
2026-01-03T06:00Z,2026-01-03 07:00,51200.054,48247.287
2026-01-03T07:00Z,2026-01-03 08:00,53878.610,51746.446
2026-01-03T08:00Z,2026-01-03 09:00,56723.508,54667.681
2026-01-03T09:00Z,2026-01-03 10:00,59266.617,56366.969
2026-01-03T10:00Z,2026-01-03 11:00,61039.486,57180.758
2026-01-03T11:00Z,2026-01-03 12:00,61610.916,56716.987
2026-01-03T12:00Z,2026-01-03 13:00,59907.825,55435.981
2026-01-03T13:00Z,2026-01-03 14:00,59437.342,54181.952
2026-01-03T14:00Z,2026-01-03 15:00,59943.398,54205.986
2026-01-03T15:00Z,2026-01-03 16:00,61411.962,55332.991
2026-01-03T16:00Z,2026-01-03 17:00,63715.448,57818.170
2026-01-03T17:00Z,2026-01-03 18:00,63488.556,58943.363
2026-01-03T18:00Z,2026-01-03 19:00,62017.928,56799.044
2026-01-03T19:00Z,2026-01-03 20:00,58860.287,53806.833
2026-01-03T20:00Z,2026-01-03 21:00,55852.204,51273.470
2026-01-03T21:00Z,2026-01-03 22:00,54711.846,49143.476
2026-01-03T22:00Z,2026-01-03 23:00,52345.339,46487.137
2026-01-03T23:00Z,2026-01-04 00:00,49191.814,45495.361
2026-01-04T00:00Z,2026-01-04 01:00,47457.175,43947.021
2026-01-04T01:00Z,2026-01-04 02:00,46391.689,43034.198
2026-01-04T02:00Z,2026-01-04 03:00,46570.252,42831.683
2026-01-04T03:00Z,2026-01-04 04:00,46414.302,43117.787
2026-01-04T04:00Z,2026-01-04 05:00,46036.295,44829.841
2026-01-04T05:00Z,2026-01-04 06:00,45963.339,47242.228
2026-01-04T06:00Z,2026-01-04 07:00,47811.140,49269.019
2026-01-04T07:00Z,2026-01-04 08:00,50663.251,51930.849
2026-01-04T08:00Z,2026-01-04 09:00,53654.016,54269.696
2026-01-04T09:00Z,2026-01-04 10:00,55921.278,56178.475
2026-01-04T10:00Z,2026-01-04 11:00,58124.143,57361.153
2026-01-04T11:00Z,2026-01-04 12:00,58448.138,57215.973
2026-01-04T12:00Z,2026-01-04 13:00,57702.606,55982.217
2026-01-04T13:00Z,2026-01-04 14:00,56500.342,54914.312
2026-01-04T14:00Z,2026-01-04 15:00,56711.349,54769.587
2026-01-04T15:00Z,2026-01-04 16:00,58476.969,56030.045
2026-01-04T16:00Z,2026-01-04 17:00,61575.165,58202.611
2026-01-04T17:00Z,2026-01-04 18:00,62016.081,59503.519
2026-01-04T18:00Z,2026-01-04 19:00,60599.767,58662.006
2026-01-04T19:00Z,2026-01-04 20:00,58024.097,56387.587
2026-01-04T20:00Z,2026-01-04 21:00,56105.427,54338.727
2026-01-04T21:00Z,2026-01-04 22:00,54508.282,52545.173
2026-01-04T22:00Z,2026-01-04 23:00,51649.402,50156.008
2026-01-04T23:00Z,2026-01-05 00:00,49210.116,48487.510
2026-01-05T00:00Z,2026-01-05 01:00,47850.325,47094.756
2026-01-05T01:00Z,2026-01-05 02:00,47508.545,46656.605
2026-01-05T02:00Z,2026-01-05 03:00,47516.251,46577.896
2026-01-05T03:00Z,2026-01-05 04:00,48486.773,47593.562
2026-01-05T04:00Z,2026-01-05 05:00,51564.231,50748.829
2026-01-05T05:00Z,2026-01-05 06:00,57115.853,55717.722
2026-01-05T06:00Z,2026-01-05 07:00,62086.151,60288.952
2026-01-05T07:00Z,2026-01-05 08:00,65547.022,63520.716
2026-01-05T08:00Z,2026-01-05 09:00,67013.789,65341.979
2026-01-05T09:00Z,2026-01-05 10:00,67495.778,66517.214
2026-01-05T10:00Z,2026-01-05 11:00,68675.303,67427.896
2026-01-05T11:00Z,2026-01-05 12:00,68159.908,67456.269
2026-01-05T12:00Z,2026-01-05 13:00,67232.706,66423.030
2026-01-05T13:00Z,2026-01-05 14:00,65935.878,65277.122
2026-01-05T14:00Z,2026-01-05 15:00,66141.280,65028.876
2026-01-05T15:00Z,2026-01-05 16:00,67607.886,66202.465
2026-01-05T16:00Z,2026-01-05 17:00,69853.434,68699.629
2026-01-05T17:00Z,2026-01-05 18:00,70270.414,69098.262
2026-01-05T18:00Z,2026-01-05 19:00,68633.723,66772.580
2026-01-05T19:00Z,2026-01-05 20:00,65550.264,63436.048
2026-01-05T20:00Z,2026-01-05 21:00,62497.875,60051.707
2026-01-05T21:00Z,2026-01-05 22:00,59590.142,57516.859
2026-01-05T22:00Z,2026-01-05 23:00,56556.909,54200.861
2026-01-05T23:00Z,2026-01-06 00:00,54859.987,50697.136
2026-01-06T00:00Z,2026-01-06 01:00,52671.156,48888.054
2026-01-06T01:00Z,2026-01-06 02:00,51568.851,47942.805
2026-01-06T02:00Z,2026-01-06 03:00,51161.999,48064.800
2026-01-06T03:00Z,2026-01-06 04:00,52044.930,48753.181
2026-01-06T04:00Z,2026-01-06 05:00,53942.679,51559.296
2026-01-06T05:00Z,2026-01-06 06:00,58197.826,55357.040
2026-01-06T06:00Z,2026-01-06 07:00,62234.337,59019.360
2026-01-06T07:00Z,2026-01-06 08:00,65019.870,61221.232
2026-01-06T08:00Z,2026-01-06 09:00,66558.328,63079.333
2026-01-06T09:00Z,2026-01-06 10:00,67635.803,64494.928
2026-01-06T10:00Z,2026-01-06 11:00,68375.473,66239.453
2026-01-06T11:00Z,2026-01-06 12:00,68493.227,66552.427
2026-01-06T12:00Z,2026-01-06 13:00,67610.648,65579.243
2026-01-06T13:00Z,2026-01-06 14:00,66436.388,64330.593
2026-01-06T14:00Z,2026-01-06 15:00,66523.504,64072.260
2026-01-06T15:00Z,2026-01-06 16:00,67525.622,65492.933
2026-01-06T16:00Z,2026-01-06 17:00,70210.926,67848.171
2026-01-06T17:00Z,2026-01-06 18:00,70211.586,67670.494
2026-01-06T18:00Z,2026-01-06 19:00,68788.989,65556.475
2026-01-06T19:00Z,2026-01-06 20:00,65800.459,63005.722
2026-01-06T20:00Z,2026-01-06 21:00,63067.970,60229.159
2026-01-06T21:00Z,2026-01-06 22:00,60818.908,57666.008
2026-01-06T22:00Z,2026-01-06 23:00,58006.915,54573.603
2026-01-06T23:00Z,2026-01-07 00:00,55770.209,51518.535
2026-01-07T00:00Z,2026-01-07 01:00,54170.853,49640.926
2026-01-07T01:00Z,2026-01-07 02:00,53436.097,48895.237
2026-01-07T02:00Z,2026-01-07 03:00,53808.152,48979.773
2026-01-07T03:00Z,2026-01-07 04:00,55328.177,50159.778
2026-01-07T04:00Z,2026-01-07 05:00,58741.977,52911.012
2026-01-07T05:00Z,2026-01-07 06:00,66047.733,58380.860
2026-01-07T06:00Z,2026-01-07 07:00,71550.890,63407.974
2026-01-07T07:00Z,2026-01-07 08:00,74688.618,66710.082
2026-01-07T08:00Z,2026-01-07 09:00,75856.030,69205.147
2026-01-07T09:00Z,2026-01-07 10:00,76056.398,70446.275
2026-01-07T10:00Z,2026-01-07 11:00,75387.910,70805.570
2026-01-07T11:00Z,2026-01-07 12:00,75126.132,70232.133
2026-01-07T12:00Z,2026-01-07 13:00,73730.044,68996.701
2026-01-07T13:00Z,2026-01-07 14:00,72914.208,67304.067
2026-01-07T14:00Z,2026-01-07 15:00,72991.205,66097.055
2026-01-07T15:00Z,2026-01-07 16:00,74845.138,66599.631
2026-01-07T16:00Z,2026-01-07 17:00,77941.391,68415.389
2026-01-07T17:00Z,2026-01-07 18:00,77676.601,69228.931
2026-01-07T18:00Z,2026-01-07 19:00,76442.806,66914.609
2026-01-07T19:00Z,2026-01-07 20:00,72106.205,63951.163
2026-01-07T20:00Z,2026-01-07 21:00,67810.207,60730.724
2026-01-07T21:00Z,2026-01-07 22:00,64912.342,57362.360
2026-01-07T22:00Z,2026-01-07 23:00,61736.958,53730.827
2026-01-07T23:00Z,2026-01-08 00:00,59406.178,50872.331
2026-01-08T00:00Z,2026-01-08 01:00,57234.957,49069.991
2026-01-08T01:00Z,2026-01-08 02:00,56032.370,48513.456
2026-01-08T02:00Z,2026-01-08 03:00,55814.032,48946.066
2026-01-08T03:00Z,2026-01-08 04:00,56541.778,50673.755
2026-01-08T04:00Z,2026-01-08 05:00,59703.337,53997.117
2026-01-08T05:00Z,2026-01-08 06:00,66215.170,59370.198
2026-01-08T06:00Z,2026-01-08 07:00,71771.454,63942.897
2026-01-08T07:00Z,2026-01-08 08:00,75121.670,66901.589
2026-01-08T08:00Z,2026-01-08 09:00,76065.191,68861.960
2026-01-08T09:00Z,2026-01-08 10:00,76166.662,69591.788
2026-01-08T10:00Z,2026-01-08 11:00,76023.864,69848.395
2026-01-08T11:00Z,2026-01-08 12:00,74928.778,69805.188
2026-01-08T12:00Z,2026-01-08 13:00,73754.612,68745.584
2026-01-08T13:00Z,2026-01-08 14:00,73009.183,66864.129
2026-01-08T14:00Z,2026-01-08 15:00,72917.228,65969.848
2026-01-08T15:00Z,2026-01-08 16:00,73556.804,66345.925
2026-01-08T16:00Z,2026-01-08 17:00,75637.653,67630.089
2026-01-08T17:00Z,2026-01-08 18:00,74566.566,67818.529
2026-01-08T18:00Z,2026-01-08 19:00,73118.385,65697.573
2026-01-08T19:00Z,2026-01-08 20:00,70090.005,62798.502
2026-01-08T20:00Z,2026-01-08 21:00,66580.303,59164.676
2026-01-08T21:00Z,2026-01-08 22:00,63932.301,55941.106
2026-01-08T22:00Z,2026-01-08 23:00,59608.959,52644.218
2026-01-08T23:00Z,2026-01-09 00:00,57127.524,51094.187
2026-01-09T00:00Z,2026-01-09 01:00,55371.502,49597.748
2026-01-09T01:00Z,2026-01-09 02:00,54409.741,48761.281
2026-01-09T02:00Z,2026-01-09 03:00,55202.278,48984.996
2026-01-09T03:00Z,2026-01-09 04:00,56949.276,50550.163
2026-01-09T04:00Z,2026-01-09 05:00,59380.883,53765.143
2026-01-09T05:00Z,2026-01-09 06:00,65384.835,59199.340
2026-01-09T06:00Z,2026-01-09 07:00,70825.504,63699.909
2026-01-09T07:00Z,2026-01-09 08:00,74154.856,66924.653
2026-01-09T08:00Z,2026-01-09 09:00,74470.071,69297.397
2026-01-09T09:00Z,2026-01-09 10:00,74682.702,70024.893
2026-01-09T10:00Z,2026-01-09 11:00,75315.477,70014.064
2026-01-09T11:00Z,2026-01-09 12:00,74870.259,69065.269
2026-01-09T12:00Z,2026-01-09 13:00,73524.286,67397.370
2026-01-09T13:00Z,2026-01-09 14:00,72690.684,65777.738
2026-01-09T14:00Z,2026-01-09 15:00,72623.958,65294.335
2026-01-09T15:00Z,2026-01-09 16:00,73036.162,66460.800
2026-01-09T16:00Z,2026-01-09 17:00,75039.103,67638.899
2026-01-09T17:00Z,2026-01-09 18:00,73799.506,67662.986
2026-01-09T18:00Z,2026-01-09 19:00,71720.490,65282.790
2026-01-09T19:00Z,2026-01-09 20:00,67578.307,61846.850
2026-01-09T20:00Z,2026-01-09 21:00,63702.647,58520.546
2026-01-09T21:00Z,2026-01-09 22:00,61322.156,55348.639
2026-01-09T22:00Z,2026-01-09 23:00,57724.702,52158.763
2026-01-09T23:00Z,2026-01-10 00:00,55208.888,51672.664
2026-01-10T00:00Z,2026-01-10 01:00,52806.120,49445.472
2026-01-10T01:00Z,2026-01-10 02:00,52055.140,48408.580
2026-01-10T02:00Z,2026-01-10 03:00,52328.845,48007.955
2026-01-10T03:00Z,2026-01-10 04:00,52425.152,48030.644
2026-01-10T04:00Z,2026-01-10 05:00,52274.337,48166.049
2026-01-10T05:00Z,2026-01-10 06:00,53572.718,49220.791
2026-01-10T06:00Z,2026-01-10 07:00,55060.154,52222.193
2026-01-10T07:00Z,2026-01-10 08:00,58725.985,55935.248
2026-01-10T08:00Z,2026-01-10 09:00,62476.463,58766.352
2026-01-10T09:00Z,2026-01-10 10:00,64216.842,60486.703
2026-01-10T10:00Z,2026-01-10 11:00,65701.807,61201.372
2026-01-10T11:00Z,2026-01-10 12:00,65975.838,60506.672
2026-01-10T12:00Z,2026-01-10 13:00,65135.423,58659.039
2026-01-10T13:00Z,2026-01-10 14:00,64349.770,57338.028
2026-01-10T14:00Z,2026-01-10 15:00,64150.738,57326.112
2026-01-10T15:00Z,2026-01-10 16:00,65508.217,58735.987
2026-01-10T16:00Z,2026-01-10 17:00,68148.771,61603.742
2026-01-10T17:00Z,2026-01-10 18:00,67714.536,62248.876
2026-01-10T18:00Z,2026-01-10 19:00,65724.969,60038.764
2026-01-10T19:00Z,2026-01-10 20:00,62860.413,56845.537
2026-01-10T20:00Z,2026-01-10 21:00,60405.922,54172.520
2026-01-10T21:00Z,2026-01-10 22:00,58908.004,52275.725
2026-01-10T22:00Z,2026-01-10 23:00,56380.914,49391.538
2026-01-10T23:00Z,2026-01-11 00:00,54225.071,47240.195
2026-01-11T00:00Z,2026-01-11 01:00,52841.463,45640.014
2026-01-11T01:00Z,2026-01-11 02:00,51714.714,44773.001
2026-01-11T02:00Z,2026-01-11 03:00,51064.685,44566.731
2026-01-11T03:00Z,2026-01-11 04:00,51373.053,44666.513
2026-01-11T04:00Z,2026-01-11 05:00,51647.775,45591.958
2026-01-11T05:00Z,2026-01-11 06:00,51775.343,47527.501
2026-01-11T06:00Z,2026-01-11 07:00,53854.727,49956.961
2026-01-11T07:00Z,2026-01-11 08:00,56941.642,52848.340
2026-01-11T08:00Z,2026-01-11 09:00,59783.124,55720.566
2026-01-11T09:00Z,2026-01-11 10:00,61927.317,57666.696
2026-01-11T10:00Z,2026-01-11 11:00,63357.137,59145.383
2026-01-11T11:00Z,2026-01-11 12:00,62856.659,59157.212
2026-01-11T12:00Z,2026-01-11 13:00,61297.112,57885.697
2026-01-11T13:00Z,2026-01-11 14:00,60043.491,56278.629
2026-01-11T14:00Z,2026-01-11 15:00,60239.906,56217.243
2026-01-11T15:00Z,2026-01-11 16:00,62647.069,57825.293
2026-01-11T16:00Z,2026-01-11 17:00,66837.843,60397.221
2026-01-11T17:00Z,2026-01-11 18:00,67096.312,61043.904
2026-01-11T18:00Z,2026-01-11 19:00,65001.558,59761.330
2026-01-11T19:00Z,2026-01-11 20:00,62614.359,57284.569
2026-01-11T20:00Z,2026-01-11 21:00,60457.200,54780.769
2026-01-11T21:00Z,2026-01-11 22:00,59139.779,52890.245
2026-01-11T22:00Z,2026-01-11 23:00,56251.339,50383.009
2026-01-11T23:00Z,2026-01-12 00:00,54405.947,50117.457
2026-01-12T00:00Z,2026-01-12 01:00,52676.695,49119.336
2026-01-12T01:00Z,2026-01-12 02:00,52236.508,48891.017
2026-01-12T02:00Z,2026-01-12 03:00,52185.904,49525.976
2026-01-12T03:00Z,2026-01-12 04:00,53513.627,50932.797
2026-01-12T04:00Z,2026-01-12 05:00,57019.302,56481.876
2026-01-12T05:00Z,2026-01-12 06:00,65327.018,65390.359
2026-01-12T06:00Z,2026-01-12 07:00,71259.824,71462.267
2026-01-12T07:00Z,2026-01-12 08:00,75039.343,73732.059
2026-01-12T08:00Z,2026-01-12 09:00,76074.408,73767.979
2026-01-12T09:00Z,2026-01-12 10:00,76626.837,74335.701
2026-01-12T10:00Z,2026-01-12 11:00,76620.392,74511.839
2026-01-12T11:00Z,2026-01-12 12:00,76190.098,73821.434
2026-01-12T12:00Z,2026-01-12 13:00,75686.834,72151.599
2026-01-12T13:00Z,2026-01-12 14:00,74606.233,70614.383
2026-01-12T14:00Z,2026-01-12 15:00,74264.049,70206.298
2026-01-12T15:00Z,2026-01-12 16:00,74593.710,66371.021
2026-01-12T16:00Z,2026-01-12 17:00,75798.932,64562.415
2026-01-12T17:00Z,2026-01-12 18:00,74869.955,64918.145
2026-01-12T18:00Z,2026-01-12 19:00,73038.217,62739.970
2026-01-12T19:00Z,2026-01-12 20:00,69310.824,61140.932
2026-01-12T20:00Z,2026-01-12 21:00,65208.303,56712.012
2026-01-12T21:00Z,2026-01-12 22:00,61361.636,54073.589
2026-01-12T22:00Z,2026-01-12 23:00,57801.317,50654.574
2026-01-12T23:00Z,2026-01-13 00:00,54812.005,53916.058
2026-01-13T00:00Z,2026-01-13 01:00,53347.510,52763.497
2026-01-13T01:00Z,2026-01-13 02:00,52022.745,52524.220
2026-01-13T02:00Z,2026-01-13 03:00,51614.715,52843.417
2026-01-13T03:00Z,2026-01-13 04:00,52499.401,54167.575
2026-01-13T04:00Z,2026-01-13 05:00,55868.447,57447.915
2026-01-13T05:00Z,2026-01-13 06:00,62817.064,63415.910
2026-01-13T06:00Z,2026-01-13 07:00,68488.218,68677.209
2026-01-13T07:00Z,2026-01-13 08:00,71768.733,71717.336
2026-01-13T08:00Z,2026-01-13 09:00,72009.375,72088.918
2026-01-13T09:00Z,2026-01-13 10:00,71870.856,73040.038
2026-01-13T10:00Z,2026-01-13 11:00,72107.377,73801.782
2026-01-13T11:00Z,2026-01-13 12:00,71675.622,73971.785
2026-01-13T12:00Z,2026-01-13 13:00,70717.468,72902.238
2026-01-13T13:00Z,2026-01-13 14:00,69510.866,71306.825
2026-01-13T14:00Z,2026-01-13 15:00,69525.905,71025.576
2026-01-13T15:00Z,2026-01-13 16:00,70291.060,71530.676
2026-01-13T16:00Z,2026-01-13 17:00,72928.723,74404.716
2026-01-13T17:00Z,2026-01-13 18:00,73123.093,74331.530
2026-01-13T18:00Z,2026-01-13 19:00,71213.645,72530.523
2026-01-13T19:00Z,2026-01-13 20:00,68003.709,68904.218
2026-01-13T20:00Z,2026-01-13 21:00,64347.603,64489.792
2026-01-13T21:00Z,2026-01-13 22:00,61318.662,60948.866
2026-01-13T22:00Z,2026-01-13 23:00,58251.690,57674.436
2026-01-13T23:00Z,2026-01-14 00:00,54821.145,53809.601
2026-01-14T00:00Z,2026-01-14 01:00,52698.869,52386.300
2026-01-14T01:00Z,2026-01-14 02:00,52373.456,51597.205
2026-01-14T02:00Z,2026-01-14 03:00,52219.900,52137.983
2026-01-14T03:00Z,2026-01-14 04:00,53624.798,53564.024
2026-01-14T04:00Z,2026-01-14 05:00,57152.964,57161.493
2026-01-14T05:00Z,2026-01-14 06:00,64871.687,63452.330
2026-01-14T06:00Z,2026-01-14 07:00,70721.386,69005.364
2026-01-14T07:00Z,2026-01-14 08:00,73968.453,71727.216
2026-01-14T08:00Z,2026-01-14 09:00,73435.491,72181.536
2026-01-14T09:00Z,2026-01-14 10:00,73486.119,73034.180
2026-01-14T10:00Z,2026-01-14 11:00,73378.001,73473.329
2026-01-14T11:00Z,2026-01-14 12:00,72577.661,72529.989
2026-01-14T12:00Z,2026-01-14 13:00,71304.645,71352.052
2026-01-14T13:00Z,2026-01-14 14:00,69840.217,69588.882
2026-01-14T14:00Z,2026-01-14 15:00,69697.036,68905.339
2026-01-14T15:00Z,2026-01-14 16:00,70478.027,69476.031
2026-01-14T16:00Z,2026-01-14 17:00,72509.452,71000.895
2026-01-14T17:00Z,2026-01-14 18:00,72081.510,71446.870
2026-01-14T18:00Z,2026-01-14 19:00,70076.728,69287.428
2026-01-14T19:00Z,2026-01-14 20:00,67023.159,65772.473
2026-01-14T20:00Z,2026-01-14 21:00,63389.826,61984.600
2026-01-14T21:00Z,2026-01-14 22:00,59736.938,58486.874
2026-01-14T22:00Z,2026-01-14 23:00,56108.496,55202.157
2026-01-14T23:00Z,2026-01-15 00:00,52477.097,52828.386
2026-01-15T00:00Z,2026-01-15 01:00,51028.406,50959.915
2026-01-15T01:00Z,2026-01-15 02:00,50173.901,50252.376
2026-01-15T02:00Z,2026-01-15 03:00,50161.700,50591.341
2026-01-15T03:00Z,2026-01-15 04:00,51551.738,52096.863
2026-01-15T04:00Z,2026-01-15 05:00,55341.193,56216.132
2026-01-15T05:00Z,2026-01-15 06:00,63142.344,63057.531
2026-01-15T06:00Z,2026-01-15 07:00,68758.555,68692.091
2026-01-15T07:00Z,2026-01-15 08:00,72030.239,71979.349
2026-01-15T08:00Z,2026-01-15 09:00,72294.490,72408.021
2026-01-15T09:00Z,2026-01-15 10:00,72275.014,72668.159
2026-01-15T10:00Z,2026-01-15 11:00,72657.894,72379.929
2026-01-15T11:00Z,2026-01-15 12:00,71412.369,71597.499
2026-01-15T12:00Z,2026-01-15 13:00,69350.359,70891.947
2026-01-15T13:00Z,2026-01-15 14:00,67963.055,69368.423
2026-01-15T14:00Z,2026-01-15 15:00,67694.974,69357.090
2026-01-15T15:00Z,2026-01-15 16:00,69331.450,71344.189
2026-01-15T16:00Z,2026-01-15 17:00,71934.752,73568.870
2026-01-15T17:00Z,2026-01-15 18:00,71732.917,73055.887
2026-01-15T18:00Z,2026-01-15 19:00,70217.501,70663.417
2026-01-15T19:00Z,2026-01-15 20:00,67054.623,66831.594
2026-01-15T20:00Z,2026-01-15 21:00,63218.579,62628.041
2026-01-15T21:00Z,2026-01-15 22:00,60002.073,59347.937
2026-01-15T22:00Z,2026-01-15 23:00,56618.344,55794.389
2026-01-15T23:00Z,2026-01-16 00:00,54112.985,53034.504
2026-01-16T00:00Z,2026-01-16 01:00,52246.808,51461.519
2026-01-16T01:00Z,2026-01-16 02:00,52045.166,50914.488
2026-01-16T02:00Z,2026-01-16 03:00,52010.203,51190.674
2026-01-16T03:00Z,2026-01-16 04:00,53656.173,52531.323
2026-01-16T04:00Z,2026-01-16 05:00,57392.561,56346.974
2026-01-16T05:00Z,2026-01-16 06:00,65017.742,62867.570
2026-01-16T06:00Z,2026-01-16 07:00,70694.093,68665.892
2026-01-16T07:00Z,2026-01-16 08:00,73553.347,71384.655
2026-01-16T08:00Z,2026-01-16 09:00,73174.325,71796.012
2026-01-16T09:00Z,2026-01-16 10:00,72087.314,72285.023
2026-01-16T10:00Z,2026-01-16 11:00,70953.689,72361.686
2026-01-16T11:00Z,2026-01-16 12:00,69264.970,71378.666
2026-01-16T12:00Z,2026-01-16 13:00,67706.917,69954.472
2026-01-16T13:00Z,2026-01-16 14:00,65443.708,68286.239
2026-01-16T14:00Z,2026-01-16 15:00,65691.079,67156.517
2026-01-16T15:00Z,2026-01-16 16:00,67376.511,68079.208
2026-01-16T16:00Z,2026-01-16 17:00,69719.541,70087.641
2026-01-16T17:00Z,2026-01-16 18:00,69440.649,70360.722
2026-01-16T18:00Z,2026-01-16 19:00,66770.624,68873.520
2026-01-16T19:00Z,2026-01-16 20:00,63093.268,65475.218
2026-01-16T20:00Z,2026-01-16 21:00,59972.918,61313.328
2026-01-16T21:00Z,2026-01-16 22:00,56830.772,58115.409
2026-01-16T22:00Z,2026-01-16 23:00,53838.266,54762.557
2026-01-16T23:00Z,2026-01-17 00:00,50832.350,50937.404
2026-01-17T00:00Z,2026-01-17 01:00,48877.701,48865.021
2026-01-17T01:00Z,2026-01-17 02:00,47966.204,47969.845
2026-01-17T02:00Z,2026-01-17 03:00,47746.628,47771.625
2026-01-17T03:00Z,2026-01-17 04:00,48389.730,47937.999
2026-01-17T04:00Z,2026-01-17 05:00,49444.311,49574.170
2026-01-17T05:00Z,2026-01-17 06:00,51228.095,51961.053
2026-01-17T06:00Z,2026-01-17 07:00,53641.206,54716.794
2026-01-17T07:00Z,2026-01-17 08:00,56976.591,57627.397
2026-01-17T08:00Z,2026-01-17 09:00,59901.139,59795.536
2026-01-17T09:00Z,2026-01-17 10:00,60584.888,61350.980
2026-01-17T10:00Z,2026-01-17 11:00,61343.314,62134.998
2026-01-17T11:00Z,2026-01-17 12:00,60262.416,61823.182
2026-01-17T12:00Z,2026-01-17 13:00,58957.607,60555.260
2026-01-17T13:00Z,2026-01-17 14:00,58059.649,59251.756
2026-01-17T14:00Z,2026-01-17 15:00,58086.443,58926.113
2026-01-17T15:00Z,2026-01-17 16:00,59479.609,60653.074
2026-01-17T16:00Z,2026-01-17 17:00,62665.627,63078.811
2026-01-17T17:00Z,2026-01-17 18:00,62947.955,63900.656
2026-01-17T18:00Z,2026-01-17 19:00,61382.854,62284.914
2026-01-17T19:00Z,2026-01-17 20:00,58256.538,59080.927
2026-01-17T20:00Z,2026-01-17 21:00,56615.171,56051.782
2026-01-17T21:00Z,2026-01-17 22:00,54813.592,54127.358
2026-01-17T22:00Z,2026-01-17 23:00,51934.156,51411.942
2026-01-17T23:00Z,2026-01-18 00:00,49219.913,48962.257
2026-01-18T00:00Z,2026-01-18 01:00,47682.659,47423.492
2026-01-18T01:00Z,2026-01-18 02:00,46640.083,46540.789
2026-01-18T02:00Z,2026-01-18 03:00,46164.853,46449.253
2026-01-18T03:00Z,2026-01-18 04:00,46545.173,46780.137
2026-01-18T04:00Z,2026-01-18 05:00,46671.942,48390.554
2026-01-18T05:00Z,2026-01-18 06:00,47125.654,51287.990
2026-01-18T06:00Z,2026-01-18 07:00,49313.457,53690.906
2026-01-18T07:00Z,2026-01-18 08:00,52584.765,56158.840
2026-01-18T08:00Z,2026-01-18 09:00,55590.882,58505.964
2026-01-18T09:00Z,2026-01-18 10:00,57962.437,60060.629
2026-01-18T10:00Z,2026-01-18 11:00,58930.581,61947.753
2026-01-18T11:00Z,2026-01-18 12:00,59055.115,62216.386
2026-01-18T12:00Z,2026-01-18 13:00,56929.698,61305.858
2026-01-18T13:00Z,2026-01-18 14:00,55701.518,60119.985
2026-01-18T14:00Z,2026-01-18 15:00,55483.728,59606.835
2026-01-18T15:00Z,2026-01-18 16:00,58086.183,60969.834
2026-01-18T16:00Z,2026-01-18 17:00,62960.915,64238.629
2026-01-18T17:00Z,2026-01-18 18:00,64319.687,65028.825
2026-01-18T18:00Z,2026-01-18 19:00,62697.314,63839.558
2026-01-18T19:00Z,2026-01-18 20:00,60584.713,61496.539
2026-01-18T20:00Z,2026-01-18 21:00,59275.649,58766.642
2026-01-18T21:00Z,2026-01-18 22:00,57979.947,56698.879
2026-01-18T22:00Z,2026-01-18 23:00,54936.695,53837.423
2026-01-18T23:00Z,2026-01-19 00:00,53233.736,51587.369
2026-01-19T00:00Z,2026-01-19 01:00,51879.093,50257.409
2026-01-19T01:00Z,2026-01-19 02:00,51230.711,49654.837
2026-01-19T02:00Z,2026-01-19 03:00,50960.211,50007.670
2026-01-19T03:00Z,2026-01-19 04:00,52449.989,51287.515
2026-01-19T04:00Z,2026-01-19 05:00,56838.039,55683.295
2026-01-19T05:00Z,2026-01-19 06:00,65757.090,64383.193
2026-01-19T06:00Z,2026-01-19 07:00,71959.068,70861.924
2026-01-19T07:00Z,2026-01-19 08:00,74832.521,73359.015
2026-01-19T08:00Z,2026-01-19 09:00,74265.827,73151.298
2026-01-19T09:00Z,2026-01-19 10:00,73909.990,72844.812
2026-01-19T10:00Z,2026-01-19 11:00,73209.613,72909.846
2026-01-19T11:00Z,2026-01-19 12:00,72045.262,72122.349
2026-01-19T12:00Z,2026-01-19 13:00,70783.310,70867.750
2026-01-19T13:00Z,2026-01-19 14:00,69598.182,69426.068
2026-01-19T14:00Z,2026-01-19 15:00,69137.848,68784.217
2026-01-19T15:00Z,2026-01-19 16:00,70911.291,69394.787
2026-01-19T16:00Z,2026-01-19 17:00,74462.984,71222.609
2026-01-19T17:00Z,2026-01-19 18:00,74739.527,72492.789
2026-01-19T18:00Z,2026-01-19 19:00,73314.644,70897.324
2026-01-19T19:00Z,2026-01-19 20:00,69874.772,67790.593
2026-01-19T20:00Z,2026-01-19 21:00,66779.372,63997.336
2026-01-19T21:00Z,2026-01-19 22:00,63425.921,60716.011
2026-01-19T22:00Z,2026-01-19 23:00,59722.360,56912.116
2026-01-19T23:00Z,2026-01-20 00:00,56806.355,54528.622
2026-01-20T00:00Z,2026-01-20 01:00,54678.202,53237.468
2026-01-20T01:00Z,2026-01-20 02:00,54204.167,52790.965
2026-01-20T02:00Z,2026-01-20 03:00,54329.025,52995.637
2026-01-20T03:00Z,2026-01-20 04:00,55440.930,54250.254
2026-01-20T04:00Z,2026-01-20 05:00,58745.735,57528.904
2026-01-20T05:00Z,2026-01-20 06:00,65818.056,64073.950
2026-01-20T06:00Z,2026-01-20 07:00,71654.412,69715.318
2026-01-20T07:00Z,2026-01-20 08:00,74086.416,72623.831
2026-01-20T08:00Z,2026-01-20 09:00,73637.583,72644.582
2026-01-20T09:00Z,2026-01-20 10:00,73028.955,72946.826
2026-01-20T10:00Z,2026-01-20 11:00,72173.713,73210.339
2026-01-20T11:00Z,2026-01-20 12:00,70716.372,72526.890
2026-01-20T12:00Z,2026-01-20 13:00,69238.657,70906.307
2026-01-20T13:00Z,2026-01-20 14:00,67768.768,69282.982
2026-01-20T14:00Z,2026-01-20 15:00,67658.122,68681.632
2026-01-20T15:00Z,2026-01-20 16:00,69878.541,69236.942
2026-01-20T16:00Z,2026-01-20 17:00,74141.880,71961.467
2026-01-20T17:00Z,2026-01-20 18:00,74500.513,72474.850
2026-01-20T18:00Z,2026-01-20 19:00,73352.013,71080.394
2026-01-20T19:00Z,2026-01-20 20:00,70553.497,67829.629
2026-01-20T20:00Z,2026-01-20 21:00,67294.867,63874.860
2026-01-20T21:00Z,2026-01-20 22:00,63746.256,60734.036
2026-01-20T22:00Z,2026-01-20 23:00,59352.104,57285.837
2026-01-20T23:00Z,2026-01-21 00:00,56526.817,54180.047
2026-01-21T00:00Z,2026-01-21 01:00,55302.592,52769.286
2026-01-21T01:00Z,2026-01-21 02:00,54713.578,52025.526
2026-01-21T02:00Z,2026-01-21 03:00,54927.008,52439.715
2026-01-21T03:00Z,2026-01-21 04:00,56302.305,53738.141
2026-01-21T04:00Z,2026-01-21 05:00,60005.054,56963.935
2026-01-21T05:00Z,2026-01-21 06:00,67509.658,63715.273
2026-01-21T06:00Z,2026-01-21 07:00,73671.544,70311.275
2026-01-21T07:00Z,2026-01-21 08:00,75672.632,72856.010
2026-01-21T08:00Z,2026-01-21 09:00,74479.799,72780.041
2026-01-21T09:00Z,2026-01-21 10:00,73926.582,72905.254
2026-01-21T10:00Z,2026-01-21 11:00,72861.342,73128.962
2026-01-21T11:00Z,2026-01-21 12:00,71590.604,71781.200
2026-01-21T12:00Z,2026-01-21 13:00,69930.191,70335.647
2026-01-21T13:00Z,2026-01-21 14:00,68606.779,68627.963
2026-01-21T14:00Z,2026-01-21 15:00,69846.140,67817.370
2026-01-21T15:00Z,2026-01-21 16:00,71624.546,68652.375
2026-01-21T16:00Z,2026-01-21 17:00,74840.446,70501.581
2026-01-21T17:00Z,2026-01-21 18:00,75446.841,71375.719
2026-01-21T18:00Z,2026-01-21 19:00,74392.594,69832.470
2026-01-21T19:00Z,2026-01-21 20:00,71261.184,66499.456
2026-01-21T20:00Z,2026-01-21 21:00,67987.003,62843.980
2026-01-21T21:00Z,2026-01-21 22:00,64685.554,59453.624
2026-01-21T22:00Z,2026-01-21 23:00,60628.246,55900.166
2026-01-21T23:00Z,2026-01-22 00:00,58289.139,54230.137
2026-01-22T00:00Z,2026-01-22 01:00,57532.774,52398.067
2026-01-22T01:00Z,2026-01-22 02:00,56768.815,51826.537
2026-01-22T02:00Z,2026-01-22 03:00,56568.370,51954.240
2026-01-22T03:00Z,2026-01-22 04:00,58139.124,52898.373
2026-01-22T04:00Z,2026-01-22 05:00,62167.340,56190.296
2026-01-22T05:00Z,2026-01-22 06:00,69130.692,63035.213
2026-01-22T06:00Z,2026-01-22 07:00,75619.993,68793.461
2026-01-22T07:00Z,2026-01-22 08:00,78397.268,71748.922
2026-01-22T08:00Z,2026-01-22 09:00,77933.767,72392.279
2026-01-22T09:00Z,2026-01-22 10:00,76814.786,72429.107
2026-01-22T10:00Z,2026-01-22 11:00,75757.399,72681.728
2026-01-22T11:00Z,2026-01-22 12:00,74059.015,71946.301
2026-01-22T12:00Z,2026-01-22 13:00,72993.197,70359.590
2026-01-22T13:00Z,2026-01-22 14:00,72090.894,68403.686
2026-01-22T14:00Z,2026-01-22 15:00,72599.375,67488.845
2026-01-22T15:00Z,2026-01-22 16:00,73875.917,68333.564
2026-01-22T16:00Z,2026-01-22 17:00,77332.921,70967.601
2026-01-22T17:00Z,2026-01-22 18:00,77544.184,72102.148
2026-01-22T18:00Z,2026-01-22 19:00,76082.628,70642.422
2026-01-22T19:00Z,2026-01-22 20:00,72832.577,67118.940
2026-01-22T20:00Z,2026-01-22 21:00,69090.421,63513.475
2026-01-22T21:00Z,2026-01-22 22:00,65787.678,60258.656
2026-01-22T22:00Z,2026-01-22 23:00,62135.355,56742.971
2026-01-22T23:00Z,2026-01-23 00:00,58821.053,55196.271
2026-01-23T00:00Z,2026-01-23 01:00,57152.232,53460.430
2026-01-23T01:00Z,2026-01-23 02:00,56154.363,52924.133
2026-01-23T02:00Z,2026-01-23 03:00,55887.323,53231.355
2026-01-23T03:00Z,2026-01-23 04:00,56953.267,54480.167
2026-01-23T04:00Z,2026-01-23 05:00,60265.359,58103.059
2026-01-23T05:00Z,2026-01-23 06:00,67650.135,64470.086
2026-01-23T06:00Z,2026-01-23 07:00,73861.547,70012.850
2026-01-23T07:00Z,2026-01-23 08:00,76563.814,73045.065
2026-01-23T08:00Z,2026-01-23 09:00,76221.139,73996.166
2026-01-23T09:00Z,2026-01-23 10:00,75935.980,73960.330
2026-01-23T10:00Z,2026-01-23 11:00,75042.072,73367.347
2026-01-23T11:00Z,2026-01-23 12:00,73011.087,72056.180
2026-01-23T12:00Z,2026-01-23 13:00,71300.703,70162.698
2026-01-23T13:00Z,2026-01-23 14:00,70028.879,68260.928
2026-01-23T14:00Z,2026-01-23 15:00,71039.287,67285.526
2026-01-23T15:00Z,2026-01-23 16:00,72647.843,67843.933
2026-01-23T16:00Z,2026-01-23 17:00,74787.989,70364.538
2026-01-23T17:00Z,2026-01-23 18:00,75128.119,71013.608
2026-01-23T18:00Z,2026-01-23 19:00,73536.007,69117.735
2026-01-23T19:00Z,2026-01-23 20:00,70065.349,65666.143
2026-01-23T20:00Z,2026-01-23 21:00,66345.112,61921.302
2026-01-23T21:00Z,2026-01-23 22:00,63380.074,59041.616
2026-01-23T22:00Z,2026-01-23 23:00,60106.672,55637.292
2026-01-23T23:00Z,2026-01-24 00:00,56511.995,52430.340
2026-01-24T00:00Z,2026-01-24 01:00,54295.355,50411.706
2026-01-24T01:00Z,2026-01-24 02:00,52708.097,49306.796
2026-01-24T02:00Z,2026-01-24 03:00,52215.967,49066.785
2026-01-24T03:00Z,2026-01-24 04:00,51916.117,49108.973
2026-01-24T04:00Z,2026-01-24 05:00,52384.845,49741.557
2026-01-24T05:00Z,2026-01-24 06:00,53767.073,51217.135
2026-01-24T06:00Z,2026-01-24 07:00,56592.775,53981.486
2026-01-24T07:00Z,2026-01-24 08:00,60203.741,57431.487
2026-01-24T08:00Z,2026-01-24 09:00,62807.308,60045.712
2026-01-24T09:00Z,2026-01-24 10:00,63935.983,61859.007
2026-01-24T10:00Z,2026-01-24 11:00,64318.588,63050.905
2026-01-24T11:00Z,2026-01-24 12:00,63079.556,62680.670
2026-01-24T12:00Z,2026-01-24 13:00,61333.291,60891.317
2026-01-24T13:00Z,2026-01-24 14:00,60478.025,59132.481
2026-01-24T14:00Z,2026-01-24 15:00,60673.574,58481.635
2026-01-24T15:00Z,2026-01-24 16:00,62556.218,59746.836
2026-01-24T16:00Z,2026-01-24 17:00,65380.673,62352.820
2026-01-24T17:00Z,2026-01-24 18:00,66188.977,63160.206
2026-01-24T18:00Z,2026-01-24 19:00,64111.703,61300.785
2026-01-24T19:00Z,2026-01-24 20:00,60798.371,58188.993
2026-01-24T20:00Z,2026-01-24 21:00,58330.748,55497.872
2026-01-24T21:00Z,2026-01-24 22:00,56452.796,53344.411
2026-01-24T22:00Z,2026-01-24 23:00,53579.852,50605.972
2026-01-24T23:00Z,2026-01-25 00:00,51467.619,48364.925
2026-01-25T00:00Z,2026-01-25 01:00,49875.538,46723.662
2026-01-25T01:00Z,2026-01-25 02:00,48307.133,45962.747
2026-01-25T02:00Z,2026-01-25 03:00,48029.498,45667.408
2026-01-25T03:00Z,2026-01-25 04:00,48198.611,45832.517
2026-01-25T04:00Z,2026-01-25 05:00,48155.994,46706.713
2026-01-25T05:00Z,2026-01-25 06:00,48590.789,48572.049
2026-01-25T06:00Z,2026-01-25 07:00,50339.288,51026.276
2026-01-25T07:00Z,2026-01-25 08:00,53638.340,53859.618
2026-01-25T08:00Z,2026-01-25 09:00,57474.634,56497.062
2026-01-25T09:00Z,2026-01-25 10:00,60341.654,58635.922
2026-01-25T10:00Z,2026-01-25 11:00,62297.913,60007.419
2026-01-25T11:00Z,2026-01-25 12:00,61760.728,60124.901
2026-01-25T12:00Z,2026-01-25 13:00,60695.718,58901.213
2026-01-25T13:00Z,2026-01-25 14:00,60045.532,57298.169
2026-01-25T14:00Z,2026-01-25 15:00,60492.398,56922.207
2026-01-25T15:00Z,2026-01-25 16:00,61859.904,58194.768
2026-01-25T16:00Z,2026-01-25 17:00,65732.333,61074.127
2026-01-25T17:00Z,2026-01-25 18:00,66601.857,62158.322
2026-01-25T18:00Z,2026-01-25 19:00,64982.535,60713.379
2026-01-25T19:00Z,2026-01-25 20:00,62492.752,58449.938
2026-01-25T20:00Z,2026-01-25 21:00,60463.824,56406.445
2026-01-25T21:00Z,2026-01-25 22:00,58878.074,54624.143
2026-01-25T22:00Z,2026-01-25 23:00,56214.044,52088.023
2026-01-25T23:00Z,2026-01-26 00:00,54337.574,50486.561
2026-01-26T00:00Z,2026-01-26 01:00,52592.019,49161.903
2026-01-26T01:00Z,2026-01-26 02:00,51746.087,48623.296
2026-01-26T02:00Z,2026-01-26 03:00,51939.756,49133.670
2026-01-26T03:00Z,2026-01-26 04:00,53214.136,50239.090
2026-01-26T04:00Z,2026-01-26 05:00,57415.654,55428.522
2026-01-26T05:00Z,2026-01-26 06:00,65667.359,64780.412
2026-01-26T06:00Z,2026-01-26 07:00,71352.559,71444.608
2026-01-26T07:00Z,2026-01-26 08:00,74788.634,73671.835
2026-01-26T08:00Z,2026-01-26 09:00,76361.971,73254.854
2026-01-26T09:00Z,2026-01-26 10:00,77178.351,73223.089
2026-01-26T10:00Z,2026-01-26 11:00,77293.541,73068.402
2026-01-26T11:00Z,2026-01-26 12:00,77180.892,72504.913
2026-01-26T12:00Z,2026-01-26 13:00,76201.659,70898.542
2026-01-26T13:00Z,2026-01-26 14:00,74748.018,69474.167
2026-01-26T14:00Z,2026-01-26 15:00,73911.139,69018.643
2026-01-26T15:00Z,2026-01-26 16:00,73685.911,69973.314
2026-01-26T16:00Z,2026-01-26 17:00,75182.244,72291.841
2026-01-26T17:00Z,2026-01-26 18:00,75194.946,73490.283
2026-01-26T18:00Z,2026-01-26 19:00,73190.103,71337.913
2026-01-26T19:00Z,2026-01-26 20:00,69603.007,67622.518
2026-01-26T20:00Z,2026-01-26 21:00,65706.546,63791.957
2026-01-26T21:00Z,2026-01-26 22:00,62690.373,60438.414
2026-01-26T22:00Z,2026-01-26 23:00,59253.296,56383.592
2026-01-26T23:00Z,2026-01-27 00:00,56588.446,53951.431
2026-01-27T00:00Z,2026-01-27 01:00,54524.170,52720.865
2026-01-27T01:00Z,2026-01-27 02:00,52978.320,51994.645
2026-01-27T02:00Z,2026-01-27 03:00,53666.911,52228.091
2026-01-27T03:00Z,2026-01-27 04:00,55315.313,53505.644
2026-01-27T04:00Z,2026-01-27 05:00,58163.776,57091.759
2026-01-27T05:00Z,2026-01-27 06:00,65570.258,63764.730
2026-01-27T06:00Z,2026-01-27 07:00,71510.193,69552.704
2026-01-27T07:00Z,2026-01-27 08:00,73842.465,72750.125
2026-01-27T08:00Z,2026-01-27 09:00,74229.698,72760.379
2026-01-27T09:00Z,2026-01-27 10:00,74596.529,73224.189
2026-01-27T10:00Z,2026-01-27 11:00,74074.448,73452.590
2026-01-27T11:00Z,2026-01-27 12:00,73567.184,73013.042
2026-01-27T12:00Z,2026-01-27 13:00,72138.375,71408.744
2026-01-27T13:00Z,2026-01-27 14:00,71583.319,69556.683
2026-01-27T14:00Z,2026-01-27 15:00,71856.552,69507.242
2026-01-27T15:00Z,2026-01-27 16:00,72752.523,70511.131
2026-01-27T16:00Z,2026-01-27 17:00,75487.666,73689.173
2026-01-27T17:00Z,2026-01-27 18:00,75291.108,73692.389
2026-01-27T18:00Z,2026-01-27 19:00,73409.257,71962.650
2026-01-27T19:00Z,2026-01-27 20:00,69772.372,68583.833
2026-01-27T20:00Z,2026-01-27 21:00,66253.013,64347.944
2026-01-27T21:00Z,2026-01-27 22:00,62527.370,61187.996
2026-01-27T22:00Z,2026-01-27 23:00,59019.304,57484.537
2026-01-27T23:00Z,2026-01-28 00:00,56143.899,55148.457
2026-01-28T00:00Z,2026-01-28 01:00,54595.241,53517.901
2026-01-28T01:00Z,2026-01-28 02:00,53874.225,52779.982
2026-01-28T02:00Z,2026-01-28 03:00,54090.515,53249.558
2026-01-28T03:00Z,2026-01-28 04:00,55418.976,54558.974
2026-01-28T04:00Z,2026-01-28 05:00,58840.103,58158.104
2026-01-28T05:00Z,2026-01-28 06:00,66154.624,64889.019
2026-01-28T06:00Z,2026-01-28 07:00,71660.405,71065.908
2026-01-28T07:00Z,2026-01-28 08:00,74228.300,73568.145
2026-01-28T08:00Z,2026-01-28 09:00,74784.512,73242.746
2026-01-28T09:00Z,2026-01-28 10:00,74893.233,73385.534
2026-01-28T10:00Z,2026-01-28 11:00,75119.505,73122.084
2026-01-28T11:00Z,2026-01-28 12:00,74923.623,72061.417
2026-01-28T12:00Z,2026-01-28 13:00,74047.847,70878.487
2026-01-28T13:00Z,2026-01-28 14:00,73787.086,69531.445
2026-01-28T14:00Z,2026-01-28 15:00,73449.801,69501.439
2026-01-28T15:00Z,2026-01-28 16:00,74446.856,70494.599
2026-01-28T16:00Z,2026-01-28 17:00,76733.290,72289.018
2026-01-28T17:00Z,2026-01-28 18:00,76130.116,72728.524
2026-01-28T18:00Z,2026-01-28 19:00,74771.925,71052.255
2026-01-28T19:00Z,2026-01-28 20:00,71848.637,67852.260
2026-01-28T20:00Z,2026-01-28 21:00,67916.700,64046.072
2026-01-28T21:00Z,2026-01-28 22:00,63949.834,60595.781
2026-01-28T22:00Z,2026-01-28 23:00,60028.474,57353.485
2026-01-28T23:00Z,2026-01-29 00:00,57342.284,54097.698
2026-01-29T00:00Z,2026-01-29 01:00,55370.062,52057.072
2026-01-29T01:00Z,2026-01-29 02:00,54724.094,51151.186
2026-01-29T02:00Z,2026-01-29 03:00,55030.874,51574.933
2026-01-29T03:00Z,2026-01-29 04:00,56168.081,53141.790
2026-01-29T04:00Z,2026-01-29 05:00,59985.881,57357.068
2026-01-29T05:00Z,2026-01-29 06:00,67337.716,63816.383
2026-01-29T06:00Z,2026-01-29 07:00,73428.117,69761.202
2026-01-29T07:00Z,2026-01-29 08:00,76398.110,73004.214
2026-01-29T08:00Z,2026-01-29 09:00,77574.102,73505.161
2026-01-29T09:00Z,2026-01-29 10:00,78434.820,73738.550
2026-01-29T10:00Z,2026-01-29 11:00,79007.640,73772.968
2026-01-29T11:00Z,2026-01-29 12:00,78904.376,73180.946
2026-01-29T12:00Z,2026-01-29 13:00,78166.371,72018.041
2026-01-29T13:00Z,2026-01-29 14:00,76887.811,70770.761
2026-01-29T14:00Z,2026-01-29 15:00,76096.964,70250.577
2026-01-29T15:00Z,2026-01-29 16:00,75722.495,71983.355
2026-01-29T16:00Z,2026-01-29 17:00,77622.987,73878.197
2026-01-29T17:00Z,2026-01-29 18:00,77687.326,73320.245
2026-01-29T18:00Z,2026-01-29 19:00,76276.355,70945.175
2026-01-29T19:00Z,2026-01-29 20:00,72604.306,67465.954
2026-01-29T20:00Z,2026-01-29 21:00,68654.093,63500.598
2026-01-29T21:00Z,2026-01-29 22:00,64947.136,60169.053
2026-01-29T22:00Z,2026-01-29 23:00,61280.589,56668.753
2026-01-29T23:00Z,2026-01-30 00:00,58459.721,54046.421
2026-01-30T00:00Z,2026-01-30 01:00,56120.860,52469.657
2026-01-30T01:00Z,2026-01-30 02:00,55213.872,51971.287
2026-01-30T02:00Z,2026-01-30 03:00,55440.672,52255.296
2026-01-30T03:00Z,2026-01-30 04:00,56579.527,53757.899
2026-01-30T04:00Z,2026-01-30 05:00,59966.771,57669.486
2026-01-30T05:00Z,2026-01-30 06:00,66939.183,64360.880
2026-01-30T06:00Z,2026-01-30 07:00,72975.765,69971.747
2026-01-30T07:00Z,2026-01-30 08:00,75792.188,72678.975
2026-01-30T08:00Z,2026-01-30 09:00,75960.043,74038.830
2026-01-30T09:00Z,2026-01-30 10:00,75971.342,74101.910
2026-01-30T10:00Z,2026-01-30 11:00,75931.244,73934.039
2026-01-30T11:00Z,2026-01-30 12:00,75241.633,73089.550
2026-01-30T12:00Z,2026-01-30 13:00,73688.146,71165.681
2026-01-30T13:00Z,2026-01-30 14:00,71829.842,69468.005
2026-01-30T14:00Z,2026-01-30 15:00,71214.391,68912.456
2026-01-30T15:00Z,2026-01-30 16:00,72039.234,70283.986
2026-01-30T16:00Z,2026-01-30 17:00,74094.980,72068.113
2026-01-30T17:00Z,2026-01-30 18:00,74600.847,71855.242
2026-01-30T18:00Z,2026-01-30 19:00,72590.127,69487.743
2026-01-30T19:00Z,2026-01-30 20:00,68896.465,65916.194
2026-01-30T20:00Z,2026-01-30 21:00,64972.500,62112.646
2026-01-30T21:00Z,2026-01-30 22:00,61239.115,58801.811
2026-01-30T22:00Z,2026-01-30 23:00,57693.719,55323.508
2026-01-30T23:00Z,2026-01-31 00:00,54485.267,54033.353
2026-01-31T00:00Z,2026-01-31 01:00,52754.382,51759.334
2026-01-31T01:00Z,2026-01-31 02:00,51608.421,50564.165
2026-01-31T02:00Z,2026-01-31 03:00,51043.937,50229.975
2026-01-31T03:00Z,2026-01-31 04:00,51100.390,50185.879
2026-01-31T04:00Z,2026-01-31 05:00,51563.681,51450.164
2026-01-31T05:00Z,2026-01-31 06:00,53471.360,53320.247
2026-01-31T06:00Z,2026-01-31 07:00,56191.300,56104.932
2026-01-31T07:00Z,2026-01-31 08:00,59643.288,59066.277
2026-01-31T08:00Z,2026-01-31 09:00,63158.708,61582.000
2026-01-31T09:00Z,2026-01-31 10:00,64545.842,63215.652
2026-01-31T10:00Z,2026-01-31 11:00,64641.623,64098.505
2026-01-31T11:00Z,2026-01-31 12:00,63520.393,63828.230
2026-01-31T12:00Z,2026-01-31 13:00,62477.680,62178.832
2026-01-31T13:00Z,2026-01-31 14:00,61507.570,60109.987
2026-01-31T14:00Z,2026-01-31 15:00,61934.849,59977.495
2026-01-31T15:00Z,2026-01-31 16:00,63186.114,61666.797
2026-01-31T16:00Z,2026-01-31 17:00,65900.860,64146.944
2026-01-31T17:00Z,2026-01-31 18:00,66695.872,65013.699
2026-01-31T18:00Z,2026-01-31 19:00,65229.559,63446.674
2026-01-31T19:00Z,2026-01-31 20:00,61861.834,60341.787
2026-01-31T20:00Z,2026-01-31 21:00,59224.911,57197.284
2026-01-31T21:00Z,2026-01-31 22:00,57573.179,55237.349
2026-01-31T22:00Z,2026-01-31 23:00,54619.429,52578.721
2026-01-31T23:00Z,2026-02-01 00:00,51345.490,49925.351
2026-02-01T00:00Z,2026-02-01 01:00,49245.485,48228.064
2026-02-01T01:00Z,2026-02-01 02:00,48372.143,47340.511
2026-02-01T02:00Z,2026-02-01 03:00,47901.917,47308.755
2026-02-01T03:00Z,2026-02-01 04:00,47943.399,47505.142
2026-02-01T04:00Z,2026-02-01 05:00,48130.016,48102.529
2026-02-01T05:00Z,2026-02-01 06:00,48841.692,49894.889
2026-02-01T06:00Z,2026-02-01 07:00,50715.102,52316.139
2026-02-01T07:00Z,2026-02-01 08:00,54387.438,55372.480
2026-02-01T08:00Z,2026-02-01 09:00,57749.047,58024.091
2026-02-01T09:00Z,2026-02-01 10:00,60205.582,59854.417
2026-02-01T10:00Z,2026-02-01 11:00,61584.970,61308.144
2026-02-01T11:00Z,2026-02-01 12:00,61387.613,61515.178
2026-02-01T12:00Z,2026-02-01 13:00,59900.052,60645.144
2026-02-01T13:00Z,2026-02-01 14:00,58840.600,59158.887
2026-02-01T14:00Z,2026-02-01 15:00,58877.356,58878.745
2026-02-01T15:00Z,2026-02-01 16:00,60324.427,60313.177
2026-02-01T16:00Z,2026-02-01 17:00,63924.625,63656.925
2026-02-01T17:00Z,2026-02-01 18:00,65548.333,64208.192
2026-02-01T18:00Z,2026-02-01 19:00,64477.392,62892.123
2026-02-01T19:00Z,2026-02-01 20:00,62244.053,60304.478
2026-02-01T20:00Z,2026-02-01 21:00,59737.900,57661.568
2026-02-01T21:00Z,2026-02-01 22:00,58088.877,55856.209
2026-02-01T22:00Z,2026-02-01 23:00,55544.351,52963.587
2026-02-01T23:00Z,2026-02-02 00:00,52586.003,50947.129
2026-02-02T00:00Z,2026-02-02 01:00,51319.906,49637.776
2026-02-02T01:00Z,2026-02-02 02:00,50813.998,49215.847
2026-02-02T02:00Z,2026-02-02 03:00,51347.245,49770.362
2026-02-02T03:00Z,2026-02-02 04:00,52876.788,50906.030
2026-02-02T04:00Z,2026-02-02 05:00,56930.008,55984.905
2026-02-02T05:00Z,2026-02-02 06:00,65199.157,65259.289
2026-02-02T06:00Z,2026-02-02 07:00,71309.270,72249.855
2026-02-02T07:00Z,2026-02-02 08:00,74391.608,74585.987
2026-02-02T08:00Z,2026-02-02 09:00,75160.172,74426.870
2026-02-02T09:00Z,2026-02-02 10:00,75649.761,74393.163
2026-02-02T10:00Z,2026-02-02 11:00,74977.766,74450.603
2026-02-02T11:00Z,2026-02-02 12:00,74124.739,74250.439
2026-02-02T12:00Z,2026-02-02 13:00,73720.843,72903.089
2026-02-02T13:00Z,2026-02-02 14:00,72652.153,71004.870
2026-02-02T14:00Z,2026-02-02 15:00,72357.203,69871.106
2026-02-02T15:00Z,2026-02-02 16:00,72966.258,70601.073
2026-02-02T16:00Z,2026-02-02 17:00,75278.146,72981.189
2026-02-02T17:00Z,2026-02-02 18:00,76462.951,74361.259
2026-02-02T18:00Z,2026-02-02 19:00,75313.416,72090.155
2026-02-02T19:00Z,2026-02-02 20:00,71959.837,68472.450
2026-02-02T20:00Z,2026-02-02 21:00,68626.857,64321.698
2026-02-02T21:00Z,2026-02-02 22:00,65003.272,60855.980
2026-02-02T22:00Z,2026-02-02 23:00,61102.381,56724.625
2026-02-02T23:00Z,2026-02-03 00:00,58289.763,54122.766
2026-02-03T00:00Z,2026-02-03 01:00,56722.703,52691.358
2026-02-03T01:00Z,2026-02-03 02:00,55620.219,52163.493
2026-02-03T02:00Z,2026-02-03 03:00,56296.251,52748.601
2026-02-03T03:00Z,2026-02-03 04:00,57625.182,54047.253
2026-02-03T04:00Z,2026-02-03 05:00,61015.907,57593.616
2026-02-03T05:00Z,2026-02-03 06:00,68438.751,64347.220
2026-02-03T06:00Z,2026-02-03 07:00,74353.051,70328.587
2026-02-03T07:00Z,2026-02-03 08:00,77217.781,73470.062
2026-02-03T08:00Z,2026-02-03 09:00,77356.424,73191.630
2026-02-03T09:00Z,2026-02-03 10:00,77152.794,73505.866
2026-02-03T10:00Z,2026-02-03 11:00,76961.979,73706.609
2026-02-03T11:00Z,2026-02-03 12:00,76940.678,73455.157
2026-02-03T12:00Z,2026-02-03 13:00,76107.586,72189.408
2026-02-03T13:00Z,2026-02-03 14:00,74981.292,70634.202
2026-02-03T14:00Z,2026-02-03 15:00,74505.788,69612.349
2026-02-03T15:00Z,2026-02-03 16:00,75182.176,70285.305
2026-02-03T16:00Z,2026-02-03 17:00,77994.699,73149.688
2026-02-03T17:00Z,2026-02-03 18:00,78330.288,73208.173
2026-02-03T18:00Z,2026-02-03 19:00,76469.158,71762.684
2026-02-03T19:00Z,2026-02-03 20:00,72707.530,68136.663
2026-02-03T20:00Z,2026-02-03 21:00,68915.467,63828.663
2026-02-03T21:00Z,2026-02-03 22:00,65593.247,60525.663
2026-02-03T22:00Z,2026-02-03 23:00,61632.754,56885.112
2026-02-03T23:00Z,2026-02-04 00:00,58605.033,54236.290
2026-02-04T00:00Z,2026-02-04 01:00,57069.554,52443.190
2026-02-04T01:00Z,2026-02-04 02:00,56716.514,51826.564
2026-02-04T02:00Z,2026-02-04 03:00,56139.878,52442.767
2026-02-04T03:00Z,2026-02-04 04:00,57288.282,53908.860
2026-02-04T04:00Z,2026-02-04 05:00,60228.304,57312.881
2026-02-04T05:00Z,2026-02-04 06:00,67665.487,64015.442
2026-02-04T06:00Z,2026-02-04 07:00,72919.707,69980.322
2026-02-04T07:00Z,2026-02-04 08:00,75326.954,72715.361
2026-02-04T08:00Z,2026-02-04 09:00,75594.671,72537.608
2026-02-04T09:00Z,2026-02-04 10:00,75061.619,72741.862
2026-02-04T10:00Z,2026-02-04 11:00,74570.239,72857.849
2026-02-04T11:00Z,2026-02-04 12:00,74137.739,72186.086
2026-02-04T12:00Z,2026-02-04 13:00,73606.028,71067.654
2026-02-04T13:00Z,2026-02-04 14:00,72211.832,69279.349
2026-02-04T14:00Z,2026-02-04 15:00,72524.411,68488.645
2026-02-04T15:00Z,2026-02-04 16:00,72982.167,69067.636
2026-02-04T16:00Z,2026-02-04 17:00,75442.930,70918.228
2026-02-04T17:00Z,2026-02-04 18:00,76549.829,71333.773
2026-02-04T18:00Z,2026-02-04 19:00,75191.100,69666.731
2026-02-04T19:00Z,2026-02-04 20:00,71864.908,66346.089
2026-02-04T20:00Z,2026-02-04 21:00,67737.809,62364.811
2026-02-04T21:00Z,2026-02-04 22:00,64090.751,58875.426
2026-02-04T22:00Z,2026-02-04 23:00,60486.096,55353.900
2026-02-04T23:00Z,2026-02-05 00:00,57720.276,54908.614
2026-02-05T00:00Z,2026-02-05 01:00,56621.802,53299.906
2026-02-05T01:00Z,2026-02-05 02:00,55543.623,52501.674
2026-02-05T02:00Z,2026-02-05 03:00,55755.620,52698.328
2026-02-05T03:00Z,2026-02-05 04:00,56696.802,52701.203
2026-02-05T04:00Z,2026-02-05 05:00,60119.831,55691.052
2026-02-05T05:00Z,2026-02-05 06:00,67874.206,62846.575
2026-02-05T06:00Z,2026-02-05 07:00,73803.217,68725.554
2026-02-05T07:00Z,2026-02-05 08:00,76328.592,70978.482
2026-02-05T08:00Z,2026-02-05 09:00,76959.024,71571.402
2026-02-05T09:00Z,2026-02-05 10:00,76228.176,71625.475
2026-02-05T10:00Z,2026-02-05 11:00,76052.611,72250.999
2026-02-05T11:00Z,2026-02-05 12:00,75416.293,71533.925
2026-02-05T12:00Z,2026-02-05 13:00,73949.064,70229.783
2026-02-05T13:00Z,2026-02-05 14:00,72364.498,68861.198
2026-02-05T14:00Z,2026-02-05 15:00,71310.859,67672.071
2026-02-05T15:00Z,2026-02-05 16:00,71998.060,68756.153
2026-02-05T16:00Z,2026-02-05 17:00,74664.068,70449.424
2026-02-05T17:00Z,2026-02-05 18:00,75689.468,71749.812
2026-02-05T18:00Z,2026-02-05 19:00,74371.260,70640.990
2026-02-05T19:00Z,2026-02-05 20:00,70618.203,66578.697
2026-02-05T20:00Z,2026-02-05 21:00,67134.133,63565.476
2026-02-05T21:00Z,2026-02-05 22:00,63871.147,60354.276
2026-02-05T22:00Z,2026-02-05 23:00,59998.385,57037.748
2026-02-05T23:00Z,2026-02-06 00:00,57095.426,55122.146
2026-02-06T00:00Z,2026-02-06 01:00,55130.039,53425.654
2026-02-06T01:00Z,2026-02-06 02:00,54095.966,52751.775
2026-02-06T02:00Z,2026-02-06 03:00,54106.704,52861.005
2026-02-06T03:00Z,2026-02-06 04:00,55412.384,54064.105
2026-02-06T04:00Z,2026-02-06 05:00,58971.357,58392.834
2026-02-06T05:00Z,2026-02-06 06:00,65915.834,64856.287
2026-02-06T06:00Z,2026-02-06 07:00,71505.037,70974.554
2026-02-06T07:00Z,2026-02-06 08:00,73941.056,72801.306
2026-02-06T08:00Z,2026-02-06 09:00,74437.133,72566.401
2026-02-06T09:00Z,2026-02-06 10:00,74261.317,73318.706
2026-02-06T10:00Z,2026-02-06 11:00,73826.765,74132.486
2026-02-06T11:00Z,2026-02-06 12:00,73008.552,73876.721
2026-02-06T12:00Z,2026-02-06 13:00,71249.617,72211.917
2026-02-06T13:00Z,2026-02-06 14:00,69834.326,70624.475
2026-02-06T14:00Z,2026-02-06 15:00,69632.137,69423.012
2026-02-06T15:00Z,2026-02-06 16:00,70006.062,71120.669
2026-02-06T16:00Z,2026-02-06 17:00,71944.079,72586.386
2026-02-06T17:00Z,2026-02-06 18:00,72606.501,72343.572
2026-02-06T18:00Z,2026-02-06 19:00,70803.950,70444.865
2026-02-06T19:00Z,2026-02-06 20:00,66828.022,66958.210
2026-02-06T20:00Z,2026-02-06 21:00,63382.386,63089.996
2026-02-06T21:00Z,2026-02-06 22:00,60312.567,59836.397
2026-02-06T22:00Z,2026-02-06 23:00,56599.317,56626.834
2026-02-06T23:00Z,2026-02-07 00:00,53422.314,52834.629
2026-02-07T00:00Z,2026-02-07 01:00,51537.545,50781.096
2026-02-07T01:00Z,2026-02-07 02:00,50285.024,49470.655
2026-02-07T02:00Z,2026-02-07 03:00,49783.880,49169.419
2026-02-07T03:00Z,2026-02-07 04:00,49926.898,49181.725
2026-02-07T04:00Z,2026-02-07 05:00,50116.090,50614.385
2026-02-07T05:00Z,2026-02-07 06:00,51877.240,52560.250
2026-02-07T06:00Z,2026-02-07 07:00,54540.171,55279.142
2026-02-07T07:00Z,2026-02-07 08:00,57794.890,58507.674
2026-02-07T08:00Z,2026-02-07 09:00,60331.222,60932.471
2026-02-07T09:00Z,2026-02-07 10:00,61406.637,62561.523
2026-02-07T10:00Z,2026-02-07 11:00,61521.417,63227.123
2026-02-07T11:00Z,2026-02-07 12:00,60436.855,62463.112
2026-02-07T12:00Z,2026-02-07 13:00,58454.161,60730.706
2026-02-07T13:00Z,2026-02-07 14:00,57341.926,58870.687
2026-02-07T14:00Z,2026-02-07 15:00,57386.964,58303.105
2026-02-07T15:00Z,2026-02-07 16:00,58459.283,59934.607
2026-02-07T16:00Z,2026-02-07 17:00,61514.918,62366.452
2026-02-07T17:00Z,2026-02-07 18:00,63567.182,62840.503
2026-02-07T18:00Z,2026-02-07 19:00,62244.046,61655.735
2026-02-07T19:00Z,2026-02-07 20:00,59146.627,58776.588
2026-02-07T20:00Z,2026-02-07 21:00,56627.108,56074.427
2026-02-07T21:00Z,2026-02-07 22:00,54750.227,54132.661
2026-02-07T22:00Z,2026-02-07 23:00,51952.661,51235.998
2026-02-07T23:00Z,2026-02-08 00:00,49148.589,49029.577
2026-02-08T00:00Z,2026-02-08 01:00,47357.997,47218.175
2026-02-08T01:00Z,2026-02-08 02:00,46378.933,46352.093
2026-02-08T02:00Z,2026-02-08 03:00,45955.813,46030.264
2026-02-08T03:00Z,2026-02-08 04:00,46311.626,46292.443
2026-02-08T04:00Z,2026-02-08 05:00,46424.149,46728.639
2026-02-08T05:00Z,2026-02-08 06:00,47025.550,48142.021
2026-02-08T06:00Z,2026-02-08 07:00,49063.795,50741.733
2026-02-08T07:00Z,2026-02-08 08:00,52379.758,53818.610
2026-02-08T08:00Z,2026-02-08 09:00,55414.422,56570.304
2026-02-08T09:00Z,2026-02-08 10:00,57107.101,58489.568
2026-02-08T10:00Z,2026-02-08 11:00,58645.590,59619.795
2026-02-08T11:00Z,2026-02-08 12:00,58344.739,59530.933
2026-02-08T12:00Z,2026-02-08 13:00,57198.151,58048.553
2026-02-08T13:00Z,2026-02-08 14:00,55861.680,56462.703
2026-02-08T14:00Z,2026-02-08 15:00,55576.246,56448.641
2026-02-08T15:00Z,2026-02-08 16:00,56947.785,58526.843
2026-02-08T16:00Z,2026-02-08 17:00,60740.842,61598.047
2026-02-08T17:00Z,2026-02-08 18:00,63395.110,62828.826
2026-02-08T18:00Z,2026-02-08 19:00,62347.413,61562.472
2026-02-08T19:00Z,2026-02-08 20:00,60212.148,59156.594
2026-02-08T20:00Z,2026-02-08 21:00,58221.744,56493.959
2026-02-08T21:00Z,2026-02-08 22:00,56443.688,54592.867
2026-02-08T22:00Z,2026-02-08 23:00,53215.735,51896.804
2026-02-08T23:00Z,2026-02-09 00:00,50422.648,49103.517
2026-02-09T00:00Z,2026-02-09 01:00,49110.734,47875.031
2026-02-09T01:00Z,2026-02-09 02:00,48314.015,47344.481
2026-02-09T02:00Z,2026-02-09 03:00,48379.900,47698.059
2026-02-09T03:00Z,2026-02-09 04:00,49540.485,48945.094
2026-02-09T04:00Z,2026-02-09 05:00,53788.396,53985.944
2026-02-09T05:00Z,2026-02-09 06:00,62168.245,63035.390
2026-02-09T06:00Z,2026-02-09 07:00,67971.039,69515.823
2026-02-09T07:00Z,2026-02-09 08:00,70874.795,72325.628
2026-02-09T08:00Z,2026-02-09 09:00,71207.799,72584.111
2026-02-09T09:00Z,2026-02-09 10:00,71008.016,72952.332
2026-02-09T10:00Z,2026-02-09 11:00,70776.606,73223.257
2026-02-09T11:00Z,2026-02-09 12:00,70440.744,72405.379
2026-02-09T12:00Z,2026-02-09 13:00,69346.358,70813.142
2026-02-09T13:00Z,2026-02-09 14:00,68255.793,69497.779
2026-02-09T14:00Z,2026-02-09 15:00,67983.560,68931.430
2026-02-09T15:00Z,2026-02-09 16:00,67654.897,70247.715
2026-02-09T16:00Z,2026-02-09 17:00,69965.542,72805.933
2026-02-09T17:00Z,2026-02-09 18:00,71628.692,74453.426
2026-02-09T18:00Z,2026-02-09 19:00,70363.861,71925.134
2026-02-09T19:00Z,2026-02-09 20:00,66656.285,68030.065
2026-02-09T20:00Z,2026-02-09 21:00,63393.674,64104.267
2026-02-09T21:00Z,2026-02-09 22:00,60329.151,60922.144
2026-02-09T22:00Z,2026-02-09 23:00,56865.417,56941.948
2026-02-09T23:00Z,2026-02-10 00:00,53684.830,54217.689
2026-02-10T00:00Z,2026-02-10 01:00,51792.939,52600.218
2026-02-10T01:00Z,2026-02-10 02:00,51007.288,51947.345
2026-02-10T02:00Z,2026-02-10 03:00,51317.945,52428.038
2026-02-10T03:00Z,2026-02-10 04:00,52221.134,53473.234
2026-02-10T04:00Z,2026-02-10 05:00,55500.161,56761.036
2026-02-10T05:00Z,2026-02-10 06:00,63157.529,63133.189
2026-02-10T06:00Z,2026-02-10 07:00,68776.743,68785.333
2026-02-10T07:00Z,2026-02-10 08:00,70801.414,72132.361
2026-02-10T08:00Z,2026-02-10 09:00,70803.751,72674.921
2026-02-10T09:00Z,2026-02-10 10:00,70949.500,73376.905
2026-02-10T10:00Z,2026-02-10 11:00,71098.585,74013.488
2026-02-10T11:00Z,2026-02-10 12:00,70410.752,73745.394
2026-02-10T12:00Z,2026-02-10 13:00,69032.642,72437.927
2026-02-10T13:00Z,2026-02-10 14:00,68182.426,70918.386
2026-02-10T14:00Z,2026-02-10 15:00,67941.330,69941.462
2026-02-10T15:00Z,2026-02-10 16:00,67892.045,70420.814
2026-02-10T16:00Z,2026-02-10 17:00,70040.321,72589.609
2026-02-10T17:00Z,2026-02-10 18:00,71352.316,73130.634
2026-02-10T18:00Z,2026-02-10 19:00,69823.413,71508.032
2026-02-10T19:00Z,2026-02-10 20:00,66368.949,67799.774
2026-02-10T20:00Z,2026-02-10 21:00,62931.479,63837.982
2026-02-10T21:00Z,2026-02-10 22:00,59515.412,60983.813
2026-02-10T22:00Z,2026-02-10 23:00,55660.452,57265.574
2026-02-10T23:00Z,2026-02-11 00:00,52592.926,53927.382
2026-02-11T00:00Z,2026-02-11 01:00,50552.046,51795.795
2026-02-11T01:00Z,2026-02-11 02:00,49790.004,50934.654
2026-02-11T02:00Z,2026-02-11 03:00,50360.742,51253.627
2026-02-11T03:00Z,2026-02-11 04:00,50775.789,52424.137
2026-02-11T04:00Z,2026-02-11 05:00,54575.206,55525.730
2026-02-11T05:00Z,2026-02-11 06:00,62505.032,61971.360
2026-02-11T06:00Z,2026-02-11 07:00,68607.451,67627.506
2026-02-11T07:00Z,2026-02-11 08:00,70934.038,70391.565
2026-02-11T08:00Z,2026-02-11 09:00,71609.499,71016.436
2026-02-11T09:00Z,2026-02-11 10:00,71968.919,71599.144
2026-02-11T10:00Z,2026-02-11 11:00,72170.977,72194.395
2026-02-11T11:00Z,2026-02-11 12:00,71286.484,71627.841
2026-02-11T12:00Z,2026-02-11 13:00,69625.110,70471.655
2026-02-11T13:00Z,2026-02-11 14:00,68786.776,68905.259
2026-02-11T14:00Z,2026-02-11 15:00,68599.776,68182.816
2026-02-11T15:00Z,2026-02-11 16:00,68705.784,68686.747
2026-02-11T16:00Z,2026-02-11 17:00,70825.384,70190.952
2026-02-11T17:00Z,2026-02-11 18:00,72232.813,71027.003
2026-02-11T18:00Z,2026-02-11 19:00,70640.091,69530.786
2026-02-11T19:00Z,2026-02-11 20:00,67068.805,66106.599
2026-02-11T20:00Z,2026-02-11 21:00,63810.319,62380.583
2026-02-11T21:00Z,2026-02-11 22:00,60291.916,59274.081
2026-02-11T22:00Z,2026-02-11 23:00,56021.891,55789.627
2026-02-11T23:00Z,2026-02-12 00:00,52510.791,52911.675
2026-02-12T00:00Z,2026-02-12 01:00,50559.193,50895.256
2026-02-12T01:00Z,2026-02-12 02:00,50133.218,50216.051
2026-02-12T02:00Z,2026-02-12 03:00,50742.432,50227.292
2026-02-12T03:00Z,2026-02-12 04:00,52180.792,51060.514
2026-02-12T04:00Z,2026-02-12 05:00,55791.642,54528.061
2026-02-12T05:00Z,2026-02-12 06:00,63910.413,61347.935
2026-02-12T06:00Z,2026-02-12 07:00,69629.565,67204.779
2026-02-12T07:00Z,2026-02-12 08:00,71874.527,70185.003
2026-02-12T08:00Z,2026-02-12 09:00,72399.529,71137.633
2026-02-12T09:00Z,2026-02-12 10:00,71825.217,71830.796
2026-02-12T10:00Z,2026-02-12 11:00,71833.169,72037.016
2026-02-12T11:00Z,2026-02-12 12:00,71514.858,71558.340
2026-02-12T12:00Z,2026-02-12 13:00,71131.937,70534.633
2026-02-12T13:00Z,2026-02-12 14:00,70019.650,69110.412
2026-02-12T14:00Z,2026-02-12 15:00,69792.560,68063.562
2026-02-12T15:00Z,2026-02-12 16:00,69739.270,68447.189
2026-02-12T16:00Z,2026-02-12 17:00,71860.703,69924.367
2026-02-12T17:00Z,2026-02-12 18:00,73244.090,70938.101
2026-02-12T18:00Z,2026-02-12 19:00,71731.737,69414.189
2026-02-12T19:00Z,2026-02-12 20:00,68300.391,65836.850
2026-02-12T20:00Z,2026-02-12 21:00,64208.537,62634.625
2026-02-12T21:00Z,2026-02-12 22:00,60553.853,59406.217
2026-02-12T22:00Z,2026-02-12 23:00,57113.386,55821.206
2026-02-12T23:00Z,2026-02-13 00:00,53646.308,52663.813
2026-02-13T00:00Z,2026-02-13 01:00,51387.518,50971.465
2026-02-13T01:00Z,2026-02-13 02:00,50271.055,50453.325
2026-02-13T02:00Z,2026-02-13 03:00,50570.834,50897.753
2026-02-13T03:00Z,2026-02-13 04:00,51667.419,52017.608
2026-02-13T04:00Z,2026-02-13 05:00,55183.772,55670.584
2026-02-13T05:00Z,2026-02-13 06:00,63152.620,62288.424
2026-02-13T06:00Z,2026-02-13 07:00,68509.805,68195.233
2026-02-13T07:00Z,2026-02-13 08:00,71020.726,70994.147
2026-02-13T08:00Z,2026-02-13 09:00,71410.178,71676.593
2026-02-13T09:00Z,2026-02-13 10:00,71866.294,72233.330
2026-02-13T10:00Z,2026-02-13 11:00,71222.535,72429.258
2026-02-13T11:00Z,2026-02-13 12:00,70271.852,71612.270
2026-02-13T12:00Z,2026-02-13 13:00,68285.698,70007.435
2026-02-13T13:00Z,2026-02-13 14:00,67033.208,68424.221
2026-02-13T14:00Z,2026-02-13 15:00,66317.134,67526.967
2026-02-13T15:00Z,2026-02-13 16:00,66938.198,67927.522
2026-02-13T16:00Z,2026-02-13 17:00,68843.332,69524.430
2026-02-13T17:00Z,2026-02-13 18:00,69917.411,70096.131
2026-02-13T18:00Z,2026-02-13 19:00,68488.701,68319.196
2026-02-13T19:00Z,2026-02-13 20:00,65139.546,64865.292
2026-02-13T20:00Z,2026-02-13 21:00,62108.645,61030.404
2026-02-13T21:00Z,2026-02-13 22:00,58728.470,58042.799
2026-02-13T22:00Z,2026-02-13 23:00,55073.030,54625.377
2026-02-13T23:00Z,2026-02-14 00:00,51838.506,51165.401
2026-02-14T00:00Z,2026-02-14 01:00,49483.411,48963.750
2026-02-14T01:00Z,2026-02-14 02:00,48339.213,47859.851
2026-02-14T02:00Z,2026-02-14 03:00,48017.220,47545.075
2026-02-14T03:00Z,2026-02-14 04:00,48152.094,47468.070
2026-02-14T04:00Z,2026-02-14 05:00,48808.868,48688.616
2026-02-14T05:00Z,2026-02-14 06:00,50080.244,50472.778
2026-02-14T06:00Z,2026-02-14 07:00,53015.475,53210.387
2026-02-14T07:00Z,2026-02-14 08:00,56544.621,56411.518
2026-02-14T08:00Z,2026-02-14 09:00,59608.778,58592.375
2026-02-14T09:00Z,2026-02-14 10:00,61497.312,60238.090
2026-02-14T10:00Z,2026-02-14 11:00,62340.333,60722.138
2026-02-14T11:00Z,2026-02-14 12:00,61986.363,60081.847
2026-02-14T12:00Z,2026-02-14 13:00,60650.052,58451.456
2026-02-14T13:00Z,2026-02-14 14:00,59423.281,57000.395
2026-02-14T14:00Z,2026-02-14 15:00,59274.025,56647.009
2026-02-14T15:00Z,2026-02-14 16:00,60045.441,57882.952
2026-02-14T16:00Z,2026-02-14 17:00,62449.899,60031.368
2026-02-14T17:00Z,2026-02-14 18:00,63934.350,61456.058
2026-02-14T18:00Z,2026-02-14 19:00,62226.766,60407.081
2026-02-14T19:00Z,2026-02-14 20:00,58533.513,57552.838
2026-02-14T20:00Z,2026-02-14 21:00,55992.367,54760.299
2026-02-14T21:00Z,2026-02-14 22:00,54609.777,52800.838
2026-02-14T22:00Z,2026-02-14 23:00,51972.926,50053.409
2026-02-14T23:00Z,2026-02-15 00:00,49049.962,48821.171
2026-02-15T00:00Z,2026-02-15 01:00,47326.605,47024.036
2026-02-15T01:00Z,2026-02-15 02:00,46453.446,46172.373
2026-02-15T02:00Z,2026-02-15 03:00,46017.395,45814.673
2026-02-15T03:00Z,2026-02-15 04:00,45823.460,46116.252
2026-02-15T04:00Z,2026-02-15 05:00,45925.571,46606.056
2026-02-15T05:00Z,2026-02-15 06:00,46323.930,48112.173
2026-02-15T06:00Z,2026-02-15 07:00,48194.535,50620.122
2026-02-15T07:00Z,2026-02-15 08:00,51350.544,53456.529
2026-02-15T08:00Z,2026-02-15 09:00,54175.745,56169.301
2026-02-15T09:00Z,2026-02-15 10:00,55956.968,57734.253
2026-02-15T10:00Z,2026-02-15 11:00,57356.635,59037.860
2026-02-15T11:00Z,2026-02-15 12:00,56722.163,59216.066
2026-02-15T12:00Z,2026-02-15 13:00,54325.582,58085.739
2026-02-15T13:00Z,2026-02-15 14:00,52672.859,56520.144
2026-02-15T14:00Z,2026-02-15 15:00,53062.780,56594.900
2026-02-15T15:00Z,2026-02-15 16:00,54549.533,58004.169
2026-02-15T16:00Z,2026-02-15 17:00,58151.033,61378.523
2026-02-15T17:00Z,2026-02-15 18:00,62279.495,62662.950
2026-02-15T18:00Z,2026-02-15 19:00,61798.306,61374.180
2026-02-15T19:00Z,2026-02-15 20:00,60588.228,59079.999
2026-02-15T20:00Z,2026-02-15 21:00,59474.360,56740.711
2026-02-15T21:00Z,2026-02-15 22:00,58800.771,54790.028
2026-02-15T22:00Z,2026-02-15 23:00,56040.063,52207.434
2026-02-15T23:00Z,2026-02-16 00:00,53830.991,48505.126
2026-02-16T00:00Z,2026-02-16 01:00,52748.735,47253.685
2026-02-16T01:00Z,2026-02-16 02:00,51728.803,47003.481
2026-02-16T02:00Z,2026-02-16 03:00,51837.083,47462.426
2026-02-16T03:00Z,2026-02-16 04:00,52721.712,49013.546
2026-02-16T04:00Z,2026-02-16 05:00,55966.563,52832.543
2026-02-16T05:00Z,2026-02-16 06:00,63587.347,59115.103
2026-02-16T06:00Z,2026-02-16 07:00,68879.764,64486.205
2026-02-16T07:00Z,2026-02-16 08:00,72156.207,67827.323
2026-02-16T08:00Z,2026-02-16 09:00,73037.170,68752.910
2026-02-16T09:00Z,2026-02-16 10:00,73380.474,69299.749
2026-02-16T10:00Z,2026-02-16 11:00,73728.359,69720.523
2026-02-16T11:00Z,2026-02-16 12:00,72415.808,69498.373
2026-02-16T12:00Z,2026-02-16 13:00,70856.644,68386.251
2026-02-16T13:00Z,2026-02-16 14:00,69083.899,66806.744
2026-02-16T14:00Z,2026-02-16 15:00,68637.696,66354.822
2026-02-16T15:00Z,2026-02-16 16:00,69378.065,67219.803
2026-02-16T16:00Z,2026-02-16 17:00,71290.785,69672.188
2026-02-16T17:00Z,2026-02-16 18:00,73135.364,70374.023
2026-02-16T18:00Z,2026-02-16 19:00,71724.244,68355.706
2026-02-16T19:00Z,2026-02-16 20:00,68008.974,65222.571
2026-02-16T20:00Z,2026-02-16 21:00,64116.745,61789.064
2026-02-16T21:00Z,2026-02-16 22:00,60307.188,58680.825
2026-02-16T22:00Z,2026-02-16 23:00,56718.814,55056.639
2026-02-16T23:00Z,2026-02-17 00:00,53499.218,52414.260
2026-02-17T00:00Z,2026-02-17 01:00,51572.633,50733.375
2026-02-17T01:00Z,2026-02-17 02:00,50966.566,50339.292
2026-02-17T02:00Z,2026-02-17 03:00,51202.761,50480.421
2026-02-17T03:00Z,2026-02-17 04:00,52542.297,51806.733
2026-02-17T04:00Z,2026-02-17 05:00,55286.696,55251.316
2026-02-17T05:00Z,2026-02-17 06:00,62742.698,61455.423
2026-02-17T06:00Z,2026-02-17 07:00,67921.596,67468.348
2026-02-17T07:00Z,2026-02-17 08:00,70326.603,70799.893
2026-02-17T08:00Z,2026-02-17 09:00,70930.017,71190.501
2026-02-17T09:00Z,2026-02-17 10:00,71299.814,71194.515
2026-02-17T10:00Z,2026-02-17 11:00,71364.014,71557.430
2026-02-17T11:00Z,2026-02-17 12:00,70344.856,70922.021
2026-02-17T12:00Z,2026-02-17 13:00,69257.917,69786.301
2026-02-17T13:00Z,2026-02-17 14:00,68310.633,68175.444
2026-02-17T14:00Z,2026-02-17 15:00,67379.102,67496.821
2026-02-17T15:00Z,2026-02-17 16:00,67255.869,67775.049
2026-02-17T16:00Z,2026-02-17 17:00,69516.168,69687.114
2026-02-17T17:00Z,2026-02-17 18:00,71987.757,71220.882
2026-02-17T18:00Z,2026-02-17 19:00,70830.292,69798.521
2026-02-17T19:00Z,2026-02-17 20:00,67310.212,66262.178
2026-02-17T20:00Z,2026-02-17 21:00,64550.769,62591.168
2026-02-17T21:00Z,2026-02-17 22:00,60600.194,59224.978
2026-02-17T22:00Z,2026-02-17 23:00,56810.115,55763.328
2026-02-17T23:00Z,2026-02-18 00:00,53996.098,52300.256
2026-02-18T00:00Z,2026-02-18 01:00,52892.915,50257.586
2026-02-18T01:00Z,2026-02-18 02:00,52266.027,49524.612
2026-02-18T02:00Z,2026-02-18 03:00,51974.241,49983.005
2026-02-18T03:00Z,2026-02-18 04:00,53237.578,51666.115
2026-02-18T04:00Z,2026-02-18 05:00,56614.520,54452.123
2026-02-18T05:00Z,2026-02-18 06:00,63405.243,59932.355
2026-02-18T06:00Z,2026-02-18 07:00,69022.710,65447.434
2026-02-18T07:00Z,2026-02-18 08:00,71648.000,68287.565
2026-02-18T08:00Z,2026-02-18 09:00,71850.727,68758.581
2026-02-18T09:00Z,2026-02-18 10:00,71969.627,68897.840
2026-02-18T10:00Z,2026-02-18 11:00,72585.491,69079.178
2026-02-18T11:00Z,2026-02-18 12:00,71548.634,68424.927
2026-02-18T12:00Z,2026-02-18 13:00,68665.063,67266.833
2026-02-18T13:00Z,2026-02-18 14:00,67550.387,65783.071
2026-02-18T14:00Z,2026-02-18 15:00,67386.144,65442.186
2026-02-18T15:00Z,2026-02-18 16:00,67879.218,66003.606
2026-02-18T16:00Z,2026-02-18 17:00,70300.915,68026.045
2026-02-18T17:00Z,2026-02-18 18:00,72393.022,69269.487
2026-02-18T18:00Z,2026-02-18 19:00,71182.793,68000.142
2026-02-18T19:00Z,2026-02-18 20:00,67675.356,64973.258
2026-02-18T20:00Z,2026-02-18 21:00,63922.861,61252.620
2026-02-18T21:00Z,2026-02-18 22:00,60903.824,57714.141
2026-02-18T22:00Z,2026-02-18 23:00,57317.840,54042.186
2026-02-18T23:00Z,2026-02-19 00:00,54202.324,53175.773
2026-02-19T00:00Z,2026-02-19 01:00,53247.609,51320.416
2026-02-19T01:00Z,2026-02-19 02:00,52985.948,50753.615
2026-02-19T02:00Z,2026-02-19 03:00,53331.219,51241.208
2026-02-19T03:00Z,2026-02-19 04:00,55369.262,52496.461
2026-02-19T04:00Z,2026-02-19 05:00,58484.046,56275.189
2026-02-19T05:00Z,2026-02-19 06:00,64814.412,62690.100
2026-02-19T06:00Z,2026-02-19 07:00,71248.785,67895.363
2026-02-19T07:00Z,2026-02-19 08:00,73766.660,70642.590
2026-02-19T08:00Z,2026-02-19 09:00,73678.578,71169.202
2026-02-19T09:00Z,2026-02-19 10:00,73490.767,71550.098
2026-02-19T10:00Z,2026-02-19 11:00,73746.192,71747.654
2026-02-19T11:00Z,2026-02-19 12:00,73080.227,71593.428
2026-02-19T12:00Z,2026-02-19 13:00,72765.306,70536.476
2026-02-19T13:00Z,2026-02-19 14:00,70553.622,69460.826
2026-02-19T14:00Z,2026-02-19 15:00,69869.763,68823.749
2026-02-19T15:00Z,2026-02-19 16:00,70450.081,69728.074
2026-02-19T16:00Z,2026-02-19 17:00,72995.992,71758.548
2026-02-19T17:00Z,2026-02-19 18:00,74004.909,72162.000
2026-02-19T18:00Z,2026-02-19 19:00,72848.557,70137.845
2026-02-19T19:00Z,2026-02-19 20:00,69140.544,66760.287
2026-02-19T20:00Z,2026-02-19 21:00,65106.688,62634.878
2026-02-19T21:00Z,2026-02-19 22:00,62007.736,59123.355
2026-02-19T22:00Z,2026-02-19 23:00,58676.390,55615.902
2026-02-19T23:00Z,2026-02-20 00:00,55926.200,53093.424
2026-02-20T00:00Z,2026-02-20 01:00,54270.854,51421.030
2026-02-20T01:00Z,2026-02-20 02:00,53360.518,50939.508
2026-02-20T02:00Z,2026-02-20 03:00,53532.920,51190.630
2026-02-20T03:00Z,2026-02-20 04:00,55007.906,52217.872
2026-02-20T04:00Z,2026-02-20 05:00,58728.938,55873.068
2026-02-20T05:00Z,2026-02-20 06:00,66036.191,61916.358
2026-02-20T06:00Z,2026-02-20 07:00,70895.025,67668.055
2026-02-20T07:00Z,2026-02-20 08:00,73072.138,69919.540
2026-02-20T08:00Z,2026-02-20 09:00,73668.638,70545.581
2026-02-20T09:00Z,2026-02-20 10:00,73719.398,71460.514
2026-02-20T10:00Z,2026-02-20 11:00,73155.898,71585.798
2026-02-20T11:00Z,2026-02-20 12:00,71607.202,71081.027
2026-02-20T12:00Z,2026-02-20 13:00,70232.426,69780.633
2026-02-20T13:00Z,2026-02-20 14:00,69297.646,68609.018
2026-02-20T14:00Z,2026-02-20 15:00,69596.326,68004.785
2026-02-20T15:00Z,2026-02-20 16:00,70251.974,68411.562
2026-02-20T16:00Z,2026-02-20 17:00,72789.319,69630.086
2026-02-20T17:00Z,2026-02-20 18:00,73897.389,70030.636
2026-02-20T18:00Z,2026-02-20 19:00,71897.138,68228.698
2026-02-20T19:00Z,2026-02-20 20:00,67603.037,64707.735
2026-02-20T20:00Z,2026-02-20 21:00,63647.741,60636.893
2026-02-20T21:00Z,2026-02-20 22:00,60631.134,57478.695
2026-02-20T22:00Z,2026-02-20 23:00,57468.284,54304.831
2026-02-20T23:00Z,2026-02-21 00:00,54526.356,52644.422
2026-02-21T00:00Z,2026-02-21 01:00,52735.128,50981.628
2026-02-21T01:00Z,2026-02-21 02:00,51280.642,49830.281
2026-02-21T02:00Z,2026-02-21 03:00,50516.420,49457.005
2026-02-21T03:00Z,2026-02-21 04:00,50492.376,49438.555
2026-02-21T04:00Z,2026-02-21 05:00,51408.064,50970.786
2026-02-21T05:00Z,2026-02-21 06:00,52730.458,53284.626
2026-02-21T06:00Z,2026-02-21 07:00,55003.870,55717.349
2026-02-21T07:00Z,2026-02-21 08:00,58638.954,58552.916
2026-02-21T08:00Z,2026-02-21 09:00,60499.516,61001.393
2026-02-21T09:00Z,2026-02-21 10:00,61840.379,62520.937
2026-02-21T10:00Z,2026-02-21 11:00,62633.588,62885.734
2026-02-21T11:00Z,2026-02-21 12:00,62268.491,62121.066
2026-02-21T12:00Z,2026-02-21 13:00,61021.598,60480.197
2026-02-21T13:00Z,2026-02-21 14:00,59928.792,58948.106
2026-02-21T14:00Z,2026-02-21 15:00,59352.568,58456.231
2026-02-21T15:00Z,2026-02-21 16:00,60528.519,60205.543
2026-02-21T16:00Z,2026-02-21 17:00,63014.472,61719.201
2026-02-21T17:00Z,2026-02-21 18:00,64016.430,62221.564
2026-02-21T18:00Z,2026-02-21 19:00,62012.299,61268.525
2026-02-21T19:00Z,2026-02-21 20:00,58552.216,58772.231
2026-02-21T20:00Z,2026-02-21 21:00,56049.080,55994.700
2026-02-21T21:00Z,2026-02-21 22:00,53397.689,54019.139
2026-02-21T22:00Z,2026-02-21 23:00,49414.773,51129.577
2026-02-21T23:00Z,2026-02-22 00:00,46450.178,48205.878
2026-02-22T00:00Z,2026-02-22 01:00,44063.771,46543.152
2026-02-22T01:00Z,2026-02-22 02:00,42125.712,45579.752
2026-02-22T02:00Z,2026-02-22 03:00,41790.870,45116.794
2026-02-22T03:00Z,2026-02-22 04:00,42319.162,45220.770
2026-02-22T04:00Z,2026-02-22 05:00,42798.376,45993.337
2026-02-22T05:00Z,2026-02-22 06:00,43045.551,47814.483
2026-02-22T06:00Z,2026-02-22 07:00,44968.365,50399.320
2026-02-22T07:00Z,2026-02-22 08:00,48260.642,53138.474
2026-02-22T08:00Z,2026-02-22 09:00,51251.218,55557.051
2026-02-22T09:00Z,2026-02-22 10:00,53536.996,57268.804
2026-02-22T10:00Z,2026-02-22 11:00,56386.848,58249.657
2026-02-22T11:00Z,2026-02-22 12:00,56544.791,57991.936
2026-02-22T12:00Z,2026-02-22 13:00,55714.991,56595.751
2026-02-22T13:00Z,2026-02-22 14:00,54313.141,55273.135
2026-02-22T14:00Z,2026-02-22 15:00,54224.609,55386.110
2026-02-22T15:00Z,2026-02-22 16:00,54955.760,56767.422
2026-02-22T16:00Z,2026-02-22 17:00,57783.657,60020.759
2026-02-22T17:00Z,2026-02-22 18:00,58875.175,61986.598
2026-02-22T18:00Z,2026-02-22 19:00,57523.363,61408.165
2026-02-22T19:00Z,2026-02-22 20:00,55379.972,59392.289
2026-02-22T20:00Z,2026-02-22 21:00,54383.726,56645.606
2026-02-22T21:00Z,2026-02-22 22:00,53056.074,54275.892
2026-02-22T22:00Z,2026-02-22 23:00,50615.129,51769.194
2026-02-22T23:00Z,2026-02-23 00:00,47640.242,48255.165
2026-02-23T00:00Z,2026-02-23 01:00,46073.754,46780.829
2026-02-23T01:00Z,2026-02-23 02:00,45923.762,46342.205
2026-02-23T02:00Z,2026-02-23 03:00,46845.398,46634.327
2026-02-23T03:00Z,2026-02-23 04:00,49057.723,47869.629
2026-02-23T04:00Z,2026-02-23 05:00,52980.923,52860.081
2026-02-23T05:00Z,2026-02-23 06:00,61110.337,61723.218
2026-02-23T06:00Z,2026-02-23 07:00,66746.597,67988.072
2026-02-23T07:00Z,2026-02-23 08:00,69311.063,70540.076
2026-02-23T08:00Z,2026-02-23 09:00,69680.908,70489.817
2026-02-23T09:00Z,2026-02-23 10:00,69778.927,70277.477
2026-02-23T10:00Z,2026-02-23 11:00,69746.673,69912.913
2026-02-23T11:00Z,2026-02-23 12:00,69523.386,68468.360
2026-02-23T12:00Z,2026-02-23 13:00,68977.216,67014.086
2026-02-23T13:00Z,2026-02-23 14:00,67583.710,66006.990
2026-02-23T14:00Z,2026-02-23 15:00,66646.750,65942.571
2026-02-23T15:00Z,2026-02-23 16:00,66653.527,67033.629
2026-02-23T16:00Z,2026-02-23 17:00,69351.596,69036.149
2026-02-23T17:00Z,2026-02-23 18:00,70085.351,70731.553
2026-02-23T18:00Z,2026-02-23 19:00,68219.419,68713.109
2026-02-23T19:00Z,2026-02-23 20:00,64606.927,64912.079
2026-02-23T20:00Z,2026-02-23 21:00,60660.088,61404.268
2026-02-23T21:00Z,2026-02-23 22:00,57107.920,57999.226
2026-02-23T22:00Z,2026-02-23 23:00,53609.346,54398.205
2026-02-23T23:00Z,2026-02-24 00:00,50729.167,51584.582
2026-02-24T00:00Z,2026-02-24 01:00,48835.974,49946.382
2026-02-24T01:00Z,2026-02-24 02:00,47976.507,49405.538
2026-02-24T02:00Z,2026-02-24 03:00,48132.760,49937.868
2026-02-24T03:00Z,2026-02-24 04:00,49625.466,50977.272
2026-02-24T04:00Z,2026-02-24 05:00,52553.564,54435.349
2026-02-24T05:00Z,2026-02-24 06:00,60620.390,60669.830
2026-02-24T06:00Z,2026-02-24 07:00,65956.333,65775.716
2026-02-24T07:00Z,2026-02-24 08:00,67939.282,68876.652
2026-02-24T08:00Z,2026-02-24 09:00,67616.386,69110.203
2026-02-24T09:00Z,2026-02-24 10:00,68192.691,69633.909
2026-02-24T10:00Z,2026-02-24 11:00,67392.129,69697.785
2026-02-24T11:00Z,2026-02-24 12:00,66934.810,68858.734
2026-02-24T12:00Z,2026-02-24 13:00,65726.712,67651.875
2026-02-24T13:00Z,2026-02-24 14:00,64421.642,66535.026
2026-02-24T14:00Z,2026-02-24 15:00,63765.629,65943.146
2026-02-24T15:00Z,2026-02-24 16:00,64204.887,66368.413
2026-02-24T16:00Z,2026-02-24 17:00,66712.093,68769.533
2026-02-24T17:00Z,2026-02-24 18:00,68121.085,69435.921
2026-02-24T18:00Z,2026-02-24 19:00,66935.140,68334.604
2026-02-24T19:00Z,2026-02-24 20:00,63520.875,64699.507
2026-02-24T20:00Z,2026-02-24 21:00,59690.578,60892.204
2026-02-24T21:00Z,2026-02-24 22:00,55839.609,57716.608
2026-02-24T22:00Z,2026-02-24 23:00,52322.810,54455.432
2026-02-24T23:00Z,2026-02-25 00:00,49297.349,51634.469
2026-02-25T00:00Z,2026-02-25 01:00,47453.604,50182.212
2026-02-25T01:00Z,2026-02-25 02:00,46872.644,49639.765
2026-02-25T02:00Z,2026-02-25 03:00,47071.163,49727.117
2026-02-25T03:00Z,2026-02-25 04:00,48863.725,51462.428
2026-02-25T04:00Z,2026-02-25 05:00,52759.139,55394.848
2026-02-25T05:00Z,2026-02-25 06:00,60056.967,62152.586
2026-02-25T06:00Z,2026-02-25 07:00,65104.823,67765.571
2026-02-25T07:00Z,2026-02-25 08:00,66926.060,69874.843
2026-02-25T08:00Z,2026-02-25 09:00,67023.427,69776.603
2026-02-25T09:00Z,2026-02-25 10:00,66664.250,70063.090
2026-02-25T10:00Z,2026-02-25 11:00,65864.675,70241.231
2026-02-25T11:00Z,2026-02-25 12:00,64329.362,68832.040
2026-02-25T12:00Z,2026-02-25 13:00,62300.978,67526.532
2026-02-25T13:00Z,2026-02-25 14:00,60681.215,66332.011
2026-02-25T14:00Z,2026-02-25 15:00,60073.426,65611.224
2026-02-25T15:00Z,2026-02-25 16:00,61419.069,66313.200
2026-02-25T16:00Z,2026-02-25 17:00,64665.520,68328.188
2026-02-25T17:00Z,2026-02-25 18:00,67034.939,69515.264
2026-02-25T18:00Z,2026-02-25 19:00,67165.961,68355.355
2026-02-25T19:00Z,2026-02-25 20:00,64788.395,64795.610
2026-02-25T20:00Z,2026-02-25 21:00,62103.346,61140.055
2026-02-25T21:00Z,2026-02-25 22:00,58195.841,57547.310
2026-02-25T22:00Z,2026-02-25 23:00,54708.356,54420.989
2026-02-25T23:00Z,2026-02-26 00:00,52062.518,50937.958
2026-02-26T00:00Z,2026-02-26 01:00,49851.740,49112.706
2026-02-26T01:00Z,2026-02-26 02:00,48910.458,48529.484
2026-02-26T02:00Z,2026-02-26 03:00,49161.664,48756.532
2026-02-26T03:00Z,2026-02-26 04:00,51119.200,50241.380
2026-02-26T04:00Z,2026-02-26 05:00,55064.527,54309.599
2026-02-26T05:00Z,2026-02-26 06:00,62286.630,60570.530
2026-02-26T06:00Z,2026-02-26 07:00,67159.336,65761.329
2026-02-26T07:00Z,2026-02-26 08:00,69562.855,68674.597
2026-02-26T08:00Z,2026-02-26 09:00,69306.093,69014.958
2026-02-26T09:00Z,2026-02-26 10:00,68146.165,69636.762
2026-02-26T10:00Z,2026-02-26 11:00,66601.900,69923.307
2026-02-26T11:00Z,2026-02-26 12:00,64754.944,69150.543
2026-02-26T12:00Z,2026-02-26 13:00,62065.991,68125.657
2026-02-26T13:00Z,2026-02-26 14:00,60405.048,66457.800
2026-02-26T14:00Z,2026-02-26 15:00,60187.816,66293.474
2026-02-26T15:00Z,2026-02-26 16:00,61424.955,67037.734
2026-02-26T16:00Z,2026-02-26 17:00,64913.149,69086.436
2026-02-26T17:00Z,2026-02-26 18:00,67214.002,69647.966
2026-02-26T18:00Z,2026-02-26 19:00,66378.082,67893.004
2026-02-26T19:00Z,2026-02-26 20:00,63216.709,64803.881
2026-02-26T20:00Z,2026-02-26 21:00,59859.554,60758.758
2026-02-26T21:00Z,2026-02-26 22:00,57082.818,57118.739
2026-02-26T22:00Z,2026-02-26 23:00,53363.561,53381.265
2026-02-26T23:00Z,2026-02-27 00:00,50124.457,49497.194
2026-02-27T00:00Z,2026-02-27 01:00,48025.957,48037.806
2026-02-27T01:00Z,2026-02-27 02:00,47418.417,47589.638
2026-02-27T02:00Z,2026-02-27 03:00,48297.820,48013.055
2026-02-27T03:00Z,2026-02-27 04:00,50217.057,49065.542
2026-02-27T04:00Z,2026-02-27 05:00,53595.550,52125.105
2026-02-27T05:00Z,2026-02-27 06:00,61019.773,58436.072
2026-02-27T06:00Z,2026-02-27 07:00,65878.765,63908.229
2026-02-27T07:00Z,2026-02-27 08:00,67846.232,66755.345
2026-02-27T08:00Z,2026-02-27 09:00,66729.998,67683.965
2026-02-27T09:00Z,2026-02-27 10:00,65808.999,68320.955
2026-02-27T10:00Z,2026-02-27 11:00,63707.033,67828.257
2026-02-27T11:00Z,2026-02-27 12:00,61023.455,66987.121
2026-02-27T12:00Z,2026-02-27 13:00,58763.893,65511.843
2026-02-27T13:00Z,2026-02-27 14:00,57366.381,64209.535
2026-02-27T14:00Z,2026-02-27 15:00,56516.642,62888.429
2026-02-27T15:00Z,2026-02-27 16:00,57687.085,62821.690
2026-02-27T16:00Z,2026-02-27 17:00,61339.817,64613.079
2026-02-27T17:00Z,2026-02-27 18:00,63680.557,65178.691
2026-02-27T18:00Z,2026-02-27 19:00,62471.609,63631.328
2026-02-27T19:00Z,2026-02-27 20:00,59620.250,60504.114
2026-02-27T20:00Z,2026-02-27 21:00,56009.016,57002.251
2026-02-27T21:00Z,2026-02-27 22:00,52471.469,53940.991
2026-02-27T22:00Z,2026-02-27 23:00,49143.551,50618.326
2026-02-27T23:00Z,2026-02-28 00:00,45741.088,48025.334
2026-02-28T00:00Z,2026-02-28 01:00,43983.080,46050.643
2026-02-28T01:00Z,2026-02-28 02:00,42514.437,44915.181
2026-02-28T02:00Z,2026-02-28 03:00,41959.127,44771.318
2026-02-28T03:00Z,2026-02-28 04:00,42775.791,44990.960
2026-02-28T04:00Z,2026-02-28 05:00,43186.011,47484.520
2026-02-28T05:00Z,2026-02-28 06:00,44571.480,50512.898
2026-02-28T06:00Z,2026-02-28 07:00,47415.221,53016.419
2026-02-28T07:00Z,2026-02-28 08:00,51297.652,55677.197
2026-02-28T08:00Z,2026-02-28 09:00,53944.075,57958.289
2026-02-28T09:00Z,2026-02-28 10:00,54470.092,59192.637
2026-02-28T10:00Z,2026-02-28 11:00,54343.859,59231.439
2026-02-28T11:00Z,2026-02-28 12:00,53476.562,58440.165
2026-02-28T12:00Z,2026-02-28 13:00,51606.350,57111.341
2026-02-28T13:00Z,2026-02-28 14:00,50662.576,55648.187
2026-02-28T14:00Z,2026-02-28 15:00,51539.959,54955.873
2026-02-28T15:00Z,2026-02-28 16:00,52357.962,56211.864
2026-02-28T16:00Z,2026-02-28 17:00,55123.217,57197.294
2026-02-28T17:00Z,2026-02-28 18:00,57557.558,58280.085
2026-02-28T18:00Z,2026-02-28 19:00,55735.849,58094.901
2026-02-28T19:00Z,2026-02-28 20:00,53145.447,55818.603
2026-02-28T20:00Z,2026-02-28 21:00,51763.845,53591.186
2026-02-28T21:00Z,2026-02-28 22:00,50361.804,51672.626
2026-02-28T22:00Z,2026-02-28 23:00,47885.004,48714.185
2026-02-28T23:00Z,2026-03-01 00:00,45353.558,47187.756
2026-03-01T00:00Z,2026-03-01 01:00,43758.388,45229.809
2026-03-01T01:00Z,2026-03-01 02:00,42294.643,44391.642
2026-03-01T02:00Z,2026-03-01 03:00,41969.588,44074.133
2026-03-01T03:00Z,2026-03-01 04:00,42434.292,44399.189
2026-03-01T04:00Z,2026-03-01 05:00,42831.777,44726.776
2026-03-01T05:00Z,2026-03-01 06:00,43261.104,46212.467
2026-03-01T06:00Z,2026-03-01 07:00,44664.019,48909.923
2026-03-01T07:00Z,2026-03-01 08:00,47562.712,51636.376
2026-03-01T08:00Z,2026-03-01 09:00,50720.942,53818.000
2026-03-01T09:00Z,2026-03-01 10:00,52115.684,55265.599
2026-03-01T10:00Z,2026-03-01 11:00,52353.516,56686.356
2026-03-01T11:00Z,2026-03-01 12:00,51256.031,56176.257
2026-03-01T12:00Z,2026-03-01 13:00,49667.762,54823.102
2026-03-01T13:00Z,2026-03-01 14:00,47590.236,53693.767
2026-03-01T14:00Z,2026-03-01 15:00,47335.524,53575.175
2026-03-01T15:00Z,2026-03-01 16:00,48492.035,54808.582
2026-03-01T16:00Z,2026-03-01 17:00,52235.012,57650.287
2026-03-01T17:00Z,2026-03-01 18:00,55093.304,59095.805
2026-03-01T18:00Z,2026-03-01 19:00,54936.311,58355.478
2026-03-01T19:00Z,2026-03-01 20:00,52957.874,56228.288
2026-03-01T20:00Z,2026-03-01 21:00,51489.592,53612.418
2026-03-01T21:00Z,2026-03-01 22:00,50189.824,51366.320
2026-03-01T22:00Z,2026-03-01 23:00,48168.013,49206.463
2026-03-01T23:00Z,2026-03-02 00:00,46415.300,46178.921
2026-03-02T00:00Z,2026-03-02 01:00,43762.096,44704.475
2026-03-02T01:00Z,2026-03-02 02:00,45039.876,44376.607
2026-03-02T02:00Z,2026-03-02 03:00,45581.042,44755.802
2026-03-02T03:00Z,2026-03-02 04:00,47077.896,46528.346
2026-03-02T04:00Z,2026-03-02 05:00,50902.673,51004.015
2026-03-02T05:00Z,2026-03-02 06:00,59346.719,58806.831
2026-03-02T06:00Z,2026-03-02 07:00,63949.667,64640.863
2026-03-02T07:00Z,2026-03-02 08:00,65549.496,67760.250
2026-03-02T08:00Z,2026-03-02 09:00,64906.990,68279.085
2026-03-02T09:00Z,2026-03-02 10:00,63289.440,68229.581
2026-03-02T10:00Z,2026-03-02 11:00,61276.419,67700.109
2026-03-02T11:00Z,2026-03-02 12:00,59669.748,66480.285
2026-03-02T12:00Z,2026-03-02 13:00,58163.230,64944.097
2026-03-02T13:00Z,2026-03-02 14:00,56916.132,63564.052
2026-03-02T14:00Z,2026-03-02 15:00,56643.295,62621.020
2026-03-02T15:00Z,2026-03-02 16:00,57945.234,63282.052
2026-03-02T16:00Z,2026-03-02 17:00,61812.015,65559.475
2026-03-02T17:00Z,2026-03-02 18:00,64817.653,66802.822
2026-03-02T18:00Z,2026-03-02 19:00,63862.751,65584.941
2026-03-02T19:00Z,2026-03-02 20:00,60441.271,62522.264
2026-03-02T20:00Z,2026-03-02 21:00,57341.940,58926.369
2026-03-02T21:00Z,2026-03-02 22:00,54502.246,55316.708
2026-03-02T22:00Z,2026-03-02 23:00,51061.917,51306.603
2026-03-02T23:00Z,2026-03-03 00:00,47106.518,49192.279
2026-03-03T00:00Z,2026-03-03 01:00,45501.738,47638.519
2026-03-03T01:00Z,2026-03-03 02:00,44812.781,47155.236
2026-03-03T02:00Z,2026-03-03 03:00,45282.756,47627.213
2026-03-03T03:00Z,2026-03-03 04:00,47363.102,48925.925
2026-03-03T04:00Z,2026-03-03 05:00,51582.296,52384.397
2026-03-03T05:00Z,2026-03-03 06:00,59054.277,58644.215
2026-03-03T06:00Z,2026-03-03 07:00,63670.361,63452.234
2026-03-03T07:00Z,2026-03-03 08:00,65600.015,66588.800
2026-03-03T08:00Z,2026-03-03 09:00,64679.674,68039.869
2026-03-03T09:00Z,2026-03-03 10:00,63082.072,68391.237
2026-03-03T10:00Z,2026-03-03 11:00,61329.761,68094.628
2026-03-03T11:00Z,2026-03-03 12:00,60055.117,67038.688
2026-03-03T12:00Z,2026-03-03 13:00,58777.298,65458.312
2026-03-03T13:00Z,2026-03-03 14:00,57709.472,64154.336
2026-03-03T14:00Z,2026-03-03 15:00,58118.420,63257.131
2026-03-03T15:00Z,2026-03-03 16:00,59452.052,63237.973
2026-03-03T16:00Z,2026-03-03 17:00,62771.167,65111.546
2026-03-03T17:00Z,2026-03-03 18:00,65423.663,66540.399
2026-03-03T18:00Z,2026-03-03 19:00,64485.131,65893.126
2026-03-03T19:00Z,2026-03-03 20:00,61003.978,62660.980
2026-03-03T20:00Z,2026-03-03 21:00,57114.484,58988.126
2026-03-03T21:00Z,2026-03-03 22:00,54431.582,55466.082
2026-03-03T22:00Z,2026-03-03 23:00,50979.247,52140.886
2026-03-03T23:00Z,2026-03-04 00:00,49422.858,49200.817
2026-03-04T00:00Z,2026-03-04 01:00,47836.847,47724.377
2026-03-04T01:00Z,2026-03-04 02:00,47121.240,47273.720
2026-03-04T02:00Z,2026-03-04 03:00,47346.787,47305.232
2026-03-04T03:00Z,2026-03-04 04:00,49527.373,49000.719
2026-03-04T04:00Z,2026-03-04 05:00,52790.806,52592.551
2026-03-04T05:00Z,2026-03-04 06:00,60690.597,58962.502
2026-03-04T06:00Z,2026-03-04 07:00,65066.217,64537.880
2026-03-04T07:00Z,2026-03-04 08:00,66793.854,67383.809
2026-03-04T08:00Z,2026-03-04 09:00,66052.728,68351.622
2026-03-04T09:00Z,2026-03-04 10:00,63752.771,68110.722
2026-03-04T10:00Z,2026-03-04 11:00,61844.933,67863.657
2026-03-04T11:00Z,2026-03-04 12:00,60399.757,66269.990
2026-03-04T12:00Z,2026-03-04 13:00,59020.178,64158.492
2026-03-04T13:00Z,2026-03-04 14:00,57353.453,62557.538
2026-03-04T14:00Z,2026-03-04 15:00,58345.733,61471.185
2026-03-04T15:00Z,2026-03-04 16:00,59660.178,61628.537
2026-03-04T16:00Z,2026-03-04 17:00,63449.367,64018.903
2026-03-04T17:00Z,2026-03-04 18:00,65511.582,65808.246
2026-03-04T18:00Z,2026-03-04 19:00,64866.920,65325.503
2026-03-04T19:00Z,2026-03-04 20:00,61658.566,62214.689
2026-03-04T20:00Z,2026-03-04 21:00,58019.240,58666.962
2026-03-04T21:00Z,2026-03-04 22:00,54849.514,54922.146
2026-03-04T22:00Z,2026-03-04 23:00,51411.736,51125.982
2026-03-04T23:00Z,2026-03-05 00:00,48117.903,48782.745
2026-03-05T00:00Z,2026-03-05 01:00,46167.295,47129.286
2026-03-05T01:00Z,2026-03-05 02:00,45508.679,46534.133
2026-03-05T02:00Z,2026-03-05 03:00,45942.454,46935.918
2026-03-05T03:00Z,2026-03-05 04:00,48212.923,48777.863
2026-03-05T04:00Z,2026-03-05 05:00,52218.269,52582.194
2026-03-05T05:00Z,2026-03-05 06:00,59588.673,58890.927
2026-03-05T06:00Z,2026-03-05 07:00,64021.846,63915.432
2026-03-05T07:00Z,2026-03-05 08:00,66009.997,66796.854
2026-03-05T08:00Z,2026-03-05 09:00,64905.851,67518.983
2026-03-05T09:00Z,2026-03-05 10:00,62457.675,67537.921
2026-03-05T10:00Z,2026-03-05 11:00,60533.837,66784.580
2026-03-05T11:00Z,2026-03-05 12:00,58417.269,65236.348
2026-03-05T12:00Z,2026-03-05 13:00,57752.365,63291.098
2026-03-05T13:00Z,2026-03-05 14:00,56323.935,61826.215
2026-03-05T14:00Z,2026-03-05 15:00,56595.139,61845.721
2026-03-05T15:00Z,2026-03-05 16:00,58288.374,62229.397
2026-03-05T16:00Z,2026-03-05 17:00,61713.762,64623.044
2026-03-05T17:00Z,2026-03-05 18:00,64380.224,65825.547
2026-03-05T18:00Z,2026-03-05 19:00,64607.497,65071.373
2026-03-05T19:00Z,2026-03-05 20:00,61836.689,62288.608
2026-03-05T20:00Z,2026-03-05 21:00,58455.067,58651.727
2026-03-05T21:00Z,2026-03-05 22:00,54627.040,55129.589
2026-03-05T22:00Z,2026-03-05 23:00,50951.906,51723.813
2026-03-05T23:00Z,2026-03-06 00:00,48557.272,48581.355
2026-03-06T00:00Z,2026-03-06 01:00,46623.270,47101.996
2026-03-06T01:00Z,2026-03-06 02:00,45817.776,46720.326
2026-03-06T02:00Z,2026-03-06 03:00,46711.869,47183.783
2026-03-06T03:00Z,2026-03-06 04:00,48413.593,48619.292
2026-03-06T04:00Z,2026-03-06 05:00,52548.339,52019.965
2026-03-06T05:00Z,2026-03-06 06:00,60402.570,58337.067
2026-03-06T06:00Z,2026-03-06 07:00,64559.437,63654.323
2026-03-06T07:00Z,2026-03-06 08:00,66386.569,66236.500
2026-03-06T08:00Z,2026-03-06 09:00,65043.065,66807.271
2026-03-06T09:00Z,2026-03-06 10:00,63151.411,66544.945
2026-03-06T10:00Z,2026-03-06 11:00,62010.575,65429.076
2026-03-06T11:00Z,2026-03-06 12:00,60517.883,63930.873
2026-03-06T12:00Z,2026-03-06 13:00,58383.019,61945.381
2026-03-06T13:00Z,2026-03-06 14:00,56430.180,60000.541
2026-03-06T14:00Z,2026-03-06 15:00,55935.435,59549.158
2026-03-06T15:00Z,2026-03-06 16:00,57412.741,60065.308
2026-03-06T16:00Z,2026-03-06 17:00,60124.161,62142.057
2026-03-06T17:00Z,2026-03-06 18:00,62265.621,63557.985
2026-03-06T18:00Z,2026-03-06 19:00,61442.610,62697.438
2026-03-06T19:00Z,2026-03-06 20:00,57695.849,59389.064
2026-03-06T20:00Z,2026-03-06 21:00,54552.991,55777.625
2026-03-06T21:00Z,2026-03-06 22:00,51641.892,52381.571
2026-03-06T22:00Z,2026-03-06 23:00,48769.057,49047.934
2026-03-06T23:00Z,2026-03-07 00:00,45617.330,46003.864
2026-03-07T00:00Z,2026-03-07 01:00,43741.441,44159.448
2026-03-07T01:00Z,2026-03-07 02:00,42553.174,43191.598
2026-03-07T02:00Z,2026-03-07 03:00,42400.070,42939.285
2026-03-07T03:00Z,2026-03-07 04:00,43000.292,43125.278
2026-03-07T04:00Z,2026-03-07 05:00,43811.577,43988.572
2026-03-07T05:00Z,2026-03-07 06:00,45771.985,46060.462
2026-03-07T06:00Z,2026-03-07 07:00,48194.667,49188.365
2026-03-07T07:00Z,2026-03-07 08:00,50913.687,52844.405
2026-03-07T08:00Z,2026-03-07 09:00,52665.430,55665.016
2026-03-07T09:00Z,2026-03-07 10:00,52543.827,56741.698
2026-03-07T10:00Z,2026-03-07 11:00,51249.512,56565.401
2026-03-07T11:00Z,2026-03-07 12:00,49908.266,55350.509
2026-03-07T12:00Z,2026-03-07 13:00,48262.891,53436.182
2026-03-07T13:00Z,2026-03-07 14:00,46704.037,52060.007
2026-03-07T14:00Z,2026-03-07 15:00,46448.774,51821.387
2026-03-07T15:00Z,2026-03-07 16:00,47918.432,52765.991
2026-03-07T16:00Z,2026-03-07 17:00,50939.793,55237.162
2026-03-07T17:00Z,2026-03-07 18:00,53536.448,57317.174
2026-03-07T18:00Z,2026-03-07 19:00,52734.050,55857.067
2026-03-07T19:00Z,2026-03-07 20:00,49991.900,53071.150
2026-03-07T20:00Z,2026-03-07 21:00,47825.807,50400.794
2026-03-07T21:00Z,2026-03-07 22:00,46400.294,47873.891
2026-03-07T22:00Z,2026-03-07 23:00,43671.084,45236.628
2026-03-07T23:00Z,2026-03-08 00:00,41378.536,42770.483
2026-03-08T00:00Z,2026-03-08 01:00,39784.910,41134.365
2026-03-08T01:00Z,2026-03-08 02:00,39080.298,40288.650
2026-03-08T02:00Z,2026-03-08 03:00,39000.677,40174.453
2026-03-08T03:00Z,2026-03-08 04:00,39548.193,40427.100
2026-03-08T04:00Z,2026-03-08 05:00,40226.231,41499.147
2026-03-08T05:00Z,2026-03-08 06:00,41380.430,43594.950
2026-03-08T06:00Z,2026-03-08 07:00,42917.475,46458.623
2026-03-08T07:00Z,2026-03-08 08:00,45482.549,49643.681
2026-03-08T08:00Z,2026-03-08 09:00,48109.303,52186.247
2026-03-08T09:00Z,2026-03-08 10:00,49078.060,52905.111
2026-03-08T10:00Z,2026-03-08 11:00,49128.165,52961.631
2026-03-08T11:00Z,2026-03-08 12:00,47236.845,52481.222
2026-03-08T12:00Z,2026-03-08 13:00,44947.583,50698.634
2026-03-08T13:00Z,2026-03-08 14:00,43644.166,49436.714
2026-03-08T14:00Z,2026-03-08 15:00,43570.754,49273.471
2026-03-08T15:00Z,2026-03-08 16:00,45286.622,50144.161
2026-03-08T16:00Z,2026-03-08 17:00,49765.766,52584.783
2026-03-08T17:00Z,2026-03-08 18:00,53726.553,55130.995
2026-03-08T18:00Z,2026-03-08 19:00,53899.058,55042.147
2026-03-08T19:00Z,2026-03-08 20:00,52118.864,53115.906
2026-03-08T20:00Z,2026-03-08 21:00,50661.789,51039.542
2026-03-08T21:00Z,2026-03-08 22:00,49621.535,48958.862
2026-03-08T22:00Z,2026-03-08 23:00,47130.421,46530.978
2026-03-08T23:00Z,2026-03-09 00:00,45266.602,43977.199
2026-03-09T00:00Z,2026-03-09 01:00,44079.437,42695.896
2026-03-09T01:00Z,2026-03-09 02:00,43195.578,42248.607
2026-03-09T02:00Z,2026-03-09 03:00,43273.475,42453.360
2026-03-09T03:00Z,2026-03-09 04:00,45236.951,44332.839
2026-03-09T04:00Z,2026-03-09 05:00,49052.811,49152.426
2026-03-09T05:00Z,2026-03-09 06:00,57621.301,57048.265
2026-03-09T06:00Z,2026-03-09 07:00,62268.226,63006.396
2026-03-09T07:00Z,2026-03-09 08:00,63991.120,65642.316
2026-03-09T08:00Z,2026-03-09 09:00,63204.454,65970.184
2026-03-09T09:00Z,2026-03-09 10:00,61204.700,65657.949
2026-03-09T10:00Z,2026-03-09 11:00,59672.200,65180.389
2026-03-09T11:00Z,2026-03-09 12:00,59238.447,63886.326
2026-03-09T12:00Z,2026-03-09 13:00,57766.443,62335.696
2026-03-09T13:00Z,2026-03-09 14:00,57495.270,60934.194
2026-03-09T14:00Z,2026-03-09 15:00,57827.760,60683.110
2026-03-09T15:00Z,2026-03-09 16:00,59486.405,61417.264
2026-03-09T16:00Z,2026-03-09 17:00,62374.208,63862.624
2026-03-09T17:00Z,2026-03-09 18:00,64751.296,65232.517
2026-03-09T18:00Z,2026-03-09 19:00,63942.404,64107.304
2026-03-09T19:00Z,2026-03-09 20:00,59963.633,60928.780
2026-03-09T20:00Z,2026-03-09 21:00,56311.245,57693.686
2026-03-09T21:00Z,2026-03-09 22:00,53206.576,54120.678
2026-03-09T22:00Z,2026-03-09 23:00,50244.035,50390.169
2026-03-09T23:00Z,2026-03-10 00:00,47293.279,47470.277
2026-03-10T00:00Z,2026-03-10 01:00,45683.564,45919.536
2026-03-10T01:00Z,2026-03-10 02:00,45256.503,45536.708
2026-03-10T02:00Z,2026-03-10 03:00,45862.869,45896.320
2026-03-10T03:00Z,2026-03-10 04:00,47169.476,47150.073
2026-03-10T04:00Z,2026-03-10 05:00,50999.595,50405.481
2026-03-10T05:00Z,2026-03-10 06:00,58283.662,56438.056
2026-03-10T06:00Z,2026-03-10 07:00,62738.185,61075.749
2026-03-10T07:00Z,2026-03-10 08:00,63913.106,63695.559
2026-03-10T08:00Z,2026-03-10 09:00,62998.523,64516.371
2026-03-10T09:00Z,2026-03-10 10:00,60995.160,64630.018
2026-03-10T10:00Z,2026-03-10 11:00,59376.495,64067.111
2026-03-10T11:00Z,2026-03-10 12:00,58247.147,62994.117
2026-03-10T12:00Z,2026-03-10 13:00,57647.254,61842.367
2026-03-10T13:00Z,2026-03-10 14:00,57326.225,60467.204
2026-03-10T14:00Z,2026-03-10 15:00,57459.070,59952.090
2026-03-10T15:00Z,2026-03-10 16:00,58300.345,59934.681
2026-03-10T16:00Z,2026-03-10 17:00,61363.698,61413.232
2026-03-10T17:00Z,2026-03-10 18:00,63950.327,62764.164
2026-03-10T18:00Z,2026-03-10 19:00,63516.987,62298.219
2026-03-10T19:00Z,2026-03-10 20:00,60223.596,59713.573
2026-03-10T20:00Z,2026-03-10 21:00,56373.319,56497.983
2026-03-10T21:00Z,2026-03-10 22:00,52521.929,53120.117
2026-03-10T22:00Z,2026-03-10 23:00,49543.933,49981.416
2026-03-10T23:00Z,2026-03-11 00:00,46355.379,47622.710
2026-03-11T00:00Z,2026-03-11 01:00,45216.066,46241.463
2026-03-11T01:00Z,2026-03-11 02:00,44961.664,45690.061
2026-03-11T02:00Z,2026-03-11 03:00,46900.285,45547.536
2026-03-11T03:00Z,2026-03-11 04:00,49026.545,47362.662
2026-03-11T04:00Z,2026-03-11 05:00,52533.477,51204.976
2026-03-11T05:00Z,2026-03-11 06:00,59496.236,57512.378
2026-03-11T06:00Z,2026-03-11 07:00,63753.340,62905.707
2026-03-11T07:00Z,2026-03-11 08:00,65611.337,65509.685
2026-03-11T08:00Z,2026-03-11 09:00,65581.651,66685.868
2026-03-11T09:00Z,2026-03-11 10:00,65526.441,67017.431
2026-03-11T10:00Z,2026-03-11 11:00,65391.722,66796.322
2026-03-11T11:00Z,2026-03-11 12:00,64375.126,65516.466
2026-03-11T12:00Z,2026-03-11 13:00,63999.852,63937.574
2026-03-11T13:00Z,2026-03-11 14:00,62236.299,62422.248
2026-03-11T14:00Z,2026-03-11 15:00,63155.949,61359.146
2026-03-11T15:00Z,2026-03-11 16:00,63687.817,61326.255
2026-03-11T16:00Z,2026-03-11 17:00,66621.360,63353.934
2026-03-11T17:00Z,2026-03-11 18:00,68144.882,64651.395
2026-03-11T18:00Z,2026-03-11 19:00,66042.357,63288.948
2026-03-11T19:00Z,2026-03-11 20:00,62881.862,60468.498
2026-03-11T20:00Z,2026-03-11 21:00,59270.962,57274.706
2026-03-11T21:00Z,2026-03-11 22:00,55550.814,53685.497
2026-03-11T22:00Z,2026-03-11 23:00,52293.709,50087.274
2026-03-11T23:00Z,2026-03-12 00:00,49572.453,46611.347
2026-03-12T00:00Z,2026-03-12 01:00,47933.042,45091.835
2026-03-12T01:00Z,2026-03-12 02:00,47235.308,44755.253
2026-03-12T02:00Z,2026-03-12 03:00,47997.508,45012.432
2026-03-12T03:00Z,2026-03-12 04:00,49102.351,46180.871
2026-03-12T04:00Z,2026-03-12 05:00,52756.299,49506.516
2026-03-12T05:00Z,2026-03-12 06:00,60052.945,55694.703
2026-03-12T06:00Z,2026-03-12 07:00,64784.199,60490.267
2026-03-12T07:00Z,2026-03-12 08:00,67085.384,63104.355
2026-03-12T08:00Z,2026-03-12 09:00,66485.551,63694.106
2026-03-12T09:00Z,2026-03-12 10:00,65615.355,64080.220
2026-03-12T10:00Z,2026-03-12 11:00,64786.841,64179.687
2026-03-12T11:00Z,2026-03-12 12:00,63496.496,63541.330
2026-03-12T12:00Z,2026-03-12 13:00,62132.742,62119.455
2026-03-12T13:00Z,2026-03-12 14:00,60381.627,60586.205
2026-03-12T14:00Z,2026-03-12 15:00,60741.380,59804.317
2026-03-12T15:00Z,2026-03-12 16:00,61101.709,59632.819
2026-03-12T16:00Z,2026-03-12 17:00,63048.717,60941.562
2026-03-12T17:00Z,2026-03-12 18:00,66096.788,62729.858
2026-03-12T18:00Z,2026-03-12 19:00,67199.829,62337.256
2026-03-12T19:00Z,2026-03-12 20:00,64316.188,59490.395
2026-03-12T20:00Z,2026-03-12 21:00,60887.063,56270.835
2026-03-12T21:00Z,2026-03-12 22:00,57584.959,52973.960
2026-03-12T22:00Z,2026-03-12 23:00,54079.730,49684.218
2026-03-12T23:00Z,2026-03-13 00:00,51580.210,48534.996
2026-03-13T00:00Z,2026-03-13 01:00,49901.046,47205.567
2026-03-13T01:00Z,2026-03-13 02:00,49395.919,46767.154
2026-03-13T02:00Z,2026-03-13 03:00,49930.545,47325.178
2026-03-13T03:00Z,2026-03-13 04:00,51397.665,48502.248
2026-03-13T04:00Z,2026-03-13 05:00,55099.441,51545.590
2026-03-13T05:00Z,2026-03-13 06:00,61820.006,57783.714
2026-03-13T06:00Z,2026-03-13 07:00,64604.887,62747.496
2026-03-13T07:00Z,2026-03-13 08:00,66514.050,65700.608
2026-03-13T08:00Z,2026-03-13 09:00,65943.620,66820.035
2026-03-13T09:00Z,2026-03-13 10:00,63926.562,67495.737
2026-03-13T10:00Z,2026-03-13 11:00,62624.707,67151.645
2026-03-13T11:00Z,2026-03-13 12:00,61925.628,65511.995
2026-03-13T12:00Z,2026-03-13 13:00,60416.330,63740.654
2026-03-13T13:00Z,2026-03-13 14:00,59499.797,62457.692
2026-03-13T14:00Z,2026-03-13 15:00,59804.719,61502.001
2026-03-13T15:00Z,2026-03-13 16:00,62970.191,60717.965
2026-03-13T16:00Z,2026-03-13 17:00,64450.792,62486.851
2026-03-13T17:00Z,2026-03-13 18:00,64760.473,63119.484
2026-03-13T18:00Z,2026-03-13 19:00,63042.486,61678.749
2026-03-13T19:00Z,2026-03-13 20:00,59217.959,58441.040
2026-03-13T20:00Z,2026-03-13 21:00,55661.695,54985.999
2026-03-13T21:00Z,2026-03-13 22:00,52593.909,51963.404
2026-03-13T22:00Z,2026-03-13 23:00,49786.743,48805.696
2026-03-13T23:00Z,2026-03-14 00:00,47544.546,46313.573
2026-03-14T00:00Z,2026-03-14 01:00,45477.879,44340.968
2026-03-14T01:00Z,2026-03-14 02:00,44502.741,43381.785
2026-03-14T02:00Z,2026-03-14 03:00,43979.925,43147.597
2026-03-14T03:00Z,2026-03-14 04:00,43985.920,43210.764
2026-03-14T04:00Z,2026-03-14 05:00,44401.298,43805.456
2026-03-14T05:00Z,2026-03-14 06:00,46270.020,45632.201
2026-03-14T06:00Z,2026-03-14 07:00,48549.910,48677.856
2026-03-14T07:00Z,2026-03-14 08:00,51520.737,52210.764
2026-03-14T08:00Z,2026-03-14 09:00,54457.642,54821.586
2026-03-14T09:00Z,2026-03-14 10:00,55122.680,55989.627
2026-03-14T10:00Z,2026-03-14 11:00,54627.133,55623.677
2026-03-14T11:00Z,2026-03-14 12:00,54573.880,54509.494
2026-03-14T12:00Z,2026-03-14 13:00,54385.679,52992.441
2026-03-14T13:00Z,2026-03-14 14:00,53500.905,51726.590
2026-03-14T14:00Z,2026-03-14 15:00,53483.229,51223.242
2026-03-14T15:00Z,2026-03-14 16:00,54044.877,51671.763
2026-03-14T16:00Z,2026-03-14 17:00,55918.582,53176.852
2026-03-14T17:00Z,2026-03-14 18:00,58226.542,54979.355
2026-03-14T18:00Z,2026-03-14 19:00,57258.462,54268.539
2026-03-14T19:00Z,2026-03-14 20:00,53765.557,52045.688
2026-03-14T20:00Z,2026-03-14 21:00,51341.128,49817.359
2026-03-14T21:00Z,2026-03-14 22:00,49709.027,47841.069
2026-03-14T22:00Z,2026-03-14 23:00,46595.619,45342.058
2026-03-14T23:00Z,2026-03-15 00:00,44158.063,44245.211
2026-03-15T00:00Z,2026-03-15 01:00,42725.073,42609.114
2026-03-15T01:00Z,2026-03-15 02:00,41708.043,41878.213
2026-03-15T02:00Z,2026-03-15 03:00,41611.241,41623.731
2026-03-15T03:00Z,2026-03-15 04:00,42033.208,41805.534
2026-03-15T04:00Z,2026-03-15 05:00,42638.871,42593.334
2026-03-15T05:00Z,2026-03-15 06:00,43384.110,44219.682
2026-03-15T06:00Z,2026-03-15 07:00,45017.180,46617.385
2026-03-15T07:00Z,2026-03-15 08:00,47179.700,49777.005
2026-03-15T08:00Z,2026-03-15 09:00,49088.095,52005.884
2026-03-15T09:00Z,2026-03-15 10:00,50746.119,53608.990
2026-03-15T10:00Z,2026-03-15 11:00,52478.537,54564.607
2026-03-15T11:00Z,2026-03-15 12:00,52084.463,54050.461
2026-03-15T12:00Z,2026-03-15 13:00,50941.535,52571.454
2026-03-15T13:00Z,2026-03-15 14:00,49523.053,51102.296
2026-03-15T14:00Z,2026-03-15 15:00,49116.112,50496.470
2026-03-15T15:00Z,2026-03-15 16:00,49950.086,51154.770
2026-03-15T16:00Z,2026-03-15 17:00,52862.024,53320.569
2026-03-15T17:00Z,2026-03-15 18:00,55618.238,55482.015
2026-03-15T18:00Z,2026-03-15 19:00,55272.351,55290.958
2026-03-15T19:00Z,2026-03-15 20:00,53182.115,53351.236
2026-03-15T20:00Z,2026-03-15 21:00,51606.216,51585.192
2026-03-15T21:00Z,2026-03-15 22:00,51211.837,49885.317
2026-03-15T22:00Z,2026-03-15 23:00,49235.306,47474.177
2026-03-15T23:00Z,2026-03-16 00:00,46974.246,46266.630
2026-03-16T00:00Z,2026-03-16 01:00,46686.780,45036.093
2026-03-16T01:00Z,2026-03-16 02:00,45837.257,44764.551
2026-03-16T02:00Z,2026-03-16 03:00,46403.694,45679.294
2026-03-16T03:00Z,2026-03-16 04:00,48670.148,47470.561
2026-03-16T04:00Z,2026-03-16 05:00,52944.102,53227.576
2026-03-16T05:00Z,2026-03-16 06:00,59962.891,61791.414
2026-03-16T06:00Z,2026-03-16 07:00,64999.468,66878.221
2026-03-16T07:00Z,2026-03-16 08:00,67350.829,69816.269
2026-03-16T08:00Z,2026-03-16 09:00,67985.086,70113.711
2026-03-16T09:00Z,2026-03-16 10:00,68204.567,69666.450
2026-03-16T10:00Z,2026-03-16 11:00,68263.150,69578.229
2026-03-16T11:00Z,2026-03-16 12:00,66390.131,68799.293
2026-03-16T12:00Z,2026-03-16 13:00,64640.279,67310.841
2026-03-16T13:00Z,2026-03-16 14:00,62578.296,66311.006
2026-03-16T14:00Z,2026-03-16 15:00,62289.419,65387.083
2026-03-16T15:00Z,2026-03-16 16:00,62524.742,65740.564
2026-03-16T16:00Z,2026-03-16 17:00,64610.675,67011.026
2026-03-16T17:00Z,2026-03-16 18:00,66833.984,68076.740
2026-03-16T18:00Z,2026-03-16 19:00,66404.400,66425.382
2026-03-16T19:00Z,2026-03-16 20:00,62322.789,63068.390
2026-03-16T20:00Z,2026-03-16 21:00,59103.577,59390.182
2026-03-16T21:00Z,2026-03-16 22:00,56362.007,55948.260
2026-03-16T22:00Z,2026-03-16 23:00,53088.016,52117.405
2026-03-16T23:00Z,2026-03-17 00:00,50713.920,50256.433
2026-03-17T00:00Z,2026-03-17 01:00,48797.133,48614.590
2026-03-17T01:00Z,2026-03-17 02:00,47421.168,48145.892
2026-03-17T02:00Z,2026-03-17 03:00,47512.848,48806.362
2026-03-17T03:00Z,2026-03-17 04:00,47580.593,50069.967
2026-03-17T04:00Z,2026-03-17 05:00,51222.295,53344.288
2026-03-17T05:00Z,2026-03-17 06:00,59132.690,59333.471
2026-03-17T06:00Z,2026-03-17 07:00,63561.141,63798.922
2026-03-17T07:00Z,2026-03-17 08:00,65692.532,66560.066
2026-03-17T08:00Z,2026-03-17 09:00,65605.475,67150.725
2026-03-17T09:00Z,2026-03-17 10:00,65368.001,66911.724
2026-03-17T10:00Z,2026-03-17 11:00,65080.186,66624.669
2026-03-17T11:00Z,2026-03-17 12:00,64839.007,65977.052
2026-03-17T12:00Z,2026-03-17 13:00,63716.854,65155.578
2026-03-17T13:00Z,2026-03-17 14:00,62304.545,63788.084
2026-03-17T14:00Z,2026-03-17 15:00,61184.658,62769.029
2026-03-17T15:00Z,2026-03-17 16:00,60654.008,62808.304
2026-03-17T16:00Z,2026-03-17 17:00,62878.329,64624.998
2026-03-17T17:00Z,2026-03-17 18:00,65273.072,66206.893
2026-03-17T18:00Z,2026-03-17 19:00,65793.528,65742.021
2026-03-17T19:00Z,2026-03-17 20:00,62587.374,62700.321
2026-03-17T20:00Z,2026-03-17 21:00,59402.782,59309.916
2026-03-17T21:00Z,2026-03-17 22:00,56169.703,55769.451
2026-03-17T22:00Z,2026-03-17 23:00,52479.916,52632.711
2026-03-17T23:00Z,2026-03-18 00:00,50013.175,49517.421
2026-03-18T00:00Z,2026-03-18 01:00,47826.135,48234.874
2026-03-18T01:00Z,2026-03-18 02:00,47166.335,47584.789
2026-03-18T02:00Z,2026-03-18 03:00,47706.626,47691.436
2026-03-18T03:00Z,2026-03-18 04:00,49005.661,49222.324
2026-03-18T04:00Z,2026-03-18 05:00,53199.643,52762.841
2026-03-18T05:00Z,2026-03-18 06:00,60370.543,59014.463
2026-03-18T06:00Z,2026-03-18 07:00,64103.548,64069.657
2026-03-18T07:00Z,2026-03-18 08:00,65343.860,66535.201
2026-03-18T08:00Z,2026-03-18 09:00,64293.309,67090.929
2026-03-18T09:00Z,2026-03-18 10:00,61844.692,67204.559
2026-03-18T10:00Z,2026-03-18 11:00,60658.189,67539.201
2026-03-18T11:00Z,2026-03-18 12:00,59083.707,66310.567
2026-03-18T12:00Z,2026-03-18 13:00,57308.635,65230.474
2026-03-18T13:00Z,2026-03-18 14:00,55462.760,63736.270
2026-03-18T14:00Z,2026-03-18 15:00,55784.463,62302.056
2026-03-18T15:00Z,2026-03-18 16:00,57459.929,61982.463
2026-03-18T16:00Z,2026-03-18 17:00,60612.014,63709.373
2026-03-18T17:00Z,2026-03-18 18:00,63606.259,64942.646
2026-03-18T18:00Z,2026-03-18 19:00,63648.860,64242.706
2026-03-18T19:00Z,2026-03-18 20:00,60283.719,61945.893
2026-03-18T20:00Z,2026-03-18 21:00,56636.529,58636.704
2026-03-18T21:00Z,2026-03-18 22:00,53981.294,54870.353
2026-03-18T22:00Z,2026-03-18 23:00,50706.086,51013.839
2026-03-18T23:00Z,2026-03-19 00:00,47731.721,47821.430
2026-03-19T00:00Z,2026-03-19 01:00,45815.923,46318.437
2026-03-19T01:00Z,2026-03-19 02:00,45309.641,45712.542
2026-03-19T02:00Z,2026-03-19 03:00,45791.372,46155.831
2026-03-19T03:00Z,2026-03-19 04:00,47374.990,47832.191
2026-03-19T04:00Z,2026-03-19 05:00,50666.306,51639.951
2026-03-19T05:00Z,2026-03-19 06:00,57772.349,57747.338
2026-03-19T06:00Z,2026-03-19 07:00,61984.800,62367.322
2026-03-19T07:00Z,2026-03-19 08:00,63689.812,65299.502
2026-03-19T08:00Z,2026-03-19 09:00,62614.126,66548.862
2026-03-19T09:00Z,2026-03-19 10:00,60648.482,67036.683
2026-03-19T10:00Z,2026-03-19 11:00,58616.477,66767.862
2026-03-19T11:00Z,2026-03-19 12:00,58028.897,66106.555
2026-03-19T12:00Z,2026-03-19 13:00,56583.768,65158.766
2026-03-19T13:00Z,2026-03-19 14:00,55546.418,63645.283
2026-03-19T14:00Z,2026-03-19 15:00,55895.116,62568.307
2026-03-19T15:00Z,2026-03-19 16:00,56968.494,62557.845
2026-03-19T16:00Z,2026-03-19 17:00,60007.058,64130.534
2026-03-19T17:00Z,2026-03-19 18:00,63079.026,64834.296
2026-03-19T18:00Z,2026-03-19 19:00,63794.167,64122.429
2026-03-19T19:00Z,2026-03-19 20:00,60932.475,61299.948
2026-03-19T20:00Z,2026-03-19 21:00,57205.574,58158.172
2026-03-19T21:00Z,2026-03-19 22:00,54410.237,54981.617
2026-03-19T22:00Z,2026-03-19 23:00,50856.731,51533.493
2026-03-19T23:00Z,2026-03-20 00:00,48452.379,48087.306
2026-03-20T00:00Z,2026-03-20 01:00,47177.984,46649.321
2026-03-20T01:00Z,2026-03-20 02:00,46499.483,46207.893
2026-03-20T02:00Z,2026-03-20 03:00,46614.406,46680.949
2026-03-20T03:00Z,2026-03-20 04:00,48256.933,47832.894
2026-03-20T04:00Z,2026-03-20 05:00,51818.538,50966.938
2026-03-20T05:00Z,2026-03-20 06:00,58432.125,57053.956
2026-03-20T06:00Z,2026-03-20 07:00,62458.791,61631.503
2026-03-20T07:00Z,2026-03-20 08:00,64735.105,64883.230
2026-03-20T08:00Z,2026-03-20 09:00,63742.843,65931.216
2026-03-20T09:00Z,2026-03-20 10:00,61719.695,65901.708
2026-03-20T10:00Z,2026-03-20 11:00,59833.898,64738.377
2026-03-20T11:00Z,2026-03-20 12:00,58401.965,63195.326
2026-03-20T12:00Z,2026-03-20 13:00,56625.144,61155.086
2026-03-20T13:00Z,2026-03-20 14:00,54977.952,59039.858
2026-03-20T14:00Z,2026-03-20 15:00,55082.110,58310.980
2026-03-20T15:00Z,2026-03-20 16:00,56540.900,58008.284
2026-03-20T16:00Z,2026-03-20 17:00,58680.153,59876.205
2026-03-20T17:00Z,2026-03-20 18:00,60751.305,61699.811
2026-03-20T18:00Z,2026-03-20 19:00,60792.530,61053.010
2026-03-20T19:00Z,2026-03-20 20:00,57496.527,58252.722
2026-03-20T20:00Z,2026-03-20 21:00,54091.378,54812.201
2026-03-20T21:00Z,2026-03-20 22:00,51282.267,51783.842
2026-03-20T22:00Z,2026-03-20 23:00,48306.920,48603.001
2026-03-20T23:00Z,2026-03-21 00:00,45752.414,46241.379
2026-03-21T00:00Z,2026-03-21 01:00,43838.046,44204.614
2026-03-21T01:00Z,2026-03-21 02:00,43054.978,43154.338
2026-03-21T02:00Z,2026-03-21 03:00,42930.934,42685.587
2026-03-21T03:00Z,2026-03-21 04:00,43237.764,42586.766
2026-03-21T04:00Z,2026-03-21 05:00,44051.507,43654.124
2026-03-21T05:00Z,2026-03-21 06:00,45612.377,45321.628
2026-03-21T06:00Z,2026-03-21 07:00,48133.837,47863.809
2026-03-21T07:00Z,2026-03-21 08:00,50576.703,51123.801
2026-03-21T08:00Z,2026-03-21 09:00,52629.785,53657.929
2026-03-21T09:00Z,2026-03-21 10:00,53695.990,55058.565
2026-03-21T10:00Z,2026-03-21 11:00,53592.987,55543.552
2026-03-21T11:00Z,2026-03-21 12:00,52174.994,54527.923
2026-03-21T12:00Z,2026-03-21 13:00,50892.322,52819.040
2026-03-21T13:00Z,2026-03-21 14:00,49379.410,51636.866
2026-03-21T14:00Z,2026-03-21 15:00,50065.076,50896.163
2026-03-21T15:00Z,2026-03-21 16:00,50306.996,51006.825
2026-03-21T16:00Z,2026-03-21 17:00,52316.091,52880.999
2026-03-21T17:00Z,2026-03-21 18:00,54376.167,54975.589
2026-03-21T18:00Z,2026-03-21 19:00,54635.431,54294.137
2026-03-21T19:00Z,2026-03-21 20:00,52253.793,52150.776
2026-03-21T20:00Z,2026-03-21 21:00,49857.455,49723.748
2026-03-21T21:00Z,2026-03-21 22:00,48004.905,47537.386
2026-03-21T22:00Z,2026-03-21 23:00,45268.483,44804.929
2026-03-21T23:00Z,2026-03-22 00:00,42539.952,43179.979
2026-03-22T00:00Z,2026-03-22 01:00,40403.361,41442.781
2026-03-22T01:00Z,2026-03-22 02:00,39699.269,40659.079
2026-03-22T02:00Z,2026-03-22 03:00,39419.431,40484.663
2026-03-22T03:00Z,2026-03-22 04:00,39645.007,40733.488
2026-03-22T04:00Z,2026-03-22 05:00,40013.008,41155.154
2026-03-22T05:00Z,2026-03-22 06:00,40388.629,42444.493
2026-03-22T06:00Z,2026-03-22 07:00,42670.087,44754.660
2026-03-22T07:00Z,2026-03-22 08:00,46068.128,47968.779
2026-03-22T08:00Z,2026-03-22 09:00,48244.391,50500.620
2026-03-22T09:00Z,2026-03-22 10:00,47782.385,51908.300
2026-03-22T10:00Z,2026-03-22 11:00,47808.662,52521.435
2026-03-22T11:00Z,2026-03-22 12:00,46642.540,52055.507
2026-03-22T12:00Z,2026-03-22 13:00,43974.155,50757.850
2026-03-22T13:00Z,2026-03-22 14:00,42437.667,49852.549
2026-03-22T14:00Z,2026-03-22 15:00,42320.524,49579.932
2026-03-22T15:00Z,2026-03-22 16:00,44159.461,50523.812
2026-03-22T16:00Z,2026-03-22 17:00,47757.796,52433.292
2026-03-22T17:00Z,2026-03-22 18:00,51923.295,54707.674
2026-03-22T18:00Z,2026-03-22 19:00,53394.021,55291.719
2026-03-22T19:00Z,2026-03-22 20:00,51758.698,53527.800
2026-03-22T20:00Z,2026-03-22 21:00,49853.268,51309.762
2026-03-22T21:00Z,2026-03-22 22:00,48815.738,49641.426
2026-03-22T22:00Z,2026-03-22 23:00,46411.268,47283.796
2026-03-22T23:00Z,2026-03-23 00:00,44490.252,43749.578
2026-03-23T00:00Z,2026-03-23 01:00,43243.520,42643.853
2026-03-23T01:00Z,2026-03-23 02:00,42766.711,42259.330
2026-03-23T02:00Z,2026-03-23 03:00,43591.022,42683.339
2026-03-23T03:00Z,2026-03-23 04:00,45451.123,44552.088
2026-03-23T04:00Z,2026-03-23 05:00,49511.634,48890.152
2026-03-23T05:00Z,2026-03-23 06:00,56876.692,55880.830
2026-03-23T06:00Z,2026-03-23 07:00,61356.256,60941.570
2026-03-23T07:00Z,2026-03-23 08:00,63344.335,63819.379
2026-03-23T08:00Z,2026-03-23 09:00,62122.364,64737.566
2026-03-23T09:00Z,2026-03-23 10:00,60881.005,64852.804
2026-03-23T10:00Z,2026-03-23 11:00,59994.840,64688.628
2026-03-23T11:00Z,2026-03-23 12:00,58398.908,64034.985
2026-03-23T12:00Z,2026-03-23 13:00,57079.955,62622.200
2026-03-23T13:00Z,2026-03-23 14:00,56781.388,61236.809
2026-03-23T14:00Z,2026-03-23 15:00,57279.077,60420.324
2026-03-23T15:00Z,2026-03-23 16:00,57543.100,59735.350
2026-03-23T16:00Z,2026-03-23 17:00,59188.288,60633.360
2026-03-23T17:00Z,2026-03-23 18:00,61562.654,61733.411
2026-03-23T18:00Z,2026-03-23 19:00,62544.682,61698.084
2026-03-23T19:00Z,2026-03-23 20:00,59450.200,59370.106
2026-03-23T20:00Z,2026-03-23 21:00,56074.068,56164.077
2026-03-23T21:00Z,2026-03-23 22:00,52545.152,52678.844
2026-03-23T22:00Z,2026-03-23 23:00,49300.986,49361.141
2026-03-23T23:00Z,2026-03-24 00:00,46330.573,47106.880
2026-03-24T00:00Z,2026-03-24 01:00,45243.067,45889.510
2026-03-24T01:00Z,2026-03-24 02:00,44936.926,45448.627
2026-03-24T02:00Z,2026-03-24 03:00,45618.897,45708.876
2026-03-24T03:00Z,2026-03-24 04:00,46952.045,47007.906
2026-03-24T04:00Z,2026-03-24 05:00,50957.401,50232.041
2026-03-24T05:00Z,2026-03-24 06:00,58216.035,55954.647
2026-03-24T06:00Z,2026-03-24 07:00,62264.719,60059.864
2026-03-24T07:00Z,2026-03-24 08:00,64130.317,62734.341
2026-03-24T08:00Z,2026-03-24 09:00,64149.601,63605.568
2026-03-24T09:00Z,2026-03-24 10:00,63346.047,64096.930
2026-03-24T10:00Z,2026-03-24 11:00,61712.725,64307.522
2026-03-24T11:00Z,2026-03-24 12:00,60024.031,63384.174
2026-03-24T12:00Z,2026-03-24 13:00,58791.402,61754.782
2026-03-24T13:00Z,2026-03-24 14:00,58256.142,60199.955
2026-03-24T14:00Z,2026-03-24 15:00,59660.301,59464.869
2026-03-24T15:00Z,2026-03-24 16:00,60294.871,59275.022
2026-03-24T16:00Z,2026-03-24 17:00,62353.459,60651.691
2026-03-24T17:00Z,2026-03-24 18:00,65714.790,62043.719
2026-03-24T18:00Z,2026-03-24 19:00,66897.525,62061.212
2026-03-24T19:00Z,2026-03-24 20:00,63278.627,59812.969
2026-03-24T20:00Z,2026-03-24 21:00,59806.171,56546.854
2026-03-24T21:00Z,2026-03-24 22:00,56612.619,53120.160
2026-03-24T22:00Z,2026-03-24 23:00,53034.536,50073.100
2026-03-24T23:00Z,2026-03-25 00:00,50409.904,47004.061
2026-03-25T00:00Z,2026-03-25 01:00,48587.131,45762.849
2026-03-25T01:00Z,2026-03-25 02:00,47645.827,45218.013
2026-03-25T02:00Z,2026-03-25 03:00,47982.011,45158.903
2026-03-25T03:00Z,2026-03-25 04:00,50088.602,46657.921
2026-03-25T04:00Z,2026-03-25 05:00,53991.740,49899.695
2026-03-25T05:00Z,2026-03-25 06:00,61398.918,55882.690
2026-03-25T06:00Z,2026-03-25 07:00,66337.662,61129.251
2026-03-25T07:00Z,2026-03-25 08:00,68221.965,64008.002
2026-03-25T08:00Z,2026-03-25 09:00,68613.373,65168.485
2026-03-25T09:00Z,2026-03-25 10:00,69709.358,65014.940
2026-03-25T10:00Z,2026-03-25 11:00,70000.540,65141.112
2026-03-25T11:00Z,2026-03-25 12:00,70319.581,64137.544
2026-03-25T12:00Z,2026-03-25 13:00,68338.380,61955.227
2026-03-25T13:00Z,2026-03-25 14:00,68075.158,60136.654
2026-03-25T14:00Z,2026-03-25 15:00,66854.032,58727.784
2026-03-25T15:00Z,2026-03-25 16:00,65503.637,58135.260
2026-03-25T16:00Z,2026-03-25 17:00,66527.235,60140.969
2026-03-25T17:00Z,2026-03-25 18:00,67123.561,62000.707
2026-03-25T18:00Z,2026-03-25 19:00,67513.578,61595.705
2026-03-25T19:00Z,2026-03-25 20:00,64410.152,58975.560
2026-03-25T20:00Z,2026-03-25 21:00,61488.104,55771.174
2026-03-25T21:00Z,2026-03-25 22:00,57647.513,52172.300
2026-03-25T22:00Z,2026-03-25 23:00,53954.397,48661.910
2026-03-25T23:00Z,2026-03-26 00:00,51971.227,46766.984
2026-03-26T00:00Z,2026-03-26 01:00,50024.777,45415.982
2026-03-26T01:00Z,2026-03-26 02:00,49784.804,45065.378
2026-03-26T02:00Z,2026-03-26 03:00,50333.887,45735.016
2026-03-26T03:00Z,2026-03-26 04:00,51089.436,47012.252
2026-03-26T04:00Z,2026-03-26 05:00,54616.232,50148.220
2026-03-26T05:00Z,2026-03-26 06:00,61939.792,55937.673
2026-03-26T06:00Z,2026-03-26 07:00,65718.566,60438.551
2026-03-26T07:00Z,2026-03-26 08:00,68351.895,62921.216
2026-03-26T08:00Z,2026-03-26 09:00,68653.700,63769.655
2026-03-26T09:00Z,2026-03-26 10:00,68747.298,63872.974
2026-03-26T10:00Z,2026-03-26 11:00,68486.438,63463.374
2026-03-26T11:00Z,2026-03-26 12:00,67403.759,62857.688
2026-03-26T12:00Z,2026-03-26 13:00,65847.236,61607.533
2026-03-26T13:00Z,2026-03-26 14:00,63551.650,60172.114
2026-03-26T14:00Z,2026-03-26 15:00,62683.184,59365.350
2026-03-26T15:00Z,2026-03-26 16:00,63004.605,58957.890
2026-03-26T16:00Z,2026-03-26 17:00,65025.072,59765.401
2026-03-26T17:00Z,2026-03-26 18:00,66881.370,61495.336
2026-03-26T18:00Z,2026-03-26 19:00,67579.818,61563.230
2026-03-26T19:00Z,2026-03-26 20:00,64901.667,58799.515
2026-03-26T20:00Z,2026-03-26 21:00,61992.268,55900.914
2026-03-26T21:00Z,2026-03-26 22:00,58214.847,52764.691
2026-03-26T22:00Z,2026-03-26 23:00,54979.231,49539.413
2026-03-26T23:00Z,2026-03-27 00:00,52127.114,48570.691
2026-03-27T00:00Z,2026-03-27 01:00,50145.703,47413.057
2026-03-27T01:00Z,2026-03-27 02:00,49535.138,47408.509
2026-03-27T02:00Z,2026-03-27 03:00,49569.510,48387.997
2026-03-27T03:00Z,2026-03-27 04:00,50895.189,49051.047
2026-03-27T04:00Z,2026-03-27 05:00,54513.546,51660.609
2026-03-27T05:00Z,2026-03-27 06:00,60450.737,57741.005
2026-03-27T06:00Z,2026-03-27 07:00,64371.959,61031.306
2026-03-27T07:00Z,2026-03-27 08:00,66842.059,63577.657
2026-03-27T08:00Z,2026-03-27 09:00,65934.245,65005.378
2026-03-27T09:00Z,2026-03-27 10:00,64146.401,65273.279
2026-03-27T10:00Z,2026-03-27 11:00,62992.875,63963.298
2026-03-27T11:00Z,2026-03-27 12:00,61913.676,62277.111
2026-03-27T12:00Z,2026-03-27 13:00,60383.296,60237.088
2026-03-27T13:00Z,2026-03-27 14:00,58184.320,58917.157
2026-03-27T14:00Z,2026-03-27 15:00,58115.247,58516.390
2026-03-27T15:00Z,2026-03-27 16:00,59190.552,57077.783
2026-03-27T16:00Z,2026-03-27 17:00,60848.386,59314.936
2026-03-27T17:00Z,2026-03-27 18:00,63071.808,61150.949
2026-03-27T18:00Z,2026-03-27 19:00,64037.015,59847.464
2026-03-27T19:00Z,2026-03-27 20:00,61049.543,57103.083
2026-03-27T20:00Z,2026-03-27 21:00,57410.781,54334.081
2026-03-27T21:00Z,2026-03-27 22:00,54586.637,51760.858
2026-03-27T22:00Z,2026-03-27 23:00,52088.883,48921.518
2026-03-27T23:00Z,2026-03-28 00:00,50097.017,50047.666
2026-03-28T00:00Z,2026-03-28 01:00,46428.475,48235.429
2026-03-28T01:00Z,2026-03-28 02:00,46640.597,47237.011
2026-03-28T02:00Z,2026-03-28 03:00,46817.768,46886.011
2026-03-28T03:00Z,2026-03-28 04:00,47158.249,47079.082
2026-03-28T04:00Z,2026-03-28 05:00,47736.694,46750.332
2026-03-28T05:00Z,2026-03-28 06:00,49049.543,47181.398
2026-03-28T06:00Z,2026-03-28 07:00,50784.147,49881.801
2026-03-28T07:00Z,2026-03-28 08:00,53486.863,53211.926
2026-03-28T08:00Z,2026-03-28 09:00,56187.229,55790.930
2026-03-28T09:00Z,2026-03-28 10:00,56979.855,56916.684
2026-03-28T10:00Z,2026-03-28 11:00,56803.348,56901.222
2026-03-28T11:00Z,2026-03-28 12:00,56227.741,55863.074
2026-03-28T12:00Z,2026-03-28 13:00,54336.433,53851.581
2026-03-28T13:00Z,2026-03-28 14:00,52555.773,52485.589
2026-03-28T14:00Z,2026-03-28 15:00,52680.522,52042.977
2026-03-28T15:00Z,2026-03-28 16:00,53026.307,52399.696
2026-03-28T16:00Z,2026-03-28 17:00,54807.390,53809.840
2026-03-28T17:00Z,2026-03-28 18:00,56887.198,55506.614
2026-03-28T18:00Z,2026-03-28 19:00,57460.308,54639.460
2026-03-28T19:00Z,2026-03-28 20:00,54739.822,52241.431
2026-03-28T20:00Z,2026-03-28 21:00,52622.001,49995.024
2026-03-28T21:00Z,2026-03-28 22:00,50870.864,47808.335
2026-03-28T22:00Z,2026-03-28 23:00,47880.254,44684.403
2026-03-28T23:00Z,2026-03-29 00:00,45159.971,43526.024
2026-03-29T00:00Z,2026-03-29 01:00,42998.236,42220.012
2026-03-29T01:00Z,2026-03-29 03:00,42801.317,41399.440
2026-03-29T02:00Z,2026-03-29 04:00,42544.784,41334.388
2026-03-29T03:00Z,2026-03-29 05:00,42536.775,42706.230
2026-03-29T04:00Z,2026-03-29 06:00,42720.872,44674.094
2026-03-29T05:00Z,2026-03-29 07:00,44149.970,46934.136
2026-03-29T06:00Z,2026-03-29 08:00,46204.943,49638.039
2026-03-29T07:00Z,2026-03-29 09:00,48494.351,52237.667
2026-03-29T08:00Z,2026-03-29 10:00,50392.862,53970.776
2026-03-29T09:00Z,2026-03-29 11:00,51842.177,54997.563
2026-03-29T10:00Z,2026-03-29 12:00,51776.940,54584.290
2026-03-29T11:00Z,2026-03-29 13:00,50453.990,53190.026
2026-03-29T12:00Z,2026-03-29 14:00,47680.509,51421.175
2026-03-29T13:00Z,2026-03-29 15:00,47201.549,50718.213
2026-03-29T14:00Z,2026-03-29 16:00,48111.861,50639.103
2026-03-29T15:00Z,2026-03-29 17:00,50467.376,51826.342
2026-03-29T16:00Z,2026-03-29 18:00,52614.608,53980.981
2026-03-29T17:00Z,2026-03-29 19:00,54058.156,54735.739
2026-03-29T18:00Z,2026-03-29 20:00,54055.293,53683.680
2026-03-29T19:00Z,2026-03-29 21:00,52705.749,52482.805
2026-03-29T20:00Z,2026-03-29 22:00,53211.959,50914.989
2026-03-29T21:00Z,2026-03-29 23:00,51584.458,48686.816
2026-03-29T22:00Z,2026-03-30 00:00,49658.531,46669.898
2026-03-29T23:00Z,2026-03-30 01:00,48224.828,45113.053
2026-03-30T00:00Z,2026-03-30 02:00,47334.881,44403.853
2026-03-30T01:00Z,2026-03-30 03:00,47616.751,44692.792
2026-03-30T02:00Z,2026-03-30 04:00,49094.009,46054.306
2026-03-30T03:00Z,2026-03-30 05:00,53377.279,49686.656
2026-03-30T04:00Z,2026-03-30 06:00,59465.115,56789.241
2026-03-30T05:00Z,2026-03-30 07:00,63991.235,62617.515
2026-03-30T06:00Z,2026-03-30 08:00,67073.710,65984.817
2026-03-30T07:00Z,2026-03-30 09:00,68062.819,67208.539
2026-03-30T08:00Z,2026-03-30 10:00,66586.729,67041.130
2026-03-30T09:00Z,2026-03-30 11:00,66270.529,66874.153
2026-03-30T10:00Z,2026-03-30 12:00,65952.370,66343.854
2026-03-30T11:00Z,2026-03-30 13:00,64685.758,65097.977
2026-03-30T12:00Z,2026-03-30 14:00,62162.161,63656.246
2026-03-30T13:00Z,2026-03-30 15:00,60788.146,62554.808
2026-03-30T14:00Z,2026-03-30 16:00,60320.295,62250.752
2026-03-30T15:00Z,2026-03-30 17:00,61161.909,62849.835
2026-03-30T16:00Z,2026-03-30 18:00,63142.183,63888.188
2026-03-30T17:00Z,2026-03-30 19:00,63682.259,64310.971
2026-03-30T18:00Z,2026-03-30 20:00,63186.794,62121.535
2026-03-30T19:00Z,2026-03-30 21:00,60450.191,59420.141
2026-03-30T20:00Z,2026-03-30 22:00,57173.828,56380.973
2026-03-30T21:00Z,2026-03-30 23:00,53669.206,52868.344
2026-03-30T22:00Z,2026-03-31 00:00,50599.477,49206.172
2026-03-30T23:00Z,2026-03-31 01:00,48683.108,47386.892
2026-03-31T00:00Z,2026-03-31 02:00,47506.873,46737.969
2026-03-31T01:00Z,2026-03-31 03:00,48064.164,46947.291
2026-03-31T02:00Z,2026-03-31 04:00,49362.625,47968.588
2026-03-31T03:00Z,2026-03-31 05:00,52527.817,50780.324
2026-03-31T04:00Z,2026-03-31 06:00,59274.511,56485.628
2026-03-31T05:00Z,2026-03-31 07:00,64171.449,61588.196
2026-03-31T06:00Z,2026-03-31 08:00,66360.551,64787.834
2026-03-31T07:00Z,2026-03-31 09:00,66419.808,65729.590
2026-03-31T08:00Z,2026-03-31 10:00,65945.229,65455.473
2026-03-31T09:00Z,2026-03-31 11:00,66456.393,64926.672
2026-03-31T10:00Z,2026-03-31 12:00,65504.546,64404.638
2026-03-31T11:00Z,2026-03-31 13:00,64246.501,63225.101
2026-03-31T12:00Z,2026-03-31 14:00,62586.031,60940.393
2026-03-31T13:00Z,2026-03-31 15:00,61671.968,60054.118
2026-03-31T14:00Z,2026-03-31 16:00,60735.225,60156.183
2026-03-31T15:00Z,2026-03-31 17:00,61468.617,61187.184
2026-03-31T16:00Z,2026-03-31 18:00,62569.827,62654.620
2026-03-31T17:00Z,2026-03-31 19:00,63554.365,62841.145
2026-03-31T18:00Z,2026-03-31 20:00,62861.120,60722.240
2026-03-31T19:00Z,2026-03-31 21:00,59696.662,57791.514
2026-03-31T20:00Z,2026-03-31 22:00,56142.527,54565.308
2026-03-31T21:00Z,2026-03-31 23:00,52681.346,51248.985
2026-03-31T22:00Z,2026-04-01 00:00,49924.504,48959.257
2026-03-31T23:00Z,2026-04-01 01:00,48546.737,47184.819
2026-04-01T00:00Z,2026-04-01 02:00,47709.230,46505.351
2026-04-01T01:00Z,2026-04-01 03:00,47516.152,47318.859
2026-04-01T02:00Z,2026-04-01 04:00,48939.335,48059.675
2026-04-01T03:00Z,2026-04-01 05:00,52229.568,50363.610
2026-04-01T04:00Z,2026-04-01 06:00,58676.282,56039.773
2026-04-01T05:00Z,2026-04-01 07:00,62932.486,60517.243
2026-04-01T06:00Z,2026-04-01 08:00,65016.766,63771.999
2026-04-01T07:00Z,2026-04-01 09:00,65673.600,64832.347
2026-04-01T08:00Z,2026-04-01 10:00,64536.446,64685.581
2026-04-01T09:00Z,2026-04-01 11:00,63341.443,63969.726
2026-04-01T10:00Z,2026-04-01 12:00,62387.572,63588.493
2026-04-01T11:00Z,2026-04-01 13:00,61283.299,62461.684
2026-04-01T12:00Z,2026-04-01 14:00,58411.912,60731.151
2026-04-01T13:00Z,2026-04-01 15:00,57728.242,60377.351
2026-04-01T14:00Z,2026-04-01 16:00,57853.533,60078.780
2026-04-01T15:00Z,2026-04-01 17:00,59043.911,60895.881
2026-04-01T16:00Z,2026-04-01 18:00,60338.335,61920.100
2026-04-01T17:00Z,2026-04-01 19:00,61834.566,61887.185
2026-04-01T18:00Z,2026-04-01 20:00,61662.671,60088.771
2026-04-01T19:00Z,2026-04-01 21:00,59027.303,57240.003
2026-04-01T20:00Z,2026-04-01 22:00,55879.252,54508.652
2026-04-01T21:00Z,2026-04-01 23:00,52534.719,51264.084
2026-04-01T22:00Z,2026-04-02 00:00,50287.079,49398.439
2026-04-01T23:00Z,2026-04-02 01:00,48930.357,47849.622
2026-04-02T00:00Z,2026-04-02 02:00,48375.651,47346.571
2026-04-02T01:00Z,2026-04-02 03:00,49013.072,47861.440
2026-04-02T02:00Z,2026-04-02 04:00,50255.822,49255.031
2026-04-02T03:00Z,2026-04-02 05:00,53652.262,52312.790
2026-04-02T04:00Z,2026-04-02 06:00,59730.278,58276.276
2026-04-02T05:00Z,2026-04-02 07:00,63750.959,63064.905
2026-04-02T06:00Z,2026-04-02 08:00,65932.441,66387.235
2026-04-02T07:00Z,2026-04-02 09:00,65054.061,67492.047
2026-04-02T08:00Z,2026-04-02 10:00,64049.027,67632.777
2026-04-02T09:00Z,2026-04-02 11:00,62731.855,67412.145
2026-04-02T10:00Z,2026-04-02 12:00,61390.142,66842.883
2026-04-02T11:00Z,2026-04-02 13:00,59573.559,65273.262
2026-04-02T12:00Z,2026-04-02 14:00,58426.636,63273.205
2026-04-02T13:00Z,2026-04-02 15:00,57746.429,62396.363
2026-04-02T14:00Z,2026-04-02 16:00,57147.149,62274.763
2026-04-02T15:00Z,2026-04-02 17:00,58468.154,63147.310
2026-04-02T16:00Z,2026-04-02 18:00,59013.241,63279.851
2026-04-02T17:00Z,2026-04-02 19:00,59070.153,62830.022
2026-04-02T18:00Z,2026-04-02 20:00,58387.157,60820.552
2026-04-02T19:00Z,2026-04-02 21:00,55650.380,57704.257
2026-04-02T20:00Z,2026-04-02 22:00,52724.563,54549.507
2026-04-02T21:00Z,2026-04-02 23:00,49775.713,51250.501
2026-04-02T22:00Z,2026-04-03 00:00,46688.217,46573.769
2026-04-02T23:00Z,2026-04-03 01:00,45488.911,44812.832
2026-04-03T00:00Z,2026-04-03 02:00,44907.207,43684.409
2026-04-03T01:00Z,2026-04-03 03:00,44665.525,43453.560
2026-04-03T02:00Z,2026-04-03 04:00,44216.633,43839.620
2026-04-03T03:00Z,2026-04-03 05:00,44328.830,44228.052
2026-04-03T04:00Z,2026-04-03 06:00,44920.791,45497.639
2026-04-03T05:00Z,2026-04-03 07:00,45593.188,47926.524
2026-04-03T06:00Z,2026-04-03 08:00,48235.024,50755.639
2026-04-03T07:00Z,2026-04-03 09:00,50408.433,53228.836
2026-04-03T08:00Z,2026-04-03 10:00,51074.356,54390.836
2026-04-03T09:00Z,2026-04-03 11:00,51794.180,54457.497
2026-04-03T10:00Z,2026-04-03 12:00,51187.076,53880.360
2026-04-03T11:00Z,2026-04-03 13:00,49873.092,52139.929
2026-04-03T12:00Z,2026-04-03 14:00,47384.931,50385.335
2026-04-03T13:00Z,2026-04-03 15:00,45011.331,49962.995
2026-04-03T14:00Z,2026-04-03 16:00,45272.234,50406.651
2026-04-03T15:00Z,2026-04-03 17:00,47520.415,51152.018
2026-04-03T16:00Z,2026-04-03 18:00,49551.900,52347.936
2026-04-03T17:00Z,2026-04-03 19:00,49817.775,52828.313
2026-04-03T18:00Z,2026-04-03 20:00,49891.553,52061.664
2026-04-03T19:00Z,2026-04-03 21:00,49092.444,50780.790
2026-04-03T20:00Z,2026-04-03 22:00,48315.018,48851.766
2026-04-03T21:00Z,2026-04-03 23:00,46979.872,46444.471
2026-04-03T22:00Z,2026-04-04 00:00,44806.342,47528.419
2026-04-03T23:00Z,2026-04-04 01:00,42929.370,46033.559
2026-04-04T00:00Z,2026-04-04 02:00,42079.425,44915.118
2026-04-04T01:00Z,2026-04-04 03:00,42414.141,44388.522
2026-04-04T02:00Z,2026-04-04 04:00,42954.287,44677.829
2026-04-04T03:00Z,2026-04-04 05:00,44389.276,44937.712
2026-04-04T04:00Z,2026-04-04 06:00,45746.608,46124.154
2026-04-04T05:00Z,2026-04-04 07:00,47450.980,48623.079
2026-04-04T06:00Z,2026-04-04 08:00,50483.387,51593.948
2026-04-04T07:00Z,2026-04-04 09:00,52090.179,53952.718
2026-04-04T08:00Z,2026-04-04 10:00,51872.436,55180.517
2026-04-04T09:00Z,2026-04-04 11:00,53359.434,55552.903
2026-04-04T10:00Z,2026-04-04 12:00,53062.716,54950.151
2026-04-04T11:00Z,2026-04-04 13:00,51809.885,53339.929
2026-04-04T12:00Z,2026-04-04 14:00,50408.931,52222.973
2026-04-04T13:00Z,2026-04-04 15:00,50515.786,51714.206
2026-04-04T14:00Z,2026-04-04 16:00,50357.534,51604.660
2026-04-04T15:00Z,2026-04-04 17:00,50860.399,52308.686
2026-04-04T16:00Z,2026-04-04 18:00,50793.308,53365.168
2026-04-04T17:00Z,2026-04-04 19:00,50498.888,53749.427
2026-04-04T18:00Z,2026-04-04 20:00,49969.378,52326.725
2026-04-04T19:00Z,2026-04-04 21:00,48003.805,50378.671
2026-04-04T20:00Z,2026-04-04 22:00,46371.808,48450.725
2026-04-04T21:00Z,2026-04-04 23:00,43741.590,46069.509
2026-04-04T22:00Z,2026-04-05 00:00,41427.906,41769.572
2026-04-04T23:00Z,2026-04-05 01:00,39683.326,40051.448
2026-04-05T00:00Z,2026-04-05 02:00,38631.809,39143.629
2026-04-05T01:00Z,2026-04-05 03:00,38433.995,38810.332
2026-04-05T02:00Z,2026-04-05 04:00,38819.151,38965.979
2026-04-05T03:00Z,2026-04-05 05:00,39309.458,38656.360
2026-04-05T04:00Z,2026-04-05 06:00,40116.177,38874.870
2026-04-05T05:00Z,2026-04-05 07:00,41679.593,40943.482
2026-04-05T06:00Z,2026-04-05 08:00,44559.378,43959.224
2026-04-05T07:00Z,2026-04-05 09:00,46351.579,46811.986
2026-04-05T08:00Z,2026-04-05 10:00,47125.447,47851.400
2026-04-05T09:00Z,2026-04-05 11:00,47885.043,47981.093
2026-04-05T10:00Z,2026-04-05 12:00,45938.489,47615.988
2026-04-05T11:00Z,2026-04-05 13:00,43383.944,45994.317
2026-04-05T12:00Z,2026-04-05 14:00,41214.594,44371.005
2026-04-05T13:00Z,2026-04-05 15:00,40721.449,43304.121
2026-04-05T14:00Z,2026-04-05 16:00,41678.999,43410.705
2026-04-05T15:00Z,2026-04-05 17:00,44043.981,44373.369
2026-04-05T16:00Z,2026-04-05 18:00,47403.597,45715.598
2026-04-05T17:00Z,2026-04-05 19:00,49337.416,46453.808
2026-04-05T18:00Z,2026-04-05 20:00,49306.449,46451.622
2026-04-05T19:00Z,2026-04-05 21:00,48382.589,45839.867
2026-04-05T20:00Z,2026-04-05 22:00,46684.237,44507.558
2026-04-05T21:00Z,2026-04-05 23:00,44551.204,42392.649
2026-04-05T22:00Z,2026-04-06 00:00,42082.975,40655.505
2026-04-05T23:00Z,2026-04-06 01:00,40515.476,39419.751
2026-04-06T00:00Z,2026-04-06 02:00,39516.276,38683.595
2026-04-06T01:00Z,2026-04-06 03:00,39870.501,38507.262
2026-04-06T02:00Z,2026-04-06 04:00,40828.359,39168.608
2026-04-06T03:00Z,2026-04-06 05:00,41658.166,40041.053
2026-04-06T04:00Z,2026-04-06 06:00,42354.361,41264.496
2026-04-06T05:00Z,2026-04-06 07:00,43698.830,43862.924
2026-04-06T06:00Z,2026-04-06 08:00,44581.829,47007.678
2026-04-06T07:00Z,2026-04-06 09:00,47151.040,49529.630
2026-04-06T08:00Z,2026-04-06 10:00,47773.745,50703.078
2026-04-06T09:00Z,2026-04-06 11:00,47171.283,51218.095
2026-04-06T10:00Z,2026-04-06 12:00,44517.797,50504.235
2026-04-06T11:00Z,2026-04-06 13:00,42380.243,48674.858
2026-04-06T12:00Z,2026-04-06 14:00,40374.721,47267.229
2026-04-06T13:00Z,2026-04-06 15:00,39200.319,46309.865
2026-04-06T14:00Z,2026-04-06 16:00,40269.410,46085.652
2026-04-06T15:00Z,2026-04-06 17:00,43073.184,47005.380
2026-04-06T16:00Z,2026-04-06 18:00,48426.240,48686.352
2026-04-06T17:00Z,2026-04-06 19:00,49716.631,49622.831
2026-04-06T18:00Z,2026-04-06 20:00,50678.168,49594.875
2026-04-06T19:00Z,2026-04-06 21:00,49684.685,48811.944
2026-04-06T20:00Z,2026-04-06 22:00,48082.735,47316.174
2026-04-06T21:00Z,2026-04-06 23:00,45586.452,45121.544
2026-04-06T22:00Z,2026-04-07 00:00,43406.177,45011.529
2026-04-06T23:00Z,2026-04-07 01:00,41874.147,43967.927
2026-04-07T00:00Z,2026-04-07 02:00,41628.218,43241.751
2026-04-07T01:00Z,2026-04-07 03:00,42313.581,43460.947
2026-04-07T02:00Z,2026-04-07 04:00,43913.320,44776.826
2026-04-07T03:00Z,2026-04-07 05:00,48364.815,48957.715
2026-04-07T04:00Z,2026-04-07 06:00,55612.831,55997.485
2026-04-07T05:00Z,2026-04-07 07:00,60610.544,60572.139
2026-04-07T06:00Z,2026-04-07 08:00,63057.056,63376.112
2026-04-07T07:00Z,2026-04-07 09:00,61680.039,64610.212
2026-04-07T08:00Z,2026-04-07 10:00,60564.000,65040.669
2026-04-07T09:00Z,2026-04-07 11:00,59727.225,65277.257
2026-04-07T10:00Z,2026-04-07 12:00,57324.940,64980.175
2026-04-07T11:00Z,2026-04-07 13:00,55965.284,63175.702
2026-04-07T12:00Z,2026-04-07 14:00,54599.696,61591.693
2026-04-07T13:00Z,2026-04-07 15:00,53411.911,60230.484
2026-04-07T14:00Z,2026-04-07 16:00,53715.477,59838.480
2026-04-07T15:00Z,2026-04-07 17:00,55235.412,60707.699
2026-04-07T16:00Z,2026-04-07 18:00,57979.469,61638.778
2026-04-07T17:00Z,2026-04-07 19:00,60053.583,61746.716
2026-04-07T18:00Z,2026-04-07 20:00,60104.728,60303.343
2026-04-07T19:00Z,2026-04-07 21:00,56914.698,57622.299
2026-04-07T20:00Z,2026-04-07 22:00,53024.445,54405.884
2026-04-07T21:00Z,2026-04-07 23:00,49349.232,51211.515
2026-04-07T22:00Z,2026-04-08 00:00,46565.788,48273.492
2026-04-07T23:00Z,2026-04-08 01:00,44564.389,46698.512
2026-04-08T00:00Z,2026-04-08 02:00,43575.050,45971.876
2026-04-08T01:00Z,2026-04-08 03:00,43780.536,46206.810
2026-04-08T02:00Z,2026-04-08 04:00,45826.466,47330.230
2026-04-08T03:00Z,2026-04-08 05:00,49767.812,50517.982
2026-04-08T04:00Z,2026-04-08 06:00,56312.738,56625.107
2026-04-08T05:00Z,2026-04-08 07:00,60386.284,61337.703
2026-04-08T06:00Z,2026-04-08 08:00,62710.082,64034.855
2026-04-08T07:00Z,2026-04-08 09:00,62087.142,65275.538
2026-04-08T08:00Z,2026-04-08 10:00,60378.810,65444.855
2026-04-08T09:00Z,2026-04-08 11:00,58105.633,65730.646
2026-04-08T10:00Z,2026-04-08 12:00,55781.783,65065.888
2026-04-08T11:00Z,2026-04-08 13:00,54591.315,63320.366
2026-04-08T12:00Z,2026-04-08 14:00,52829.181,61996.415
2026-04-08T13:00Z,2026-04-08 15:00,51994.034,60609.102
2026-04-08T14:00Z,2026-04-08 16:00,52920.827,60148.187
2026-04-08T15:00Z,2026-04-08 17:00,54553.358,60901.636
2026-04-08T16:00Z,2026-04-08 18:00,57382.726,61416.243
2026-04-08T17:00Z,2026-04-08 19:00,59159.130,61883.695
2026-04-08T18:00Z,2026-04-08 20:00,59573.340,60516.247
2026-04-08T19:00Z,2026-04-08 21:00,56950.970,57806.579
2026-04-08T20:00Z,2026-04-08 22:00,53508.582,54668.422
2026-04-08T21:00Z,2026-04-08 23:00,50095.623,51363.959
2026-04-08T22:00Z,2026-04-09 00:00,47640.697,46716.468
2026-04-08T23:00Z,2026-04-09 01:00,45819.657,45001.074
2026-04-09T00:00Z,2026-04-09 02:00,44771.037,44453.085
2026-04-09T01:00Z,2026-04-09 03:00,45113.404,44865.568
2026-04-09T02:00Z,2026-04-09 04:00,46644.930,47697.938
2026-04-09T03:00Z,2026-04-09 05:00,50269.890,52106.841
2026-04-09T04:00Z,2026-04-09 06:00,56680.707,57647.959
2026-04-09T05:00Z,2026-04-09 07:00,60748.390,62474.092
2026-04-09T06:00Z,2026-04-09 08:00,62972.740,66292.410
2026-04-09T07:00Z,2026-04-09 09:00,62778.127,66983.921
2026-04-09T08:00Z,2026-04-09 10:00,61545.566,67006.467
2026-04-09T09:00Z,2026-04-09 11:00,59637.137,66352.691
2026-04-09T10:00Z,2026-04-09 12:00,57042.570,65861.400
2026-04-09T11:00Z,2026-04-09 13:00,55678.891,64679.102
2026-04-09T12:00Z,2026-04-09 14:00,54057.254,62274.419
2026-04-09T13:00Z,2026-04-09 15:00,54068.324,61572.743
2026-04-09T14:00Z,2026-04-09 16:00,55088.213,62101.444
2026-04-09T15:00Z,2026-04-09 17:00,56033.358,64019.822
2026-04-09T16:00Z,2026-04-09 18:00,58517.533,63132.934
2026-04-09T17:00Z,2026-04-09 19:00,59789.467,62046.812
2026-04-09T18:00Z,2026-04-09 20:00,60001.376,60836.446
2026-04-09T19:00Z,2026-04-09 21:00,58277.567,57251.396
2026-04-09T20:00Z,2026-04-09 22:00,55046.353,53675.784
2026-04-09T21:00Z,2026-04-09 23:00,51419.148,50195.006
2026-04-09T22:00Z,2026-04-10 00:00,48353.123,46757.716
2026-04-09T23:00Z,2026-04-10 01:00,46653.187,45350.145
2026-04-10T00:00Z,2026-04-10 02:00,46103.128,44642.036
2026-04-10T01:00Z,2026-04-10 03:00,46901.840,44985.426
2026-04-10T02:00Z,2026-04-10 04:00,48480.481,45959.698
2026-04-10T03:00Z,2026-04-10 05:00,51096.636,48268.542
2026-04-10T04:00Z,2026-04-10 06:00,57618.812,53859.218
2026-04-10T05:00Z,2026-04-10 07:00,62005.130,58136.871
2026-04-10T06:00Z,2026-04-10 08:00,64363.016,62065.494
2026-04-10T07:00Z,2026-04-10 09:00,65229.190,63942.564
2026-04-10T08:00Z,2026-04-10 10:00,65619.528,63942.283
2026-04-10T09:00Z,2026-04-10 11:00,64764.454,62987.713
2026-04-10T10:00Z,2026-04-10 12:00,62706.879,61157.826
2026-04-10T11:00Z,2026-04-10 13:00,60992.082,59363.817
2026-04-10T12:00Z,2026-04-10 14:00,58392.855,57944.314
2026-04-10T13:00Z,2026-04-10 15:00,56523.515,56751.896
2026-04-10T14:00Z,2026-04-10 16:00,56323.045,55647.187
2026-04-10T15:00Z,2026-04-10 17:00,56171.600,56394.609
2026-04-10T16:00Z,2026-04-10 18:00,57294.868,56843.839
2026-04-10T17:00Z,2026-04-10 19:00,57818.341,57502.230
2026-04-10T18:00Z,2026-04-10 20:00,57250.859,55738.248
2026-04-10T19:00Z,2026-04-10 21:00,54156.195,53082.920
2026-04-10T20:00Z,2026-04-10 22:00,51057.893,50275.178
2026-04-10T21:00Z,2026-04-10 23:00,47720.699,47324.909
2026-04-10T22:00Z,2026-04-11 00:00,44987.913,44932.129
2026-04-10T23:00Z,2026-04-11 01:00,43017.999,43260.577
2026-04-11T00:00Z,2026-04-11 02:00,42514.378,42143.782
2026-04-11T01:00Z,2026-04-11 03:00,42378.180,41781.994
2026-04-11T02:00Z,2026-04-11 04:00,42639.856,41953.371
2026-04-11T03:00Z,2026-04-11 05:00,42868.118,43273.284
2026-04-11T04:00Z,2026-04-11 06:00,44512.829,45732.932
2026-04-11T05:00Z,2026-04-11 07:00,46177.177,48444.730
2026-04-11T06:00Z,2026-04-11 08:00,49281.499,51576.448
2026-04-11T07:00Z,2026-04-11 09:00,51486.408,54054.133
2026-04-11T08:00Z,2026-04-11 10:00,52233.788,55619.208
2026-04-11T09:00Z,2026-04-11 11:00,50236.524,55773.854
2026-04-11T10:00Z,2026-04-11 12:00,47846.104,55015.388
2026-04-11T11:00Z,2026-04-11 13:00,46499.664,53514.028
2026-04-11T12:00Z,2026-04-11 14:00,45285.798,51973.343
2026-04-11T13:00Z,2026-04-11 15:00,44632.654,50675.133
2026-04-11T14:00Z,2026-04-11 16:00,46254.331,50850.359
2026-04-11T15:00Z,2026-04-11 17:00,48773.560,51481.845
2026-04-11T16:00Z,2026-04-11 18:00,50993.233,51923.131
2026-04-11T17:00Z,2026-04-11 19:00,52637.758,51978.006
2026-04-11T18:00Z,2026-04-11 20:00,52263.234,51465.042
2026-04-11T19:00Z,2026-04-11 21:00,49646.989,49892.215
2026-04-11T20:00Z,2026-04-11 22:00,48068.837,48002.708
2026-04-11T21:00Z,2026-04-11 23:00,45305.237,45410.603
2026-04-11T22:00Z,2026-04-12 00:00,43527.824,43578.583
2026-04-11T23:00Z,2026-04-12 01:00,41030.596,41742.390
2026-04-12T00:00Z,2026-04-12 02:00,39873.059,40815.479
2026-04-12T01:00Z,2026-04-12 03:00,39293.505,40595.782
2026-04-12T02:00Z,2026-04-12 04:00,39209.170,40807.135
2026-04-12T03:00Z,2026-04-12 05:00,39403.009,41926.991
2026-04-12T04:00Z,2026-04-12 06:00,40137.399,43834.173
2026-04-12T05:00Z,2026-04-12 07:00,41584.333,46451.228
2026-04-12T06:00Z,2026-04-12 08:00,44836.121,49473.066
2026-04-12T07:00Z,2026-04-12 09:00,47768.419,52061.791
2026-04-12T08:00Z,2026-04-12 10:00,50197.944,53256.753
2026-04-12T09:00Z,2026-04-12 11:00,51507.987,53987.273
2026-04-12T10:00Z,2026-04-12 12:00,51114.858,53182.972
2026-04-12T11:00Z,2026-04-12 13:00,48701.103,51612.188
2026-04-12T12:00Z,2026-04-12 14:00,47660.576,50157.061
2026-04-12T13:00Z,2026-04-12 15:00,46143.039,49292.939
2026-04-12T14:00Z,2026-04-12 16:00,46401.507,49249.880
2026-04-12T15:00Z,2026-04-12 17:00,47632.945,50483.421
2026-04-12T16:00Z,2026-04-12 18:00,49746.557,52321.683
2026-04-12T17:00Z,2026-04-12 19:00,49784.723,52301.291
2026-04-12T18:00Z,2026-04-12 20:00,49699.598,51455.647
2026-04-12T19:00Z,2026-04-12 21:00,48410.555,50395.817
2026-04-12T20:00Z,2026-04-12 22:00,47768.853,48645.368
2026-04-12T21:00Z,2026-04-12 23:00,45045.315,46140.633
2026-04-12T22:00Z,2026-04-13 00:00,43289.305,44668.314
2026-04-12T23:00Z,2026-04-13 01:00,42298.147,43249.413
2026-04-13T00:00Z,2026-04-13 02:00,42238.031,42535.678
2026-04-13T01:00Z,2026-04-13 03:00,42792.036,42727.241
2026-04-13T02:00Z,2026-04-13 04:00,43872.929,44250.928
2026-04-13T03:00Z,2026-04-13 05:00,48201.377,48150.876
2026-04-13T04:00Z,2026-04-13 06:00,56353.587,55350.081
2026-04-13T05:00Z,2026-04-13 07:00,60931.518,61168.881
2026-04-13T06:00Z,2026-04-13 08:00,63931.090,64433.983
2026-04-13T07:00Z,2026-04-13 09:00,64067.860,65775.925
2026-04-13T08:00Z,2026-04-13 10:00,64442.833,66795.561
2026-04-13T09:00Z,2026-04-13 11:00,65807.458,67001.787
2026-04-13T10:00Z,2026-04-13 12:00,65409.664,65944.240
2026-04-13T11:00Z,2026-04-13 13:00,63746.291,64631.907
2026-04-13T12:00Z,2026-04-13 14:00,62437.250,63234.058
2026-04-13T13:00Z,2026-04-13 15:00,61627.415,61816.216
2026-04-13T14:00Z,2026-04-13 16:00,62279.595,60415.667
2026-04-13T15:00Z,2026-04-13 17:00,63691.815,60477.722
2026-04-13T16:00Z,2026-04-13 18:00,64794.761,60826.668
2026-04-13T17:00Z,2026-04-13 19:00,64005.442,60949.275
2026-04-13T18:00Z,2026-04-13 20:00,62752.597,59628.034
2026-04-13T19:00Z,2026-04-13 21:00,60044.226,56951.482
2026-04-13T20:00Z,2026-04-13 22:00,55895.702,54046.143
2026-04-13T21:00Z,2026-04-13 23:00,51288.916,50672.650
2026-04-13T22:00Z,2026-04-14 00:00,49041.538,48269.138
2026-04-13T23:00Z,2026-04-14 01:00,47540.785,46769.129
2026-04-14T00:00Z,2026-04-14 02:00,46415.904,46241.088
2026-04-14T01:00Z,2026-04-14 03:00,46663.579,46464.937
2026-04-14T02:00Z,2026-04-14 04:00,48227.297,47557.060
2026-04-14T03:00Z,2026-04-14 05:00,50975.178,50762.519
2026-04-14T04:00Z,2026-04-14 06:00,58489.372,56843.689
2026-04-14T05:00Z,2026-04-14 07:00,62968.426,61881.105
2026-04-14T06:00Z,2026-04-14 08:00,65170.006,64717.604
2026-04-14T07:00Z,2026-04-14 09:00,65506.536,65312.386
2026-04-14T08:00Z,2026-04-14 10:00,65156.349,65694.381
2026-04-14T09:00Z,2026-04-14 11:00,64946.810,65474.329
2026-04-14T10:00Z,2026-04-14 12:00,64404.061,64647.095
2026-04-14T11:00Z,2026-04-14 13:00,62651.646,63293.795
2026-04-14T12:00Z,2026-04-14 14:00,60586.864,61750.207
2026-04-14T13:00Z,2026-04-14 15:00,58775.411,60400.145
2026-04-14T14:00Z,2026-04-14 16:00,57680.697,59385.903
2026-04-14T15:00Z,2026-04-14 17:00,57497.632,59709.554
2026-04-14T16:00Z,2026-04-14 18:00,58429.263,60716.912
2026-04-14T17:00Z,2026-04-14 19:00,59346.084,61149.100
2026-04-14T18:00Z,2026-04-14 20:00,58817.241,59855.671
2026-04-14T19:00Z,2026-04-14 21:00,56159.010,57231.210
2026-04-14T20:00Z,2026-04-14 22:00,52680.553,53918.585
2026-04-14T21:00Z,2026-04-14 23:00,49043.476,50712.791
2026-04-14T22:00Z,2026-04-15 00:00,46287.105,47543.924
2026-04-14T23:00Z,2026-04-15 01:00,44602.068,46106.554
2026-04-15T00:00Z,2026-04-15 02:00,43774.637,45449.794
2026-04-15T01:00Z,2026-04-15 03:00,44145.071,45243.169
2026-04-15T02:00Z,2026-04-15 04:00,45783.868,46744.611
2026-04-15T03:00Z,2026-04-15 05:00,49249.404,50032.320
2026-04-15T04:00Z,2026-04-15 06:00,56423.508,56074.907
2026-04-15T05:00Z,2026-04-15 07:00,60694.280,62161.082
2026-04-15T06:00Z,2026-04-15 08:00,62562.841,64777.799
2026-04-15T07:00Z,2026-04-15 09:00,61568.151,65770.635
2026-04-15T08:00Z,2026-04-15 10:00,61624.079,66436.701
2026-04-15T09:00Z,2026-04-15 11:00,60498.138,66817.774
2026-04-15T10:00Z,2026-04-15 12:00,58895.432,65796.866
2026-04-15T11:00Z,2026-04-15 13:00,57285.101,63963.021
2026-04-15T12:00Z,2026-04-15 14:00,56149.811,62333.984
2026-04-15T13:00Z,2026-04-15 15:00,55606.408,61103.241
2026-04-15T14:00Z,2026-04-15 16:00,55424.211,60245.787
2026-04-15T15:00Z,2026-04-15 17:00,55673.967,60417.106
2026-04-15T16:00Z,2026-04-15 18:00,57750.113,60564.630
2026-04-15T17:00Z,2026-04-15 19:00,59085.645,60869.558
2026-04-15T18:00Z,2026-04-15 20:00,58536.067,59803.364
2026-04-15T19:00Z,2026-04-15 21:00,55673.044,57038.363
2026-04-15T20:00Z,2026-04-15 22:00,52120.728,53470.501
2026-04-15T21:00Z,2026-04-15 23:00,48571.654,49916.400
2026-04-15T22:00Z,2026-04-16 00:00,45370.793,47067.291
2026-04-15T23:00Z,2026-04-16 01:00,43700.637,45464.829
2026-04-16T00:00Z,2026-04-16 02:00,42872.673,44767.497
2026-04-16T01:00Z,2026-04-16 03:00,43147.169,45018.373
2026-04-16T02:00Z,2026-04-16 04:00,44361.197,46050.709
2026-04-16T03:00Z,2026-04-16 05:00,47693.671,49191.330
2026-04-16T04:00Z,2026-04-16 06:00,54855.329,55314.435
2026-04-16T05:00Z,2026-04-16 07:00,59359.749,60329.207
2026-04-16T06:00Z,2026-04-16 08:00,61713.991,63398.018
2026-04-16T07:00Z,2026-04-16 09:00,62394.841,64258.526
2026-04-16T08:00Z,2026-04-16 10:00,62404.528,64652.798
2026-04-16T09:00Z,2026-04-16 11:00,61234.787,64608.026
2026-04-16T10:00Z,2026-04-16 12:00,58740.799,63871.336
2026-04-16T11:00Z,2026-04-16 13:00,57346.306,62413.197
2026-04-16T12:00Z,2026-04-16 14:00,56541.067,60774.922
2026-04-16T13:00Z,2026-04-16 15:00,55104.998,59543.451
2026-04-16T14:00Z,2026-04-16 16:00,54912.077,58496.295
2026-04-16T15:00Z,2026-04-16 17:00,56206.700,58904.204
2026-04-16T16:00Z,2026-04-16 18:00,57919.209,60107.935
2026-04-16T17:00Z,2026-04-16 19:00,59041.890,59921.933
2026-04-16T18:00Z,2026-04-16 20:00,58574.985,58190.163
2026-04-16T19:00Z,2026-04-16 21:00,55788.678,55761.645
2026-04-16T20:00Z,2026-04-16 22:00,51854.175,52688.190
2026-04-16T21:00Z,2026-04-16 23:00,48101.560,49242.509
2026-04-16T22:00Z,2026-04-17 00:00,45333.666,46749.083
2026-04-16T23:00Z,2026-04-17 01:00,43872.571,45156.227
2026-04-17T00:00Z,2026-04-17 02:00,43008.128,44447.771
2026-04-17T01:00Z,2026-04-17 03:00,42887.565,44580.500
2026-04-17T02:00Z,2026-04-17 04:00,44585.534,45811.187
2026-04-17T03:00Z,2026-04-17 05:00,48032.372,48807.132
2026-04-17T04:00Z,2026-04-17 06:00,54722.516,54740.666
2026-04-17T05:00Z,2026-04-17 07:00,59669.624,60011.282
2026-04-17T06:00Z,2026-04-17 08:00,62476.238,63132.359
2026-04-17T07:00Z,2026-04-17 09:00,61416.975,63694.175
2026-04-17T08:00Z,2026-04-17 10:00,59540.375,64326.371
2026-04-17T09:00Z,2026-04-17 11:00,58647.090,64430.134
2026-04-17T10:00Z,2026-04-17 12:00,57154.700,63067.941
2026-04-17T11:00Z,2026-04-17 13:00,55490.938,61134.504
2026-04-17T12:00Z,2026-04-17 14:00,54232.444,59268.742
2026-04-17T13:00Z,2026-04-17 15:00,53784.012,58032.041
2026-04-17T14:00Z,2026-04-17 16:00,53957.409,57536.167
2026-04-17T15:00Z,2026-04-17 17:00,54679.387,57989.828
2026-04-17T16:00Z,2026-04-17 18:00,55155.534,57744.609
2026-04-17T17:00Z,2026-04-17 19:00,56092.592,57458.877
2026-04-17T18:00Z,2026-04-17 20:00,55291.885,55945.588
2026-04-17T19:00Z,2026-04-17 21:00,52939.050,53301.026
2026-04-17T20:00Z,2026-04-17 22:00,49151.984,50358.612
2026-04-17T21:00Z,2026-04-17 23:00,46075.808,47218.476
2026-04-17T22:00Z,2026-04-18 00:00,44208.155,44551.073
2026-04-17T23:00Z,2026-04-18 01:00,42592.602,42570.569
2026-04-18T00:00Z,2026-04-18 02:00,41183.578,41448.046
2026-04-18T01:00Z,2026-04-18 03:00,40852.477,41156.942
2026-04-18T02:00Z,2026-04-18 04:00,40919.944,41329.720
2026-04-18T03:00Z,2026-04-18 05:00,41962.586,41950.578
2026-04-18T04:00Z,2026-04-18 06:00,43551.762,43892.600
2026-04-18T05:00Z,2026-04-18 07:00,45684.497,46767.392
2026-04-18T06:00Z,2026-04-18 08:00,48562.148,50513.767
2026-04-18T07:00Z,2026-04-18 09:00,50559.540,53419.554
2026-04-18T08:00Z,2026-04-18 10:00,50477.198,55230.523
2026-04-18T09:00Z,2026-04-18 11:00,49742.865,55286.758
2026-04-18T10:00Z,2026-04-18 12:00,48502.973,54190.743
2026-04-18T11:00Z,2026-04-18 13:00,46669.514,52423.058
2026-04-18T12:00Z,2026-04-18 14:00,46267.120,50501.739
2026-04-18T13:00Z,2026-04-18 15:00,46692.831,49452.741
2026-04-18T14:00Z,2026-04-18 16:00,47615.596,49200.474
2026-04-18T15:00Z,2026-04-18 17:00,47838.024,50098.297
2026-04-18T16:00Z,2026-04-18 18:00,48714.140,51636.580
2026-04-18T17:00Z,2026-04-18 19:00,49298.744,52055.435
2026-04-18T18:00Z,2026-04-18 20:00,48416.174,51056.773
2026-04-18T19:00Z,2026-04-18 21:00,46943.591,48946.989
2026-04-18T20:00Z,2026-04-18 22:00,44663.754,46715.490
2026-04-18T21:00Z,2026-04-18 23:00,41636.416,44133.178
2026-04-18T22:00Z,2026-04-19 00:00,39058.757,42699.454
2026-04-18T23:00Z,2026-04-19 01:00,37615.542,40966.593
2026-04-19T00:00Z,2026-04-19 02:00,36467.318,40093.479
2026-04-19T01:00Z,2026-04-19 03:00,35908.146,39763.490
2026-04-19T02:00Z,2026-04-19 04:00,35948.423,39934.161
2026-04-19T03:00Z,2026-04-19 05:00,36437.633,40447.149
2026-04-19T04:00Z,2026-04-19 06:00,38284.160,42013.915
2026-04-19T05:00Z,2026-04-19 07:00,40344.039,44472.626
2026-04-19T06:00Z,2026-04-19 08:00,43326.109,47305.101
2026-04-19T07:00Z,2026-04-19 09:00,45137.331,50129.618
2026-04-19T08:00Z,2026-04-19 10:00,46990.106,52184.421
2026-04-19T09:00Z,2026-04-19 11:00,49023.491,53189.293
2026-04-19T10:00Z,2026-04-19 12:00,48416.079,53043.297
2026-04-19T11:00Z,2026-04-19 13:00,47764.138,51487.060
2026-04-19T12:00Z,2026-04-19 14:00,46867.828,49998.413
2026-04-19T13:00Z,2026-04-19 15:00,45944.386,49046.300
2026-04-19T14:00Z,2026-04-19 16:00,46155.240,49272.618
2026-04-19T15:00Z,2026-04-19 17:00,48282.597,50486.531
2026-04-19T16:00Z,2026-04-19 18:00,51234.331,52099.524
2026-04-19T17:00Z,2026-04-19 19:00,53151.709,52700.123
2026-04-19T18:00Z,2026-04-19 20:00,53623.299,51884.657
2026-04-19T19:00Z,2026-04-19 21:00,52602.081,50583.893
2026-04-19T20:00Z,2026-04-19 22:00,50896.439,48880.515
2026-04-19T21:00Z,2026-04-19 23:00,47863.356,46457.507
2026-04-19T22:00Z,2026-04-20 00:00,45074.404,43402.776
2026-04-19T23:00Z,2026-04-20 01:00,43768.116,42286.986
2026-04-20T00:00Z,2026-04-20 02:00,43485.693,41699.806
2026-04-20T01:00Z,2026-04-20 03:00,43828.906,41938.811
2026-04-20T02:00Z,2026-04-20 04:00,45387.528,43770.166
2026-04-20T03:00Z,2026-04-20 05:00,49815.920,48389.527
2026-04-20T04:00Z,2026-04-20 06:00,57701.054,55600.294
2026-04-20T05:00Z,2026-04-20 07:00,62649.756,60493.761
2026-04-20T06:00Z,2026-04-20 08:00,65084.635,63831.170
2026-04-20T07:00Z,2026-04-20 09:00,65364.286,65378.678
2026-04-20T08:00Z,2026-04-20 10:00,63829.283,66740.497
2026-04-20T09:00Z,2026-04-20 11:00,63026.630,68230.133
2026-04-20T10:00Z,2026-04-20 12:00,60854.011,65932.440
2026-04-20T11:00Z,2026-04-20 13:00,59798.511,65947.738
2026-04-20T12:00Z,2026-04-20 14:00,58576.811,64691.986
2026-04-20T13:00Z,2026-04-20 15:00,57715.303,62820.701
2026-04-20T14:00Z,2026-04-20 16:00,57219.349,62345.294
2026-04-20T15:00Z,2026-04-20 17:00,58936.542,63661.160
2026-04-20T16:00Z,2026-04-20 18:00,61189.067,63228.632
2026-04-20T17:00Z,2026-04-20 19:00,62085.719,64081.109
2026-04-20T18:00Z,2026-04-20 20:00,61158.124,62865.635
2026-04-20T19:00Z,2026-04-20 21:00,58716.201,59876.676
2026-04-20T20:00Z,2026-04-20 22:00,54458.557,57668.383
2026-04-20T21:00Z,2026-04-20 23:00,50406.649,51547.472
2026-04-20T22:00Z,2026-04-21 00:00,48130.752,48352.431
2026-04-20T23:00Z,2026-04-21 01:00,46665.875,46716.156
2026-04-21T00:00Z,2026-04-21 02:00,46167.659,46075.451
2026-04-21T01:00Z,2026-04-21 03:00,46260.566,46297.573
2026-04-21T02:00Z,2026-04-21 04:00,47672.000,47444.265
2026-04-21T03:00Z,2026-04-21 05:00,51670.001,50321.665
2026-04-21T04:00Z,2026-04-21 06:00,58587.087,55991.178
2026-04-21T05:00Z,2026-04-21 07:00,62518.673,60749.355
2026-04-21T06:00Z,2026-04-21 08:00,64023.994,63768.209
2026-04-21T07:00Z,2026-04-21 09:00,63089.952,64526.944
2026-04-21T08:00Z,2026-04-21 10:00,62640.546,65790.438
2026-04-21T09:00Z,2026-04-21 11:00,62141.725,68046.075
2026-04-21T10:00Z,2026-04-21 12:00,60134.563,65726.794
2026-04-21T11:00Z,2026-04-21 13:00,58542.351,65764.737
2026-04-21T12:00Z,2026-04-21 14:00,56668.670,65044.478
2026-04-21T13:00Z,2026-04-21 15:00,55662.450,62288.422
2026-04-21T14:00Z,2026-04-21 16:00,55184.850,62357.119
2026-04-21T15:00Z,2026-04-21 17:00,56862.849,63841.003
2026-04-21T16:00Z,2026-04-21 18:00,58662.373,63588.646
2026-04-21T17:00Z,2026-04-21 19:00,59860.716,63572.481
2026-04-21T18:00Z,2026-04-21 20:00,58705.571,62199.056
2026-04-21T19:00Z,2026-04-21 21:00,56470.945,58942.998
2026-04-21T20:00Z,2026-04-21 22:00,53142.983,56838.664
2026-04-21T21:00Z,2026-04-21 23:00,49385.637,51508.618
2026-04-21T22:00Z,2026-04-22 00:00,46187.900,49031.360
2026-04-21T23:00Z,2026-04-22 01:00,44671.867,47224.849
2026-04-22T00:00Z,2026-04-22 02:00,44326.915,46388.483
2026-04-22T01:00Z,2026-04-22 03:00,44769.940,47806.091
2026-04-22T02:00Z,2026-04-22 04:00,45920.379,47791.947
2026-04-22T03:00Z,2026-04-22 05:00,50089.785,49959.768
2026-04-22T04:00Z,2026-04-22 06:00,57375.200,55305.638
2026-04-22T05:00Z,2026-04-22 07:00,61682.307,57539.138
2026-04-22T06:00Z,2026-04-22 08:00,63275.883,61499.941
2026-04-22T07:00Z,2026-04-22 09:00,60487.822,63177.999
2026-04-22T08:00Z,2026-04-22 10:00,59163.215,64288.238
2026-04-22T09:00Z,2026-04-22 11:00,57216.934,65679.697
2026-04-22T10:00Z,2026-04-22 12:00,56274.177,62287.664
2026-04-22T11:00Z,2026-04-22 13:00,54825.903,62850.112
2026-04-22T12:00Z,2026-04-22 14:00,53488.379,60734.893
2026-04-22T13:00Z,2026-04-22 15:00,53327.936,58954.788
2026-04-22T14:00Z,2026-04-22 16:00,53885.545,58227.179
2026-04-22T15:00Z,2026-04-22 17:00,56310.698,59996.541
2026-04-22T16:00Z,2026-04-22 18:00,58380.168,60841.415
2026-04-22T17:00Z,2026-04-22 19:00,60112.086,61344.473
2026-04-22T18:00Z,2026-04-22 20:00,60121.208,59594.286
2026-04-22T19:00Z,2026-04-22 21:00,58237.740,56224.742
2026-04-22T20:00Z,2026-04-22 22:00,55305.812,54998.598
2026-04-22T21:00Z,2026-04-22 23:00,52002.671,50768.295
2026-04-22T22:00Z,2026-04-23 00:00,48545.792,46045.640
2026-04-22T23:00Z,2026-04-23 01:00,46671.471,44539.946
2026-04-23T00:00Z,2026-04-23 02:00,45708.552,44005.934
2026-04-23T01:00Z,2026-04-23 03:00,46196.484,44071.333
2026-04-23T02:00Z,2026-04-23 04:00,47765.904,45010.253
2026-04-23T03:00Z,2026-04-23 05:00,52052.162,48167.480
2026-04-23T04:00Z,2026-04-23 06:00,59187.165,54138.832
2026-04-23T05:00Z,2026-04-23 07:00,62941.334,59358.167
2026-04-23T06:00Z,2026-04-23 08:00,64322.040,62414.572
2026-04-23T07:00Z,2026-04-23 09:00,60898.163,63444.421
2026-04-23T08:00Z,2026-04-23 10:00,59058.229,63717.844
2026-04-23T09:00Z,2026-04-23 11:00,57278.003,63480.555
2026-04-23T10:00Z,2026-04-23 12:00,55241.247,62104.230
2026-04-23T11:00Z,2026-04-23 13:00,54283.492,60522.340
2026-04-23T12:00Z,2026-04-23 14:00,52738.167,59099.360
2026-04-23T13:00Z,2026-04-23 15:00,52077.107,58069.828
2026-04-23T14:00Z,2026-04-23 16:00,52596.141,57081.382
2026-04-23T15:00Z,2026-04-23 17:00,56331.105,57502.337
2026-04-23T16:00Z,2026-04-23 18:00,58695.317,58645.776
2026-04-23T17:00Z,2026-04-23 19:00,60666.727,58896.007
2026-04-23T18:00Z,2026-04-23 20:00,60130.314,57269.082
2026-04-23T19:00Z,2026-04-23 21:00,58351.866,54823.663
2026-04-23T20:00Z,2026-04-23 22:00,53811.276,51646.975
2026-04-23T21:00Z,2026-04-23 23:00,49952.179,48340.743
2026-04-23T22:00Z,2026-04-24 00:00,47367.623,46264.724
2026-04-23T23:00Z,2026-04-24 01:00,46047.558,44751.636
2026-04-24T00:00Z,2026-04-24 02:00,45320.927,44164.558
2026-04-24T01:00Z,2026-04-24 03:00,45432.029,44276.912
2026-04-24T02:00Z,2026-04-24 04:00,47223.766,45561.684
2026-04-24T03:00Z,2026-04-24 05:00,51232.025,48516.127
2026-04-24T04:00Z,2026-04-24 06:00,57340.544,54429.875
2026-04-24T05:00Z,2026-04-24 07:00,61229.921,59922.613
2026-04-24T06:00Z,2026-04-24 08:00,64196.156,62730.847
2026-04-24T07:00Z,2026-04-24 09:00,62928.562,63056.644
2026-04-24T08:00Z,2026-04-24 10:00,61586.271,62610.827
2026-04-24T09:00Z,2026-04-24 11:00,59340.200,62376.460
2026-04-24T10:00Z,2026-04-24 12:00,57239.477,61043.915
2026-04-24T11:00Z,2026-04-24 13:00,55656.163,58813.312
2026-04-24T12:00Z,2026-04-24 14:00,53537.124,57193.386
2026-04-24T13:00Z,2026-04-24 15:00,52785.825,56304.302
2026-04-24T14:00Z,2026-04-24 16:00,52316.588,55851.418
2026-04-24T15:00Z,2026-04-24 17:00,54522.931,56134.773
2026-04-24T16:00Z,2026-04-24 18:00,55605.179,56663.427
2026-04-24T17:00Z,2026-04-24 19:00,56367.319,57400.805
2026-04-24T18:00Z,2026-04-24 20:00,55947.635,56279.881
2026-04-24T19:00Z,2026-04-24 21:00,53724.508,54002.529
2026-04-24T20:00Z,2026-04-24 22:00,50375.170,50973.961
2026-04-24T21:00Z,2026-04-24 23:00,47672.022,47703.035
2026-04-24T22:00Z,2026-04-25 00:00,45092.479,45122.103
2026-04-24T23:00Z,2026-04-25 01:00,43397.035,43287.096
2026-04-25T00:00Z,2026-04-25 02:00,42543.062,42106.439
2026-04-25T01:00Z,2026-04-25 03:00,42288.062,41726.847
2026-04-25T02:00Z,2026-04-25 04:00,42480.753,41716.036
2026-04-25T03:00Z,2026-04-25 05:00,44013.709,42415.355
2026-04-25T04:00Z,2026-04-25 06:00,45828.610,43971.959
2026-04-25T05:00Z,2026-04-25 07:00,48345.607,46704.625
2026-04-25T06:00Z,2026-04-25 08:00,50875.659,50011.222
2026-04-25T07:00Z,2026-04-25 09:00,52246.805,52792.717
2026-04-25T08:00Z,2026-04-25 10:00,51128.667,54017.129
2026-04-25T09:00Z,2026-04-25 11:00,49173.016,53993.140
2026-04-25T10:00Z,2026-04-25 12:00,47451.881,53260.668
2026-04-25T11:00Z,2026-04-25 13:00,44937.932,51736.625
2026-04-25T12:00Z,2026-04-25 14:00,42970.775,50431.601
2026-04-25T13:00Z,2026-04-25 15:00,42903.663,49527.276
2026-04-25T14:00Z,2026-04-25 16:00,43342.429,49336.737
2026-04-25T15:00Z,2026-04-25 17:00,46547.654,50065.385
2026-04-25T16:00Z,2026-04-25 18:00,49529.160,51147.657
2026-04-25T17:00Z,2026-04-25 19:00,50381.752,51387.546
2026-04-25T18:00Z,2026-04-25 20:00,49659.950,50349.362
2026-04-25T19:00Z,2026-04-25 21:00,49590.731,48597.301
2026-04-25T20:00Z,2026-04-25 22:00,47779.464,46513.707
2026-04-25T21:00Z,2026-04-25 23:00,45012.443,43988.629
2026-04-25T22:00Z,2026-04-26 00:00,41662.452,41661.154
2026-04-25T23:00Z,2026-04-26 01:00,39807.331,39966.675
2026-04-26T00:00Z,2026-04-26 02:00,38791.080,39119.106
2026-04-26T01:00Z,2026-04-26 03:00,37942.888,38759.092
2026-04-26T02:00Z,2026-04-26 04:00,37911.399,39000.941
2026-04-26T03:00Z,2026-04-26 05:00,38007.799,39264.605
2026-04-26T04:00Z,2026-04-26 06:00,38697.893,40253.919
2026-04-26T05:00Z,2026-04-26 07:00,38634.920,42838.230
2026-04-26T06:00Z,2026-04-26 08:00,41470.908,46488.709
2026-04-26T07:00Z,2026-04-26 09:00,43903.967,49340.617
2026-04-26T08:00Z,2026-04-26 10:00,43765.547,51034.294
2026-04-26T09:00Z,2026-04-26 11:00,44065.091,51943.798
2026-04-26T10:00Z,2026-04-26 12:00,43118.351,51703.338
2026-04-26T11:00Z,2026-04-26 13:00,41471.817,50264.598
2026-04-26T12:00Z,2026-04-26 14:00,39625.822,49166.085
2026-04-26T13:00Z,2026-04-26 15:00,38893.630,48199.356
2026-04-26T14:00Z,2026-04-26 16:00,39636.478,48000.874
2026-04-26T15:00Z,2026-04-26 17:00,42783.246,49335.346
2026-04-26T16:00Z,2026-04-26 18:00,45354.951,50951.959
2026-04-26T17:00Z,2026-04-26 19:00,46561.920,51390.310
2026-04-26T18:00Z,2026-04-26 20:00,46866.749,50525.032
2026-04-26T19:00Z,2026-04-26 21:00,46680.788,49056.759
2026-04-26T20:00Z,2026-04-26 22:00,45103.145,47317.215
2026-04-26T21:00Z,2026-04-26 23:00,42595.806,44895.224
2026-04-26T22:00Z,2026-04-27 00:00,40626.547,41612.265
2026-04-26T23:00Z,2026-04-27 01:00,39488.575,40416.315
2026-04-27T00:00Z,2026-04-27 02:00,39237.502,40052.183
2026-04-27T01:00Z,2026-04-27 03:00,39580.718,40207.203
2026-04-27T02:00Z,2026-04-27 04:00,41529.692,41640.406
2026-04-27T03:00Z,2026-04-27 05:00,45790.183,46469.924
2026-04-27T04:00Z,2026-04-27 06:00,53213.320,54059.329
2026-04-27T05:00Z,2026-04-27 07:00,57823.455,59866.115
2026-04-27T06:00Z,2026-04-27 08:00,59783.999,63269.185
2026-04-27T07:00Z,2026-04-27 09:00,58602.035,64357.105
2026-04-27T08:00Z,2026-04-27 10:00,56664.471,64551.322
2026-04-27T09:00Z,2026-04-27 11:00,55816.060,64034.812
2026-04-27T10:00Z,2026-04-27 12:00,55200.878,62922.559
2026-04-27T11:00Z,2026-04-27 13:00,54302.139,61197.349
2026-04-27T12:00Z,2026-04-27 14:00,52873.777,60005.505
2026-04-27T13:00Z,2026-04-27 15:00,52149.665,58931.201
2026-04-27T14:00Z,2026-04-27 16:00,52712.735,58838.699
2026-04-27T15:00Z,2026-04-27 17:00,54080.746,59679.635
2026-04-27T16:00Z,2026-04-27 18:00,55620.283,60610.475
2026-04-27T17:00Z,2026-04-27 19:00,56794.949,60676.480
2026-04-27T18:00Z,2026-04-27 20:00,56327.187,59326.231
2026-04-27T19:00Z,2026-04-27 21:00,54711.817,56902.262
2026-04-27T20:00Z,2026-04-27 22:00,51079.122,53453.945
2026-04-27T21:00Z,2026-04-27 23:00,48106.930,49868.181
2026-04-27T22:00Z,2026-04-28 00:00,45037.056,47219.336
2026-04-27T23:00Z,2026-04-28 01:00,43479.696,45664.093
2026-04-28T00:00Z,2026-04-28 02:00,42886.549,45169.786
2026-04-28T01:00Z,2026-04-28 03:00,43026.176,45407.745
2026-04-28T02:00Z,2026-04-28 04:00,44536.981,46399.132
2026-04-28T03:00Z,2026-04-28 05:00,48524.196,49552.280
2026-04-28T04:00Z,2026-04-28 06:00,55554.259,54778.748
2026-04-28T05:00Z,2026-04-28 07:00,58961.210,59193.884
2026-04-28T06:00Z,2026-04-28 08:00,60718.548,62023.186
2026-04-28T07:00Z,2026-04-28 09:00,59553.121,63376.790
2026-04-28T08:00Z,2026-04-28 10:00,58810.043,63632.041
2026-04-28T09:00Z,2026-04-28 11:00,56601.780,63386.749
2026-04-28T10:00Z,2026-04-28 12:00,55031.763,62587.481
2026-04-28T11:00Z,2026-04-28 13:00,53715.304,60860.017
2026-04-28T12:00Z,2026-04-28 14:00,52536.035,59254.193
2026-04-28T13:00Z,2026-04-28 15:00,51974.057,58017.412
2026-04-28T14:00Z,2026-04-28 16:00,52261.993,57883.665
2026-04-28T15:00Z,2026-04-28 17:00,54969.298,58438.786
2026-04-28T16:00Z,2026-04-28 18:00,56972.259,59587.887
2026-04-28T17:00Z,2026-04-28 19:00,58485.601,60104.201
2026-04-28T18:00Z,2026-04-28 20:00,58026.996,58819.710
2026-04-28T19:00Z,2026-04-28 21:00,56155.192,56331.444
2026-04-28T20:00Z,2026-04-28 22:00,52495.028,53148.373
2026-04-28T21:00Z,2026-04-28 23:00,48918.668,49875.206
2026-04-28T22:00Z,2026-04-29 00:00,46055.860,47074.721
2026-04-28T23:00Z,2026-04-29 01:00,44021.228,45587.468
2026-04-29T00:00Z,2026-04-29 02:00,43395.649,45006.514
2026-04-29T01:00Z,2026-04-29 03:00,43750.780,44915.917
2026-04-29T02:00Z,2026-04-29 04:00,44989.108,46429.724
2026-04-29T03:00Z,2026-04-29 05:00,48496.999,49760.921
2026-04-29T04:00Z,2026-04-29 06:00,55446.880,55334.758
2026-04-29T05:00Z,2026-04-29 07:00,59618.954,61304.201
2026-04-29T06:00Z,2026-04-29 08:00,61367.402,63621.165
2026-04-29T07:00Z,2026-04-29 09:00,60676.864,64382.884
2026-04-29T08:00Z,2026-04-29 10:00,58160.349,64652.558
2026-04-29T09:00Z,2026-04-29 11:00,56025.730,64822.983
2026-04-29T10:00Z,2026-04-29 12:00,55052.141,63855.946
2026-04-29T11:00Z,2026-04-29 13:00,53968.634,61865.914
2026-04-29T12:00Z,2026-04-29 14:00,52575.003,60559.469
2026-04-29T13:00Z,2026-04-29 15:00,51909.472,59099.641
2026-04-29T14:00Z,2026-04-29 16:00,52639.179,58930.261
2026-04-29T15:00Z,2026-04-29 17:00,54560.618,59053.095
2026-04-29T16:00Z,2026-04-29 18:00,56322.927,59433.120
2026-04-29T17:00Z,2026-04-29 19:00,58571.893,59827.163
2026-04-29T18:00Z,2026-04-29 20:00,58167.161,58726.285
2026-04-29T19:00Z,2026-04-29 21:00,56392.050,56217.109
2026-04-29T20:00Z,2026-04-29 22:00,52621.246,52644.117
2026-04-29T21:00Z,2026-04-29 23:00,48796.991,49025.232
2026-04-29T22:00Z,2026-04-30 00:00,46063.612,45848.604
2026-04-29T23:00Z,2026-04-30 01:00,44246.876,44185.437
2026-04-30T00:00Z,2026-04-30 02:00,43694.524,43585.455
2026-04-30T01:00Z,2026-04-30 03:00,43809.915,43711.914
2026-04-30T02:00Z,2026-04-30 04:00,45496.119,44607.362
2026-04-30T03:00Z,2026-04-30 05:00,48932.846,47575.518
2026-04-30T04:00Z,2026-04-30 06:00,55765.269,53273.152
2026-04-30T05:00Z,2026-04-30 07:00,60035.967,58386.485
2026-04-30T06:00Z,2026-04-30 08:00,61184.596,61416.932
2026-04-30T07:00Z,2026-04-30 09:00,59670.125,62210.538
2026-04-30T08:00Z,2026-04-30 10:00,57896.840,62804.756
2026-04-30T09:00Z,2026-04-30 11:00,56663.858,62931.851
2026-04-30T10:00Z,2026-04-30 12:00,54978.948,62464.527
2026-04-30T11:00Z,2026-04-30 13:00,53865.732,61161.397
2026-04-30T12:00Z,2026-04-30 14:00,52721.045,59386.695
2026-04-30T13:00Z,2026-04-30 15:00,52035.808,58055.090
2026-04-30T14:00Z,2026-04-30 16:00,52498.178,56752.354
2026-04-30T15:00Z,2026-04-30 17:00,53860.993,56820.951
2026-04-30T16:00Z,2026-04-30 18:00,54198.439,57819.620
2026-04-30T17:00Z,2026-04-30 19:00,55548.173,58210.922
2026-04-30T18:00Z,2026-04-30 20:00,55239.037,56974.703
2026-04-30T19:00Z,2026-04-30 21:00,53347.179,54684.953
2026-04-30T20:00Z,2026-04-30 22:00,49500.746,51515.627
2026-04-30T21:00Z,2026-04-30 23:00,46098.278,48192.632
2026-04-30T22:00Z,2026-05-01 00:00,43874.964,44204.018
2026-04-30T23:00Z,2026-05-01 01:00,41918.985,42307.884
2026-05-01T00:00Z,2026-05-01 02:00,40159.515,41490.943
2026-05-01T01:00Z,2026-05-01 03:00,39523.842,41142.755
2026-05-01T02:00Z,2026-05-01 04:00,39655.785,41567.318
2026-05-01T03:00Z,2026-05-01 05:00,39261.426,41852.234
2026-05-01T04:00Z,2026-05-01 06:00,38941.549,42707.481
2026-05-01T05:00Z,2026-05-01 07:00,40851.391,45275.730
2026-05-01T06:00Z,2026-05-01 08:00,42639.930,48644.869
2026-05-01T07:00Z,2026-05-01 09:00,44291.041,50778.475
2026-05-01T08:00Z,2026-05-01 10:00,44560.222,51531.929
2026-05-01T09:00Z,2026-05-01 11:00,44613.497,51509.814
2026-05-01T10:00Z,2026-05-01 12:00,43302.761,50827.142
2026-05-01T11:00Z,2026-05-01 13:00,42061.513,49210.025
2026-05-01T12:00Z,2026-05-01 14:00,40529.271,47699.350
2026-05-01T13:00Z,2026-05-01 15:00,38674.285,46844.300
2026-05-01T14:00Z,2026-05-01 16:00,38155.326,46541.785
2026-05-01T15:00Z,2026-05-01 17:00,39378.271,46999.070
2026-05-01T16:00Z,2026-05-01 18:00,42347.998,47953.316
2026-05-01T17:00Z,2026-05-01 19:00,44860.127,48652.762
2026-05-01T18:00Z,2026-05-01 20:00,45088.737,48637.857
2026-05-01T19:00Z,2026-05-01 21:00,44532.564,48102.331
2026-05-01T20:00Z,2026-05-01 22:00,42656.232,46315.847
2026-05-01T21:00Z,2026-05-01 23:00,39697.267,43985.397
2026-05-01T22:00Z,2026-05-02 00:00,37939.144,42744.399
2026-05-01T23:00Z,2026-05-02 01:00,36588.177,41220.714
2026-05-02T00:00Z,2026-05-02 02:00,36315.178,40531.190
2026-05-02T01:00Z,2026-05-02 03:00,35911.555,40261.455
2026-05-02T02:00Z,2026-05-02 04:00,36475.485,40475.080
2026-05-02T03:00Z,2026-05-02 05:00,37494.618,41252.054
2026-05-02T04:00Z,2026-05-02 06:00,39416.939,42708.676
2026-05-02T05:00Z,2026-05-02 07:00,41584.733,45533.893
2026-05-02T06:00Z,2026-05-02 08:00,44132.898,48855.013
2026-05-02T07:00Z,2026-05-02 09:00,45303.184,51042.360
2026-05-02T08:00Z,2026-05-02 10:00,46470.978,51947.298
2026-05-02T09:00Z,2026-05-02 11:00,46171.675,51448.128
2026-05-02T10:00Z,2026-05-02 12:00,45445.758,50552.399
2026-05-02T11:00Z,2026-05-02 13:00,44292.931,49086.590
2026-05-02T12:00Z,2026-05-02 14:00,42648.184,47522.510
2026-05-02T13:00Z,2026-05-02 15:00,41881.194,46637.182
2026-05-02T14:00Z,2026-05-02 16:00,41655.329,46600.175
2026-05-02T15:00Z,2026-05-02 17:00,44301.463,47168.156
2026-05-02T16:00Z,2026-05-02 18:00,46681.320,48639.930
2026-05-02T17:00Z,2026-05-02 19:00,47890.513,49565.702
2026-05-02T18:00Z,2026-05-02 20:00,47423.787,48680.543
2026-05-02T19:00Z,2026-05-02 21:00,46089.142,47121.479
2026-05-02T20:00Z,2026-05-02 22:00,43086.861,45158.491
2026-05-02T21:00Z,2026-05-02 23:00,42033.162,42915.804
2026-05-02T22:00Z,2026-05-03 00:00,39753.879,40689.708
2026-05-02T23:00Z,2026-05-03 01:00,38211.126,39113.491
2026-05-03T00:00Z,2026-05-03 02:00,35876.995,38088.488
2026-05-03T01:00Z,2026-05-03 03:00,35565.152,37637.699
2026-05-03T02:00Z,2026-05-03 04:00,35767.237,37688.565
2026-05-03T03:00Z,2026-05-03 05:00,36017.472,38004.347
2026-05-03T04:00Z,2026-05-03 06:00,35769.942,39476.939
2026-05-03T05:00Z,2026-05-03 07:00,37062.492,41763.298
2026-05-03T06:00Z,2026-05-03 08:00,40078.160,44784.733
2026-05-03T07:00Z,2026-05-03 09:00,42857.376,47337.448
2026-05-03T08:00Z,2026-05-03 10:00,43927.353,48973.620
2026-05-03T09:00Z,2026-05-03 11:00,44470.723,50018.718
2026-05-03T10:00Z,2026-05-03 12:00,44037.679,49628.805
2026-05-03T11:00Z,2026-05-03 13:00,42745.261,48353.340
2026-05-03T12:00Z,2026-05-03 14:00,41696.531,47104.432
2026-05-03T13:00Z,2026-05-03 15:00,41078.281,46109.732
2026-05-03T14:00Z,2026-05-03 16:00,42088.079,45780.144
2026-05-03T15:00Z,2026-05-03 17:00,43263.148,46470.112
2026-05-03T16:00Z,2026-05-03 18:00,46507.449,47999.209
2026-05-03T17:00Z,2026-05-03 19:00,47628.836,48906.041
2026-05-03T18:00Z,2026-05-03 20:00,47028.451,48214.783
2026-05-03T19:00Z,2026-05-03 21:00,46784.469,47311.561
2026-05-03T20:00Z,2026-05-03 22:00,46731.365,45622.465
2026-05-03T21:00Z,2026-05-03 23:00,44331.789,43460.866
2026-05-03T22:00Z,2026-05-04 00:00,41140.931,41709.745
2026-05-03T23:00Z,2026-05-04 01:00,40403.675,40496.777
2026-05-04T00:00Z,2026-05-04 02:00,40139.693,39943.857
2026-05-04T01:00Z,2026-05-04 03:00,39811.852,40034.859
2026-05-04T02:00Z,2026-05-04 04:00,41745.744,41514.262
2026-05-04T03:00Z,2026-05-04 05:00,46554.824,46358.855
2026-05-04T04:00Z,2026-05-04 06:00,53408.820,54299.639
2026-05-04T05:00Z,2026-05-04 07:00,58171.927,60290.591
2026-05-04T06:00Z,2026-05-04 08:00,60064.452,63530.322
2026-05-04T07:00Z,2026-05-04 09:00,60451.723,64719.880
2026-05-04T08:00Z,2026-05-04 10:00,59368.405,65046.139
2026-05-04T09:00Z,2026-05-04 11:00,58719.419,65200.425
2026-05-04T10:00Z,2026-05-04 12:00,58883.184,64195.216
2026-05-04T11:00Z,2026-05-04 13:00,58530.854,62735.402
2026-05-04T12:00Z,2026-05-04 14:00,57419.314,61521.244
2026-05-04T13:00Z,2026-05-04 15:00,56686.716,60296.264
2026-05-04T14:00Z,2026-05-04 16:00,56975.408,60154.703
2026-05-04T15:00Z,2026-05-04 17:00,57830.524,60758.545
2026-05-04T16:00Z,2026-05-04 18:00,59645.197,61429.297
2026-05-04T17:00Z,2026-05-04 19:00,59629.978,61380.571
2026-05-04T18:00Z,2026-05-04 20:00,57452.299,59560.992
2026-05-04T19:00Z,2026-05-04 21:00,55975.676,57039.115
2026-05-04T20:00Z,2026-05-04 22:00,52411.146,53552.921
2026-05-04T21:00Z,2026-05-04 23:00,48827.506,49898.220
2026-05-04T22:00Z,2026-05-05 00:00,46461.426,46597.247
2026-05-04T23:00Z,2026-05-05 01:00,45508.911,44997.735
2026-05-05T00:00Z,2026-05-05 02:00,44645.777,44441.337
2026-05-05T01:00Z,2026-05-05 03:00,44922.254,44551.230
2026-05-05T02:00Z,2026-05-05 04:00,45654.306,45614.621
2026-05-05T03:00Z,2026-05-05 05:00,48623.753,48893.049
2026-05-05T04:00Z,2026-05-05 06:00,54535.598,54792.147
2026-05-05T05:00Z,2026-05-05 07:00,59082.931,60250.897
2026-05-05T06:00Z,2026-05-05 08:00,61452.039,63354.755
2026-05-05T07:00Z,2026-05-05 09:00,61834.581,64715.534
2026-05-05T08:00Z,2026-05-05 10:00,60365.395,65104.440
2026-05-05T09:00Z,2026-05-05 11:00,60428.742,65218.613
2026-05-05T10:00Z,2026-05-05 12:00,59415.311,64360.475
2026-05-05T11:00Z,2026-05-05 13:00,59053.311,62693.931
2026-05-05T12:00Z,2026-05-05 14:00,57892.322,61277.427
2026-05-05T13:00Z,2026-05-05 15:00,58018.948,60128.021
2026-05-05T14:00Z,2026-05-05 16:00,58240.031,59745.527
2026-05-05T15:00Z,2026-05-05 17:00,59945.564,60127.118
2026-05-05T16:00Z,2026-05-05 18:00,60269.464,60838.035
2026-05-05T17:00Z,2026-05-05 19:00,59725.362,60708.115
2026-05-05T18:00Z,2026-05-05 20:00,58055.982,58943.751
2026-05-05T19:00Z,2026-05-05 21:00,56004.940,56389.178
2026-05-05T20:00Z,2026-05-05 22:00,52622.631,53052.253
2026-05-05T21:00Z,2026-05-05 23:00,48236.773,49670.272
2026-05-05T22:00Z,2026-05-06 00:00,45196.937,46244.375
2026-05-05T23:00Z,2026-05-06 01:00,43785.212,44834.691
2026-05-06T00:00Z,2026-05-06 02:00,43025.174,44085.905
2026-05-06T01:00Z,2026-05-06 03:00,43675.220,43851.087
2026-05-06T02:00Z,2026-05-06 04:00,45180.919,45672.844
2026-05-06T03:00Z,2026-05-06 05:00,49052.626,49085.903
2026-05-06T04:00Z,2026-05-06 06:00,56189.824,55202.374
2026-05-06T05:00Z,2026-05-06 07:00,60252.067,61212.335
2026-05-06T06:00Z,2026-05-06 08:00,62275.803,64056.150
2026-05-06T07:00Z,2026-05-06 09:00,63241.203,65046.045
2026-05-06T08:00Z,2026-05-06 10:00,64162.719,65078.901
2026-05-06T09:00Z,2026-05-06 11:00,64554.335,64909.532
2026-05-06T10:00Z,2026-05-06 12:00,62836.349,63766.313
2026-05-06T11:00Z,2026-05-06 13:00,62490.193,61621.785
2026-05-06T12:00Z,2026-05-06 14:00,60756.725,60064.179
2026-05-06T13:00Z,2026-05-06 15:00,60126.095,58816.224
2026-05-06T14:00Z,2026-05-06 16:00,59503.207,59180.238
2026-05-06T15:00Z,2026-05-06 17:00,60322.861,59691.855
2026-05-06T16:00Z,2026-05-06 18:00,60535.805,59640.568
2026-05-06T17:00Z,2026-05-06 19:00,60080.657,59686.597
2026-05-06T18:00Z,2026-05-06 20:00,57795.822,57884.966
2026-05-06T19:00Z,2026-05-06 21:00,55088.781,55282.178
2026-05-06T20:00Z,2026-05-06 22:00,51545.013,51756.537
2026-05-06T21:00Z,2026-05-06 23:00,48520.860,48066.243
2026-05-06T22:00Z,2026-05-07 00:00,46700.813,45885.591
2026-05-06T23:00Z,2026-05-07 01:00,45235.804,44287.694
2026-05-07T00:00Z,2026-05-07 02:00,44390.976,43744.251
2026-05-07T01:00Z,2026-05-07 03:00,44773.395,43988.246
2026-05-07T02:00Z,2026-05-07 04:00,46070.321,45042.029
2026-05-07T03:00Z,2026-05-07 05:00,49829.118,48430.401
2026-05-07T04:00Z,2026-05-07 06:00,55858.678,54150.038
2026-05-07T05:00Z,2026-05-07 07:00,60030.286,59217.400
2026-05-07T06:00Z,2026-05-07 08:00,61784.629,62135.708
2026-05-07T07:00Z,2026-05-07 09:00,62290.949,62976.022
2026-05-07T08:00Z,2026-05-07 10:00,63607.818,63280.013
2026-05-07T09:00Z,2026-05-07 11:00,63181.092,62938.506
2026-05-07T10:00Z,2026-05-07 12:00,61466.798,62366.579
2026-05-07T11:00Z,2026-05-07 13:00,60318.533,60938.432
2026-05-07T12:00Z,2026-05-07 14:00,58705.158,59133.160
2026-05-07T13:00Z,2026-05-07 15:00,58117.396,58084.173
2026-05-07T14:00Z,2026-05-07 16:00,57368.929,57543.606
2026-05-07T15:00Z,2026-05-07 17:00,57923.426,58271.425
2026-05-07T16:00Z,2026-05-07 18:00,59346.222,59325.748
2026-05-07T17:00Z,2026-05-07 19:00,60254.367,59470.777
2026-05-07T18:00Z,2026-05-07 20:00,58486.942,57390.904
2026-05-07T19:00Z,2026-05-07 21:00,57016.269,54689.842
2026-05-07T20:00Z,2026-05-07 22:00,53190.229,51543.941
2026-05-07T21:00Z,2026-05-07 23:00,49903.848,48268.487
2026-05-07T22:00Z,2026-05-08 00:00,47466.825,46601.005
2026-05-07T23:00Z,2026-05-08 01:00,45704.250,45143.018
2026-05-08T00:00Z,2026-05-08 02:00,44696.030,44323.073
2026-05-08T01:00Z,2026-05-08 03:00,45332.612,44347.769
2026-05-08T02:00Z,2026-05-08 04:00,46420.494,45823.738
2026-05-08T03:00Z,2026-05-08 05:00,49377.223,48945.153
2026-05-08T04:00Z,2026-05-08 06:00,55205.777,54577.400
2026-05-08T05:00Z,2026-05-08 07:00,59614.272,59663.274
2026-05-08T06:00Z,2026-05-08 08:00,61037.001,62455.971
2026-05-08T07:00Z,2026-05-08 09:00,60197.524,63081.871
2026-05-08T08:00Z,2026-05-08 10:00,59543.803,63199.360
2026-05-08T09:00Z,2026-05-08 11:00,59181.569,62568.839
2026-05-08T10:00Z,2026-05-08 12:00,57874.183,61554.661
2026-05-08T11:00Z,2026-05-08 13:00,56281.991,59738.805
2026-05-08T12:00Z,2026-05-08 14:00,54820.874,57985.643
2026-05-08T13:00Z,2026-05-08 15:00,53931.224,57200.211
2026-05-08T14:00Z,2026-05-08 16:00,53716.732,56728.645
2026-05-08T15:00Z,2026-05-08 17:00,54131.761,57792.319
2026-05-08T16:00Z,2026-05-08 18:00,55602.411,58309.314
2026-05-08T17:00Z,2026-05-08 19:00,56359.425,57618.197
2026-05-08T18:00Z,2026-05-08 20:00,55198.189,55847.443
2026-05-08T19:00Z,2026-05-08 21:00,53464.663,53406.403
2026-05-08T20:00Z,2026-05-08 22:00,50213.765,50417.968
2026-05-08T21:00Z,2026-05-08 23:00,46853.963,47004.535
2026-05-08T22:00Z,2026-05-09 00:00,44167.631,43800.663
2026-05-08T23:00Z,2026-05-09 01:00,42749.005,41834.950
2026-05-09T00:00Z,2026-05-09 02:00,41804.968,40846.974
2026-05-09T01:00Z,2026-05-09 03:00,41268.312,40485.599
2026-05-09T02:00Z,2026-05-09 04:00,41423.836,40558.626
2026-05-09T03:00Z,2026-05-09 05:00,41953.154,40813.622
2026-05-09T04:00Z,2026-05-09 06:00,44136.497,41980.679
2026-05-09T05:00Z,2026-05-09 07:00,46530.951,44327.666
2026-05-09T06:00Z,2026-05-09 08:00,48123.633,46476.800
2026-05-09T07:00Z,2026-05-09 09:00,48554.236,49456.604
2026-05-09T08:00Z,2026-05-09 10:00,47527.152,50656.363
2026-05-09T09:00Z,2026-05-09 11:00,47645.256,50569.033
2026-05-09T10:00Z,2026-05-09 12:00,47470.026,50219.052
2026-05-09T11:00Z,2026-05-09 13:00,46112.838,49058.936
2026-05-09T12:00Z,2026-05-09 14:00,44088.911,48241.748
2026-05-09T13:00Z,2026-05-09 15:00,42959.622,46486.569
2026-05-09T14:00Z,2026-05-09 16:00,42729.814,45340.903
2026-05-09T15:00Z,2026-05-09 17:00,44261.690,44453.696
2026-05-09T16:00Z,2026-05-09 18:00,46125.636,45506.006
2026-05-09T17:00Z,2026-05-09 19:00,48001.592,47725.726
2026-05-09T18:00Z,2026-05-09 20:00,47608.366,47733.080
2026-05-09T19:00Z,2026-05-09 21:00,46418.839,46504.274
2026-05-09T20:00Z,2026-05-09 22:00,44293.498,44508.858
2026-05-09T21:00Z,2026-05-09 23:00,42082.452,42242.347
2026-05-09T22:00Z,2026-05-10 00:00,39957.571,40811.158
2026-05-09T23:00Z,2026-05-10 01:00,38461.327,39076.861
2026-05-10T00:00Z,2026-05-10 02:00,37474.190,38186.076
2026-05-10T01:00Z,2026-05-10 03:00,37566.283,37715.295
2026-05-10T02:00Z,2026-05-10 04:00,37770.779,37897.613
2026-05-10T03:00Z,2026-05-10 05:00,38470.227,38372.298
2026-05-10T04:00Z,2026-05-10 06:00,39986.660,39656.693
2026-05-10T05:00Z,2026-05-10 07:00,40094.602,42367.360
2026-05-10T06:00Z,2026-05-10 08:00,41610.880,44763.391
2026-05-10T07:00Z,2026-05-10 09:00,43487.668,46850.849
2026-05-10T08:00Z,2026-05-10 10:00,44496.894,48478.988
2026-05-10T09:00Z,2026-05-10 11:00,44454.989,49293.943
2026-05-10T10:00Z,2026-05-10 12:00,43730.981,48538.708
2026-05-10T11:00Z,2026-05-10 13:00,41737.699,47435.739
2026-05-10T12:00Z,2026-05-10 14:00,40255.309,47001.993
2026-05-10T13:00Z,2026-05-10 15:00,39384.598,46808.233
2026-05-10T14:00Z,2026-05-10 16:00,39414.977,46848.964
2026-05-10T15:00Z,2026-05-10 17:00,41928.576,48100.068
2026-05-10T16:00Z,2026-05-10 18:00,45916.328,49615.611
2026-05-10T17:00Z,2026-05-10 19:00,48826.101,50536.219
2026-05-10T18:00Z,2026-05-10 20:00,48854.605,50059.883
2026-05-10T19:00Z,2026-05-10 21:00,48291.944,48846.688
2026-05-10T20:00Z,2026-05-10 22:00,45958.984,47240.983
2026-05-10T21:00Z,2026-05-10 23:00,43778.308,45326.860
2026-05-10T22:00Z,2026-05-11 00:00,42874.945,42131.103
2026-05-10T23:00Z,2026-05-11 01:00,41307.924,41177.011
2026-05-11T00:00Z,2026-05-11 02:00,40068.927,40662.703
2026-05-11T01:00Z,2026-05-11 03:00,40332.932,40964.625
2026-05-11T02:00Z,2026-05-11 04:00,41495.555,42717.435
2026-05-11T03:00Z,2026-05-11 05:00,44928.572,47596.687
2026-05-11T04:00Z,2026-05-11 06:00,52267.588,55500.318
2026-05-11T05:00Z,2026-05-11 07:00,56818.375,60801.715
2026-05-11T06:00Z,2026-05-11 08:00,60236.818,63582.580
2026-05-11T07:00Z,2026-05-11 09:00,61023.287,64010.461
2026-05-11T08:00Z,2026-05-11 10:00,62769.512,63945.911
2026-05-11T09:00Z,2026-05-11 11:00,63198.720,64268.313
2026-05-11T10:00Z,2026-05-11 12:00,63410.279,63163.832
2026-05-11T11:00Z,2026-05-11 13:00,61590.030,61531.766
2026-05-11T12:00Z,2026-05-11 14:00,58345.763,60227.164
2026-05-11T13:00Z,2026-05-11 15:00,59094.424,59450.395
2026-05-11T14:00Z,2026-05-11 16:00,57992.704,59347.396
2026-05-11T15:00Z,2026-05-11 17:00,58685.188,59946.196
2026-05-11T16:00Z,2026-05-11 18:00,59114.594,60947.039
2026-05-11T17:00Z,2026-05-11 19:00,58710.885,61373.838
2026-05-11T18:00Z,2026-05-11 20:00,57147.422,59693.454
2026-05-11T19:00Z,2026-05-11 21:00,54634.983,57070.338
2026-05-11T20:00Z,2026-05-11 22:00,51624.771,53612.386
2026-05-11T21:00Z,2026-05-11 23:00,48308.831,50193.643
2026-05-11T22:00Z,2026-05-12 00:00,44837.635,47521.320
2026-05-11T23:00Z,2026-05-12 01:00,43919.394,46099.663
2026-05-12T00:00Z,2026-05-12 02:00,42986.201,45482.745
2026-05-12T01:00Z,2026-05-12 03:00,43191.474,45584.383
2026-05-12T02:00Z,2026-05-12 04:00,44739.107,46561.138
2026-05-12T03:00Z,2026-05-12 05:00,47694.657,49181.778
2026-05-12T04:00Z,2026-05-12 06:00,54481.091,54646.374
2026-05-12T05:00Z,2026-05-12 07:00,58820.461,59530.922
2026-05-12T06:00Z,2026-05-12 08:00,60889.565,62644.388
2026-05-12T07:00Z,2026-05-12 09:00,59943.409,63470.884
2026-05-12T08:00Z,2026-05-12 10:00,59708.599,63760.249
2026-05-12T09:00Z,2026-05-12 11:00,59780.273,63740.215
2026-05-12T10:00Z,2026-05-12 12:00,59620.252,63082.346
2026-05-12T11:00Z,2026-05-12 13:00,58655.380,61813.963
2026-05-12T12:00Z,2026-05-12 14:00,56424.120,60432.166
2026-05-12T13:00Z,2026-05-12 15:00,54846.540,59513.589
2026-05-12T14:00Z,2026-05-12 16:00,54073.815,59105.552
2026-05-12T15:00Z,2026-05-12 17:00,55097.484,59215.357
2026-05-12T16:00Z,2026-05-12 18:00,56876.916,59996.287
2026-05-12T17:00Z,2026-05-12 19:00,57154.396,60179.428
2026-05-12T18:00Z,2026-05-12 20:00,56257.184,58702.981
2026-05-12T19:00Z,2026-05-12 21:00,53976.044,56250.333
2026-05-12T20:00Z,2026-05-12 22:00,50802.334,53038.936
2026-05-12T21:00Z,2026-05-12 23:00,47114.107,50106.500
2026-05-12T22:00Z,2026-05-13 00:00,45128.995,47437.552
2026-05-12T23:00Z,2026-05-13 01:00,43963.126,46118.019
2026-05-13T00:00Z,2026-05-13 02:00,43239.676,45500.982
2026-05-13T01:00Z,2026-05-13 03:00,42723.911,45493.032
2026-05-13T02:00Z,2026-05-13 04:00,43864.781,46831.470
2026-05-13T03:00Z,2026-05-13 05:00,47573.175,49786.314
2026-05-13T04:00Z,2026-05-13 06:00,53951.864,55731.170
2026-05-13T05:00Z,2026-05-13 07:00,58053.760,61250.569
2026-05-13T06:00Z,2026-05-13 08:00,59851.460,63635.491
2026-05-13T07:00Z,2026-05-13 09:00,59605.582,64158.593
2026-05-13T08:00Z,2026-05-13 10:00,58572.882,64525.313
2026-05-13T09:00Z,2026-05-13 11:00,59273.017,65060.449
2026-05-13T10:00Z,2026-05-13 12:00,58084.806,64189.442
2026-05-13T11:00Z,2026-05-13 13:00,56471.313,61991.477
2026-05-13T12:00Z,2026-05-13 14:00,55283.368,60720.034
2026-05-13T13:00Z,2026-05-13 15:00,54183.632,59849.493
2026-05-13T14:00Z,2026-05-13 16:00,53200.726,59942.671
2026-05-13T15:00Z,2026-05-13 17:00,53993.497,60173.689
2026-05-13T16:00Z,2026-05-13 18:00,54806.413,60068.626
2026-05-13T17:00Z,2026-05-13 19:00,55513.017,60136.636
2026-05-13T18:00Z,2026-05-13 20:00,54019.925,58650.484
2026-05-13T19:00Z,2026-05-13 21:00,52506.616,56083.962
2026-05-13T20:00Z,2026-05-13 22:00,48643.782,52689.675
2026-05-13T21:00Z,2026-05-13 23:00,45125.768,49175.041
2026-05-13T22:00Z,2026-05-14 00:00,41882.690,43754.692
2026-05-13T23:00Z,2026-05-14 01:00,40483.936,41854.490
2026-05-14T00:00Z,2026-05-14 02:00,40374.235,40986.900
2026-05-14T01:00Z,2026-05-14 03:00,40149.670,40667.356
2026-05-14T02:00Z,2026-05-14 04:00,40190.861,40872.106
2026-05-14T03:00Z,2026-05-14 05:00,40643.287,40744.574
2026-05-14T04:00Z,2026-05-14 06:00,40380.261,40911.235
2026-05-14T05:00Z,2026-05-14 07:00,41328.207,43200.400
2026-05-14T06:00Z,2026-05-14 08:00,43682.539,46630.666
2026-05-14T07:00Z,2026-05-14 09:00,45105.471,49133.569
2026-05-14T08:00Z,2026-05-14 10:00,46813.033,50312.897
2026-05-14T09:00Z,2026-05-14 11:00,48099.961,50620.287
2026-05-14T10:00Z,2026-05-14 12:00,46394.673,50011.611
2026-05-14T11:00Z,2026-05-14 13:00,44241.398,48445.013
2026-05-14T12:00Z,2026-05-14 14:00,42739.419,46852.791
2026-05-14T13:00Z,2026-05-14 15:00,41923.541,46326.423
2026-05-14T14:00Z,2026-05-14 16:00,42496.867,46776.499
2026-05-14T15:00Z,2026-05-14 17:00,43478.479,47939.707
2026-05-14T16:00Z,2026-05-14 18:00,46449.074,49477.783
2026-05-14T17:00Z,2026-05-14 19:00,47836.848,49726.686
2026-05-14T18:00Z,2026-05-14 20:00,47667.593,48866.865
2026-05-14T19:00Z,2026-05-14 21:00,47359.979,47835.399
2026-05-14T20:00Z,2026-05-14 22:00,45451.048,46115.605
2026-05-14T21:00Z,2026-05-14 23:00,43148.154,44025.509
2026-05-14T22:00Z,2026-05-15 00:00,40839.355,43534.628
2026-05-14T23:00Z,2026-05-15 01:00,39618.291,42270.446
2026-05-15T00:00Z,2026-05-15 02:00,39231.330,41683.966
2026-05-15T01:00Z,2026-05-15 03:00,39554.345,41635.259
2026-05-15T02:00Z,2026-05-15 04:00,40485.359,42856.057
2026-05-15T03:00Z,2026-05-15 05:00,42692.738,45227.095
2026-05-15T04:00Z,2026-05-15 06:00,46419.894,48982.721
2026-05-15T05:00Z,2026-05-15 07:00,48831.070,52852.070
2026-05-15T06:00Z,2026-05-15 08:00,51410.806,55872.696
2026-05-15T07:00Z,2026-05-15 09:00,51709.803,57435.011
2026-05-15T08:00Z,2026-05-15 10:00,52260.312,58094.269
2026-05-15T09:00Z,2026-05-15 11:00,52982.164,57968.036
2026-05-15T10:00Z,2026-05-15 12:00,51965.691,57357.243
2026-05-15T11:00Z,2026-05-15 13:00,51045.376,56346.114
2026-05-15T12:00Z,2026-05-15 14:00,48012.467,54897.584
2026-05-15T13:00Z,2026-05-15 15:00,46859.135,54001.680
2026-05-15T14:00Z,2026-05-15 16:00,47194.891,53335.069
2026-05-15T15:00Z,2026-05-15 17:00,48219.466,54019.064
2026-05-15T16:00Z,2026-05-15 18:00,49148.167,54579.162
2026-05-15T17:00Z,2026-05-15 19:00,50741.764,54177.520
2026-05-15T18:00Z,2026-05-15 20:00,49980.774,53216.298
2026-05-15T19:00Z,2026-05-15 21:00,48660.871,51554.910
2026-05-15T20:00Z,2026-05-15 22:00,46222.591,49038.182
2026-05-15T21:00Z,2026-05-15 23:00,43186.145,46130.713
2026-05-15T22:00Z,2026-05-16 00:00,40718.272,44372.772
2026-05-15T23:00Z,2026-05-16 01:00,39316.095,42824.545
2026-05-16T00:00Z,2026-05-16 02:00,38137.106,41752.843
2026-05-16T01:00Z,2026-05-16 03:00,38069.374,41219.145
2026-05-16T02:00Z,2026-05-16 04:00,37920.750,41506.998
2026-05-16T03:00Z,2026-05-16 05:00,38348.184,41920.391
2026-05-16T04:00Z,2026-05-16 06:00,39436.122,43402.969
2026-05-16T05:00Z,2026-05-16 07:00,41201.412,45891.423
2026-05-16T06:00Z,2026-05-16 08:00,43674.128,48919.185
2026-05-16T07:00Z,2026-05-16 09:00,46303.329,50993.352
2026-05-16T08:00Z,2026-05-16 10:00,47877.530,51846.202
2026-05-16T09:00Z,2026-05-16 11:00,48560.214,52035.738
2026-05-16T10:00Z,2026-05-16 12:00,48563.425,51444.640
2026-05-16T11:00Z,2026-05-16 13:00,46466.449,50182.797
2026-05-16T12:00Z,2026-05-16 14:00,45472.248,48783.206
2026-05-16T13:00Z,2026-05-16 15:00,44190.451,47509.649
2026-05-16T14:00Z,2026-05-16 16:00,43400.440,46921.319
2026-05-16T15:00Z,2026-05-16 17:00,44657.943,47436.210
2026-05-16T16:00Z,2026-05-16 18:00,46440.817,48514.458
2026-05-16T17:00Z,2026-05-16 19:00,47834.144,49002.475
2026-05-16T18:00Z,2026-05-16 20:00,46847.237,48932.523
2026-05-16T19:00Z,2026-05-16 21:00,45482.968,47569.117
2026-05-16T20:00Z,2026-05-16 22:00,44356.729,45772.970
2026-05-16T21:00Z,2026-05-16 23:00,42071.910,43576.959
2026-05-16T22:00Z,2026-05-17 00:00,40360.663,41082.283
2026-05-16T23:00Z,2026-05-17 01:00,38698.738,39390.204
2026-05-17T00:00Z,2026-05-17 02:00,37892.901,38611.907
2026-05-17T01:00Z,2026-05-17 03:00,37510.033,38330.009
2026-05-17T02:00Z,2026-05-17 04:00,37625.829,38545.090
2026-05-17T03:00Z,2026-05-17 05:00,38181.458,39038.229
2026-05-17T04:00Z,2026-05-17 06:00,38728.190,40594.320
2026-05-17T05:00Z,2026-05-17 07:00,39608.455,42635.841
2026-05-17T06:00Z,2026-05-17 08:00,40256.322,45427.459
2026-05-17T07:00Z,2026-05-17 09:00,41444.258,47764.739
2026-05-17T08:00Z,2026-05-17 10:00,42318.424,49194.628
2026-05-17T09:00Z,2026-05-17 11:00,43687.193,50052.025
2026-05-17T10:00Z,2026-05-17 12:00,43191.422,49433.353
2026-05-17T11:00Z,2026-05-17 13:00,42210.674,48188.500
2026-05-17T12:00Z,2026-05-17 14:00,41067.205,47021.887
2026-05-17T13:00Z,2026-05-17 15:00,41049.882,45928.091
2026-05-17T14:00Z,2026-05-17 16:00,41381.433,45430.177
2026-05-17T15:00Z,2026-05-17 17:00,43033.082,46752.561
2026-05-17T16:00Z,2026-05-17 18:00,46027.285,48223.052
2026-05-17T17:00Z,2026-05-17 19:00,47533.898,49468.027
2026-05-17T18:00Z,2026-05-17 20:00,47540.250,49252.268
2026-05-17T19:00Z,2026-05-17 21:00,47290.753,48025.616
2026-05-17T20:00Z,2026-05-17 22:00,46401.154,46189.148
2026-05-17T21:00Z,2026-05-17 23:00,43685.924,43770.286
2026-05-17T22:00Z,2026-05-18 00:00,41489.328,42342.637
2026-05-17T23:00Z,2026-05-18 01:00,39810.942,41194.431
2026-05-18T00:00Z,2026-05-18 02:00,39373.771,40578.920
2026-05-18T01:00Z,2026-05-18 03:00,39107.599,40888.467
2026-05-18T02:00Z,2026-05-18 04:00,40895.784,42425.155
2026-05-18T03:00Z,2026-05-18 05:00,44006.777,46847.424
2026-05-18T04:00Z,2026-05-18 06:00,51208.093,54539.959
2026-05-18T05:00Z,2026-05-18 07:00,55481.477,59740.615
2026-05-18T06:00Z,2026-05-18 08:00,58433.409,62665.831
2026-05-18T07:00Z,2026-05-18 09:00,58126.197,63319.431
2026-05-18T08:00Z,2026-05-18 10:00,58129.668,63565.001
2026-05-18T09:00Z,2026-05-18 11:00,59749.339,64061.657
2026-05-18T10:00Z,2026-05-18 12:00,59112.975,63317.661
2026-05-18T11:00Z,2026-05-18 13:00,57231.358,61934.628
2026-05-18T12:00Z,2026-05-18 14:00,56099.847,60605.599
2026-05-18T13:00Z,2026-05-18 15:00,55141.947,59539.544
2026-05-18T14:00Z,2026-05-18 16:00,54553.674,59114.682
2026-05-18T15:00Z,2026-05-18 17:00,55331.306,59520.846
2026-05-18T16:00Z,2026-05-18 18:00,55812.607,60147.549
2026-05-18T17:00Z,2026-05-18 19:00,56073.955,59955.691
2026-05-18T18:00Z,2026-05-18 20:00,55237.220,58088.589
2026-05-18T19:00Z,2026-05-18 21:00,53509.986,55615.332
2026-05-18T20:00Z,2026-05-18 22:00,50053.947,52426.967
2026-05-18T21:00Z,2026-05-18 23:00,46338.522,49194.969
2026-05-18T22:00Z,2026-05-19 00:00,44094.556,46361.097
2026-05-18T23:00Z,2026-05-19 01:00,42676.146,44835.091
2026-05-19T00:00Z,2026-05-19 02:00,42208.985,44102.736
2026-05-19T01:00Z,2026-05-19 03:00,42802.627,44168.860
2026-05-19T02:00Z,2026-05-19 04:00,44098.818,45099.774
2026-05-19T03:00Z,2026-05-19 05:00,46821.231,47984.105
2026-05-19T04:00Z,2026-05-19 06:00,53116.705,53587.727
2026-05-19T05:00Z,2026-05-19 07:00,57380.591,58560.197
2026-05-19T06:00Z,2026-05-19 08:00,58720.923,61593.701
2026-05-19T07:00Z,2026-05-19 09:00,56928.334,62331.663
2026-05-19T08:00Z,2026-05-19 10:00,56959.600,62674.892
2026-05-19T09:00Z,2026-05-19 11:00,56868.679,62642.679
2026-05-19T10:00Z,2026-05-19 12:00,56434.869,62000.486
2026-05-19T11:00Z,2026-05-19 13:00,55832.372,60834.193
2026-05-19T12:00Z,2026-05-19 14:00,55269.664,59240.710
2026-05-19T13:00Z,2026-05-19 15:00,54884.827,58299.703
2026-05-19T14:00Z,2026-05-19 16:00,54928.838,57728.060
2026-05-19T15:00Z,2026-05-19 17:00,57232.987,57805.419
2026-05-19T16:00Z,2026-05-19 18:00,57695.379,58802.250
2026-05-19T17:00Z,2026-05-19 19:00,57872.190,58987.329
2026-05-19T18:00Z,2026-05-19 20:00,56457.638,57549.500
2026-05-19T19:00Z,2026-05-19 21:00,54865.240,55362.275
2026-05-19T20:00Z,2026-05-19 22:00,52069.554,52052.910
2026-05-19T21:00Z,2026-05-19 23:00,48304.749,48966.116
2026-05-19T22:00Z,2026-05-20 00:00,45956.037,45541.449
2026-05-19T23:00Z,2026-05-20 01:00,44592.943,44245.349
2026-05-20T00:00Z,2026-05-20 02:00,43994.962,43574.775
2026-05-20T01:00Z,2026-05-20 03:00,43691.137,43332.212
2026-05-20T02:00Z,2026-05-20 04:00,44682.519,44981.551
2026-05-20T03:00Z,2026-05-20 05:00,48286.701,47931.927
2026-05-20T04:00Z,2026-05-20 06:00,55082.733,53953.566
2026-05-20T05:00Z,2026-05-20 07:00,59982.944,59387.475
2026-05-20T06:00Z,2026-05-20 08:00,62575.020,61629.286
2026-05-20T07:00Z,2026-05-20 09:00,62272.341,62279.410
2026-05-20T08:00Z,2026-05-20 10:00,62299.516,62586.370
2026-05-20T09:00Z,2026-05-20 11:00,62390.734,62914.044
2026-05-20T10:00Z,2026-05-20 12:00,60058.635,62166.914
2026-05-20T11:00Z,2026-05-20 13:00,59525.942,59759.077
2026-05-20T12:00Z,2026-05-20 14:00,57596.940,58587.231
2026-05-20T13:00Z,2026-05-20 15:00,56064.512,57875.634
2026-05-20T14:00Z,2026-05-20 16:00,56742.714,58154.615
2026-05-20T15:00Z,2026-05-20 17:00,56836.609,58377.822
2026-05-20T16:00Z,2026-05-20 18:00,58314.324,58099.932
2026-05-20T17:00Z,2026-05-20 19:00,60189.722,58131.491
2026-05-20T18:00Z,2026-05-20 20:00,58641.548,56469.098
2026-05-20T19:00Z,2026-05-20 21:00,56616.147,54049.297
2026-05-20T20:00Z,2026-05-20 22:00,53077.795,50614.174
2026-05-20T21:00Z,2026-05-20 23:00,49928.925,47100.326
2026-05-20T22:00Z,2026-05-21 00:00,47437.765,43581.886
2026-05-20T23:00Z,2026-05-21 01:00,45311.605,42006.986
2026-05-21T00:00Z,2026-05-21 02:00,44569.294,41380.208
2026-05-21T01:00Z,2026-05-21 03:00,45007.188,41530.652
2026-05-21T02:00Z,2026-05-21 04:00,46198.792,42634.707
2026-05-21T03:00Z,2026-05-21 05:00,49130.064,45711.450
2026-05-21T04:00Z,2026-05-21 06:00,55092.981,51430.840
2026-05-21T05:00Z,2026-05-21 07:00,58906.280,55720.788
2026-05-21T06:00Z,2026-05-21 08:00,60323.539,59042.976
2026-05-21T07:00Z,2026-05-21 09:00,59767.158,60284.983
2026-05-21T08:00Z,2026-05-21 10:00,58458.972,61204.051
2026-05-21T09:00Z,2026-05-21 11:00,58428.168,61351.877
2026-05-21T10:00Z,2026-05-21 12:00,57152.029,60705.347
2026-05-21T11:00Z,2026-05-21 13:00,56693.399,59347.044
2026-05-21T12:00Z,2026-05-21 14:00,55741.934,57919.542
2026-05-21T13:00Z,2026-05-21 15:00,55024.127,57230.449
2026-05-21T14:00Z,2026-05-21 16:00,55019.001,56202.612
2026-05-21T15:00Z,2026-05-21 17:00,55327.249,56400.474
2026-05-21T16:00Z,2026-05-21 18:00,57149.464,56856.134
2026-05-21T17:00Z,2026-05-21 19:00,57911.509,56537.433
2026-05-21T18:00Z,2026-05-21 20:00,57177.581,54871.092
2026-05-21T19:00Z,2026-05-21 21:00,55299.754,52322.440
2026-05-21T20:00Z,2026-05-21 22:00,52163.405,48976.839
2026-05-21T21:00Z,2026-05-21 23:00,48548.195,45733.455
2026-05-21T22:00Z,2026-05-22 00:00,45487.973,45003.708
2026-05-21T23:00Z,2026-05-22 01:00,44052.341,43335.187
2026-05-22T00:00Z,2026-05-22 02:00,43542.823,42622.601
2026-05-22T01:00Z,2026-05-22 03:00,43461.316,42743.595
2026-05-22T02:00Z,2026-05-22 04:00,44730.798,43685.016
2026-05-22T03:00Z,2026-05-22 05:00,47388.521,45946.649
2026-05-22T04:00Z,2026-05-22 06:00,53618.456,51535.056
2026-05-22T05:00Z,2026-05-22 07:00,57683.523,55607.057
2026-05-22T06:00Z,2026-05-22 08:00,58198.216,59115.778
2026-05-22T07:00Z,2026-05-22 09:00,57309.576,60192.909
2026-05-22T08:00Z,2026-05-22 10:00,56395.521,60171.301
2026-05-22T09:00Z,2026-05-22 11:00,56979.020,59103.641
2026-05-22T10:00Z,2026-05-22 12:00,56031.702,58334.315
2026-05-22T11:00Z,2026-05-22 13:00,54762.701,56849.844
2026-05-22T12:00Z,2026-05-22 14:00,52344.280,55188.804
2026-05-22T13:00Z,2026-05-22 15:00,51276.622,54556.211
2026-05-22T14:00Z,2026-05-22 16:00,51331.648,54101.231
2026-05-22T15:00Z,2026-05-22 17:00,52567.434,54746.876
2026-05-22T16:00Z,2026-05-22 18:00,54168.257,55167.529
2026-05-22T17:00Z,2026-05-22 19:00,55101.077,54912.625
2026-05-22T18:00Z,2026-05-22 20:00,53746.534,53423.645
2026-05-22T19:00Z,2026-05-22 21:00,52332.613,51264.284
2026-05-22T20:00Z,2026-05-22 22:00,50453.367,48412.430
2026-05-22T21:00Z,2026-05-22 23:00,47332.765,45455.792
2026-05-22T22:00Z,2026-05-23 00:00,44467.473,42686.275
2026-05-22T23:00Z,2026-05-23 01:00,42624.524,40644.196
2026-05-23T00:00Z,2026-05-23 02:00,41358.120,39557.491
2026-05-23T01:00Z,2026-05-23 03:00,40864.872,39257.712
2026-05-23T02:00Z,2026-05-23 04:00,41540.327,39341.887
2026-05-23T03:00Z,2026-05-23 05:00,42023.335,39722.168
2026-05-23T04:00Z,2026-05-23 06:00,43556.312,41530.531
2026-05-23T05:00Z,2026-05-23 07:00,45003.134,43991.276
2026-05-23T06:00Z,2026-05-23 08:00,46385.637,47401.675
2026-05-23T07:00Z,2026-05-23 09:00,46025.425,50270.976
2026-05-23T08:00Z,2026-05-23 10:00,46055.440,51336.708
2026-05-23T09:00Z,2026-05-23 11:00,46096.006,51307.221
2026-05-23T10:00Z,2026-05-23 12:00,45534.787,50230.179
2026-05-23T11:00Z,2026-05-23 13:00,45090.743,48597.135
2026-05-23T12:00Z,2026-05-23 14:00,43347.455,47353.873
2026-05-23T13:00Z,2026-05-23 15:00,42720.319,46493.086
2026-05-23T14:00Z,2026-05-23 16:00,42312.342,46493.521
2026-05-23T15:00Z,2026-05-23 17:00,44050.546,47575.775
2026-05-23T16:00Z,2026-05-23 18:00,46413.682,48252.745
2026-05-23T17:00Z,2026-05-23 19:00,48166.817,48138.339
2026-05-23T18:00Z,2026-05-23 20:00,46524.799,47349.669
2026-05-23T19:00Z,2026-05-23 21:00,45571.878,45789.577
2026-05-23T20:00Z,2026-05-23 22:00,44695.638,43890.670
2026-05-23T21:00Z,2026-05-23 23:00,42327.833,41502.699
2026-05-23T22:00Z,2026-05-24 00:00,40235.108,39198.423
2026-05-23T23:00Z,2026-05-24 01:00,38519.547,37230.407
2026-05-24T00:00Z,2026-05-24 02:00,37167.788,36059.056
2026-05-24T01:00Z,2026-05-24 03:00,36848.299,35492.485
2026-05-24T02:00Z,2026-05-24 04:00,36779.957,35386.698
2026-05-24T03:00Z,2026-05-24 05:00,36782.409,35600.757
2026-05-24T04:00Z,2026-05-24 06:00,36551.923,36164.743
2026-05-24T05:00Z,2026-05-24 07:00,38340.620,38184.479
2026-05-24T06:00Z,2026-05-24 08:00,40434.587,41676.145
2026-05-24T07:00Z,2026-05-24 09:00,41063.348,44493.256
2026-05-24T08:00Z,2026-05-24 10:00,41599.230,45936.657
2026-05-24T09:00Z,2026-05-24 11:00,41887.152,46489.917
2026-05-24T10:00Z,2026-05-24 12:00,41561.033,45967.713
2026-05-24T11:00Z,2026-05-24 13:00,40455.451,44416.816
2026-05-24T12:00Z,2026-05-24 14:00,38418.024,43062.963
2026-05-24T13:00Z,2026-05-24 15:00,37310.440,42134.373
2026-05-24T14:00Z,2026-05-24 16:00,37851.390,42102.291
2026-05-24T15:00Z,2026-05-24 17:00,39300.092,43067.719
2026-05-24T16:00Z,2026-05-24 18:00,42397.337,44458.585
2026-05-24T17:00Z,2026-05-24 19:00,45262.900,45256.888
2026-05-24T18:00Z,2026-05-24 20:00,45514.931,45188.442
2026-05-24T19:00Z,2026-05-24 21:00,45313.510,44470.096
2026-05-24T20:00Z,2026-05-24 22:00,44358.002,43332.382
2026-05-24T21:00Z,2026-05-24 23:00,42076.793,41430.656
2026-05-24T22:00Z,2026-05-25 00:00,39726.456,38276.439
2026-05-24T23:00Z,2026-05-25 01:00,37985.151,36707.540
2026-05-25T00:00Z,2026-05-25 02:00,37132.886,35664.313
2026-05-25T01:00Z,2026-05-25 03:00,36674.120,35060.253
2026-05-25T02:00Z,2026-05-25 04:00,36870.379,35642.222
2026-05-25T03:00Z,2026-05-25 05:00,37149.089,36216.114
2026-05-25T04:00Z,2026-05-25 06:00,38253.863,37318.557
2026-05-25T05:00Z,2026-05-25 07:00,39192.201,39584.240
2026-05-25T06:00Z,2026-05-25 08:00,40136.975,43019.947
2026-05-25T07:00Z,2026-05-25 09:00,40916.110,45544.757
2026-05-25T08:00Z,2026-05-25 10:00,41215.503,46618.891
2026-05-25T09:00Z,2026-05-25 11:00,41757.656,46711.736
2026-05-25T10:00Z,2026-05-25 12:00,41418.409,46182.515
2026-05-25T11:00Z,2026-05-25 13:00,40179.525,44723.751
2026-05-25T12:00Z,2026-05-25 14:00,39619.097,43626.624
2026-05-25T13:00Z,2026-05-25 15:00,38349.986,42831.966
2026-05-25T14:00Z,2026-05-25 16:00,39216.863,43149.964
2026-05-25T15:00Z,2026-05-25 17:00,40982.413,43911.150
2026-05-25T16:00Z,2026-05-25 18:00,44144.778,44813.559
2026-05-25T17:00Z,2026-05-25 19:00,46761.517,45332.389
2026-05-25T18:00Z,2026-05-25 20:00,46827.034,45585.687
2026-05-25T19:00Z,2026-05-25 21:00,46503.292,45405.661
2026-05-25T20:00Z,2026-05-25 22:00,45616.937,43979.699
2026-05-25T21:00Z,2026-05-25 23:00,43260.514,42045.963
2026-05-25T22:00Z,2026-05-26 00:00,41737.568,41069.823
2026-05-25T23:00Z,2026-05-26 01:00,40395.416,39602.371
2026-05-26T00:00Z,2026-05-26 02:00,39571.517,39091.027
2026-05-26T01:00Z,2026-05-26 03:00,39389.759,39084.581
2026-05-26T02:00Z,2026-05-26 04:00,40061.588,40480.845
2026-05-26T03:00Z,2026-05-26 05:00,42651.056,43731.029
2026-05-26T04:00Z,2026-05-26 06:00,50177.675,50416.810
2026-05-26T05:00Z,2026-05-26 07:00,55038.337,55263.884
2026-05-26T06:00Z,2026-05-26 08:00,57325.758,58982.033
2026-05-26T07:00Z,2026-05-26 09:00,57579.316,60386.579
2026-05-26T08:00Z,2026-05-26 10:00,57673.902,60654.568
2026-05-26T09:00Z,2026-05-26 11:00,57247.411,60564.849
2026-05-26T10:00Z,2026-05-26 12:00,56725.919,60080.477
2026-05-26T11:00Z,2026-05-26 13:00,55449.872,59457.150
2026-05-26T12:00Z,2026-05-26 14:00,54284.109,58393.909
2026-05-26T13:00Z,2026-05-26 15:00,53549.258,57459.395
2026-05-26T14:00Z,2026-05-26 16:00,53834.057,57134.462
2026-05-26T15:00Z,2026-05-26 17:00,54957.522,57782.191
2026-05-26T16:00Z,2026-05-26 18:00,55709.167,58309.251
2026-05-26T17:00Z,2026-05-26 19:00,57510.099,58275.536
2026-05-26T18:00Z,2026-05-26 20:00,56051.475,56828.491
2026-05-26T19:00Z,2026-05-26 21:00,54884.623,54528.667
2026-05-26T20:00Z,2026-05-26 22:00,52271.175,51118.444
2026-05-26T21:00Z,2026-05-26 23:00,49000.329,47666.930
2026-05-26T22:00Z,2026-05-27 00:00,46961.571,45305.650
2026-05-26T23:00Z,2026-05-27 01:00,45369.298,43803.828
2026-05-27T00:00Z,2026-05-27 02:00,44177.290,42903.626
2026-05-27T01:00Z,2026-05-27 03:00,44302.128,42754.008
2026-05-27T02:00Z,2026-05-27 04:00,44924.564,43629.476
2026-05-27T03:00Z,2026-05-27 05:00,47357.536,45904.708
2026-05-27T04:00Z,2026-05-27 06:00,53484.942,51275.813
2026-05-27T05:00Z,2026-05-27 07:00,58229.101,56064.242
2026-05-27T06:00Z,2026-05-27 08:00,60124.547,59555.696
2026-05-27T07:00Z,2026-05-27 09:00,59556.898,61107.329
2026-05-27T08:00Z,2026-05-27 10:00,58674.246,61741.251
2026-05-27T09:00Z,2026-05-27 11:00,57894.884,61998.542
2026-05-27T10:00Z,2026-05-27 12:00,56906.936,61562.392
2026-05-27T11:00Z,2026-05-27 13:00,55894.544,60214.583
2026-05-27T12:00Z,2026-05-27 14:00,53889.315,58783.580
2026-05-27T13:00Z,2026-05-27 15:00,53614.016,57563.655
2026-05-27T14:00Z,2026-05-27 16:00,53205.822,56871.924
2026-05-27T15:00Z,2026-05-27 17:00,54473.301,57545.590
2026-05-27T16:00Z,2026-05-27 18:00,55964.869,58391.918
2026-05-27T17:00Z,2026-05-27 19:00,57865.705,58158.766
2026-05-27T18:00Z,2026-05-27 20:00,56777.010,56279.299
2026-05-27T19:00Z,2026-05-27 21:00,54598.416,53939.822
2026-05-27T20:00Z,2026-05-27 22:00,52706.856,50502.942
2026-05-27T21:00Z,2026-05-27 23:00,49578.347,46844.994
2026-05-27T22:00Z,2026-05-28 00:00,46532.088,44541.035
2026-05-27T23:00Z,2026-05-28 01:00,44798.661,43055.520
2026-05-28T00:00Z,2026-05-28 02:00,43683.153,42423.523
2026-05-28T01:00Z,2026-05-28 03:00,44178.380,42246.953
2026-05-28T02:00Z,2026-05-28 04:00,44508.018,42753.746
2026-05-28T03:00Z,2026-05-28 05:00,47054.451,45204.283
2026-05-28T04:00Z,2026-05-28 06:00,52699.341,50295.832
2026-05-28T05:00Z,2026-05-28 07:00,56333.944,54566.341
2026-05-28T06:00Z,2026-05-28 08:00,57866.675,58158.569
2026-05-28T07:00Z,2026-05-28 09:00,56978.934,59678.667
2026-05-28T08:00Z,2026-05-28 10:00,56609.384,60567.231
2026-05-28T09:00Z,2026-05-28 11:00,55617.295,60680.655
2026-05-28T10:00Z,2026-05-28 12:00,55218.830,59955.504
2026-05-28T11:00Z,2026-05-28 13:00,54566.062,58441.809
2026-05-28T12:00Z,2026-05-28 14:00,52742.979,57111.369
2026-05-28T13:00Z,2026-05-28 15:00,52166.252,56011.802
2026-05-28T14:00Z,2026-05-28 16:00,52542.584,55071.364
2026-05-28T15:00Z,2026-05-28 17:00,53566.312,54898.668
2026-05-28T16:00Z,2026-05-28 18:00,54913.797,55661.174
2026-05-28T17:00Z,2026-05-28 19:00,56759.956,55659.852
2026-05-28T18:00Z,2026-05-28 20:00,55599.297,54012.477
2026-05-28T19:00Z,2026-05-28 21:00,53666.413,51988.813
2026-05-28T20:00Z,2026-05-28 22:00,51678.100,49194.724
2026-05-28T21:00Z,2026-05-28 23:00,48956.694,46277.981
2026-05-28T22:00Z,2026-05-29 00:00,46312.428,44747.421
2026-05-28T23:00Z,2026-05-29 01:00,44741.947,43164.839
2026-05-29T00:00Z,2026-05-29 02:00,44125.492,42416.721
2026-05-29T01:00Z,2026-05-29 03:00,44108.091,42490.298
2026-05-29T02:00Z,2026-05-29 04:00,45492.943,43078.718
2026-05-29T03:00Z,2026-05-29 05:00,47684.116,45251.961
2026-05-29T04:00Z,2026-05-29 06:00,53992.944,50424.558
2026-05-29T05:00Z,2026-05-29 07:00,57538.170,54644.295
2026-05-29T06:00Z,2026-05-29 08:00,58931.227,57823.711
2026-05-29T07:00Z,2026-05-29 09:00,57950.072,59332.594
2026-05-29T08:00Z,2026-05-29 10:00,57864.306,59470.526
2026-05-29T09:00Z,2026-05-29 11:00,56928.134,58453.832
2026-05-29T10:00Z,2026-05-29 12:00,56268.323,57649.947
2026-05-29T11:00Z,2026-05-29 13:00,54830.774,56236.956
2026-05-29T12:00Z,2026-05-29 14:00,52915.120,54518.469
2026-05-29T13:00Z,2026-05-29 15:00,53259.309,53572.628
2026-05-29T14:00Z,2026-05-29 16:00,54099.770,53284.171
2026-05-29T15:00Z,2026-05-29 17:00,54209.540,54544.268
2026-05-29T16:00Z,2026-05-29 18:00,55845.388,55168.938
2026-05-29T17:00Z,2026-05-29 19:00,56377.853,55359.110
2026-05-29T18:00Z,2026-05-29 20:00,55337.378,53209.583
2026-05-29T19:00Z,2026-05-29 21:00,52977.518,50600.268
2026-05-29T20:00Z,2026-05-29 22:00,51294.036,47940.538
2026-05-29T21:00Z,2026-05-29 23:00,47383.054,45171.018
2026-05-29T22:00Z,2026-05-30 00:00,44718.591,44083.870
2026-05-29T23:00Z,2026-05-30 01:00,43185.656,42138.075
2026-05-30T00:00Z,2026-05-30 02:00,41917.826,40934.732
2026-05-30T01:00Z,2026-05-30 03:00,41248.633,40430.204
2026-05-30T02:00Z,2026-05-30 04:00,41123.949,40419.412
2026-05-30T03:00Z,2026-05-30 05:00,41292.979,40940.076
2026-05-30T04:00Z,2026-05-30 06:00,43701.767,42590.374
2026-05-30T05:00Z,2026-05-30 07:00,44596.816,45082.100
2026-05-30T06:00Z,2026-05-30 08:00,46638.938,48003.092
2026-05-30T07:00Z,2026-05-30 09:00,47660.376,49863.869
2026-05-30T08:00Z,2026-05-30 10:00,46822.645,51056.692
2026-05-30T09:00Z,2026-05-30 11:00,46885.770,50946.971
2026-05-30T10:00Z,2026-05-30 12:00,46073.147,49942.010
2026-05-30T11:00Z,2026-05-30 13:00,44816.250,48791.951
2026-05-30T12:00Z,2026-05-30 14:00,43683.233,47626.633
2026-05-30T13:00Z,2026-05-30 15:00,43090.859,46993.558
2026-05-30T14:00Z,2026-05-30 16:00,42992.691,46732.526
2026-05-30T15:00Z,2026-05-30 17:00,44720.863,46860.605
2026-05-30T16:00Z,2026-05-30 18:00,46465.713,47914.712
2026-05-30T17:00Z,2026-05-30 19:00,48628.934,48996.883
2026-05-30T18:00Z,2026-05-30 20:00,48256.380,47930.042
2026-05-30T19:00Z,2026-05-30 21:00,47122.266,46352.435
2026-05-30T20:00Z,2026-05-30 22:00,45851.789,44648.058
2026-05-30T21:00Z,2026-05-30 23:00,43500.659,42368.448
2026-05-30T22:00Z,2026-05-31 00:00,40718.114,40927.807
2026-05-30T23:00Z,2026-05-31 01:00,38917.015,39243.249
2026-05-31T00:00Z,2026-05-31 02:00,37739.367,38109.694
2026-05-31T01:00Z,2026-05-31 03:00,37538.827,37721.638
2026-05-31T02:00Z,2026-05-31 04:00,37585.391,37912.417
2026-05-31T03:00Z,2026-05-31 05:00,37423.599,38416.170
2026-05-31T04:00Z,2026-05-31 06:00,38381.123,40309.053
2026-05-31T05:00Z,2026-05-31 07:00,38709.504,42346.873
2026-05-31T06:00Z,2026-05-31 08:00,40353.148,45095.045
2026-05-31T07:00Z,2026-05-31 09:00,42745.785,47115.396
2026-05-31T08:00Z,2026-05-31 10:00,45151.683,48925.072
2026-05-31T09:00Z,2026-05-31 11:00,46638.937,49365.884
2026-05-31T10:00Z,2026-05-31 12:00,45130.400,48979.838
2026-05-31T11:00Z,2026-05-31 13:00,42976.576,48109.701
2026-05-31T12:00Z,2026-05-31 14:00,41550.398,46776.910
2026-05-31T13:00Z,2026-05-31 15:00,41803.813,45840.188
2026-05-31T14:00Z,2026-05-31 16:00,42285.931,46033.548
2026-05-31T15:00Z,2026-05-31 17:00,43437.284,46921.878
2026-05-31T16:00Z,2026-05-31 18:00,47039.076,48325.737
2026-05-31T17:00Z,2026-05-31 19:00,48261.322,49815.730
2026-05-31T18:00Z,2026-05-31 20:00,47867.875,49416.099
2026-05-31T19:00Z,2026-05-31 21:00,46996.914,48056.715
2026-05-31T20:00Z,2026-05-31 22:00,45984.230,46500.454
2026-05-31T21:00Z,2026-05-31 23:00,43107.770,44279.348
2026-05-31T22:00Z,2026-06-01 00:00,41054.206,41464.368
2026-05-31T23:00Z,2026-06-01 01:00,39751.410,40150.865
2026-06-01T00:00Z,2026-06-01 02:00,39265.731,39717.298
2026-06-01T01:00Z,2026-06-01 03:00,40123.578,40065.330
2026-06-01T02:00Z,2026-06-01 04:00,41267.260,41685.449
2026-06-01T03:00Z,2026-06-01 05:00,44249.506,46206.984
2026-06-01T04:00Z,2026-06-01 06:00,50882.681,53468.773
2026-06-01T05:00Z,2026-06-01 07:00,55924.320,57931.897
2026-06-01T06:00Z,2026-06-01 08:00,58025.892,60659.825
2026-06-01T07:00Z,2026-06-01 09:00,57596.235,61012.963
2026-06-01T08:00Z,2026-06-01 10:00,56773.089,61505.101
2026-06-01T09:00Z,2026-06-01 11:00,56716.419,61547.055
2026-06-01T10:00Z,2026-06-01 12:00,55995.771,61325.896
2026-06-01T11:00Z,2026-06-01 13:00,55054.304,60001.269
2026-06-01T12:00Z,2026-06-01 14:00,54616.625,58759.098
2026-06-01T13:00Z,2026-06-01 15:00,53945.273,58239.153
2026-06-01T14:00Z,2026-06-01 16:00,53871.898,58113.670
2026-06-01T15:00Z,2026-06-01 17:00,55092.684,58604.009
2026-06-01T16:00Z,2026-06-01 18:00,56872.118,59013.283
2026-06-01T17:00Z,2026-06-01 19:00,57937.063,58596.061
2026-06-01T18:00Z,2026-06-01 20:00,56444.202,57121.245
2026-06-01T19:00Z,2026-06-01 21:00,55026.439,54430.370
2026-06-01T20:00Z,2026-06-01 22:00,52851.601,51328.368
2026-06-01T21:00Z,2026-06-01 23:00,49945.147,48791.255
2026-06-01T22:00Z,2026-06-02 00:00,47688.035,45813.787
2026-06-01T23:00Z,2026-06-02 01:00,45341.466,44080.027
2026-06-02T00:00Z,2026-06-02 02:00,44284.216,43377.171
2026-06-02T01:00Z,2026-06-02 03:00,44929.210,43450.502
2026-06-02T02:00Z,2026-06-02 04:00,45673.300,44637.694
2026-06-02T03:00Z,2026-06-02 05:00,48170.753,47206.363
2026-06-02T04:00Z,2026-06-02 06:00,54141.581,52724.223
2026-06-02T05:00Z,2026-06-02 07:00,58047.384,57612.347
2026-06-02T06:00Z,2026-06-02 08:00,59232.342,60410.174
2026-06-02T07:00Z,2026-06-02 09:00,58917.623,60805.000
2026-06-02T08:00Z,2026-06-02 10:00,58084.466,61530.499
2026-06-02T09:00Z,2026-06-02 11:00,58169.608,60990.464
2026-06-02T10:00Z,2026-06-02 12:00,58377.428,60839.745
2026-06-02T11:00Z,2026-06-02 13:00,58051.740,60115.702
2026-06-02T12:00Z,2026-06-02 14:00,56731.707,58563.521
2026-06-02T13:00Z,2026-06-02 15:00,55956.697,57644.961
2026-06-02T14:00Z,2026-06-02 16:00,56933.449,57592.011
2026-06-02T15:00Z,2026-06-02 17:00,58557.552,58151.561
2026-06-02T16:00Z,2026-06-02 18:00,59927.493,59161.391
2026-06-02T17:00Z,2026-06-02 19:00,59992.445,59064.365
2026-06-02T18:00Z,2026-06-02 20:00,59365.801,57738.180
2026-06-02T19:00Z,2026-06-02 21:00,56703.055,55306.546
2026-06-02T20:00Z,2026-06-02 22:00,53243.271,51961.856
2026-06-02T21:00Z,2026-06-02 23:00,49880.325,49268.966
2026-06-02T22:00Z,2026-06-03 00:00,46664.505,46995.575
2026-06-02T23:00Z,2026-06-03 01:00,44845.591,45621.087
2026-06-03T00:00Z,2026-06-03 02:00,43848.098,44887.895
2026-06-03T01:00Z,2026-06-03 03:00,44275.435,44568.940
2026-06-03T02:00Z,2026-06-03 04:00,45659.717,45866.619
2026-06-03T03:00Z,2026-06-03 05:00,48522.209,48490.187
2026-06-03T04:00Z,2026-06-03 06:00,54275.957,54613.149
2026-06-03T05:00Z,2026-06-03 07:00,57961.029,59962.673
2026-06-03T06:00Z,2026-06-03 08:00,61239.038,61941.520
2026-06-03T07:00Z,2026-06-03 09:00,61070.850,62494.253
2026-06-03T08:00Z,2026-06-03 10:00,59955.070,63561.519
2026-06-03T09:00Z,2026-06-03 11:00,59439.578,63474.307
2026-06-03T10:00Z,2026-06-03 12:00,57927.794,63025.781
2026-06-03T11:00Z,2026-06-03 13:00,56259.387,61564.977
2026-06-03T12:00Z,2026-06-03 14:00,55686.464,60279.479
2026-06-03T13:00Z,2026-06-03 15:00,55053.462,59086.643
2026-06-03T14:00Z,2026-06-03 16:00,53860.363,59045.049
2026-06-03T15:00Z,2026-06-03 17:00,54054.524,58947.669
2026-06-03T16:00Z,2026-06-03 18:00,56044.301,58989.876
2026-06-03T17:00Z,2026-06-03 19:00,56343.469,58872.099
2026-06-03T18:00Z,2026-06-03 20:00,55237.759,57795.589
2026-06-03T19:00Z,2026-06-03 21:00,53671.548,55252.552
2026-06-03T20:00Z,2026-06-03 22:00,50779.156,52300.969
2026-06-03T21:00Z,2026-06-03 23:00,47955.742,48808.337
2026-06-03T22:00Z,2026-06-04 00:00,45542.806,45344.402
2026-06-03T23:00Z,2026-06-04 01:00,43864.876,43263.161
2026-06-04T00:00Z,2026-06-04 02:00,41996.493,42304.005
2026-06-04T01:00Z,2026-06-04 03:00,42226.250,41764.925
2026-06-04T02:00Z,2026-06-04 04:00,42792.302,41710.145
2026-06-04T03:00Z,2026-06-04 05:00,43483.830,42488.165
2026-06-04T04:00Z,2026-06-04 06:00,44644.853,44526.630
2026-06-04T05:00Z,2026-06-04 07:00,45877.094,46876.438
2026-06-04T06:00Z,2026-06-04 08:00,48167.984,49914.243
2026-06-04T07:00Z,2026-06-04 09:00,50864.954,52128.866
2026-06-04T08:00Z,2026-06-04 10:00,52332.822,53320.517
2026-06-04T09:00Z,2026-06-04 11:00,53187.642,53807.848
2026-06-04T10:00Z,2026-06-04 12:00,52571.603,53249.403
2026-06-04T11:00Z,2026-06-04 13:00,51419.619,52062.516
2026-06-04T12:00Z,2026-06-04 14:00,50208.478,51100.862
2026-06-04T13:00Z,2026-06-04 15:00,49125.529,50468.905
2026-06-04T14:00Z,2026-06-04 16:00,49713.454,50305.849
2026-06-04T15:00Z,2026-06-04 17:00,50470.790,51298.722
2026-06-04T16:00Z,2026-06-04 18:00,50970.255,52309.138
2026-06-04T17:00Z,2026-06-04 19:00,51617.724,52194.284
2026-06-04T18:00Z,2026-06-04 20:00,49974.023,51930.652
2026-06-04T19:00Z,2026-06-04 21:00,48276.599,50551.838
2026-06-04T20:00Z,2026-06-04 22:00,48065.045,48818.857
2026-06-04T21:00Z,2026-06-04 23:00,45364.649,46469.949
2026-06-04T22:00Z,2026-06-05 00:00,43369.072,44396.238
2026-06-04T23:00Z,2026-06-05 01:00,41904.124,42914.354
2026-06-05T00:00Z,2026-06-05 02:00,41320.844,42000.969
2026-06-05T01:00Z,2026-06-05 03:00,40315.430,41803.106
2026-06-05T02:00Z,2026-06-05 04:00,40782.463,42722.907
2026-06-05T03:00Z,2026-06-05 05:00,42893.195,44790.753
2026-06-05T04:00Z,2026-06-05 06:00,47353.337,47823.791
2026-06-05T05:00Z,2026-06-05 07:00,51550.088,51058.106
2026-06-05T06:00Z,2026-06-05 08:00,54024.143,54613.755
2026-06-05T07:00Z,2026-06-05 09:00,54541.860,56505.740
2026-06-05T08:00Z,2026-06-05 10:00,55069.623,57320.431
2026-06-05T09:00Z,2026-06-05 11:00,54514.283,57626.900
2026-06-05T10:00Z,2026-06-05 12:00,52961.660,56953.828
2026-06-05T11:00Z,2026-06-05 13:00,51935.862,55787.664
2026-06-05T12:00Z,2026-06-05 14:00,49954.483,55070.946
2026-06-05T13:00Z,2026-06-05 15:00,49512.597,54397.644
2026-06-05T14:00Z,2026-06-05 16:00,49029.967,54323.449
2026-06-05T15:00Z,2026-06-05 17:00,49936.150,54682.147
2026-06-05T16:00Z,2026-06-05 18:00,52150.193,54642.800
2026-06-05T17:00Z,2026-06-05 19:00,52778.841,54144.957
2026-06-05T18:00Z,2026-06-05 20:00,51812.220,52974.176
2026-06-05T19:00Z,2026-06-05 21:00,49727.623,51009.373
2026-06-05T20:00Z,2026-06-05 22:00,48175.035,48564.537
2026-06-05T21:00Z,2026-06-05 23:00,45319.753,45879.926
2026-06-05T22:00Z,2026-06-06 00:00,43237.448,43591.901
2026-06-05T23:00Z,2026-06-06 01:00,41694.708,41958.916
2026-06-06T00:00Z,2026-06-06 02:00,40592.226,40687.387
2026-06-06T01:00Z,2026-06-06 03:00,40559.612,40144.139
2026-06-06T02:00Z,2026-06-06 04:00,39943.447,40340.972
2026-06-06T03:00Z,2026-06-06 05:00,40652.904,40995.886
2026-06-06T04:00Z,2026-06-06 06:00,42807.735,42648.544
2026-06-06T05:00Z,2026-06-06 07:00,43558.662,44626.812
2026-06-06T06:00Z,2026-06-06 08:00,44415.642,47216.156
2026-06-06T07:00Z,2026-06-06 09:00,45562.258,49351.244
2026-06-06T08:00Z,2026-06-06 10:00,45382.193,50406.797
2026-06-06T09:00Z,2026-06-06 11:00,45609.486,50494.949
2026-06-06T10:00Z,2026-06-06 12:00,45699.434,50185.596
2026-06-06T11:00Z,2026-06-06 13:00,44344.775,49288.224
2026-06-06T12:00Z,2026-06-06 14:00,42673.577,47936.754
2026-06-06T13:00Z,2026-06-06 15:00,42187.404,46919.593
2026-06-06T14:00Z,2026-06-06 16:00,43234.577,47056.715
2026-06-06T15:00Z,2026-06-06 17:00,45000.923,47578.064
2026-06-06T16:00Z,2026-06-06 18:00,47333.048,48330.465
2026-06-06T17:00Z,2026-06-06 19:00,47958.593,49355.617
2026-06-06T18:00Z,2026-06-06 20:00,47433.410,48739.562
2026-06-06T19:00Z,2026-06-06 21:00,46599.973,47127.668
2026-06-06T20:00Z,2026-06-06 22:00,44598.070,45456.026
2026-06-06T21:00Z,2026-06-06 23:00,41439.844,43345.910
2026-06-06T22:00Z,2026-06-07 00:00,39044.684,41615.591
2026-06-06T23:00Z,2026-06-07 01:00,38191.125,39933.121
2026-06-07T00:00Z,2026-06-07 02:00,37189.457,38885.973
2026-06-07T01:00Z,2026-06-07 03:00,36372.150,38612.026
2026-06-07T02:00Z,2026-06-07 04:00,36734.398,38854.682
2026-06-07T03:00Z,2026-06-07 05:00,37257.008,39685.261
2026-06-07T04:00Z,2026-06-07 06:00,37255.542,41015.696
2026-06-07T05:00Z,2026-06-07 07:00,38251.394,42620.534
2026-06-07T06:00Z,2026-06-07 08:00,41127.352,45565.389
2026-06-07T07:00Z,2026-06-07 09:00,42489.260,47955.249
2026-06-07T08:00Z,2026-06-07 10:00,44115.296,49624.728
2026-06-07T09:00Z,2026-06-07 11:00,44305.327,50498.885
2026-06-07T10:00Z,2026-06-07 12:00,44261.387,50052.393
2026-06-07T11:00Z,2026-06-07 13:00,42998.980,48988.723
2026-06-07T12:00Z,2026-06-07 14:00,41816.095,47731.741
2026-06-07T13:00Z,2026-06-07 15:00,41036.419,46939.227
2026-06-07T14:00Z,2026-06-07 16:00,40903.611,46845.095
2026-06-07T15:00Z,2026-06-07 17:00,41728.324,47745.167
2026-06-07T16:00Z,2026-06-07 18:00,44278.582,49463.887
2026-06-07T17:00Z,2026-06-07 19:00,46244.805,50060.494
2026-06-07T18:00Z,2026-06-07 20:00,46639.291,49332.788
2026-06-07T19:00Z,2026-06-07 21:00,46903.864,47869.789
2026-06-07T20:00Z,2026-06-07 22:00,46195.620,46207.338
2026-06-07T21:00Z,2026-06-07 23:00,43918.778,44091.109
2026-06-07T22:00Z,2026-06-08 00:00,43298.416,42066.727
2026-06-07T23:00Z,2026-06-08 01:00,42365.883,40924.016
2026-06-08T00:00Z,2026-06-08 02:00,41623.373,40296.852
2026-06-08T01:00Z,2026-06-08 03:00,41736.450,40567.856
2026-06-08T02:00Z,2026-06-08 04:00,42705.965,42024.233
2026-06-08T03:00Z,2026-06-08 05:00,45180.921,46047.968
2026-06-08T04:00Z,2026-06-08 06:00,52177.705,52974.594
2026-06-08T05:00Z,2026-06-08 07:00,55972.022,57879.304
2026-06-08T06:00Z,2026-06-08 08:00,58725.262,60508.459
2026-06-08T07:00Z,2026-06-08 09:00,57750.000,61161.096
2026-06-08T08:00Z,2026-06-08 10:00,57779.094,61958.536
2026-06-08T09:00Z,2026-06-08 11:00,57589.378,62061.397
2026-06-08T10:00Z,2026-06-08 12:00,56271.435,61941.172
2026-06-08T11:00Z,2026-06-08 13:00,57278.037,61131.412
2026-06-08T12:00Z,2026-06-08 14:00,56659.055,59969.312
2026-06-08T13:00Z,2026-06-08 15:00,57014.003,59109.219
2026-06-08T14:00Z,2026-06-08 16:00,56701.920,58517.829
2026-06-08T15:00Z,2026-06-08 17:00,56502.911,58656.204
2026-06-08T16:00Z,2026-06-08 18:00,57170.916,59821.259
2026-06-08T17:00Z,2026-06-08 19:00,57552.158,59726.324
2026-06-08T18:00Z,2026-06-08 20:00,55991.698,58324.746
2026-06-08T19:00Z,2026-06-08 21:00,53313.477,55851.213
2026-06-08T20:00Z,2026-06-08 22:00,50560.865,52854.595
2026-06-08T21:00Z,2026-06-08 23:00,49129.859,50296.943
2026-06-08T22:00Z,2026-06-09 00:00,46514.959,48038.648
2026-06-08T23:00Z,2026-06-09 01:00,45582.883,45998.736
2026-06-09T00:00Z,2026-06-09 02:00,44992.892,45050.742
2026-06-09T01:00Z,2026-06-09 03:00,45414.054,44980.905
2026-06-09T02:00Z,2026-06-09 04:00,46528.960,45997.033
2026-06-09T03:00Z,2026-06-09 05:00,49207.397,48462.436
2026-06-09T04:00Z,2026-06-09 06:00,55323.713,54083.567
2026-06-09T05:00Z,2026-06-09 07:00,57737.792,58415.753
2026-06-09T06:00Z,2026-06-09 08:00,60523.496,61518.464
2026-06-09T07:00Z,2026-06-09 09:00,61089.965,61970.576
2026-06-09T08:00Z,2026-06-09 10:00,61098.447,62465.491
2026-06-09T09:00Z,2026-06-09 11:00,60387.199,61656.213
2026-06-09T10:00Z,2026-06-09 12:00,58430.946,61356.620
2026-06-09T11:00Z,2026-06-09 13:00,57096.340,60595.041
2026-06-09T12:00Z,2026-06-09 14:00,55797.403,59268.792
2026-06-09T13:00Z,2026-06-09 15:00,55551.914,58677.983
2026-06-09T14:00Z,2026-06-09 16:00,55346.113,58726.923
2026-06-09T15:00Z,2026-06-09 17:00,56268.806,59299.363
2026-06-09T16:00Z,2026-06-09 18:00,57889.085,60010.199
2026-06-09T17:00Z,2026-06-09 19:00,57914.189,59543.729
2026-06-09T18:00Z,2026-06-09 20:00,57127.468,57962.176
2026-06-09T19:00Z,2026-06-09 21:00,55367.902,55471.833
2026-06-09T20:00Z,2026-06-09 22:00,53113.948,52519.977
2026-06-09T21:00Z,2026-06-09 23:00,49855.208,49743.592
2026-06-09T22:00Z,2026-06-10 00:00,47554.528,46817.617
2026-06-09T23:00Z,2026-06-10 01:00,46192.888,45592.473
2026-06-10T00:00Z,2026-06-10 02:00,44387.544,44904.581
2026-06-10T01:00Z,2026-06-10 03:00,44641.745,44778.301
2026-06-10T02:00Z,2026-06-10 04:00,45596.622,46036.604
2026-06-10T03:00Z,2026-06-10 05:00,47558.033,48683.852
2026-06-10T04:00Z,2026-06-10 06:00,53979.912,53824.766
2026-06-10T05:00Z,2026-06-10 07:00,57659.626,58760.179
2026-06-10T06:00Z,2026-06-10 08:00,60328.818,60858.797
2026-06-10T07:00Z,2026-06-10 09:00,59354.813,61219.749
2026-06-10T08:00Z,2026-06-10 10:00,59906.528,62018.377
2026-06-10T09:00Z,2026-06-10 11:00,59446.650,61596.312
2026-06-10T10:00Z,2026-06-10 12:00,59360.847,61177.656
2026-06-10T11:00Z,2026-06-10 13:00,58331.175,59798.808
2026-06-10T12:00Z,2026-06-10 14:00,56707.918,58646.944
2026-06-10T13:00Z,2026-06-10 15:00,56910.730,57739.437
2026-06-10T14:00Z,2026-06-10 16:00,57488.175,57836.251
2026-06-10T15:00Z,2026-06-10 17:00,58507.318,58179.384
2026-06-10T16:00Z,2026-06-10 18:00,59975.066,58448.639
2026-06-10T17:00Z,2026-06-10 19:00,58395.956,58159.732
2026-06-10T18:00Z,2026-06-10 20:00,56476.356,57309.984
2026-06-10T19:00Z,2026-06-10 21:00,54834.879,54834.714
2026-06-10T20:00Z,2026-06-10 22:00,52092.132,52000.085
2026-06-10T21:00Z,2026-06-10 23:00,48863.932,48977.986
2026-06-10T22:00Z,2026-06-11 00:00,45614.751,46590.325
2026-06-10T23:00Z,2026-06-11 01:00,44329.780,44893.955
2026-06-11T00:00Z,2026-06-11 02:00,44327.772,44148.449
2026-06-11T01:00Z,2026-06-11 03:00,44556.937,44107.800
2026-06-11T02:00Z,2026-06-11 04:00,45707.665,44771.094
2026-06-11T03:00Z,2026-06-11 05:00,48593.746,46809.285
2026-06-11T04:00Z,2026-06-11 06:00,53631.594,52843.052
2026-06-11T05:00Z,2026-06-11 07:00,57989.283,58392.597
2026-06-11T06:00Z,2026-06-11 08:00,59954.998,61582.876
2026-06-11T07:00Z,2026-06-11 09:00,59602.542,62458.816
2026-06-11T08:00Z,2026-06-11 10:00,59058.222,62859.847
2026-06-11T09:00Z,2026-06-11 11:00,59296.505,63357.865
2026-06-11T10:00Z,2026-06-11 12:00,58347.734,62817.175
2026-06-11T11:00Z,2026-06-11 13:00,56148.214,61721.500
2026-06-11T12:00Z,2026-06-11 14:00,53872.194,59887.666
2026-06-11T13:00Z,2026-06-11 15:00,52803.388,58717.885
2026-06-11T14:00Z,2026-06-11 16:00,53357.666,58320.524
2026-06-11T15:00Z,2026-06-11 17:00,55162.398,58854.136
2026-06-11T16:00Z,2026-06-11 18:00,56898.112,59629.444
2026-06-11T17:00Z,2026-06-11 19:00,57460.471,59467.629
2026-06-11T18:00Z,2026-06-11 20:00,56762.164,57963.106
2026-06-11T19:00Z,2026-06-11 21:00,54970.565,55626.924
2026-06-11T20:00Z,2026-06-11 22:00,53048.364,52760.696
2026-06-11T21:00Z,2026-06-11 23:00,49293.220,49789.428
2026-06-11T22:00Z,2026-06-12 00:00,47232.708,47461.423
2026-06-11T23:00Z,2026-06-12 01:00,44668.757,45739.919
2026-06-12T00:00Z,2026-06-12 02:00,44773.765,44572.828
2026-06-12T01:00Z,2026-06-12 03:00,44639.928,44338.677
2026-06-12T02:00Z,2026-06-12 04:00,45392.370,45483.473
2026-06-12T03:00Z,2026-06-12 05:00,47908.668,48466.235
2026-06-12T04:00Z,2026-06-12 06:00,54136.605,54111.410
2026-06-12T05:00Z,2026-06-12 07:00,58379.583,58754.725
2026-06-12T06:00Z,2026-06-12 08:00,61798.612,61858.832
2026-06-12T07:00Z,2026-06-12 09:00,62408.322,62773.185
2026-06-12T08:00Z,2026-06-12 10:00,63256.442,63086.918
2026-06-12T09:00Z,2026-06-12 11:00,63303.633,62318.138
2026-06-12T10:00Z,2026-06-12 12:00,62666.859,61497.492
2026-06-12T11:00Z,2026-06-12 13:00,61745.255,60197.515
2026-06-12T12:00Z,2026-06-12 14:00,59376.754,58295.667
2026-06-12T13:00Z,2026-06-12 15:00,58998.344,57523.237
2026-06-12T14:00Z,2026-06-12 16:00,58775.554,56998.411
2026-06-12T15:00Z,2026-06-12 17:00,58383.072,57503.581
2026-06-12T16:00Z,2026-06-12 18:00,57851.831,58206.224
2026-06-12T17:00Z,2026-06-12 19:00,56350.164,57972.994
2026-06-12T18:00Z,2026-06-12 20:00,53797.090,56562.324
2026-06-12T19:00Z,2026-06-12 21:00,51583.454,54290.105
2026-06-12T20:00Z,2026-06-12 22:00,49048.588,51509.478
2026-06-12T21:00Z,2026-06-12 23:00,46070.382,48490.958
2026-06-12T22:00Z,2026-06-13 00:00,42978.894,44494.588
2026-06-12T23:00Z,2026-06-13 01:00,41553.304,42433.387
2026-06-13T00:00Z,2026-06-13 02:00,40868.575,41225.974
2026-06-13T01:00Z,2026-06-13 03:00,40310.094,40712.479
2026-06-13T02:00Z,2026-06-13 04:00,40720.771,40804.300
2026-06-13T03:00Z,2026-06-13 05:00,41507.052,41458.451
2026-06-13T04:00Z,2026-06-13 06:00,42354.651,43392.854
2026-06-13T05:00Z,2026-06-13 07:00,44114.956,45635.807
2026-06-13T06:00Z,2026-06-13 08:00,46491.132,48242.627
2026-06-13T07:00Z,2026-06-13 09:00,48239.684,50720.245
2026-06-13T08:00Z,2026-06-13 10:00,48652.539,51786.387
2026-06-13T09:00Z,2026-06-13 11:00,49440.384,51781.617
2026-06-13T10:00Z,2026-06-13 12:00,48928.590,51578.989
2026-06-13T11:00Z,2026-06-13 13:00,46721.631,50562.200
2026-06-13T12:00Z,2026-06-13 14:00,45909.212,49073.401
2026-06-13T13:00Z,2026-06-13 15:00,44671.696,48102.613
2026-06-13T14:00Z,2026-06-13 16:00,44202.486,48517.438
2026-06-13T15:00Z,2026-06-13 17:00,45149.167,48963.675
2026-06-13T16:00Z,2026-06-13 18:00,46377.870,49673.906
2026-06-13T17:00Z,2026-06-13 19:00,47826.754,49890.750
2026-06-13T18:00Z,2026-06-13 20:00,46890.591,49044.774
2026-06-13T19:00Z,2026-06-13 21:00,44466.459,47538.095
2026-06-13T20:00Z,2026-06-13 22:00,43296.727,45599.591
2026-06-13T21:00Z,2026-06-13 23:00,40696.076,43243.351
2026-06-13T22:00Z,2026-06-14 00:00,38356.265,41720.935
2026-06-13T23:00Z,2026-06-14 01:00,36462.359,40000.711
2026-06-14T00:00Z,2026-06-14 02:00,36662.579,39015.208
2026-06-14T01:00Z,2026-06-14 03:00,36142.973,38624.074
2026-06-14T02:00Z,2026-06-14 04:00,35767.330,38651.272
2026-06-14T03:00Z,2026-06-14 05:00,35635.168,39773.422
2026-06-14T04:00Z,2026-06-14 06:00,36456.043,41286.957
2026-06-14T05:00Z,2026-06-14 07:00,38320.867,43377.604
2026-06-14T06:00Z,2026-06-14 08:00,39998.827,46114.024
2026-06-14T07:00Z,2026-06-14 09:00,42756.028,48733.007
2026-06-14T08:00Z,2026-06-14 10:00,43896.405,50561.317
2026-06-14T09:00Z,2026-06-14 11:00,44831.664,51420.695
2026-06-14T10:00Z,2026-06-14 12:00,44925.913,51091.283
2026-06-14T11:00Z,2026-06-14 13:00,43368.689,49789.255
2026-06-14T12:00Z,2026-06-14 14:00,42272.350,48550.286
2026-06-14T13:00Z,2026-06-14 15:00,41962.630,47516.763
2026-06-14T14:00Z,2026-06-14 16:00,41462.395,47445.068
2026-06-14T15:00Z,2026-06-14 17:00,42834.191,48226.220
2026-06-14T16:00Z,2026-06-14 18:00,45073.524,49167.583
2026-06-14T17:00Z,2026-06-14 19:00,45258.234,49950.432
2026-06-14T18:00Z,2026-06-14 20:00,44947.446,49934.652
2026-06-14T19:00Z,2026-06-14 21:00,44824.318,49238.537
2026-06-14T20:00Z,2026-06-14 22:00,44197.237,47704.393
2026-06-14T21:00Z,2026-06-14 23:00,42073.020,45344.300
2026-06-14T22:00Z,2026-06-15 00:00,39880.045,43003.811
2026-06-14T23:00Z,2026-06-15 01:00,39162.109,41623.265
2026-06-15T00:00Z,2026-06-15 02:00,38214.990,41115.278
2026-06-15T01:00Z,2026-06-15 03:00,38787.362,41389.354
2026-06-15T02:00Z,2026-06-15 04:00,40668.024,42664.240
2026-06-15T03:00Z,2026-06-15 05:00,43746.286,46627.541
2026-06-15T04:00Z,2026-06-15 06:00,50933.863,53471.101
2026-06-15T05:00Z,2026-06-15 07:00,55433.720,58543.330
2026-06-15T06:00Z,2026-06-15 08:00,57469.372,62108.516
2026-06-15T07:00Z,2026-06-15 09:00,58503.861,63445.255
2026-06-15T08:00Z,2026-06-15 10:00,59865.761,63866.500
2026-06-15T09:00Z,2026-06-15 11:00,60180.034,63968.661
2026-06-15T10:00Z,2026-06-15 12:00,59245.803,63491.381
2026-06-15T11:00Z,2026-06-15 13:00,59415.231,62997.111
2026-06-15T12:00Z,2026-06-15 14:00,57735.346,61924.549
2026-06-15T13:00Z,2026-06-15 15:00,55612.096,61396.585
2026-06-15T14:00Z,2026-06-15 16:00,55071.541,60923.197
2026-06-15T15:00Z,2026-06-15 17:00,54897.712,61686.909
2026-06-15T16:00Z,2026-06-15 18:00,55387.108,61321.764
2026-06-15T17:00Z,2026-06-15 19:00,56343.231,60344.467
2026-06-15T18:00Z,2026-06-15 20:00,54811.780,58117.980
2026-06-15T19:00Z,2026-06-15 21:00,52368.884,55440.521
2026-06-15T20:00Z,2026-06-15 22:00,50364.427,52385.277
2026-06-15T21:00Z,2026-06-15 23:00,47433.015,49472.464
2026-06-15T22:00Z,2026-06-16 00:00,45680.612,46649.265
2026-06-15T23:00Z,2026-06-16 01:00,44201.424,44738.930
2026-06-16T00:00Z,2026-06-16 02:00,43359.504,44043.818
2026-06-16T01:00Z,2026-06-16 03:00,43732.560,44085.463
2026-06-16T02:00Z,2026-06-16 04:00,44614.489,45117.372
2026-06-16T03:00Z,2026-06-16 05:00,47368.818,47665.866
2026-06-16T04:00Z,2026-06-16 06:00,52984.433,53124.580
2026-06-16T05:00Z,2026-06-16 07:00,56928.804,58007.120
2026-06-16T06:00Z,2026-06-16 08:00,58766.661,61610.244
2026-06-16T07:00Z,2026-06-16 09:00,59880.529,62662.777
2026-06-16T08:00Z,2026-06-16 10:00,60674.775,63259.882
2026-06-16T09:00Z,2026-06-16 11:00,60211.266,63046.590
2026-06-16T10:00Z,2026-06-16 12:00,58651.719,62119.175
2026-06-16T11:00Z,2026-06-16 13:00,57573.979,61681.836
2026-06-16T12:00Z,2026-06-16 14:00,56417.440,60221.366
2026-06-16T13:00Z,2026-06-16 15:00,55369.722,59803.800
2026-06-16T14:00Z,2026-06-16 16:00,54609.104,59371.837
2026-06-16T15:00Z,2026-06-16 17:00,56169.705,59901.519
2026-06-16T16:00Z,2026-06-16 18:00,58018.475,59908.642
2026-06-16T17:00Z,2026-06-16 19:00,58017.122,59044.075
2026-06-16T18:00Z,2026-06-16 20:00,55981.454,57156.566
2026-06-16T19:00Z,2026-06-16 21:00,53473.343,54609.130
2026-06-16T20:00Z,2026-06-16 22:00,51305.898,51407.996
2026-06-16T21:00Z,2026-06-16 23:00,48105.696,48589.518
2026-06-16T22:00Z,2026-06-17 00:00,45578.960,45998.216
2026-06-16T23:00Z,2026-06-17 01:00,44669.728,44314.934
2026-06-17T00:00Z,2026-06-17 02:00,43666.747,43408.324
2026-06-17T01:00Z,2026-06-17 03:00,43868.769,42971.856
2026-06-17T02:00Z,2026-06-17 04:00,44671.592,44120.486
2026-06-17T03:00Z,2026-06-17 05:00,47319.503,46767.652
2026-06-17T04:00Z,2026-06-17 06:00,53842.431,52815.984
2026-06-17T05:00Z,2026-06-17 07:00,58693.066,58072.743
2026-06-17T06:00Z,2026-06-17 08:00,60285.667,61391.707
2026-06-17T07:00Z,2026-06-17 09:00,58706.519,62283.453
2026-06-17T08:00Z,2026-06-17 10:00,58712.602,62617.105
2026-06-17T09:00Z,2026-06-17 11:00,58504.402,62580.874
2026-06-17T10:00Z,2026-06-17 12:00,57791.967,61639.495
2026-06-17T11:00Z,2026-06-17 13:00,57426.427,60738.878
2026-06-17T12:00Z,2026-06-17 14:00,55989.159,59067.560
2026-06-17T13:00Z,2026-06-17 15:00,54945.050,58603.616
2026-06-17T14:00Z,2026-06-17 16:00,56023.111,58015.683
2026-06-17T15:00Z,2026-06-17 17:00,57206.322,58622.574
2026-06-17T16:00Z,2026-06-17 18:00,59655.693,59011.282
2026-06-17T17:00Z,2026-06-17 19:00,60475.575,58634.233
2026-06-17T18:00Z,2026-06-17 20:00,58875.426,57511.561
2026-06-17T19:00Z,2026-06-17 21:00,56115.606,55346.469
2026-06-17T20:00Z,2026-06-17 22:00,53567.558,52199.755
2026-06-17T21:00Z,2026-06-17 23:00,50280.969,48597.729
2026-06-17T22:00Z,2026-06-18 00:00,47474.238,44516.998
2026-06-17T23:00Z,2026-06-18 01:00,45749.368,42801.009
2026-06-18T00:00Z,2026-06-18 02:00,44439.677,41828.633
2026-06-18T01:00Z,2026-06-18 03:00,44566.579,41724.041
2026-06-18T02:00Z,2026-06-18 04:00,45428.167,42437.730
2026-06-18T03:00Z,2026-06-18 05:00,47260.126,44704.167
2026-06-18T04:00Z,2026-06-18 06:00,53859.197,50642.152
2026-06-18T05:00Z,2026-06-18 07:00,58912.794,55597.509
2026-06-18T06:00Z,2026-06-18 08:00,60510.643,58715.872
2026-06-18T07:00Z,2026-06-18 09:00,59410.515,59689.000
2026-06-18T08:00Z,2026-06-18 10:00,58745.637,60245.317
2026-06-18T09:00Z,2026-06-18 11:00,59285.569,60152.181
2026-06-18T10:00Z,2026-06-18 12:00,58933.939,59322.000
2026-06-18T11:00Z,2026-06-18 13:00,59043.799,57945.133
2026-06-18T12:00Z,2026-06-18 14:00,57511.566,56468.613
2026-06-18T13:00Z,2026-06-18 15:00,56558.441,55649.953
2026-06-18T14:00Z,2026-06-18 16:00,55920.648,54574.383
2026-06-18T15:00Z,2026-06-18 17:00,56542.571,54371.322
2026-06-18T16:00Z,2026-06-18 18:00,58773.659,55018.874
2026-06-18T17:00Z,2026-06-18 19:00,59338.426,55625.890
2026-06-18T18:00Z,2026-06-18 20:00,57727.807,54287.110
2026-06-18T19:00Z,2026-06-18 21:00,55851.925,52172.727
2026-06-18T20:00Z,2026-06-18 22:00,53794.893,49240.939
2026-06-18T21:00Z,2026-06-18 23:00,50125.030,45999.796
2026-06-18T22:00Z,2026-06-19 00:00,46851.269,44263.156
2026-06-18T23:00Z,2026-06-19 01:00,44840.723,42644.743
2026-06-19T00:00Z,2026-06-19 02:00,44492.893,41755.853
2026-06-19T01:00Z,2026-06-19 03:00,44925.706,41563.683
2026-06-19T02:00Z,2026-06-19 04:00,46397.824,42547.054
2026-06-19T03:00Z,2026-06-19 05:00,48750.286,44946.654
2026-06-19T04:00Z,2026-06-19 06:00,54813.831,50593.429
2026-06-19T05:00Z,2026-06-19 07:00,59208.183,55068.719
2026-06-19T06:00Z,2026-06-19 08:00,61563.807,57819.912
2026-06-19T07:00Z,2026-06-19 09:00,61106.621,58780.886
2026-06-19T08:00Z,2026-06-19 10:00,61080.282,59308.786
2026-06-19T09:00Z,2026-06-19 11:00,60520.547,58537.842
2026-06-19T10:00Z,2026-06-19 12:00,60437.040,57586.002
2026-06-19T11:00Z,2026-06-19 13:00,58643.550,55928.696
2026-06-19T12:00Z,2026-06-19 14:00,57874.989,54256.681
2026-06-19T13:00Z,2026-06-19 15:00,56000.192,53727.432
2026-06-19T14:00Z,2026-06-19 16:00,55334.955,52646.292
2026-06-19T15:00Z,2026-06-19 17:00,56845.679,53373.411
2026-06-19T16:00Z,2026-06-19 18:00,58508.298,54551.038
2026-06-19T17:00Z,2026-06-19 19:00,57824.863,54318.850
2026-06-19T18:00Z,2026-06-19 20:00,55402.698,52487.324
2026-06-19T19:00Z,2026-06-19 21:00,52563.670,50217.683
2026-06-19T20:00Z,2026-06-19 22:00,50972.787,47199.761
2026-06-19T21:00Z,2026-06-19 23:00,48475.492,44168.033
2026-06-19T22:00Z,2026-06-20 00:00,46331.706,42480.644
2026-06-19T23:00Z,2026-06-20 01:00,45769.009,40665.366
2026-06-20T00:00Z,2026-06-20 02:00,44106.872,39594.959
2026-06-20T01:00Z,2026-06-20 03:00,43890.334,39117.195
2026-06-20T02:00Z,2026-06-20 04:00,41193.889,39175.451
2026-06-20T03:00Z,2026-06-20 05:00,41134.343,39722.399
2026-06-20T04:00Z,2026-06-20 06:00,44329.317,41941.362
2026-06-20T05:00Z,2026-06-20 07:00,45195.260,44831.365
2026-06-20T06:00Z,2026-06-20 08:00,48306.916,47849.907
2026-06-20T07:00Z,2026-06-20 09:00,50359.933,50076.333
2026-06-20T08:00Z,2026-06-20 10:00,50762.042,50987.467
2026-06-20T09:00Z,2026-06-20 11:00,50386.027,50696.314
2026-06-20T10:00Z,2026-06-20 12:00,49060.432,49661.155
2026-06-20T11:00Z,2026-06-20 13:00,47842.246,48430.959
2026-06-20T12:00Z,2026-06-20 14:00,45571.990,47301.245
2026-06-20T13:00Z,2026-06-20 15:00,44994.811,46611.042
2026-06-20T14:00Z,2026-06-20 16:00,46011.687,46776.400
2026-06-20T15:00Z,2026-06-20 17:00,46935.519,47125.576
2026-06-20T16:00Z,2026-06-20 18:00,48735.566,48017.753
2026-06-20T17:00Z,2026-06-20 19:00,50513.415,48337.759
2026-06-20T18:00Z,2026-06-20 20:00,49738.379,47616.463
2026-06-20T19:00Z,2026-06-20 21:00,47624.126,46047.093
2026-06-20T20:00Z,2026-06-20 22:00,46478.230,44406.128
2026-06-20T21:00Z,2026-06-20 23:00,44199.428,42071.292
2026-06-20T22:00Z,2026-06-21 00:00,43144.430,40536.428
2026-06-20T23:00Z,2026-06-21 01:00,41479.141,38884.605
2026-06-21T00:00Z,2026-06-21 02:00,39833.290,37928.942
2026-06-21T01:00Z,2026-06-21 03:00,39157.974,37379.555
2026-06-21T02:00Z,2026-06-21 04:00,37936.662,37341.974
2026-06-21T03:00Z,2026-06-21 05:00,38632.039,37060.955
2026-06-21T04:00Z,2026-06-21 06:00,39645.547,38760.438
2026-06-21T05:00Z,2026-06-21 07:00,39652.965,41211.181
2026-06-21T06:00Z,2026-06-21 08:00,42253.980,43997.481
2026-06-21T07:00Z,2026-06-21 09:00,45913.422,46417.271
2026-06-21T08:00Z,2026-06-21 10:00,46270.514,47636.027
2026-06-21T09:00Z,2026-06-21 11:00,46932.368,48132.748
2026-06-21T10:00Z,2026-06-21 12:00,45863.347,47630.571
2026-06-21T11:00Z,2026-06-21 13:00,44148.436,46666.194
2026-06-21T12:00Z,2026-06-21 14:00,42947.981,45965.557
2026-06-21T13:00Z,2026-06-21 15:00,42122.569,45522.636
2026-06-21T14:00Z,2026-06-21 16:00,42928.414,45654.537
2026-06-21T15:00Z,2026-06-21 17:00,45375.066,46702.285
2026-06-21T16:00Z,2026-06-21 18:00,48137.877,48219.013
2026-06-21T17:00Z,2026-06-21 19:00,50003.377,49147.031
2026-06-21T18:00Z,2026-06-21 20:00,49722.312,48509.822
2026-06-21T19:00Z,2026-06-21 21:00,49304.631,47489.685
2026-06-21T20:00Z,2026-06-21 22:00,49233.925,45956.685
2026-06-21T21:00Z,2026-06-21 23:00,46971.449,43513.263
2026-06-21T22:00Z,2026-06-22 00:00,45094.126,41559.340
2026-06-21T23:00Z,2026-06-22 01:00,43514.007,40498.610
2026-06-22T00:00Z,2026-06-22 02:00,42994.317,40111.774
2026-06-22T01:00Z,2026-06-22 03:00,43969.059,40479.948
2026-06-22T02:00Z,2026-06-22 04:00,44611.724,41585.453
2026-06-22T03:00Z,2026-06-22 05:00,46962.428,45374.765
2026-06-22T04:00Z,2026-06-22 06:00,53530.861,52711.135
2026-06-22T05:00Z,2026-06-22 07:00,58914.213,57651.633
2026-06-22T06:00Z,2026-06-22 08:00,61928.572,60817.376
2026-06-22T07:00Z,2026-06-22 09:00,61430.181,61780.846
2026-06-22T08:00Z,2026-06-22 10:00,60760.416,61358.790
2026-06-22T09:00Z,2026-06-22 11:00,60312.727,61515.459
2026-06-22T10:00Z,2026-06-22 12:00,60183.151,61192.001
2026-06-22T11:00Z,2026-06-22 13:00,59464.489,60165.833
2026-06-22T12:00Z,2026-06-22 14:00,58266.800,59388.049
2026-06-22T13:00Z,2026-06-22 15:00,57183.799,58667.974
2026-06-22T14:00Z,2026-06-22 16:00,57235.756,58100.917
2026-06-22T15:00Z,2026-06-22 17:00,58653.618,58208.055
2026-06-22T16:00Z,2026-06-22 18:00,59819.330,59214.484
2026-06-22T17:00Z,2026-06-22 19:00,59955.202,59320.139
2026-06-22T18:00Z,2026-06-22 20:00,58536.697,57856.310
2026-06-22T19:00Z,2026-06-22 21:00,56346.537,55909.750
2026-06-22T20:00Z,2026-06-22 22:00,54334.009,53252.847
2026-06-22T21:00Z,2026-06-22 23:00,50843.305,50064.376
2026-06-22T22:00Z,2026-06-23 00:00,49049.139,47074.990
2026-06-22T23:00Z,2026-06-23 01:00,47439.351,45407.124
2026-06-23T00:00Z,2026-06-23 02:00,46590.621,44571.884
2026-06-23T01:00Z,2026-06-23 03:00,46300.146,44529.899
2026-06-23T02:00Z,2026-06-23 04:00,47292.621,45444.297
2026-06-23T03:00Z,2026-06-23 05:00,49473.905,47859.744
2026-06-23T04:00Z,2026-06-23 06:00,55015.259,53490.519
2026-06-23T05:00Z,2026-06-23 07:00,60562.129,57782.032
2026-06-23T06:00Z,2026-06-23 08:00,63296.966,60720.168
2026-06-23T07:00Z,2026-06-23 09:00,61916.446,61698.091
2026-06-23T08:00Z,2026-06-23 10:00,61469.641,61843.943
2026-06-23T09:00Z,2026-06-23 11:00,61315.278,61424.883
2026-06-23T10:00Z,2026-06-23 12:00,60198.097,60387.010
2026-06-23T11:00Z,2026-06-23 13:00,59934.627,59399.409
2026-06-23T12:00Z,2026-06-23 14:00,58714.946,58422.631
2026-06-23T13:00Z,2026-06-23 15:00,57715.157,57569.239
2026-06-23T14:00Z,2026-06-23 16:00,57357.618,57289.248
2026-06-23T15:00Z,2026-06-23 17:00,58531.096,57717.870
2026-06-23T16:00Z,2026-06-23 18:00,60179.016,59089.980
2026-06-23T17:00Z,2026-06-23 19:00,60441.848,59235.225
2026-06-23T18:00Z,2026-06-23 20:00,58240.313,57820.487
2026-06-23T19:00Z,2026-06-23 21:00,55955.700,55759.047
2026-06-23T20:00Z,2026-06-23 22:00,54136.817,52887.585
2026-06-23T21:00Z,2026-06-23 23:00,51422.076,49640.749
2026-06-23T22:00Z,2026-06-24 00:00,48649.025,46297.923
2026-06-23T23:00Z,2026-06-24 01:00,47276.714,44558.816
2026-06-24T00:00Z,2026-06-24 02:00,46705.562,43557.319
2026-06-24T01:00Z,2026-06-24 03:00,46465.386,43484.817
2026-06-24T02:00Z,2026-06-24 04:00,46952.240,44661.065
2026-06-24T03:00Z,2026-06-24 05:00,49127.807,47412.539
2026-06-24T04:00Z,2026-06-24 06:00,55203.677,53403.714
2026-06-24T05:00Z,2026-06-24 07:00,60321.436,58106.067
2026-06-24T06:00Z,2026-06-24 08:00,62840.328,60973.048
2026-06-24T07:00Z,2026-06-24 09:00,62635.394,61945.334
2026-06-24T08:00Z,2026-06-24 10:00,61733.263,61724.237
2026-06-24T09:00Z,2026-06-24 11:00,61135.376,61299.447
2026-06-24T10:00Z,2026-06-24 12:00,60391.529,60070.978
2026-06-24T11:00Z,2026-06-24 13:00,60454.477,58733.679
2026-06-24T12:00Z,2026-06-24 14:00,60347.695,57730.500
2026-06-24T13:00Z,2026-06-24 15:00,59165.599,56831.281
2026-06-24T14:00Z,2026-06-24 16:00,59728.574,56695.668
2026-06-24T15:00Z,2026-06-24 17:00,59799.455,57158.596
2026-06-24T16:00Z,2026-06-24 18:00,61101.501,58270.831
2026-06-24T17:00Z,2026-06-24 19:00,61984.237,58877.164
2026-06-24T18:00Z,2026-06-24 20:00,60472.458,57989.948
2026-06-24T19:00Z,2026-06-24 21:00,58673.702,55725.241
2026-06-24T20:00Z,2026-06-24 22:00,56672.369,52745.325
2026-06-24T21:00Z,2026-06-24 23:00,53120.405,49271.416
2026-06-24T22:00Z,2026-06-25 00:00,51054.964,45642.363
2026-06-24T23:00Z,2026-06-25 01:00,49252.286,44052.740
2026-06-25T00:00Z,2026-06-25 02:00,47982.270,43084.654
2026-06-25T01:00Z,2026-06-25 03:00,47820.926,42969.520
2026-06-25T02:00Z,2026-06-25 04:00,48846.527,43818.472
2026-06-25T03:00Z,2026-06-25 05:00,50966.926,46215.009
2026-06-25T04:00Z,2026-06-25 06:00,57166.984,52175.574
2026-06-25T05:00Z,2026-06-25 07:00,62421.042,57171.758
2026-06-25T06:00Z,2026-06-25 08:00,65239.691,60278.656
2026-06-25T07:00Z,2026-06-25 09:00,64437.901,60935.774
2026-06-25T08:00Z,2026-06-25 10:00,64702.406,61093.231
2026-06-25T09:00Z,2026-06-25 11:00,64339.556,60941.376
2026-06-25T10:00Z,2026-06-25 12:00,63306.365,59830.177
2026-06-25T11:00Z,2026-06-25 13:00,62727.454,58445.169
2026-06-25T12:00Z,2026-06-25 14:00,60900.553,56998.889
2026-06-25T13:00Z,2026-06-25 15:00,59541.052,56495.139
2026-06-25T14:00Z,2026-06-25 16:00,59788.971,55985.720
2026-06-25T15:00Z,2026-06-25 17:00,60708.974,56855.781
2026-06-25T16:00Z,2026-06-25 18:00,62271.881,57701.596
2026-06-25T17:00Z,2026-06-25 19:00,62826.822,57926.372
2026-06-25T18:00Z,2026-06-25 20:00,60863.764,56399.446
2026-06-25T19:00Z,2026-06-25 21:00,58718.466,54028.244
2026-06-25T20:00Z,2026-06-25 22:00,56533.022,51213.041
2026-06-25T21:00Z,2026-06-25 23:00,53572.760,47823.787
2026-06-25T22:00Z,2026-06-26 00:00,51563.986,46541.999
2026-06-25T23:00Z,2026-06-26 01:00,49654.624,44917.257
2026-06-26T00:00Z,2026-06-26 02:00,48284.651,44210.949
2026-06-26T01:00Z,2026-06-26 03:00,48846.834,44116.043
2026-06-26T02:00Z,2026-06-26 04:00,49421.172,44921.126
2026-06-26T03:00Z,2026-06-26 05:00,51328.195,47420.437
2026-06-26T04:00Z,2026-06-26 06:00,56986.506,53216.216
2026-06-26T05:00Z,2026-06-26 07:00,62108.312,58139.453
2026-06-26T06:00Z,2026-06-26 08:00,64860.452,61172.299
2026-06-26T07:00Z,2026-06-26 09:00,65528.470,61655.293
2026-06-26T08:00Z,2026-06-26 10:00,64074.950,61454.416
2026-06-26T09:00Z,2026-06-26 11:00,62522.359,60507.957
2026-06-26T10:00Z,2026-06-26 12:00,61955.430,59011.928
2026-06-26T11:00Z,2026-06-26 13:00,60175.659,57235.210
2026-06-26T12:00Z,2026-06-26 14:00,57793.749,55812.337
2026-06-26T13:00Z,2026-06-26 15:00,56091.393,55160.326
2026-06-26T14:00Z,2026-06-26 16:00,56597.775,54003.078
2026-06-26T15:00Z,2026-06-26 17:00,58465.886,54252.780
2026-06-26T16:00Z,2026-06-26 18:00,60111.211,55820.105
2026-06-26T17:00Z,2026-06-26 19:00,60500.763,56030.411
2026-06-26T18:00Z,2026-06-26 20:00,58995.306,54566.595
2026-06-26T19:00Z,2026-06-26 21:00,58070.752,52342.175
2026-06-26T20:00Z,2026-06-26 22:00,56124.387,49608.665
2026-06-26T21:00Z,2026-06-26 23:00,52979.818,46411.560
2026-06-26T22:00Z,2026-06-27 00:00,49541.579,44548.692
2026-06-26T23:00Z,2026-06-27 01:00,47875.882,42595.671
2026-06-27T00:00Z,2026-06-27 02:00,46114.034,41295.537
2026-06-27T01:00Z,2026-06-27 03:00,45513.117,40622.374
2026-06-27T02:00Z,2026-06-27 04:00,44823.189,40350.577
2026-06-27T03:00Z,2026-06-27 05:00,44588.014,40674.327
2026-06-27T04:00Z,2026-06-27 06:00,46771.918,42924.078
2026-06-27T05:00Z,2026-06-27 07:00,48715.383,45567.806
2026-06-27T06:00Z,2026-06-27 08:00,50104.872,48471.330
2026-06-27T07:00Z,2026-06-27 09:00,51581.926,50649.956
2026-06-27T08:00Z,2026-06-27 10:00,52447.592,51383.245
2026-06-27T09:00Z,2026-06-27 11:00,52927.925,50999.813
2026-06-27T10:00Z,2026-06-27 12:00,51781.565,50108.468
2026-06-27T11:00Z,2026-06-27 13:00,50664.872,48823.687
2026-06-27T12:00Z,2026-06-27 14:00,48802.984,47475.101
2026-06-27T13:00Z,2026-06-27 15:00,48724.367,46871.891
2026-06-27T14:00Z,2026-06-27 16:00,50187.223,47565.149
2026-06-27T15:00Z,2026-06-27 17:00,51488.869,47857.165
2026-06-27T16:00Z,2026-06-27 18:00,53485.316,48945.361
2026-06-27T17:00Z,2026-06-27 19:00,53749.941,50065.437
2026-06-27T18:00Z,2026-06-27 20:00,52883.451,49255.165
2026-06-27T19:00Z,2026-06-27 21:00,51376.516,47690.622
2026-06-27T20:00Z,2026-06-27 22:00,50437.291,46047.818
2026-06-27T21:00Z,2026-06-27 23:00,48856.688,43567.961
2026-06-27T22:00Z,2026-06-28 00:00,46026.690,42039.000
2026-06-27T23:00Z,2026-06-28 01:00,45066.058,40049.681
2026-06-28T00:00Z,2026-06-28 02:00,42850.368,38814.759
2026-06-28T01:00Z,2026-06-28 03:00,42808.102,38335.076
2026-06-28T02:00Z,2026-06-28 04:00,41319.378,38336.996
2026-06-28T03:00Z,2026-06-28 05:00,42642.882,38998.487
2026-06-28T04:00Z,2026-06-28 06:00,42799.742,41227.279
2026-06-28T05:00Z,2026-06-28 07:00,44803.828,43813.401
2026-06-28T06:00Z,2026-06-28 08:00,45214.409,46430.916
2026-06-28T07:00Z,2026-06-28 09:00,46934.309,48548.192
2026-06-28T08:00Z,2026-06-28 10:00,48066.576,49927.724
2026-06-28T09:00Z,2026-06-28 11:00,48901.667,50721.404
2026-06-28T10:00Z,2026-06-28 12:00,48653.840,50232.826
2026-06-28T11:00Z,2026-06-28 13:00,47630.034,49257.806
2026-06-28T12:00Z,2026-06-28 14:00,45994.791,47987.636
2026-06-28T13:00Z,2026-06-28 15:00,45916.008,47128.709
2026-06-28T14:00Z,2026-06-28 16:00,46957.354,47199.168
2026-06-28T15:00Z,2026-06-28 17:00,49988.584,48501.352
2026-06-28T16:00Z,2026-06-28 18:00,52523.748,50755.022
2026-06-28T17:00Z,2026-06-28 19:00,53685.147,52037.498
2026-06-28T18:00Z,2026-06-28 20:00,53511.863,51556.124
2026-06-28T19:00Z,2026-06-28 21:00,52408.178,50097.047
2026-06-28T20:00Z,2026-06-28 22:00,51497.758,48346.618
2026-06-28T21:00Z,2026-06-28 23:00,49009.299,46099.874
2026-06-28T22:00Z,2026-06-29 00:00,47290.804,43951.086
2026-06-28T23:00Z,2026-06-29 01:00,45905.550,42664.885
2026-06-29T00:00Z,2026-06-29 02:00,44905.428,42043.223
2026-06-29T01:00Z,2026-06-29 03:00,45313.501,42318.646
2026-06-29T02:00Z,2026-06-29 04:00,45243.148,43492.251
2026-06-29T03:00Z,2026-06-29 05:00,48439.101,46974.263
2026-06-29T04:00Z,2026-06-29 06:00,55323.308,53690.348
2026-06-29T05:00Z,2026-06-29 07:00,60514.549,58898.079
2026-06-29T06:00Z,2026-06-29 08:00,64134.128,62047.549
2026-06-29T07:00Z,2026-06-29 09:00,66524.965,62850.490
2026-06-29T08:00Z,2026-06-29 10:00,67516.466,62148.596
2026-06-29T09:00Z,2026-06-29 11:00,66512.776,62235.985
2026-06-29T10:00Z,2026-06-29 12:00,64755.856,62019.231
2026-06-29T11:00Z,2026-06-29 13:00,63125.285,61216.266
2026-06-29T12:00Z,2026-06-29 14:00,61399.643,60163.340
2026-06-29T13:00Z,2026-06-29 15:00,59619.557,59015.274
2026-06-29T14:00Z,2026-06-29 16:00,59255.795,58537.894
2026-06-29T15:00Z,2026-06-29 17:00,60164.800,59034.460
2026-06-29T16:00Z,2026-06-29 18:00,60534.006,60501.298
2026-06-29T17:00Z,2026-06-29 19:00,60558.550,61047.263
2026-06-29T18:00Z,2026-06-29 20:00,58573.620,59723.283
2026-06-29T19:00Z,2026-06-29 21:00,56400.111,57653.893
2026-06-29T20:00Z,2026-06-29 22:00,54666.921,54793.223
2026-06-29T21:00Z,2026-06-29 23:00,51693.424,51604.681
2026-06-29T22:00Z,2026-06-30 00:00,49821.742,48561.941
2026-06-29T23:00Z,2026-06-30 01:00,48168.729,46730.474
2026-06-30T00:00Z,2026-06-30 02:00,46555.640,45596.591
2026-06-30T01:00Z,2026-06-30 03:00,46372.136,45511.186
2026-06-30T02:00Z,2026-06-30 04:00,47083.973,46520.985
2026-06-30T03:00Z,2026-06-30 05:00,49093.279,49081.760
2026-06-30T04:00Z,2026-06-30 06:00,54798.099,55091.639
2026-06-30T05:00Z,2026-06-30 07:00,58662.938,59873.374
2026-06-30T06:00Z,2026-06-30 08:00,61605.283,62232.435
2026-06-30T07:00Z,2026-06-30 09:00,61586.922,62826.653
2026-06-30T08:00Z,2026-06-30 10:00,61231.799,62925.320
2026-06-30T09:00Z,2026-06-30 11:00,61058.824,62649.399
2026-06-30T10:00Z,2026-06-30 12:00,60337.205,62093.280
2026-06-30T11:00Z,2026-06-30 13:00,59746.200,61568.079
2026-06-30T12:00Z,2026-06-30 14:00,58622.965,60102.710
2026-06-30T13:00Z,2026-06-30 15:00,59181.515,58858.667
2026-06-30T14:00Z,2026-06-30 16:00,59416.858,58599.358
2026-06-30T15:00Z,2026-06-30 17:00,60148.817,59209.689
2026-06-30T16:00Z,2026-06-30 18:00,60637.138,60563.216
2026-06-30T17:00Z,2026-06-30 19:00,60392.499,60512.520
2026-06-30T18:00Z,2026-06-30 20:00,58402.970,59118.508
2026-06-30T19:00Z,2026-06-30 21:00,55819.003,57157.368
2026-06-30T20:00Z,2026-06-30 22:00,54040.566,54288.928
2026-06-30T21:00Z,2026-06-30 23:00,51244.469,50827.754
2026-06-30T22:00Z,2026-07-01 00:00,48869.415,47773.660
2026-06-30T23:00Z,2026-07-01 01:00,47270.590,46088.510
2026-07-01T00:00Z,2026-07-01 02:00,46425.721,45068.810
2026-07-01T01:00Z,2026-07-01 03:00,45748.928,44930.958
2026-07-01T02:00Z,2026-07-01 04:00,46462.736,46069.585
2026-07-01T03:00Z,2026-07-01 05:00,49210.667,48548.315
2026-07-01T04:00Z,2026-07-01 06:00,54485.755,54314.866
2026-07-01T05:00Z,2026-07-01 07:00,59687.850,59203.900
2026-07-01T06:00Z,2026-07-01 08:00,63111.648,61810.234
2026-07-01T07:00Z,2026-07-01 09:00,63505.895,62510.148
2026-07-01T08:00Z,2026-07-01 10:00,62956.304,62219.283
2026-07-01T09:00Z,2026-07-01 11:00,62508.075,61799.282
2026-07-01T10:00Z,2026-07-01 12:00,61601.141,60975.609
2026-07-01T11:00Z,2026-07-01 13:00,60395.048,59787.933
2026-07-01T12:00Z,2026-07-01 14:00,58928.789,58472.631
2026-07-01T13:00Z,2026-07-01 15:00,57741.433,57288.370
2026-07-01T14:00Z,2026-07-01 16:00,57087.964,57679.651
2026-07-01T15:00Z,2026-07-01 17:00,57602.004,58345.996
2026-07-01T16:00Z,2026-07-01 18:00,59993.019,59092.212
2026-07-01T17:00Z,2026-07-01 19:00,59634.520,59759.249
2026-07-01T18:00Z,2026-07-01 20:00,57369.564,58767.100
2026-07-01T19:00Z,2026-07-01 21:00,55442.529,56436.864
2026-07-01T20:00Z,2026-07-01 22:00,52811.674,53761.674
2026-07-01T21:00Z,2026-07-01 23:00,50087.905,50236.878
2026-07-01T22:00Z,2026-07-02 00:00,47091.674,46127.323
2026-07-01T23:00Z,2026-07-02 01:00,45916.493,44302.824
2026-07-02T00:00Z,2026-07-02 02:00,44925.423,43356.941
2026-07-02T01:00Z,2026-07-02 03:00,45667.258,43052.053
2026-07-02T02:00Z,2026-07-02 04:00,47251.721,43923.912
2026-07-02T03:00Z,2026-07-02 05:00,50218.507,46472.869
2026-07-02T04:00Z,2026-07-02 06:00,56231.812,52388.614
2026-07-02T05:00Z,2026-07-02 07:00,60424.041,57459.853
2026-07-02T06:00Z,2026-07-02 08:00,61573.883,60980.988
2026-07-02T07:00Z,2026-07-02 09:00,59463.153,62120.711
2026-07-02T08:00Z,2026-07-02 10:00,59585.968,62684.831
2026-07-02T09:00Z,2026-07-02 11:00,61038.711,62395.890
2026-07-02T10:00Z,2026-07-02 12:00,59651.290,61465.240
2026-07-02T11:00Z,2026-07-02 13:00,59241.543,60246.521
2026-07-02T12:00Z,2026-07-02 14:00,58243.268,58532.469
2026-07-02T13:00Z,2026-07-02 15:00,58204.494,57721.014
2026-07-02T14:00Z,2026-07-02 16:00,57257.004,56925.857
2026-07-02T15:00Z,2026-07-02 17:00,58063.222,57309.001
2026-07-02T16:00Z,2026-07-02 18:00,59318.894,58360.157
2026-07-02T17:00Z,2026-07-02 19:00,57783.859,58947.564
2026-07-02T18:00Z,2026-07-02 20:00,55894.688,57458.921
2026-07-02T19:00Z,2026-07-02 21:00,53332.342,55210.309
2026-07-02T20:00Z,2026-07-02 22:00,51676.846,52371.523
2026-07-02T21:00Z,2026-07-02 23:00,47322.917,49002.865
2026-07-02T22:00Z,2026-07-03 00:00,44742.851,47143.663
2026-07-02T23:00Z,2026-07-03 01:00,43369.456,45386.490
2026-07-03T00:00Z,2026-07-03 02:00,42773.983,44633.909
2026-07-03T01:00Z,2026-07-03 03:00,42647.504,44331.133
2026-07-03T02:00Z,2026-07-03 04:00,43233.457,45419.265
2026-07-03T03:00Z,2026-07-03 05:00,45546.308,47761.264
2026-07-03T04:00Z,2026-07-03 06:00,51661.160,53242.685
2026-07-03T05:00Z,2026-07-03 07:00,55993.001,57774.793
2026-07-03T06:00Z,2026-07-03 08:00,58444.571,60676.272
2026-07-03T07:00Z,2026-07-03 09:00,57693.608,61249.641
2026-07-03T08:00Z,2026-07-03 10:00,58270.611,61723.814
2026-07-03T09:00Z,2026-07-03 11:00,58198.908,60740.408
2026-07-03T10:00Z,2026-07-03 12:00,56651.552,59338.372
2026-07-03T11:00Z,2026-07-03 13:00,55747.637,57749.678
2026-07-03T12:00Z,2026-07-03 14:00,54274.401,56713.915
2026-07-03T13:00Z,2026-07-03 15:00,53164.427,56142.460
2026-07-03T14:00Z,2026-07-03 16:00,53175.724,56174.940
2026-07-03T15:00Z,2026-07-03 17:00,52644.199,56773.908
2026-07-03T16:00Z,2026-07-03 18:00,53967.568,56851.616
2026-07-03T17:00Z,2026-07-03 19:00,53967.329,56789.282
2026-07-03T18:00Z,2026-07-03 20:00,52207.914,55289.739
2026-07-03T19:00Z,2026-07-03 21:00,49506.336,52968.178
2026-07-03T20:00Z,2026-07-03 22:00,48266.751,50365.779
2026-07-03T21:00Z,2026-07-03 23:00,45772.374,47373.284
2026-07-03T22:00Z,2026-07-04 00:00,43749.203,43823.634
2026-07-03T23:00Z,2026-07-04 01:00,42661.417,41861.098
2026-07-04T00:00Z,2026-07-04 02:00,41718.445,40536.101
2026-07-04T01:00Z,2026-07-04 03:00,41365.419,39937.053
2026-07-04T02:00Z,2026-07-04 04:00,41766.803,39883.160
2026-07-04T03:00Z,2026-07-04 05:00,41243.059,40790.615
2026-07-04T04:00Z,2026-07-04 06:00,43830.236,43321.410
2026-07-04T05:00Z,2026-07-04 07:00,45115.022,45996.610
2026-07-04T06:00Z,2026-07-04 08:00,47016.885,48899.561
2026-07-04T07:00Z,2026-07-04 09:00,47102.266,50864.078
2026-07-04T08:00Z,2026-07-04 10:00,48912.029,51569.951
2026-07-04T09:00Z,2026-07-04 11:00,49394.419,51355.824
2026-07-04T10:00Z,2026-07-04 12:00,49748.020,50406.923
2026-07-04T11:00Z,2026-07-04 13:00,48165.880,49367.879
2026-07-04T12:00Z,2026-07-04 14:00,46631.791,47861.884
2026-07-04T13:00Z,2026-07-04 15:00,46211.771,47341.648
2026-07-04T14:00Z,2026-07-04 16:00,45850.849,47936.566
2026-07-04T15:00Z,2026-07-04 17:00,45968.453,48251.165
2026-07-04T16:00Z,2026-07-04 18:00,47910.909,49676.275
2026-07-04T17:00Z,2026-07-04 19:00,48014.073,50228.485
2026-07-04T18:00Z,2026-07-04 20:00,46677.257,49287.288
2026-07-04T19:00Z,2026-07-04 21:00,44600.857,47461.343
2026-07-04T20:00Z,2026-07-04 22:00,44101.829,45630.376
2026-07-04T21:00Z,2026-07-04 23:00,42436.276,43452.682
2026-07-04T22:00Z,2026-07-05 00:00,40503.927,43282.844
2026-07-04T23:00Z,2026-07-05 01:00,39239.866,41599.393
2026-07-05T00:00Z,2026-07-05 02:00,37389.166,40283.280
2026-07-05T01:00Z,2026-07-05 03:00,36417.413,39843.437
2026-07-05T02:00Z,2026-07-05 04:00,36593.091,39572.871
2026-07-05T03:00Z,2026-07-05 05:00,36213.617,40320.592
2026-07-05T04:00Z,2026-07-05 06:00,37259.589,42509.984
2026-07-05T05:00Z,2026-07-05 07:00,40043.736,44780.599
2026-07-05T06:00Z,2026-07-05 08:00,42737.082,46616.639
2026-07-05T07:00Z,2026-07-05 09:00,43956.156,48416.128
2026-07-05T08:00Z,2026-07-05 10:00,44787.551,49103.159
2026-07-05T09:00Z,2026-07-05 11:00,46011.021,50202.776
2026-07-05T10:00Z,2026-07-05 12:00,45010.246,49909.173
2026-07-05T11:00Z,2026-07-05 13:00,44328.931,49440.409
2026-07-05T12:00Z,2026-07-05 14:00,43488.251,48843.015
2026-07-05T13:00Z,2026-07-05 15:00,42042.826,47798.367
2026-07-05T14:00Z,2026-07-05 16:00,43233.238,48067.254
2026-07-05T15:00Z,2026-07-05 17:00,44321.721,49525.279
2026-07-05T16:00Z,2026-07-05 18:00,45525.527,51661.153
2026-07-05T17:00Z,2026-07-05 19:00,46486.711,52877.831
2026-07-05T18:00Z,2026-07-05 20:00,45965.934,52190.857
2026-07-05T19:00Z,2026-07-05 21:00,45559.442,50758.427
2026-07-05T20:00Z,2026-07-05 22:00,46611.974,49015.693
2026-07-05T21:00Z,2026-07-05 23:00,44764.159,46775.055
2026-07-05T22:00Z,2026-07-06 00:00,43454.242,43643.353
2026-07-05T23:00Z,2026-07-06 01:00,42274.424,42163.134
2026-07-06T00:00Z,2026-07-06 02:00,41518.690,41128.338
2026-07-06T01:00Z,2026-07-06 03:00,41049.080,40941.450
2026-07-06T02:00Z,2026-07-06 04:00,42982.867,42158.611
2026-07-06T03:00Z,2026-07-06 05:00,46052.054,45104.442
2026-07-06T04:00Z,2026-07-06 06:00,52459.459,51856.773
2026-07-06T05:00Z,2026-07-06 07:00,56931.339,57668.882
2026-07-06T06:00Z,2026-07-06 08:00,59450.423,61073.903
2026-07-06T07:00Z,2026-07-06 09:00,61941.511,62622.649
2026-07-06T08:00Z,2026-07-06 10:00,62342.976,63220.117
2026-07-06T09:00Z,2026-07-06 11:00,62077.069,63578.710
2026-07-06T10:00Z,2026-07-06 12:00,60254.511,62862.182
2026-07-06T11:00Z,2026-07-06 13:00,59885.738,61677.015
2026-07-06T12:00Z,2026-07-06 14:00,58846.978,60433.997
2026-07-06T13:00Z,2026-07-06 15:00,58404.491,59409.414
2026-07-06T14:00Z,2026-07-06 16:00,58611.321,58696.666
2026-07-06T15:00Z,2026-07-06 17:00,57590.205,59085.340
2026-07-06T16:00Z,2026-07-06 18:00,58465.162,59457.892
2026-07-06T17:00Z,2026-07-06 19:00,58538.669,59320.679
2026-07-06T18:00Z,2026-07-06 20:00,56816.445,57686.998
2026-07-06T19:00Z,2026-07-06 21:00,53446.537,55423.979
2026-07-06T20:00Z,2026-07-06 22:00,51406.480,52684.291
2026-07-06T21:00Z,2026-07-06 23:00,47707.072,49389.193
2026-07-06T22:00Z,2026-07-07 00:00,44579.092,47673.316
2026-07-06T23:00Z,2026-07-07 01:00,43764.247,45808.171
2026-07-07T00:00Z,2026-07-07 02:00,42690.133,44698.284
2026-07-07T01:00Z,2026-07-07 03:00,43438.661,44401.831
2026-07-07T02:00Z,2026-07-07 04:00,43912.731,45192.942
2026-07-07T03:00Z,2026-07-07 05:00,46322.134,47459.294
2026-07-07T04:00Z,2026-07-07 06:00,51447.177,53120.392
2026-07-07T05:00Z,2026-07-07 07:00,56022.778,58020.111
2026-07-07T06:00Z,2026-07-07 08:00,59411.886,60933.399
2026-07-07T07:00Z,2026-07-07 09:00,60759.753,61976.643
2026-07-07T08:00Z,2026-07-07 10:00,62166.738,62371.535
2026-07-07T09:00Z,2026-07-07 11:00,62335.142,61868.894
2026-07-07T10:00Z,2026-07-07 12:00,62858.675,60854.732
2026-07-07T11:00Z,2026-07-07 13:00,61975.085,59960.116
2026-07-07T12:00Z,2026-07-07 14:00,61223.430,58376.332
2026-07-07T13:00Z,2026-07-07 15:00,60753.379,57801.056
2026-07-07T14:00Z,2026-07-07 16:00,59786.020,57903.678
2026-07-07T15:00Z,2026-07-07 17:00,58916.817,58636.681
2026-07-07T16:00Z,2026-07-07 18:00,59397.841,59366.891
2026-07-07T17:00Z,2026-07-07 19:00,58216.172,59395.778
2026-07-07T18:00Z,2026-07-07 20:00,54870.045,57822.013
2026-07-07T19:00Z,2026-07-07 21:00,52950.901,55754.167
2026-07-07T20:00Z,2026-07-07 22:00,50026.341,52631.434
2026-07-07T21:00Z,2026-07-07 23:00,47448.740,49556.422
2026-07-07T22:00Z,2026-07-08 00:00,46408.005,46573.893
2026-07-07T23:00Z,2026-07-08 01:00,44893.036,45007.001
2026-07-08T00:00Z,2026-07-08 02:00,43534.141,43905.580
2026-07-08T01:00Z,2026-07-08 03:00,43237.425,43676.804
2026-07-08T02:00Z,2026-07-08 04:00,44050.257,44562.424
2026-07-08T03:00Z,2026-07-08 05:00,46848.498,46822.330
2026-07-08T04:00Z,2026-07-08 06:00,52741.801,52143.386
2026-07-08T05:00Z,2026-07-08 07:00,57092.512,56820.544
2026-07-08T06:00Z,2026-07-08 08:00,60023.370,60200.040
2026-07-08T07:00Z,2026-07-08 09:00,60411.029,61432.466
2026-07-08T08:00Z,2026-07-08 10:00,61287.522,61742.547
2026-07-08T09:00Z,2026-07-08 11:00,61241.235,61313.047
2026-07-08T10:00Z,2026-07-08 12:00,60238.899,60474.862
2026-07-08T11:00Z,2026-07-08 13:00,60004.843,58846.445
2026-07-08T12:00Z,2026-07-08 14:00,58803.716,56943.837
2026-07-08T13:00Z,2026-07-08 15:00,58784.612,55832.252
2026-07-08T14:00Z,2026-07-08 16:00,58215.986,56001.324
2026-07-08T15:00Z,2026-07-08 17:00,57995.114,56633.155
2026-07-08T16:00Z,2026-07-08 18:00,58509.171,57130.063
2026-07-08T17:00Z,2026-07-08 19:00,58346.494,57133.893
2026-07-08T18:00Z,2026-07-08 20:00,55815.132,56128.342
2026-07-08T19:00Z,2026-07-08 21:00,53475.356,54159.097
2026-07-08T20:00Z,2026-07-08 22:00,52705.917,51468.732
2026-07-08T21:00Z,2026-07-08 23:00,50018.353,48549.407
2026-07-08T22:00Z,2026-07-09 00:00,47350.707,45458.653
2026-07-08T23:00Z,2026-07-09 01:00,45573.011,43882.235
2026-07-09T00:00Z,2026-07-09 02:00,44731.555,42865.381
2026-07-09T01:00Z,2026-07-09 03:00,45261.005,42850.685
2026-07-09T02:00Z,2026-07-09 04:00,45664.360,43695.725
2026-07-09T03:00Z,2026-07-09 05:00,47860.827,46353.723
2026-07-09T04:00Z,2026-07-09 06:00,53893.740,51651.268
2026-07-09T05:00Z,2026-07-09 07:00,58801.581,56102.138
2026-07-09T06:00Z,2026-07-09 08:00,61718.529,59107.105
2026-07-09T07:00Z,2026-07-09 09:00,61724.138,60369.605
2026-07-09T08:00Z,2026-07-09 10:00,62093.878,60891.697
2026-07-09T09:00Z,2026-07-09 11:00,61712.815,61372.918
2026-07-09T10:00Z,2026-07-09 12:00,60217.494,60556.999
2026-07-09T11:00Z,2026-07-09 13:00,59465.936,59301.829
2026-07-09T12:00Z,2026-07-09 14:00,57554.397,58168.883
2026-07-09T13:00Z,2026-07-09 15:00,55805.271,57185.263
2026-07-09T14:00Z,2026-07-09 16:00,54864.085,57107.641
2026-07-09T15:00Z,2026-07-09 17:00,56069.895,56808.518
2026-07-09T16:00Z,2026-07-09 18:00,57685.331,57463.714
2026-07-09T17:00Z,2026-07-09 19:00,57898.063,57363.713
2026-07-09T18:00Z,2026-07-09 20:00,57099.439,55749.384
2026-07-09T19:00Z,2026-07-09 21:00,54499.566,53036.198
2026-07-09T20:00Z,2026-07-09 22:00,51971.843,50479.718
2026-07-09T21:00Z,2026-07-09 23:00,49148.180,47414.056
2026-07-09T22:00Z,2026-07-10 00:00,46987.361,46278.333
2026-07-09T23:00Z,2026-07-10 01:00,45467.496,44447.519
2026-07-10T00:00Z,2026-07-10 02:00,44951.803,43479.961
2026-07-10T01:00Z,2026-07-10 03:00,44754.566,43329.733
2026-07-10T02:00Z,2026-07-10 04:00,45270.571,44556.337
2026-07-10T03:00Z,2026-07-10 05:00,47132.968,47018.707
2026-07-10T04:00Z,2026-07-10 06:00,53695.450,52057.245
2026-07-10T05:00Z,2026-07-10 07:00,58285.387,56439.152
2026-07-10T06:00Z,2026-07-10 08:00,61131.512,59619.707
2026-07-10T07:00Z,2026-07-10 09:00,59745.587,60595.485
2026-07-10T08:00Z,2026-07-10 10:00,57994.749,61160.183
2026-07-10T09:00Z,2026-07-10 11:00,56643.541,60835.829
2026-07-10T10:00Z,2026-07-10 12:00,55398.895,59718.946
2026-07-10T11:00Z,2026-07-10 13:00,54840.686,58287.160
2026-07-10T12:00Z,2026-07-10 14:00,53554.434,57559.885
2026-07-10T13:00Z,2026-07-10 15:00,52349.835,56942.653
2026-07-10T14:00Z,2026-07-10 16:00,53103.044,56662.832
2026-07-10T15:00Z,2026-07-10 17:00,54247.163,56176.124
2026-07-10T16:00Z,2026-07-10 18:00,56242.405,56418.406
2026-07-10T17:00Z,2026-07-10 19:00,56699.706,56162.243
2026-07-10T18:00Z,2026-07-10 20:00,55193.651,54039.951
2026-07-10T19:00Z,2026-07-10 21:00,52661.438,51613.835
2026-07-10T20:00Z,2026-07-10 22:00,50480.420,48957.371
2026-07-10T21:00Z,2026-07-10 23:00,48021.028,45951.641
2026-07-10T22:00Z,2026-07-11 00:00,45117.688,43227.913
2026-07-10T23:00Z,2026-07-11 01:00,43107.056,41311.271
2026-07-11T00:00Z,2026-07-11 02:00,42142.976,40085.844
2026-07-11T01:00Z,2026-07-11 03:00,42463.606,39488.501
2026-07-11T02:00Z,2026-07-11 04:00,42057.100,39410.859
2026-07-11T03:00Z,2026-07-11 05:00,42559.923,39698.955
2026-07-11T04:00Z,2026-07-11 06:00,44939.511,41503.802
2026-07-11T05:00Z,2026-07-11 07:00,46396.164,43969.941
2026-07-11T06:00Z,2026-07-11 08:00,46946.834,46635.020
2026-07-11T07:00Z,2026-07-11 09:00,47399.644,48459.774
2026-07-11T08:00Z,2026-07-11 10:00,47218.715,49456.661
2026-07-11T09:00Z,2026-07-11 11:00,46999.027,49226.056
2026-07-11T10:00Z,2026-07-11 12:00,47482.125,48412.504
2026-07-11T11:00Z,2026-07-11 13:00,46152.133,47351.121
2026-07-11T12:00Z,2026-07-11 14:00,44625.342,46268.606
2026-07-11T13:00Z,2026-07-11 15:00,44498.967,45686.451
2026-07-11T14:00Z,2026-07-11 16:00,44041.755,45400.217
2026-07-11T15:00Z,2026-07-11 17:00,45253.098,46243.479
2026-07-11T16:00Z,2026-07-11 18:00,47938.309,47948.295
2026-07-11T17:00Z,2026-07-11 19:00,48451.754,48084.660
2026-07-11T18:00Z,2026-07-11 20:00,48432.626,47059.923
2026-07-11T19:00Z,2026-07-11 21:00,46487.012,45333.012
2026-07-11T20:00Z,2026-07-11 22:00,45706.638,43906.210
2026-07-11T21:00Z,2026-07-11 23:00,43535.853,41797.602
2026-07-11T22:00Z,2026-07-12 00:00,41190.344,40929.316
2026-07-11T23:00Z,2026-07-12 01:00,39261.612,39304.111
2026-07-12T00:00Z,2026-07-12 02:00,38490.599,38315.567
2026-07-12T01:00Z,2026-07-12 03:00,37804.882,37813.134
2026-07-12T02:00Z,2026-07-12 04:00,37516.589,37818.965
2026-07-12T03:00Z,2026-07-12 05:00,37549.897,38165.071
2026-07-12T04:00Z,2026-07-12 06:00,38591.595,39926.490
2026-07-12T05:00Z,2026-07-12 07:00,40003.970,42285.022
2026-07-12T06:00Z,2026-07-12 08:00,41369.489,44586.802
2026-07-12T07:00Z,2026-07-12 09:00,41769.878,46324.034
2026-07-12T08:00Z,2026-07-12 10:00,42753.181,47275.232
2026-07-12T09:00Z,2026-07-12 11:00,43891.062,47754.411
2026-07-12T10:00Z,2026-07-12 12:00,44269.392,46924.967
2026-07-12T11:00Z,2026-07-12 13:00,42682.138,46267.082
2026-07-12T12:00Z,2026-07-12 14:00,41562.561,45461.397
2026-07-12T13:00Z,2026-07-12 15:00,41554.269,45130.674
2026-07-12T14:00Z,2026-07-12 16:00,41606.354,46083.910
2026-07-12T15:00Z,2026-07-12 17:00,43763.504,47168.328
2026-07-12T16:00Z,2026-07-12 18:00,46306.046,48935.515
2026-07-12T17:00Z,2026-07-12 19:00,49253.323,49732.747
2026-07-12T18:00Z,2026-07-12 20:00,50313.252,49039.561
2026-07-12T19:00Z,2026-07-12 21:00,49814.989,47951.523
2026-07-12T20:00Z,2026-07-12 22:00,49844.669,46581.939
2026-07-12T21:00Z,2026-07-12 23:00,47211.078,44372.645
2026-07-12T22:00Z,2026-07-13 00:00,45422.848,41516.541
2026-07-12T23:00Z,2026-07-13 01:00,43777.800,40478.858
2026-07-13T00:00Z,2026-07-13 02:00,42669.673,39863.400
2026-07-13T01:00Z,2026-07-13 03:00,43087.448,39835.251
2026-07-13T02:00Z,2026-07-13 04:00,43744.631,41129.489
2026-07-13T03:00Z,2026-07-13 05:00,46421.353,44789.051
2026-07-13T04:00Z,2026-07-13 06:00,53293.071,51749.254
2026-07-13T05:00Z,2026-07-13 07:00,58156.662,56953.125
2026-07-13T06:00Z,2026-07-13 08:00,61392.477,60086.126
2026-07-13T07:00Z,2026-07-13 09:00,60598.603,61175.664
2026-07-13T08:00Z,2026-07-13 10:00,59505.311,61027.862
2026-07-13T09:00Z,2026-07-13 11:00,58660.326,60988.970
2026-07-13T10:00Z,2026-07-13 12:00,57665.082,60077.402
2026-07-13T11:00Z,2026-07-13 13:00,57487.870,58835.757
2026-07-13T12:00Z,2026-07-13 14:00,56660.404,57847.480
2026-07-13T13:00Z,2026-07-13 15:00,56261.351,57331.796
2026-07-13T14:00Z,2026-07-13 16:00,57376.829,56694.843
2026-07-13T15:00Z,2026-07-13 17:00,58883.585,56457.664
2026-07-13T16:00Z,2026-07-13 18:00,61031.784,57415.703
2026-07-13T17:00Z,2026-07-13 19:00,61932.647,57835.707
2026-07-13T18:00Z,2026-07-13 20:00,60519.474,56600.911
2026-07-13T19:00Z,2026-07-13 21:00,58396.707,54576.781
2026-07-13T20:00Z,2026-07-13 22:00,55550.447,51759.907
2026-07-13T21:00Z,2026-07-13 23:00,51079.892,48682.090
2026-07-13T22:00Z,2026-07-14 00:00,48509.743,46501.014
2026-07-13T23:00Z,2026-07-14 01:00,47327.679,44854.298
2026-07-14T00:00Z,2026-07-14 02:00,46558.737,43938.935
2026-07-14T01:00Z,2026-07-14 03:00,46571.404,43724.269
2026-07-14T02:00Z,2026-07-14 04:00,47209.402,44501.795
2026-07-14T03:00Z,2026-07-14 05:00,49314.628,46812.504
2026-07-14T04:00Z,2026-07-14 06:00,55798.737,52123.503
2026-07-14T05:00Z,2026-07-14 07:00,61051.150,56789.472
2026-07-14T06:00Z,2026-07-14 08:00,63367.186,59665.105
2026-07-14T07:00Z,2026-07-14 09:00,62500.688,60386.307
2026-07-14T08:00Z,2026-07-14 10:00,61383.385,60911.995
2026-07-14T09:00Z,2026-07-14 11:00,60266.394,60726.904
2026-07-14T10:00Z,2026-07-14 12:00,58589.684,59613.492
2026-07-14T11:00Z,2026-07-14 13:00,57384.054,58807.355
2026-07-14T12:00Z,2026-07-14 14:00,56295.605,57541.289
2026-07-14T13:00Z,2026-07-14 15:00,56228.989,56449.875
2026-07-14T14:00Z,2026-07-14 16:00,56969.695,55919.213
2026-07-14T15:00Z,2026-07-14 17:00,58665.664,56143.903
2026-07-14T16:00Z,2026-07-14 18:00,60652.034,57435.029
2026-07-14T17:00Z,2026-07-14 19:00,60424.870,57843.305
2026-07-14T18:00Z,2026-07-14 20:00,58859.242,56963.931
2026-07-14T19:00Z,2026-07-14 21:00,56078.347,55048.473
2026-07-14T20:00Z,2026-07-14 22:00,54433.057,52058.518
2026-07-14T21:00Z,2026-07-14 23:00,51481.164,48935.950
2026-07-14T22:00Z,2026-07-15 00:00,49070.104,46345.812
2026-07-14T23:00Z,2026-07-15 01:00,47598.398,44695.919
2026-07-15T00:00Z,2026-07-15 02:00,46413.017,43647.921
2026-07-15T01:00Z,2026-07-15 03:00,46711.132,43481.853
2026-07-15T02:00Z,2026-07-15 04:00,47846.354,44533.392
2026-07-15T03:00Z,2026-07-15 05:00,50219.711,47198.684
2026-07-15T04:00Z,2026-07-15 06:00,56096.062,53108.803
2026-07-15T05:00Z,2026-07-15 07:00,60045.028,57900.186
2026-07-15T06:00Z,2026-07-15 08:00,62259.483,60777.437
2026-07-15T07:00Z,2026-07-15 09:00,61736.202,61547.488
2026-07-15T08:00Z,2026-07-15 10:00,59949.510,61600.532
2026-07-15T09:00Z,2026-07-15 11:00,59656.688,61493.897
2026-07-15T10:00Z,2026-07-15 12:00,58720.192,60491.600
2026-07-15T11:00Z,2026-07-15 13:00,58308.760,58855.216
2026-07-15T12:00Z,2026-07-15 14:00,57028.650,58070.390
2026-07-15T13:00Z,2026-07-15 15:00,57103.436,57315.544
2026-07-15T14:00Z,2026-07-15 16:00,58170.774,57131.469
2026-07-15T15:00Z,2026-07-15 17:00,59500.433,57003.237
2026-07-15T16:00Z,2026-07-15 18:00,61099.137,57916.500
2026-07-15T17:00Z,2026-07-15 19:00,61206.444,58729.061
2026-07-15T18:00Z,2026-07-15 20:00,59421.792,57724.619
2026-07-15T19:00Z,2026-07-15 21:00,57581.233,55388.041
2026-07-15T20:00Z,2026-07-15 22:00,55603.202,52344.266
2026-07-15T21:00Z,2026-07-15 23:00,51920.873,48817.944
2026-07-15T22:00Z,2026-07-16 00:00,50042.894,46286.684
2026-07-15T23:00Z,2026-07-16 01:00,49051.771,44283.081
2026-07-16T00:00Z,2026-07-16 02:00,47705.362,43483.482
2026-07-16T01:00Z,2026-07-16 03:00,47958.092,43354.892
2026-07-16T02:00Z,2026-07-16 04:00,49003.734,44014.181
2026-07-16T03:00Z,2026-07-16 05:00,50933.953,46955.908
2026-07-16T04:00Z,2026-07-16 06:00,56447.626,52700.211
2026-07-16T05:00Z,2026-07-16 07:00,61044.784,57612.375
2026-07-16T06:00Z,2026-07-16 08:00,63288.058,60186.227
2026-07-16T07:00Z,2026-07-16 09:00,62849.911,60596.706
2026-07-16T08:00Z,2026-07-16 10:00,61538.996,60398.716
2026-07-16T09:00Z,2026-07-16 11:00,60686.318,60277.510
2026-07-16T10:00Z,2026-07-16 12:00,58996.493,59128.996
2026-07-16T11:00Z,2026-07-16 13:00,59058.020,57231.026
2026-07-16T12:00Z,2026-07-16 14:00,58268.199,56423.327
2026-07-16T13:00Z,2026-07-16 15:00,58575.960,55817.958
2026-07-16T14:00Z,2026-07-16 16:00,59109.849,56311.431
2026-07-16T15:00Z,2026-07-16 17:00,60067.457,57692.627
2026-07-16T16:00Z,2026-07-16 18:00,60977.372,59559.515
2026-07-16T17:00Z,2026-07-16 19:00,60546.573,60210.380
2026-07-16T18:00Z,2026-07-16 20:00,58354.138,58141.966
2026-07-16T19:00Z,2026-07-16 21:00,56246.530,55501.335
2026-07-16T20:00Z,2026-07-16 22:00,53601.064,52447.525
2026-07-16T21:00Z,2026-07-16 23:00,50442.200,48502.077
2026-07-16T22:00Z,2026-07-17 00:00,48505.395,47428.296
2026-07-16T23:00Z,2026-07-17 01:00,47217.339,45732.054
2026-07-17T00:00Z,2026-07-17 02:00,47010.021,44769.658
2026-07-17T01:00Z,2026-07-17 03:00,46776.912,44461.426
2026-07-17T02:00Z,2026-07-17 04:00,48215.598,45645.317
2026-07-17T03:00Z,2026-07-17 05:00,49589.373,48295.532
2026-07-17T04:00Z,2026-07-17 06:00,54936.442,54003.340
2026-07-17T05:00Z,2026-07-17 07:00,59239.571,58987.143
2026-07-17T06:00Z,2026-07-17 08:00,62340.917,61586.904
2026-07-17T07:00Z,2026-07-17 09:00,62927.863,61763.289
2026-07-17T08:00Z,2026-07-17 10:00,62930.463,62100.092
2026-07-17T09:00Z,2026-07-17 11:00,62233.294,61158.481
2026-07-17T10:00Z,2026-07-17 12:00,60526.642,59519.733
2026-07-17T11:00Z,2026-07-17 13:00,59082.230,57619.575
2026-07-17T12:00Z,2026-07-17 14:00,57645.234,56360.086
2026-07-17T13:00Z,2026-07-17 15:00,57471.225,55583.948
2026-07-17T14:00Z,2026-07-17 16:00,57942.501,55430.349
2026-07-17T15:00Z,2026-07-17 17:00,58378.072,55827.468
2026-07-17T16:00Z,2026-07-17 18:00,58961.621,56757.581
2026-07-17T17:00Z,2026-07-17 19:00,57526.408,56988.059
2026-07-17T18:00Z,2026-07-17 20:00,55163.887,55658.715
2026-07-17T19:00Z,2026-07-17 21:00,53232.189,53573.889
2026-07-17T20:00Z,2026-07-17 22:00,51389.129,51043.859
2026-07-17T21:00Z,2026-07-17 23:00,48813.076,47880.018
2026-07-17T22:00Z,2026-07-18 00:00,46047.404,44846.069
2026-07-17T23:00Z,2026-07-18 01:00,44283.193,43111.249
2026-07-18T00:00Z,2026-07-18 02:00,43473.978,41914.379
2026-07-18T01:00Z,2026-07-18 03:00,42624.701,41287.512
2026-07-18T02:00Z,2026-07-18 04:00,42351.742,41194.118
2026-07-18T03:00Z,2026-07-18 05:00,42364.862,41905.192
2026-07-18T04:00Z,2026-07-18 06:00,43218.762,43662.961
2026-07-18T05:00Z,2026-07-18 07:00,45377.571,45890.907
2026-07-18T06:00Z,2026-07-18 08:00,48128.585,48482.084
2026-07-18T07:00Z,2026-07-18 09:00,50337.918,50604.506
2026-07-18T08:00Z,2026-07-18 10:00,51074.273,51483.803
2026-07-18T09:00Z,2026-07-18 11:00,50749.531,51505.979
2026-07-18T10:00Z,2026-07-18 12:00,49593.050,50929.550
2026-07-18T11:00Z,2026-07-18 13:00,48152.404,49974.681
2026-07-18T12:00Z,2026-07-18 14:00,46842.876,48748.984
2026-07-18T13:00Z,2026-07-18 15:00,46036.839,48105.403
2026-07-18T14:00Z,2026-07-18 16:00,46510.249,47931.399
2026-07-18T15:00Z,2026-07-18 17:00,47247.220,48292.650
2026-07-18T16:00Z,2026-07-18 18:00,47668.947,49437.434
2026-07-18T17:00Z,2026-07-18 19:00,47610.230,50282.339
2026-07-18T18:00Z,2026-07-18 20:00,46527.897,49785.917
2026-07-18T19:00Z,2026-07-18 21:00,44790.043,47728.082
2026-07-18T20:00Z,2026-07-18 22:00,44098.876,46032.189
2026-07-18T21:00Z,2026-07-18 23:00,42682.942,43724.426
2026-07-18T22:00Z,2026-07-19 00:00,41063.978,42357.807
2026-07-18T23:00Z,2026-07-19 01:00,39081.705,40612.455
2026-07-19T00:00Z,2026-07-19 02:00,38031.417,39516.126
2026-07-19T01:00Z,2026-07-19 03:00,37856.763,38983.789
2026-07-19T02:00Z,2026-07-19 04:00,37892.418,39125.862
2026-07-19T03:00Z,2026-07-19 05:00,37985.338,39920.633
2026-07-19T04:00Z,2026-07-19 06:00,39615.026,41628.836
2026-07-19T05:00Z,2026-07-19 07:00,40543.630,43884.568
2026-07-19T06:00Z,2026-07-19 08:00,42396.344,45860.813
2026-07-19T07:00Z,2026-07-19 09:00,44603.354,47555.072
2026-07-19T08:00Z,2026-07-19 10:00,46176.237,48954.839
2026-07-19T09:00Z,2026-07-19 11:00,47329.809,49702.196
2026-07-19T10:00Z,2026-07-19 12:00,46439.446,49114.919
2026-07-19T11:00Z,2026-07-19 13:00,44625.977,48017.685
2026-07-19T12:00Z,2026-07-19 14:00,42263.530,47216.412
2026-07-19T13:00Z,2026-07-19 15:00,41837.214,46756.451
2026-07-19T14:00Z,2026-07-19 16:00,42225.822,46852.321
2026-07-19T15:00Z,2026-07-19 17:00,43164.262,47658.386
2026-07-19T16:00Z,2026-07-19 18:00,45016.975,49127.430
2026-07-19T17:00Z,2026-07-19 19:00,44671.205,51260.037
2026-07-19T18:00Z,2026-07-19 20:00,44770.132,51269.947
2026-07-19T19:00Z,2026-07-19 21:00,44242.240,49944.418
2026-07-19T20:00Z,2026-07-19 22:00,44956.064,48440.672
2026-07-19T21:00Z,2026-07-19 23:00,42357.528,46046.502
2026-07-19T22:00Z,2026-07-20 00:00,41334.724,42798.266
2026-07-19T23:00Z,2026-07-20 01:00,40309.267,41500.679
2026-07-20T00:00Z,2026-07-20 02:00,39122.868,40952.236
2026-07-20T01:00Z,2026-07-20 03:00,39600.867,41081.177
2026-07-20T02:00Z,2026-07-20 04:00,40719.740,42374.646
2026-07-20T03:00Z,2026-07-20 05:00,43494.373,45830.520
2026-07-20T04:00Z,2026-07-20 06:00,49509.672,52230.029
2026-07-20T05:00Z,2026-07-20 07:00,54598.057,57577.685
2026-07-20T06:00Z,2026-07-20 08:00,58504.393,60959.381
2026-07-20T07:00Z,2026-07-20 09:00,60006.447,62160.314
2026-07-20T08:00Z,2026-07-20 10:00,59605.350,62314.998
2026-07-20T09:00Z,2026-07-20 11:00,59598.362,62359.819
2026-07-20T10:00Z,2026-07-20 12:00,57863.555,61504.046
2026-07-20T11:00Z,2026-07-20 13:00,57792.779,60558.006
2026-07-20T12:00Z,2026-07-20 14:00,56506.230,59354.823
2026-07-20T13:00Z,2026-07-20 15:00,55636.169,58621.634
2026-07-20T14:00Z,2026-07-20 16:00,54590.174,58466.786
2026-07-20T15:00Z,2026-07-20 17:00,54339.992,58750.557
2026-07-20T16:00Z,2026-07-20 18:00,54948.831,58934.605
2026-07-20T17:00Z,2026-07-20 19:00,55919.109,58557.702
2026-07-20T18:00Z,2026-07-20 20:00,54744.569,57157.616
2026-07-20T19:00Z,2026-07-20 21:00,52773.141,55095.978
2026-07-20T20:00Z,2026-07-20 22:00,50878.617,52278.349
2026-07-20T21:00Z,2026-07-20 23:00,48109.008,49223.620
2026-07-20T22:00Z,2026-07-21 00:00,45583.793,45905.412
2026-07-20T23:00Z,2026-07-21 01:00,44158.270,44259.775
2026-07-21T00:00Z,2026-07-21 02:00,43337.369,43438.838
2026-07-21T01:00Z,2026-07-21 03:00,43417.422,43315.297
2026-07-21T02:00Z,2026-07-21 04:00,44508.628,44130.810
2026-07-21T03:00Z,2026-07-21 05:00,47153.470,46590.186
2026-07-21T04:00Z,2026-07-21 06:00,53022.958,51555.656
2026-07-21T05:00Z,2026-07-21 07:00,57805.086,56450.157
2026-07-21T06:00Z,2026-07-21 08:00,59087.850,59573.243
2026-07-21T07:00Z,2026-07-21 09:00,58087.064,60645.346
2026-07-21T08:00Z,2026-07-21 10:00,57112.784,61339.969
2026-07-21T09:00Z,2026-07-21 11:00,56593.178,61121.422
2026-07-21T10:00Z,2026-07-21 12:00,55187.249,59740.923
2026-07-21T11:00Z,2026-07-21 13:00,54251.843,58954.390
2026-07-21T12:00Z,2026-07-21 14:00,52960.097,57812.492
2026-07-21T13:00Z,2026-07-21 15:00,52789.455,57086.562
2026-07-21T14:00Z,2026-07-21 16:00,53356.268,57058.409
2026-07-21T15:00Z,2026-07-21 17:00,54427.369,57291.214
2026-07-21T16:00Z,2026-07-21 18:00,55584.521,57492.640
2026-07-21T17:00Z,2026-07-21 19:00,55765.371,57262.314
2026-07-21T18:00Z,2026-07-21 20:00,54329.888,56225.511
2026-07-21T19:00Z,2026-07-21 21:00,52612.472,54307.615
2026-07-21T20:00Z,2026-07-21 22:00,49916.440,51324.757
2026-07-21T21:00Z,2026-07-21 23:00,47343.700,48298.546
2026-07-21T22:00Z,2026-07-22 00:00,45710.985,45069.780
2026-07-21T23:00Z,2026-07-22 01:00,44421.876,43579.988
2026-07-22T00:00Z,2026-07-22 02:00,44046.723,42987.864
2026-07-22T01:00Z,2026-07-22 03:00,43976.726,42540.516
2026-07-22T02:00Z,2026-07-22 04:00,44698.178,44209.567
2026-07-22T03:00Z,2026-07-22 05:00,47195.036,47176.806
2026-07-22T04:00Z,2026-07-22 06:00,52828.681,53046.113
2026-07-22T05:00Z,2026-07-22 07:00,57198.136,58110.524
2026-07-22T06:00Z,2026-07-22 08:00,60457.181,60620.606
2026-07-22T07:00Z,2026-07-22 09:00,60044.159,61520.509
2026-07-22T08:00Z,2026-07-22 10:00,60740.820,61882.152
2026-07-22T09:00Z,2026-07-22 11:00,60875.409,61609.269
2026-07-22T10:00Z,2026-07-22 12:00,60849.118,60769.949
2026-07-22T11:00Z,2026-07-22 13:00,59507.224,59526.973
2026-07-22T12:00Z,2026-07-22 14:00,57748.431,58447.864
2026-07-22T13:00Z,2026-07-22 15:00,55462.923,57595.665
2026-07-22T14:00Z,2026-07-22 16:00,55180.951,57997.402
2026-07-22T15:00Z,2026-07-22 17:00,56180.662,58281.321
2026-07-22T16:00Z,2026-07-22 18:00,56802.700,58879.261
2026-07-22T17:00Z,2026-07-22 19:00,56720.588,58961.136
2026-07-22T18:00Z,2026-07-22 20:00,55007.892,57670.345
2026-07-22T19:00Z,2026-07-22 21:00,53469.119,55230.503
2026-07-22T20:00Z,2026-07-22 22:00,51462.243,51944.997
2026-07-22T21:00Z,2026-07-22 23:00,48334.940,48403.474
2026-07-22T22:00Z,2026-07-23 00:00,46531.615,44018.566
2026-07-22T23:00Z,2026-07-23 01:00,44917.637,42219.548
2026-07-23T00:00Z,2026-07-23 02:00,43444.849,41367.964
2026-07-23T01:00Z,2026-07-23 03:00,42941.455,41337.635
2026-07-23T02:00Z,2026-07-23 04:00,43641.952,42435.708
2026-07-23T03:00Z,2026-07-23 05:00,46812.781,45255.851
2026-07-23T04:00Z,2026-07-23 06:00,52119.158,50933.931
2026-07-23T05:00Z,2026-07-23 07:00,56938.139,55836.676
2026-07-23T06:00Z,2026-07-23 08:00,59403.763,59274.487
2026-07-23T07:00Z,2026-07-23 09:00,60665.410,60396.809
2026-07-23T08:00Z,2026-07-23 10:00,61261.093,60484.259
2026-07-23T09:00Z,2026-07-23 11:00,60677.819,60054.367
2026-07-23T10:00Z,2026-07-23 12:00,59014.739,58974.701
2026-07-23T11:00Z,2026-07-23 13:00,56682.467,57703.827
2026-07-23T12:00Z,2026-07-23 14:00,55193.798,56263.275
2026-07-23T13:00Z,2026-07-23 15:00,53337.402,55350.713
2026-07-23T14:00Z,2026-07-23 16:00,52715.374,55313.404
2026-07-23T15:00Z,2026-07-23 17:00,53026.987,55569.188
2026-07-23T16:00Z,2026-07-23 18:00,55851.525,56644.236
2026-07-23T17:00Z,2026-07-23 19:00,57290.951,56793.571
2026-07-23T18:00Z,2026-07-23 20:00,55620.783,55301.143
2026-07-23T19:00Z,2026-07-23 21:00,54075.322,53016.090
2026-07-23T20:00Z,2026-07-23 22:00,51805.789,50099.545
2026-07-23T21:00Z,2026-07-23 23:00,48914.494,46503.282
2026-07-23T22:00Z,2026-07-24 00:00,46828.859,45227.945
2026-07-23T23:00Z,2026-07-24 01:00,45172.434,43544.793
2026-07-24T00:00Z,2026-07-24 02:00,44528.728,42809.054
2026-07-24T01:00Z,2026-07-24 03:00,44705.888,42524.122
2026-07-24T02:00Z,2026-07-24 04:00,45729.308,43328.657
2026-07-24T03:00Z,2026-07-24 05:00,48099.923,45725.684
2026-07-24T04:00Z,2026-07-24 06:00,53298.455,51033.495
2026-07-24T05:00Z,2026-07-24 07:00,58061.593,55899.145
2026-07-24T06:00Z,2026-07-24 08:00,60710.648,58947.926
2026-07-24T07:00Z,2026-07-24 09:00,59482.981,59554.110
2026-07-24T08:00Z,2026-07-24 10:00,58440.208,59639.974
2026-07-24T09:00Z,2026-07-24 11:00,57401.422,58646.275
2026-07-24T10:00Z,2026-07-24 12:00,56569.622,56942.625
2026-07-24T11:00Z,2026-07-24 13:00,54631.625,55221.831
2026-07-24T12:00Z,2026-07-24 14:00,52592.287,53978.605
2026-07-24T13:00Z,2026-07-24 15:00,51734.757,52968.302
2026-07-24T14:00Z,2026-07-24 16:00,51806.644,52407.885
2026-07-24T15:00Z,2026-07-24 17:00,52994.135,52563.999
2026-07-24T16:00Z,2026-07-24 18:00,54971.937,53191.247
2026-07-24T17:00Z,2026-07-24 19:00,55889.985,53168.238
2026-07-24T18:00Z,2026-07-24 20:00,53982.285,51971.900
2026-07-24T19:00Z,2026-07-24 21:00,52013.125,49939.497
2026-07-24T20:00Z,2026-07-24 22:00,49725.441,47110.730
2026-07-24T21:00Z,2026-07-24 23:00,46780.572,44180.462
2026-07-24T22:00Z,2026-07-25 00:00,44997.856,42602.155
2026-07-24T23:00Z,2026-07-25 01:00,43250.155,40565.796
2026-07-25T00:00Z,2026-07-25 02:00,42302.532,39241.493
2026-07-25T01:00Z,2026-07-25 03:00,41988.970,38485.367
2026-07-25T02:00Z,2026-07-25 04:00,41401.750,38385.685
2026-07-25T03:00Z,2026-07-25 05:00,41614.971,39425.659
2026-07-25T04:00Z,2026-07-25 06:00,42927.769,41912.795
2026-07-25T05:00Z,2026-07-25 07:00,45141.277,44583.673
2026-07-25T06:00Z,2026-07-25 08:00,46628.275,47432.266
2026-07-25T07:00Z,2026-07-25 09:00,47348.525,49730.303
2026-07-25T08:00Z,2026-07-25 10:00,48110.282,51136.987
2026-07-25T09:00Z,2026-07-25 11:00,47852.592,51066.945
2026-07-25T10:00Z,2026-07-25 12:00,46687.462,50330.804
2026-07-25T11:00Z,2026-07-25 13:00,45993.711,49328.050
2026-07-25T12:00Z,2026-07-25 14:00,45063.119,48479.407
2026-07-25T13:00Z,2026-07-25 15:00,44761.084,47650.148
2026-07-25T14:00Z,2026-07-25 16:00,45044.296,48043.720
2026-07-25T15:00Z,2026-07-25 17:00,45660.987,48697.717
2026-07-25T16:00Z,2026-07-25 18:00,47604.434,49257.358
2026-07-25T17:00Z,2026-07-25 19:00,48683.674,49301.118
2026-07-25T18:00Z,2026-07-25 20:00,48040.954,48154.563
2026-07-25T19:00Z,2026-07-25 21:00,45550.732,46180.972
2026-07-25T20:00Z,2026-07-25 22:00,44548.291,44615.534
2026-07-25T21:00Z,2026-07-25 23:00,42816.526,42312.254
2026-07-25T22:00Z,2026-07-26 00:00,41195.894,41248.756
2026-07-25T23:00Z,2026-07-26 01:00,39508.615,39482.222
2026-07-26T00:00Z,2026-07-26 02:00,38737.152,38617.081
2026-07-26T01:00Z,2026-07-26 03:00,38279.865,38186.456
2026-07-26T02:00Z,2026-07-26 04:00,37824.447,38169.357
2026-07-26T03:00Z,2026-07-26 05:00,37718.492,38795.288
2026-07-26T04:00Z,2026-07-26 06:00,38822.302,40354.592
2026-07-26T05:00Z,2026-07-26 07:00,40131.235,42663.228
2026-07-26T06:00Z,2026-07-26 08:00,43014.671,44978.328
2026-07-26T07:00Z,2026-07-26 09:00,43546.303,47114.412
2026-07-26T08:00Z,2026-07-26 10:00,44445.483,48455.863
2026-07-26T09:00Z,2026-07-26 11:00,46344.358,48883.724
2026-07-26T10:00Z,2026-07-26 12:00,46948.978,48222.546
2026-07-26T11:00Z,2026-07-26 13:00,45671.879,47187.815
2026-07-26T12:00Z,2026-07-26 14:00,46037.447,46349.156
2026-07-26T13:00Z,2026-07-26 15:00,45221.443,45988.249
2026-07-26T14:00Z,2026-07-26 16:00,44777.038,45964.522
2026-07-26T15:00Z,2026-07-26 17:00,47087.717,47000.051
2026-07-26T16:00Z,2026-07-26 18:00,47953.633,48224.473
2026-07-26T17:00Z,2026-07-26 19:00,47687.516,49677.643
2026-07-26T18:00Z,2026-07-26 20:00,46643.681,49077.069
2026-07-26T19:00Z,2026-07-26 21:00,45769.760,48364.673
2026-07-26T20:00Z,2026-07-26 22:00,44409.825,46923.618
2026-07-26T21:00Z,2026-07-26 23:00,42806.103,44528.437
2026-07-26T22:00Z,2026-07-27 00:00,41192.878,42023.581
2026-07-26T23:00Z,2026-07-27 01:00,39473.151,40830.949
2026-07-27T00:00Z,2026-07-27 02:00,38608.014,40140.663
2026-07-27T01:00Z,2026-07-27 03:00,38814.451,40144.743
2026-07-27T02:00Z,2026-07-27 04:00,39320.389,41404.171
2026-07-27T03:00Z,2026-07-27 05:00,43275.698,45383.465
2026-07-27T04:00Z,2026-07-27 06:00,49197.424,52174.623
2026-07-27T05:00Z,2026-07-27 07:00,53415.485,57729.727
2026-07-27T06:00Z,2026-07-27 08:00,57086.962,60642.996
2026-07-27T07:00Z,2026-07-27 09:00,59078.018,61329.781
2026-07-27T08:00Z,2026-07-27 10:00,59597.813,60980.748
2026-07-27T09:00Z,2026-07-27 11:00,59246.999,61016.458
2026-07-27T10:00Z,2026-07-27 12:00,58548.811,60028.341
2026-07-27T11:00Z,2026-07-27 13:00,57559.747,58892.828
2026-07-27T12:00Z,2026-07-27 14:00,57074.411,58334.324
2026-07-27T13:00Z,2026-07-27 15:00,55848.529,57440.173
2026-07-27T14:00Z,2026-07-27 16:00,55526.484,57890.087
2026-07-27T15:00Z,2026-07-27 17:00,54966.488,58795.719
2026-07-27T16:00Z,2026-07-27 18:00,55853.035,59023.752
2026-07-27T17:00Z,2026-07-27 19:00,56147.973,58532.038
2026-07-27T18:00Z,2026-07-27 20:00,54721.846,56789.546
2026-07-27T19:00Z,2026-07-27 21:00,53279.512,54324.832
2026-07-27T20:00Z,2026-07-27 22:00,50817.627,51087.956
2026-07-27T21:00Z,2026-07-27 23:00,47998.962,47933.281
2026-07-27T22:00Z,2026-07-28 00:00,45992.697,45127.825
2026-07-27T23:00Z,2026-07-28 01:00,44845.094,43444.232
2026-07-28T00:00Z,2026-07-28 02:00,44032.314,42763.776
2026-07-28T01:00Z,2026-07-28 03:00,43911.956,42791.672
2026-07-28T02:00Z,2026-07-28 04:00,44594.362,43635.426
2026-07-28T03:00Z,2026-07-28 05:00,47428.070,46279.490
2026-07-28T04:00Z,2026-07-28 06:00,52019.222,51421.892
2026-07-28T05:00Z,2026-07-28 07:00,57392.172,56020.492
2026-07-28T06:00Z,2026-07-28 08:00,59603.418,58690.375
2026-07-28T07:00Z,2026-07-28 09:00,59601.411,59046.628
2026-07-28T08:00Z,2026-07-28 10:00,58020.653,58944.092
2026-07-28T09:00Z,2026-07-28 11:00,57411.880,58504.496
2026-07-28T10:00Z,2026-07-28 12:00,57564.317,57585.052
2026-07-28T11:00Z,2026-07-28 13:00,56530.684,56899.596
2026-07-28T12:00Z,2026-07-28 14:00,54789.571,55785.425
2026-07-28T13:00Z,2026-07-28 15:00,53503.460,55085.456
2026-07-28T14:00Z,2026-07-28 16:00,52956.616,55466.234
2026-07-28T15:00Z,2026-07-28 17:00,54648.896,56071.667
2026-07-28T16:00Z,2026-07-28 18:00,58034.912,56378.016
2026-07-28T17:00Z,2026-07-28 19:00,59225.498,56041.341
2026-07-28T18:00Z,2026-07-28 20:00,57677.250,54974.777
2026-07-28T19:00Z,2026-07-28 21:00,55592.106,52758.874
2026-07-28T20:00Z,2026-07-28 22:00,52898.534,49347.663
2026-07-28T21:00Z,2026-07-28 23:00,49567.401,46274.265
2026-07-28T22:00Z,2026-07-29 00:00,47425.552,43986.263
2026-07-28T23:00Z,2026-07-29 01:00,46410.002,42499.789
2026-07-29T00:00Z,2026-07-29 02:00,45943.256,41800.991
2026-07-29T01:00Z,2026-07-29 03:00,45129.421,41373.882
2026-07-29T02:00Z,2026-07-29 04:00,45849.373,42987.083
2026-07-29T03:00Z,2026-07-29 05:00,48496.531,46034.154
2026-07-29T04:00Z,2026-07-29 06:00,53780.505,51896.512
2026-07-29T05:00Z,2026-07-29 07:00,58362.653,57398.920
2026-07-29T06:00Z,2026-07-29 08:00,59664.948,59871.447
2026-07-29T07:00Z,2026-07-29 09:00,59071.437,59916.621
2026-07-29T08:00Z,2026-07-29 10:00,57948.688,59497.276
2026-07-29T09:00Z,2026-07-29 11:00,57577.653,59038.172
2026-07-29T10:00Z,2026-07-29 12:00,57683.669,58130.618
2026-07-29T11:00Z,2026-07-29 13:00,57226.604,56534.047
2026-07-29T12:00Z,2026-07-29 14:00,55812.230,55428.775
2026-07-29T13:00Z,2026-07-29 15:00,54690.513,54544.813
2026-07-29T14:00Z,2026-07-29 16:00,55429.801,55157.734
2026-07-29T15:00Z,2026-07-29 17:00,57214.671,55627.658
2026-07-29T16:00Z,2026-07-29 18:00,59980.212,56127.808
2026-07-29T17:00Z,2026-07-29 19:00,60004.757,56623.929
2026-07-29T18:00Z,2026-07-29 20:00,57723.183,55735.993
2026-07-29T19:00Z,2026-07-29 21:00,56635.050,53895.777
2026-07-29T20:00Z,2026-07-29 22:00,54476.615,50251.617
2026-07-29T21:00Z,2026-07-29 23:00,51467.582,46418.849
2026-07-29T22:00Z,2026-07-30 00:00,48413.476,44459.823
2026-07-29T23:00Z,2026-07-30 01:00,46574.216,42690.657
2026-07-30T00:00Z,2026-07-30 02:00,45160.733,41909.212
2026-07-30T01:00Z,2026-07-30 03:00,45473.978,41580.054
2026-07-30T02:00Z,2026-07-30 04:00,45613.359,42033.940
2026-07-30T03:00Z,2026-07-30 05:00,48831.496,44853.960
2026-07-30T04:00Z,2026-07-30 06:00,54268.112,50670.600
2026-07-30T05:00Z,2026-07-30 07:00,57811.527,55527.019
2026-07-30T06:00Z,2026-07-30 08:00,60412.065,58761.191
2026-07-30T07:00Z,2026-07-30 09:00,61215.036,60106.299
2026-07-30T08:00Z,2026-07-30 10:00,60589.483,60814.108
2026-07-30T09:00Z,2026-07-30 11:00,60757.167,60870.701
2026-07-30T10:00Z,2026-07-30 12:00,60682.563,60047.382
2026-07-30T11:00Z,2026-07-30 13:00,59816.183,58548.261
2026-07-30T12:00Z,2026-07-30 14:00,58172.219,57674.575
2026-07-30T13:00Z,2026-07-30 15:00,57414.092,56947.557
2026-07-30T14:00Z,2026-07-30 16:00,59615.795,56420.586
2026-07-30T15:00Z,2026-07-30 17:00,60792.488,56144.667
2026-07-30T16:00Z,2026-07-30 18:00,62506.838,57376.108
2026-07-30T17:00Z,2026-07-30 19:00,61188.422,57593.056
2026-07-30T18:00Z,2026-07-30 20:00,58803.396,55985.898
2026-07-30T19:00Z,2026-07-30 21:00,57748.855,53946.504
2026-07-30T20:00Z,2026-07-30 22:00,53503.948,50770.570
2026-07-30T21:00Z,2026-07-30 23:00,49912.174,47107.777
2026-07-30T22:00Z,2026-07-31 00:00,47491.285,45707.109
2026-07-30T23:00Z,2026-07-31 01:00,46252.832,43869.071
2026-07-31T00:00Z,2026-07-31 02:00,45637.641,43024.194
2026-07-31T01:00Z,2026-07-31 03:00,45691.139,42584.790
2026-07-31T02:00Z,2026-07-31 04:00,46475.167,43882.502
2026-07-31T03:00Z,2026-07-31 05:00,48329.004,46980.385
2026-07-31T04:00Z,2026-07-31 06:00,53636.250,52495.235
2026-07-31T05:00Z,2026-07-31 07:00,57623.909,57463.979
2026-07-31T06:00Z,2026-07-31 08:00,60167.354,60303.906
2026-07-31T07:00Z,2026-07-31 09:00,59893.064,60895.938
2026-07-31T08:00Z,2026-07-31 10:00,58649.060,61228.580
2026-07-31T09:00Z,2026-07-31 11:00,57062.705,60329.632
2026-07-31T10:00Z,2026-07-31 12:00,55567.384,59247.947
2026-07-31T11:00Z,2026-07-31 13:00,54541.691,57715.002
2026-07-31T12:00Z,2026-07-31 14:00,53841.407,56586.452
2026-07-31T13:00Z,2026-07-31 15:00,54257.944,55710.553
2026-07-31T14:00Z,2026-07-31 16:00,55220.309,55543.794
2026-07-31T15:00Z,2026-07-31 17:00,57390.339,55601.103
2026-07-31T16:00Z,2026-07-31 18:00,58023.705,56272.651
2026-07-31T17:00Z,2026-07-31 19:00,56756.749,56070.439
2026-07-31T18:00Z,2026-07-31 20:00,55196.665,54320.230
2026-07-31T19:00Z,2026-07-31 21:00,53624.813,52182.185
2026-07-31T20:00Z,2026-07-31 22:00,50631.664,49394.704
2026-07-31T21:00Z,2026-07-31 23:00,47538.905,46249.094
2026-07-31T22:00Z,2026-08-01 00:00,45667.666,43432.457
2026-07-31T23:00Z,2026-08-01 01:00,44427.846,41543.794
2026-08-01T00:00Z,2026-08-01 02:00,43696.928,40277.615
2026-08-01T01:00Z,2026-08-01 03:00,42230.356,39681.138
2026-08-01T02:00Z,2026-08-01 04:00,42264.933,39670.769
2026-08-01T03:00Z,2026-08-01 05:00,42237.697,40422.389
2026-08-01T04:00Z,2026-08-01 06:00,42543.778,42161.628
2026-08-01T05:00Z,2026-08-01 07:00,44626.756,44539.768
2026-08-01T06:00Z,2026-08-01 08:00,47821.350,47493.530
2026-08-01T07:00Z,2026-08-01 09:00,50187.638,49525.867
2026-08-01T08:00Z,2026-08-01 10:00,49818.991,50649.633
2026-08-01T09:00Z,2026-08-01 11:00,49721.884,50437.951
2026-08-01T10:00Z,2026-08-01 12:00,48124.434,49517.584
2026-08-01T11:00Z,2026-08-01 13:00,47031.172,48751.619
2026-08-01T12:00Z,2026-08-01 14:00,45126.237,47653.303
2026-08-01T13:00Z,2026-08-01 15:00,43671.866,46965.917
2026-08-01T14:00Z,2026-08-01 16:00,43724.927,47240.012
2026-08-01T15:00Z,2026-08-01 17:00,44928.167,48265.726
2026-08-01T16:00Z,2026-08-01 18:00,47611.567,49344.728
2026-08-01T17:00Z,2026-08-01 19:00,48501.756,49556.932
2026-08-01T18:00Z,2026-08-01 20:00,47227.673,48388.801
2026-08-01T19:00Z,2026-08-01 21:00,46115.373,46726.726
2026-08-01T20:00Z,2026-08-01 22:00,44691.832,44931.073
2026-08-01T21:00Z,2026-08-01 23:00,42350.635,42589.720
2026-08-01T22:00Z,2026-08-02 00:00,40593.538,40436.752
2026-08-01T23:00Z,2026-08-02 01:00,38667.491,38679.990
2026-08-02T00:00Z,2026-08-02 02:00,37747.990,37773.852
2026-08-02T01:00Z,2026-08-02 03:00,37299.948,37428.262
2026-08-02T02:00Z,2026-08-02 04:00,37213.748,37509.324
2026-08-02T03:00Z,2026-08-02 05:00,37216.253,38248.620
2026-08-02T04:00Z,2026-08-02 06:00,37762.073,39623.448
2026-08-02T05:00Z,2026-08-02 07:00,39022.450,41850.449
2026-08-02T06:00Z,2026-08-02 08:00,40723.494,44807.805
2026-08-02T07:00Z,2026-08-02 09:00,42606.405,46599.868
2026-08-02T08:00Z,2026-08-02 10:00,42965.456,47279.589
2026-08-02T09:00Z,2026-08-02 11:00,44007.924,48266.061
2026-08-02T10:00Z,2026-08-02 12:00,43925.504,47980.423
2026-08-02T11:00Z,2026-08-02 13:00,43194.469,47139.368
2026-08-02T12:00Z,2026-08-02 14:00,41305.326,46405.434
2026-08-02T13:00Z,2026-08-02 15:00,40498.234,45876.824
2026-08-02T14:00Z,2026-08-02 16:00,40645.176,45947.242
2026-08-02T15:00Z,2026-08-02 17:00,42154.039,47307.431
2026-08-02T16:00Z,2026-08-02 18:00,44774.438,48918.353
2026-08-02T17:00Z,2026-08-02 19:00,46415.926,49420.839
2026-08-02T18:00Z,2026-08-02 20:00,46644.934,48703.192
2026-08-02T19:00Z,2026-08-02 21:00,45270.241,47485.757
2026-08-02T20:00Z,2026-08-02 22:00,44528.383,45603.130
2026-08-02T21:00Z,2026-08-02 23:00,42160.126,43566.924
2026-08-02T22:00Z,2026-08-03 00:00,40070.479,40737.261
2026-08-02T23:00Z,2026-08-03 01:00,39078.333,39561.617
2026-08-03T00:00Z,2026-08-03 02:00,38623.588,38906.879
2026-08-03T01:00Z,2026-08-03 03:00,38564.675,38929.652
2026-08-03T02:00Z,2026-08-03 04:00,39454.199,40073.286
2026-08-03T03:00Z,2026-08-03 05:00,42704.320,43900.358
2026-08-03T04:00Z,2026-08-03 06:00,49106.833,50474.943
2026-08-03T05:00Z,2026-08-03 07:00,53909.274,55806.324
2026-08-03T06:00Z,2026-08-03 08:00,56923.679,58910.647
2026-08-03T07:00Z,2026-08-03 09:00,57335.431,59728.403
2026-08-03T08:00Z,2026-08-03 10:00,56885.976,59475.961
2026-08-03T09:00Z,2026-08-03 11:00,57130.207,59156.214
2026-08-03T10:00Z,2026-08-03 12:00,56225.703,57765.969
2026-08-03T11:00Z,2026-08-03 13:00,55921.206,56765.759
2026-08-03T12:00Z,2026-08-03 14:00,55232.419,55686.946
2026-08-03T13:00Z,2026-08-03 15:00,55533.368,55184.675
2026-08-03T14:00Z,2026-08-03 16:00,56338.476,54768.390
2026-08-03T15:00Z,2026-08-03 17:00,57655.595,55866.683
2026-08-03T16:00Z,2026-08-03 18:00,58353.027,56996.197
2026-08-03T17:00Z,2026-08-03 19:00,57635.140,56867.807
2026-08-03T18:00Z,2026-08-03 20:00,55590.699,55544.643
2026-08-03T19:00Z,2026-08-03 21:00,53856.925,53464.642
2026-08-03T20:00Z,2026-08-03 22:00,50339.897,49943.520
2026-08-03T21:00Z,2026-08-03 23:00,47503.984,46638.936
2026-08-03T22:00Z,2026-08-04 00:00,45625.006,44389.176
2026-08-03T23:00Z,2026-08-04 01:00,44717.048,42712.845
2026-08-04T00:00Z,2026-08-04 02:00,44271.908,41817.506
2026-08-04T01:00Z,2026-08-04 03:00,43708.932,41731.833
2026-08-04T02:00Z,2026-08-04 04:00,43901.426,42486.027
2026-08-04T03:00Z,2026-08-04 05:00,45754.432,45064.859
2026-08-04T04:00Z,2026-08-04 06:00,50454.688,50272.271
2026-08-04T05:00Z,2026-08-04 07:00,56479.176,54967.871
2026-08-04T06:00Z,2026-08-04 08:00,60679.147,57892.696
2026-08-04T07:00Z,2026-08-04 09:00,61344.821,58371.658
2026-08-04T08:00Z,2026-08-04 10:00,60466.981,58153.791
2026-08-04T09:00Z,2026-08-04 11:00,59619.770,57555.083
2026-08-04T10:00Z,2026-08-04 12:00,59865.472,56041.334
2026-08-04T11:00Z,2026-08-04 13:00,58668.631,55836.102
2026-08-04T12:00Z,2026-08-04 14:00,56986.181,54825.698
2026-08-04T13:00Z,2026-08-04 15:00,55252.766,54360.234
2026-08-04T14:00Z,2026-08-04 16:00,55482.773,54089.251
2026-08-04T15:00Z,2026-08-04 17:00,56190.717,55192.612
2026-08-04T16:00Z,2026-08-04 18:00,57177.266,56385.924
2026-08-04T17:00Z,2026-08-04 19:00,56456.098,56369.702
2026-08-04T18:00Z,2026-08-04 20:00,54720.941,55527.434
2026-08-04T19:00Z,2026-08-04 21:00,53893.130,53394.534
2026-08-04T20:00Z,2026-08-04 22:00,50309.059,50043.683
2026-08-04T21:00Z,2026-08-04 23:00,46822.663,46922.698
2026-08-04T22:00Z,2026-08-05 00:00,44844.168,43282.777
2026-08-04T23:00Z,2026-08-05 01:00,43299.744,41809.680
2026-08-05T00:00Z,2026-08-05 02:00,42681.591,41179.776
2026-08-05T01:00Z,2026-08-05 03:00,41851.438,40381.116
2026-08-05T02:00Z,2026-08-05 04:00,43087.744,41946.911
2026-08-05T03:00Z,2026-08-05 05:00,45491.964,44724.350
2026-08-05T04:00Z,2026-08-05 06:00,49579.259,50617.664
2026-08-05T05:00Z,2026-08-05 07:00,54610.203,55761.421
2026-08-05T06:00Z,2026-08-05 08:00,57611.654,58251.040
2026-08-05T07:00Z,2026-08-05 09:00,59249.898,58623.552
2026-08-05T08:00Z,2026-08-05 10:00,59709.573,58513.765
2026-08-05T09:00Z,2026-08-05 11:00,59888.095,58086.229
2026-08-05T10:00Z,2026-08-05 12:00,60819.209,56939.003
2026-08-05T11:00Z,2026-08-05 13:00,60974.982,55216.063
2026-08-05T12:00Z,2026-08-05 14:00,59258.621,54708.924
2026-08-05T13:00Z,2026-08-05 15:00,57753.689,54337.911
2026-08-05T14:00Z,2026-08-05 16:00,57663.641,54897.197
2026-08-05T15:00Z,2026-08-05 17:00,57347.887,56243.469
2026-08-05T16:00Z,2026-08-05 18:00,56910.006,57217.724
2026-08-05T17:00Z,2026-08-05 19:00,56279.838,57449.314
2026-08-05T18:00Z,2026-08-05 20:00,54548.002,55958.864
2026-08-05T19:00Z,2026-08-05 21:00,52305.485,53549.092
2026-08-05T20:00Z,2026-08-05 22:00,49322.717,49968.290
2026-08-05T21:00Z,2026-08-05 23:00,46409.120,46388.321
2026-08-05T22:00Z,2026-08-06 00:00,44390.489,42753.606
2026-08-05T23:00Z,2026-08-06 01:00,42966.508,41290.094
2026-08-06T00:00Z,2026-08-06 02:00,42359.155,40489.066
2026-08-06T01:00Z,2026-08-06 03:00,42232.679,40038.169
2026-08-06T02:00Z,2026-08-06 04:00,42708.978,40365.359
2026-08-06T03:00Z,2026-08-06 05:00,44802.988,42880.457
2026-08-06T04:00Z,2026-08-06 06:00,48901.490,48343.146
2026-08-06T05:00Z,2026-08-06 07:00,54512.980,53138.561
2026-08-06T06:00Z,2026-08-06 08:00,58320.164,56552.389
2026-08-06T07:00Z,2026-08-06 09:00,59384.878,57633.985
2026-08-06T08:00Z,2026-08-06 10:00,59735.914,58226.989
2026-08-06T09:00Z,2026-08-06 11:00,60254.771,58280.626
2026-08-06T10:00Z,2026-08-06 12:00,60090.373,57989.011
2026-08-06T11:00Z,2026-08-06 13:00,58772.071,56156.956
2026-08-06T12:00Z,2026-08-06 14:00,57667.877,55134.563
2026-08-06T13:00Z,2026-08-06 15:00,56456.033,54970.071
2026-08-06T14:00Z,2026-08-06 16:00,55259.746,54554.399
2026-08-06T15:00Z,2026-08-06 17:00,55619.351,54806.504
2026-08-06T16:00Z,2026-08-06 18:00,54631.801,56000.918
2026-08-06T17:00Z,2026-08-06 19:00,54046.950,56561.510
2026-08-06T18:00Z,2026-08-06 20:00,50469.769,54337.978
2026-08-06T19:00Z,2026-08-06 21:00,49027.234,52072.145
2026-08-06T20:00Z,2026-08-06 22:00,46422.578,49075.008
2026-08-06T21:00Z,2026-08-06 23:00,43166.233,45583.004
2026-08-06T22:00Z,2026-08-07 00:00,41478.842,43558.321
2026-08-06T23:00Z,2026-08-07 01:00,40976.268,42089.369
2026-08-07T00:00Z,2026-08-07 02:00,40132.829,41300.817
2026-08-07T01:00Z,2026-08-07 03:00,40168.871,41073.251
2026-08-07T02:00Z,2026-08-07 04:00,41259.449,41868.822
2026-08-07T03:00Z,2026-08-07 05:00,43295.296,44568.421
2026-08-07T04:00Z,2026-08-07 06:00,47755.083,49536.565
2026-08-07T05:00Z,2026-08-07 07:00,52380.967,53832.241
2026-08-07T06:00Z,2026-08-07 08:00,55191.124,56889.106
2026-08-07T07:00Z,2026-08-07 09:00,58097.898,58330.527
2026-08-07T08:00Z,2026-08-07 10:00,57731.011,58564.333
2026-08-07T09:00Z,2026-08-07 11:00,56204.325,57918.723
2026-08-07T10:00Z,2026-08-07 12:00,55364.396,56972.247
2026-08-07T11:00Z,2026-08-07 13:00,53800.500,55769.224
2026-08-07T12:00Z,2026-08-07 14:00,52918.328,54455.953
2026-08-07T13:00Z,2026-08-07 15:00,51870.571,53613.814
2026-08-07T14:00Z,2026-08-07 16:00,52105.931,53239.079
2026-08-07T15:00Z,2026-08-07 17:00,52032.818,53580.330
2026-08-07T16:00Z,2026-08-07 18:00,53229.352,53870.246
2026-08-07T17:00Z,2026-08-07 19:00,54281.512,53448.168
2026-08-07T18:00Z,2026-08-07 20:00,49288.816,51485.194
2026-08-07T19:00Z,2026-08-07 21:00,47091.854,49241.870
2026-08-07T20:00Z,2026-08-07 22:00,44059.042,46386.506
2026-08-07T21:00Z,2026-08-07 23:00,41965.892,43439.097
2026-08-07T22:00Z,2026-08-08 00:00,40674.019,41170.258
2026-08-07T23:00Z,2026-08-08 01:00,,39483.096
