ts_utc,ts_local,da_forecast_solar_mw,da_forecast_wind_offshore_mw,da_forecast_wind_onshore_mw
2024-12-31T23:00Z,2025-01-01 00:00,0.000,3759.658,38594.473
2025-01-01T00:00Z,2025-01-01 01:00,0.000,3795.070,39056.158
2025-01-01T01:00Z,2025-01-01 02:00,0.000,3826.190,39515.640
2025-01-01T02:00Z,2025-01-01 03:00,0.000,3336.887,39477.000
2025-01-01T03:00Z,2025-01-01 04:00,0.000,3213.592,39813.948
2025-01-01T04:00Z,2025-01-01 05:00,0.000,3071.085,40329.628
2025-01-01T05:00Z,2025-01-01 06:00,0.000,2973.130,41626.662
2025-01-01T06:00Z,2025-01-01 07:00,0.000,2878.182,41661.240
2025-01-01T07:00Z,2025-01-01 08:00,824.610,2724.372,41780.340
2025-01-01T08:00Z,2025-01-01 09:00,4746.365,2578.910,42109.107
2025-01-01T09:00Z,2025-01-01 10:00,9169.698,2525.840,42278.167
2025-01-01T10:00Z,2025-01-01 11:00,12460.745,2503.452,42475.643
2025-01-01T11:00Z,2025-01-01 12:00,13451.360,2577.485,42871.245
2025-01-01T12:00Z,2025-01-01 13:00,11643.358,2786.882,43762.247
2025-01-01T13:00Z,2025-01-01 14:00,7805.562,3262.693,44313.442
2025-01-01T14:00Z,2025-01-01 15:00,3244.483,3859.188,44994.323
2025-01-01T15:00Z,2025-01-01 16:00,246.975,3829.533,45364.972
2025-01-01T16:00Z,2025-01-01 17:00,0.000,4330.130,45872.585
2025-01-01T17:00Z,2025-01-01 18:00,0.000,4193.625,46131.067
2025-01-01T18:00Z,2025-01-01 19:00,0.000,4050.872,45695.330
2025-01-01T19:00Z,2025-01-01 20:00,0.000,3925.418,44808.557
2025-01-01T20:00Z,2025-01-01 21:00,0.000,3945.432,43233.442
2025-01-01T21:00Z,2025-01-01 22:00,0.000,4054.812,40572.147
2025-01-01T22:00Z,2025-01-01 23:00,0.000,4214.113,38728.075
2025-01-01T23:00Z,2025-01-02 00:00,0.000,4959.352,39978.098
2025-01-02T00:00Z,2025-01-02 01:00,0.000,5066.720,38159.527
2025-01-02T01:00Z,2025-01-02 02:00,0.000,5197.427,36323.250
2025-01-02T02:00Z,2025-01-02 03:00,0.000,5289.950,33968.557
2025-01-02T03:00Z,2025-01-02 04:00,0.000,5402.940,31475.237
2025-01-02T04:00Z,2025-01-02 05:00,0.000,5507.375,28892.825
2025-01-02T05:00Z,2025-01-02 06:00,0.000,5572.080,26530.760
2025-01-02T06:00Z,2025-01-02 07:00,0.000,5609.580,23890.842
2025-01-02T07:00Z,2025-01-02 08:00,283.033,5616.005,21569.908
2025-01-02T08:00Z,2025-01-02 09:00,2142.020,5462.363,19304.490
2025-01-02T09:00Z,2025-01-02 10:00,4770.230,5268.465,17054.490
2025-01-02T10:00Z,2025-01-02 11:00,6680.500,5208.188,15247.417
2025-01-02T11:00Z,2025-01-02 12:00,7077.805,5203.455,14468.307
2025-01-02T12:00Z,2025-01-02 13:00,6102.892,5216.783,14413.465
2025-01-02T13:00Z,2025-01-02 14:00,3961.952,5309.045,14024.685
2025-01-02T14:00Z,2025-01-02 15:00,1400.585,5423.597,13605.290
2025-01-02T15:00Z,2025-01-02 16:00,84.858,5597.755,14069.565
2025-01-02T16:00Z,2025-01-02 17:00,0.000,5766.970,15329.230
2025-01-02T17:00Z,2025-01-02 18:00,0.000,5845.637,16708.115
2025-01-02T18:00Z,2025-01-02 19:00,0.000,5870.055,17666.823
2025-01-02T19:00Z,2025-01-02 20:00,0.000,5895.118,18366.397
2025-01-02T20:00Z,2025-01-02 21:00,0.000,5861.128,18754.025
2025-01-02T21:00Z,2025-01-02 22:00,0.000,5843.812,18894.682
2025-01-02T22:00Z,2025-01-02 23:00,0.000,5846.358,19201.868
2025-01-02T23:00Z,2025-01-03 00:00,0.000,5639.875,18805.685
2025-01-03T00:00Z,2025-01-03 01:00,0.000,5713.233,19068.147
2025-01-03T01:00Z,2025-01-03 02:00,0.000,5802.200,19686.415
2025-01-03T02:00Z,2025-01-03 03:00,0.000,5719.455,20849.515
2025-01-03T03:00Z,2025-01-03 04:00,0.000,5462.727,22654.823
2025-01-03T04:00Z,2025-01-03 05:00,0.000,5035.130,24935.720
2025-01-03T05:00Z,2025-01-03 06:00,0.000,4751.355,27981.975
2025-01-03T06:00Z,2025-01-03 07:00,0.000,4652.247,29863.815
2025-01-03T07:00Z,2025-01-03 08:00,328.752,4746.318,31559.415
2025-01-03T08:00Z,2025-01-03 09:00,2424.758,4968.350,32708.665
2025-01-03T09:00Z,2025-01-03 10:00,5361.462,5133.778,33486.385
2025-01-03T10:00Z,2025-01-03 11:00,7406.470,5250.382,34065.135
2025-01-03T11:00Z,2025-01-03 12:00,7887.698,5354.975,34167.420
2025-01-03T12:00Z,2025-01-03 13:00,6920.235,5395.265,33465.467
2025-01-03T13:00Z,2025-01-03 14:00,4655.448,5418.505,31419.520
2025-01-03T14:00Z,2025-01-03 15:00,1839.102,5444.898,29255.710
2025-01-03T15:00Z,2025-01-03 16:00,146.657,5479.370,27661.812
2025-01-03T16:00Z,2025-01-03 17:00,0.000,5479.820,26282.097
2025-01-03T17:00Z,2025-01-03 18:00,0.000,5484.602,25009.645
2025-01-03T18:00Z,2025-01-03 19:00,0.000,5548.852,24080.670
2025-01-03T19:00Z,2025-01-03 20:00,0.000,5533.783,23515.310
2025-01-03T20:00Z,2025-01-03 21:00,0.000,5422.080,22740.455
2025-01-03T21:00Z,2025-01-03 22:00,0.000,5256.547,21650.060
2025-01-03T22:00Z,2025-01-03 23:00,0.000,5043.615,20691.200
2025-01-03T23:00Z,2025-01-04 00:00,0.000,3913.290,20760.112
2025-01-04T00:00Z,2025-01-04 01:00,0.000,3468.695,18777.460
2025-01-04T01:00Z,2025-01-04 02:00,0.000,3008.142,16709.895
2025-01-04T02:00Z,2025-01-04 03:00,0.000,2537.503,14751.577
2025-01-04T03:00Z,2025-01-04 04:00,0.000,2101.525,12811.775
2025-01-04T04:00Z,2025-01-04 05:00,0.000,1789.385,10744.955
2025-01-04T05:00Z,2025-01-04 06:00,0.000,1626.545,9038.337
2025-01-04T06:00Z,2025-01-04 07:00,0.000,1631.980,7957.035
2025-01-04T07:00Z,2025-01-04 08:00,493.352,1807.000,7562.267
2025-01-04T08:00Z,2025-01-04 09:00,2971.005,2132.910,7413.672
2025-01-04T09:00Z,2025-01-04 10:00,5836.188,2558.750,7223.403
2025-01-04T10:00Z,2025-01-04 11:00,7427.660,2979.852,7133.863
2025-01-04T11:00Z,2025-01-04 12:00,7573.512,3257.515,7236.665
2025-01-04T12:00Z,2025-01-04 13:00,6375.622,3347.255,7212.318
2025-01-04T13:00Z,2025-01-04 14:00,4185.170,3252.293,7169.460
2025-01-04T14:00Z,2025-01-04 15:00,1635.682,3008.838,7351.093
2025-01-04T15:00Z,2025-01-04 16:00,126.287,2752.485,7763.960
2025-01-04T16:00Z,2025-01-04 17:00,0.000,2515.075,8176.677
2025-01-04T17:00Z,2025-01-04 18:00,0.000,2357.823,8408.890
2025-01-04T18:00Z,2025-01-04 19:00,0.000,2265.865,8544.663
2025-01-04T19:00Z,2025-01-04 20:00,0.000,2223.210,8535.620
2025-01-04T20:00Z,2025-01-04 21:00,0.000,2239.890,8363.570
2025-01-04T21:00Z,2025-01-04 22:00,0.000,2246.345,8183.243
2025-01-04T22:00Z,2025-01-04 23:00,0.000,2227.398,7965.562
2025-01-04T23:00Z,2025-01-05 00:00,0.000,2223.033,8684.622
2025-01-05T00:00Z,2025-01-05 01:00,0.000,2033.392,8303.658
2025-01-05T01:00Z,2025-01-05 02:00,0.000,1787.355,8283.807
2025-01-05T02:00Z,2025-01-05 03:00,0.000,1578.592,8880.058
2025-01-05T03:00Z,2025-01-05 04:00,0.000,1499.210,9732.270
2025-01-05T04:00Z,2025-01-05 05:00,0.000,1629.120,11015.495
2025-01-05T05:00Z,2025-01-05 06:00,0.000,2101.260,12724.472
2025-01-05T06:00Z,2025-01-05 07:00,0.000,2978.675,14587.695
2025-01-05T07:00Z,2025-01-05 08:00,112.690,4023.498,17190.377
2025-01-05T08:00Z,2025-01-05 09:00,592.003,4725.260,20100.575
2025-01-05T09:00Z,2025-01-05 10:00,1254.963,5014.908,22633.975
2025-01-05T10:00Z,2025-01-05 11:00,1779.023,5105.935,24488.618
2025-01-05T11:00Z,2025-01-05 12:00,1965.760,5125.833,26181.190
2025-01-05T12:00Z,2025-01-05 13:00,1813.900,5145.850,28520.990
2025-01-05T13:00Z,2025-01-05 14:00,1334.790,5162.597,30922.435
2025-01-05T14:00Z,2025-01-05 15:00,631.908,5174.065,32880.925
2025-01-05T15:00Z,2025-01-05 16:00,112.513,5340.120,33923.432
2025-01-05T16:00Z,2025-01-05 17:00,0.000,5332.635,34435.415
2025-01-05T17:00Z,2025-01-05 18:00,0.000,5255.417,34677.320
2025-01-05T18:00Z,2025-01-05 19:00,0.000,5304.663,34883.522
2025-01-05T19:00Z,2025-01-05 20:00,0.000,5501.517,34932.097
2025-01-05T20:00Z,2025-01-05 21:00,0.000,5497.935,34889.418
2025-01-05T21:00Z,2025-01-05 22:00,0.000,5486.043,34614.560
2025-01-05T22:00Z,2025-01-05 23:00,0.000,5438.342,35093.368
2025-01-05T23:00Z,2025-01-06 00:00,0.000,5616.905,32949.305
2025-01-06T00:00Z,2025-01-06 01:00,0.000,5647.225,33277.193
2025-01-06T01:00Z,2025-01-06 02:00,0.000,5600.823,34043.875
2025-01-06T02:00Z,2025-01-06 03:00,0.000,5643.618,34855.555
2025-01-06T03:00Z,2025-01-06 04:00,0.000,5576.970,35429.427
2025-01-06T04:00Z,2025-01-06 05:00,0.000,5363.705,35822.948
2025-01-06T05:00Z,2025-01-06 06:00,0.000,5061.608,36930.463
2025-01-06T06:00Z,2025-01-06 07:00,0.000,4935.602,37083.435
2025-01-06T07:00Z,2025-01-06 08:00,423.397,5029.285,37639.287
2025-01-06T08:00Z,2025-01-06 09:00,2583.762,5192.660,38157.240
2025-01-06T09:00Z,2025-01-06 10:00,5435.680,5223.023,38364.107
2025-01-06T10:00Z,2025-01-06 11:00,7720.635,5197.785,38691.470
2025-01-06T11:00Z,2025-01-06 12:00,8593.882,5183.298,39317.220
2025-01-06T12:00Z,2025-01-06 13:00,7591.188,5052.495,40482.478
2025-01-06T13:00Z,2025-01-06 14:00,4964.835,4896.845,41513.920
2025-01-06T14:00Z,2025-01-06 15:00,2007.155,4725.725,42706.048
2025-01-06T15:00Z,2025-01-06 16:00,174.640,4378.203,43846.050
2025-01-06T16:00Z,2025-01-06 17:00,0.000,4059.747,44627.207
2025-01-06T17:00Z,2025-01-06 18:00,0.000,3820.985,44885.400
2025-01-06T18:00Z,2025-01-06 19:00,0.000,3736.880,44814.435
2025-01-06T19:00Z,2025-01-06 20:00,0.000,3681.057,44511.620
2025-01-06T20:00Z,2025-01-06 21:00,0.000,3561.613,43704.573
2025-01-06T21:00Z,2025-01-06 22:00,0.000,3440.552,41761.158
2025-01-06T22:00Z,2025-01-06 23:00,0.000,3458.798,40830.535
2025-01-06T23:00Z,2025-01-07 00:00,0.000,3510.125,39215.988
2025-01-07T00:00Z,2025-01-07 01:00,0.000,3564.037,38394.652
2025-01-07T01:00Z,2025-01-07 02:00,0.000,3683.602,38128.003
2025-01-07T02:00Z,2025-01-07 03:00,0.000,3776.517,38073.783
2025-01-07T03:00Z,2025-01-07 04:00,0.000,3911.923,37950.143
2025-01-07T04:00Z,2025-01-07 05:00,0.000,4002.863,37831.540
2025-01-07T05:00Z,2025-01-07 06:00,0.000,4097.233,38430.985
2025-01-07T06:00Z,2025-01-07 07:00,0.000,4262.028,37670.835
2025-01-07T07:00Z,2025-01-07 08:00,404.920,4394.363,36919.098
2025-01-07T08:00Z,2025-01-07 09:00,2713.412,4467.573,36006.363
2025-01-07T09:00Z,2025-01-07 10:00,5814.605,4536.932,35232.465
2025-01-07T10:00Z,2025-01-07 11:00,8085.500,4752.733,35661.390
2025-01-07T11:00Z,2025-01-07 12:00,8873.465,4816.210,36330.268
2025-01-07T12:00Z,2025-01-07 13:00,8198.170,4870.880,36200.230
2025-01-07T13:00Z,2025-01-07 14:00,5999.358,4922.218,35156.878
2025-01-07T14:00Z,2025-01-07 15:00,2559.552,4912.343,34342.875
2025-01-07T15:00Z,2025-01-07 16:00,252.395,5010.297,34213.548
2025-01-07T16:00Z,2025-01-07 17:00,0.000,5049.938,34571.963
2025-01-07T17:00Z,2025-01-07 18:00,0.000,5050.695,35293.747
2025-01-07T18:00Z,2025-01-07 19:00,0.000,5029.305,36153.408
2025-01-07T19:00Z,2025-01-07 20:00,0.000,4995.962,37118.868
2025-01-07T20:00Z,2025-01-07 21:00,0.000,4958.218,37618.697
2025-01-07T21:00Z,2025-01-07 22:00,0.000,4918.405,36873.905
2025-01-07T22:00Z,2025-01-07 23:00,0.000,4870.762,36470.448
2025-01-07T23:00Z,2025-01-08 00:00,0.000,4778.163,33853.150
2025-01-08T00:00Z,2025-01-08 01:00,0.000,4764.392,33093.815
2025-01-08T01:00Z,2025-01-08 02:00,0.000,4779.352,31974.500
2025-01-08T02:00Z,2025-01-08 03:00,0.000,4738.577,30901.482
2025-01-08T03:00Z,2025-01-08 04:00,0.000,4677.517,30064.285
2025-01-08T04:00Z,2025-01-08 05:00,0.000,4661.708,29232.643
2025-01-08T05:00Z,2025-01-08 06:00,0.000,4817.740,29111.632
2025-01-08T06:00Z,2025-01-08 07:00,0.000,4751.743,28212.923
2025-01-08T07:00Z,2025-01-08 08:00,282.395,4813.440,27652.810
2025-01-08T08:00Z,2025-01-08 09:00,2188.005,4830.220,26843.662
2025-01-08T09:00Z,2025-01-08 10:00,4900.467,4916.673,26020.868
2025-01-08T10:00Z,2025-01-08 11:00,6725.913,4992.273,25768.295
2025-01-08T11:00Z,2025-01-08 12:00,7061.497,4963.597,25275.993
2025-01-08T12:00Z,2025-01-08 13:00,6000.245,4944.135,23711.680
2025-01-08T13:00Z,2025-01-08 14:00,3882.693,4895.655,21249.245
2025-01-08T14:00Z,2025-01-08 15:00,1418.505,4894.467,19051.820
2025-01-08T15:00Z,2025-01-08 16:00,110.180,4846.502,17931.895
2025-01-08T16:00Z,2025-01-08 17:00,0.000,4740.215,17298.020
2025-01-08T17:00Z,2025-01-08 18:00,0.000,4514.093,16611.760
2025-01-08T18:00Z,2025-01-08 19:00,0.000,4209.972,15696.550
2025-01-08T19:00Z,2025-01-08 20:00,0.000,3794.247,14745.132
2025-01-08T20:00Z,2025-01-08 21:00,0.000,3380.062,13505.090
2025-01-08T21:00Z,2025-01-08 22:00,0.000,3035.310,12306.565
2025-01-08T22:00Z,2025-01-08 23:00,0.000,2760.903,11583.778
2025-01-08T23:00Z,2025-01-09 00:00,0.000,1882.517,13127.307
2025-01-09T00:00Z,2025-01-09 01:00,0.000,1654.320,12713.555
2025-01-09T01:00Z,2025-01-09 02:00,0.000,1389.215,12080.790
2025-01-09T02:00Z,2025-01-09 03:00,0.000,1126.312,11534.510
2025-01-09T03:00Z,2025-01-09 04:00,0.000,952.525,11115.108
2025-01-09T04:00Z,2025-01-09 05:00,0.000,855.825,10830.860
2025-01-09T05:00Z,2025-01-09 06:00,0.000,750.820,10797.555
2025-01-09T06:00Z,2025-01-09 07:00,0.000,690.685,10715.292
2025-01-09T07:00Z,2025-01-09 08:00,423.840,691.717,11084.222
2025-01-09T08:00Z,2025-01-09 09:00,2284.375,733.380,11729.560
2025-01-09T09:00Z,2025-01-09 10:00,4541.233,814.010,12519.550
2025-01-09T10:00Z,2025-01-09 11:00,6014.632,951.143,13290.968
2025-01-09T11:00Z,2025-01-09 12:00,5921.210,1223.618,14155.805
2025-01-09T12:00Z,2025-01-09 13:00,4559.257,1554.342,15505.640
2025-01-09T13:00Z,2025-01-09 14:00,2847.795,1898.723,17131.362
2025-01-09T14:00Z,2025-01-09 15:00,1199.213,2271.365,19057.520
2025-01-09T15:00Z,2025-01-09 16:00,157.360,2655.427,21299.780
2025-01-09T16:00Z,2025-01-09 17:00,0.000,3000.048,23629.815
2025-01-09T17:00Z,2025-01-09 18:00,0.000,3167.670,25520.147
2025-01-09T18:00Z,2025-01-09 19:00,0.000,3265.675,26659.713
2025-01-09T19:00Z,2025-01-09 20:00,0.000,3277.097,27470.688
2025-01-09T20:00Z,2025-01-09 21:00,0.000,3249.345,28101.075
2025-01-09T21:00Z,2025-01-09 22:00,0.000,3370.057,28318.208
2025-01-09T22:00Z,2025-01-09 23:00,0.000,3583.012,28681.995
2025-01-09T23:00Z,2025-01-10 00:00,0.000,3167.838,27232.717
2025-01-10T00:00Z,2025-01-10 01:00,0.000,3622.075,27196.020
2025-01-10T01:00Z,2025-01-10 02:00,0.000,4009.355,27129.290
2025-01-10T02:00Z,2025-01-10 03:00,0.000,4242.378,27066.408
2025-01-10T03:00Z,2025-01-10 04:00,0.000,4304.182,26767.360
2025-01-10T04:00Z,2025-01-10 05:00,0.000,4242.497,26179.465
2025-01-10T05:00Z,2025-01-10 06:00,0.000,4128.025,25503.755
2025-01-10T06:00Z,2025-01-10 07:00,0.000,3997.793,24399.820
2025-01-10T07:00Z,2025-01-10 08:00,498.337,3811.332,23782.895
2025-01-10T08:00Z,2025-01-10 09:00,2936.283,3551.957,23296.305
2025-01-10T09:00Z,2025-01-10 10:00,6028.038,3242.842,22766.285
2025-01-10T10:00Z,2025-01-10 11:00,8124.413,2855.050,21990.118
2025-01-10T11:00Z,2025-01-10 12:00,8848.517,2522.165,21077.215
2025-01-10T12:00Z,2025-01-10 13:00,7949.733,2347.398,20378.545
2025-01-10T13:00Z,2025-01-10 14:00,5693.038,2314.305,19262.220
2025-01-10T14:00Z,2025-01-10 15:00,2539.265,2403.360,17999.853
2025-01-10T15:00Z,2025-01-10 16:00,306.000,2512.422,16973.950
2025-01-10T16:00Z,2025-01-10 17:00,0.000,2603.710,16402.330
2025-01-10T17:00Z,2025-01-10 18:00,0.000,2657.695,15899.368
2025-01-10T18:00Z,2025-01-10 19:00,0.000,2675.173,15187.865
2025-01-10T19:00Z,2025-01-10 20:00,0.000,2692.153,14784.118
2025-01-10T20:00Z,2025-01-10 21:00,0.000,2676.350,14221.905
2025-01-10T21:00Z,2025-01-10 22:00,0.000,2629.992,13508.915
2025-01-10T22:00Z,2025-01-10 23:00,0.000,2550.323,12951.628
2025-01-10T23:00Z,2025-01-11 00:00,0.000,2156.887,13822.980
2025-01-11T00:00Z,2025-01-11 01:00,0.000,2334.280,13927.778
2025-01-11T01:00Z,2025-01-11 02:00,0.000,2570.550,14331.642
2025-01-11T02:00Z,2025-01-11 03:00,0.000,2756.922,15133.670
2025-01-11T03:00Z,2025-01-11 04:00,0.000,2847.280,16037.100
2025-01-11T04:00Z,2025-01-11 05:00,0.000,2831.533,16800.350
2025-01-11T05:00Z,2025-01-11 06:00,0.000,2697.630,17359.780
2025-01-11T06:00Z,2025-01-11 07:00,0.000,2535.840,17451.430
2025-01-11T07:00Z,2025-01-11 08:00,619.658,2425.137,17770.200
2025-01-11T08:00Z,2025-01-11 09:00,3729.705,2302.927,18069.743
2025-01-11T09:00Z,2025-01-11 10:00,7320.615,2206.375,18245.077
2025-01-11T10:00Z,2025-01-11 11:00,9667.915,2185.980,18442.170
2025-01-11T11:00Z,2025-01-11 12:00,10509.615,2228.990,18953.637
2025-01-11T12:00Z,2025-01-11 13:00,9596.587,2351.173,19616.520
2025-01-11T13:00Z,2025-01-11 14:00,7005.738,2528.670,19915.818
2025-01-11T14:00Z,2025-01-11 15:00,3178.305,2757.447,20310.450
2025-01-11T15:00Z,2025-01-11 16:00,369.285,3002.102,21001.683
2025-01-11T16:00Z,2025-01-11 17:00,0.000,3212.635,21633.443
2025-01-11T17:00Z,2025-01-11 18:00,0.000,3320.207,21728.522
2025-01-11T18:00Z,2025-01-11 19:00,0.000,3283.573,21315.920
2025-01-11T19:00Z,2025-01-11 20:00,0.000,3140.168,20652.793
2025-01-11T20:00Z,2025-01-11 21:00,0.000,2947.415,19552.042
2025-01-11T21:00Z,2025-01-11 22:00,0.000,2746.235,18178.340
2025-01-11T22:00Z,2025-01-11 23:00,0.000,2542.725,17046.003
2025-01-11T23:00Z,2025-01-12 00:00,0.000,2497.540,18218.035
2025-01-12T00:00Z,2025-01-12 01:00,0.000,2513.705,17145.717
2025-01-12T01:00Z,2025-01-12 02:00,0.000,2689.740,16446.478
2025-01-12T02:00Z,2025-01-12 03:00,0.000,2826.600,16194.110
2025-01-12T03:00Z,2025-01-12 04:00,0.000,2822.842,15973.802
2025-01-12T04:00Z,2025-01-12 05:00,0.000,2668.717,15315.272
2025-01-12T05:00Z,2025-01-12 06:00,0.000,2433.050,14321.702
2025-01-12T06:00Z,2025-01-12 07:00,0.000,2252.320,12963.792
2025-01-12T07:00Z,2025-01-12 08:00,594.205,2112.430,11872.655
2025-01-12T08:00Z,2025-01-12 09:00,3942.648,1894.460,10654.160
2025-01-12T09:00Z,2025-01-12 10:00,8089.762,1582.940,9226.657
2025-01-12T10:00Z,2025-01-12 11:00,10928.173,1256.322,7916.760
2025-01-12T11:00Z,2025-01-12 12:00,12116.000,999.345,6982.945
2025-01-12T12:00Z,2025-01-12 13:00,11416.195,806.315,6385.845
2025-01-12T13:00Z,2025-01-12 14:00,8574.055,683.192,5938.270
2025-01-12T14:00Z,2025-01-12 15:00,3984.430,601.530,5792.405
2025-01-12T15:00Z,2025-01-12 16:00,482.300,532.330,6158.052
2025-01-12T16:00Z,2025-01-12 17:00,0.000,450.460,6606.042
2025-01-12T17:00Z,2025-01-12 18:00,0.000,365.020,6498.005
2025-01-12T18:00Z,2025-01-12 19:00,0.000,282.770,5825.920
2025-01-12T19:00Z,2025-01-12 20:00,0.000,237.260,4921.798
2025-01-12T20:00Z,2025-01-12 21:00,0.000,203.015,4009.555
2025-01-12T21:00Z,2025-01-12 22:00,0.000,156.555,3294.385
2025-01-12T22:00Z,2025-01-12 23:00,0.000,170.005,2729.932
2025-01-12T23:00Z,2025-01-13 00:00,0.000,211.615,1986.493
2025-01-13T00:00Z,2025-01-13 01:00,0.000,405.368,1889.565
2025-01-13T01:00Z,2025-01-13 02:00,0.000,726.803,1801.803
2025-01-13T02:00Z,2025-01-13 03:00,0.000,1126.438,1829.235
2025-01-13T03:00Z,2025-01-13 04:00,0.000,1514.875,2027.610
2025-01-13T04:00Z,2025-01-13 05:00,0.000,1852.967,2268.823
2025-01-13T05:00Z,2025-01-13 06:00,0.000,2203.100,2490.165
2025-01-13T06:00Z,2025-01-13 07:00,0.000,2586.875,2848.670
2025-01-13T07:00Z,2025-01-13 08:00,877.433,3056.495,3445.610
2025-01-13T08:00Z,2025-01-13 09:00,5045.615,3622.778,4191.735
2025-01-13T09:00Z,2025-01-13 10:00,10147.728,4242.198,4847.025
2025-01-13T10:00Z,2025-01-13 11:00,14238.305,4704.045,5260.368
2025-01-13T11:00Z,2025-01-13 12:00,16328.540,5023.005,5372.285
2025-01-13T12:00Z,2025-01-13 13:00,15323.963,5198.025,5371.983
2025-01-13T13:00Z,2025-01-13 14:00,11512.278,5305.180,5643.775
2025-01-13T14:00Z,2025-01-13 15:00,5567.045,5462.555,6295.113
2025-01-13T15:00Z,2025-01-13 16:00,799.640,5600.800,7486.550
2025-01-13T16:00Z,2025-01-13 17:00,0.005,5630.535,9040.005
2025-01-13T17:00Z,2025-01-13 18:00,0.000,5607.017,10491.573
2025-01-13T18:00Z,2025-01-13 19:00,0.000,5564.470,11733.538
2025-01-13T19:00Z,2025-01-13 20:00,0.000,5494.690,12882.358
2025-01-13T20:00Z,2025-01-13 21:00,0.000,5401.450,13694.602
2025-01-13T21:00Z,2025-01-13 22:00,0.000,5357.555,14167.833
2025-01-13T22:00Z,2025-01-13 23:00,0.000,5258.160,14812.165
2025-01-13T23:00Z,2025-01-14 00:00,0.000,5515.858,15394.253
2025-01-14T00:00Z,2025-01-14 01:00,0.000,5469.058,15679.443
2025-01-14T01:00Z,2025-01-14 02:00,0.000,5398.203,15854.368
2025-01-14T02:00Z,2025-01-14 03:00,0.000,5350.122,15982.225
2025-01-14T03:00Z,2025-01-14 04:00,0.000,5344.215,16000.350
2025-01-14T04:00Z,2025-01-14 05:00,0.000,5349.310,16121.337
2025-01-14T05:00Z,2025-01-14 06:00,0.000,5333.250,16677.208
2025-01-14T06:00Z,2025-01-14 07:00,0.000,5276.673,16769.355
2025-01-14T07:00Z,2025-01-14 08:00,1219.680,5226.193,17103.178
2025-01-14T08:00Z,2025-01-14 09:00,6031.475,5172.685,17680.430
2025-01-14T09:00Z,2025-01-14 10:00,11124.737,5102.280,17736.970
2025-01-14T10:00Z,2025-01-14 11:00,14699.718,5054.892,17054.647
2025-01-14T11:00Z,2025-01-14 12:00,15757.265,4993.575,16771.335
2025-01-14T12:00Z,2025-01-14 13:00,13912.660,4908.030,16956.645
2025-01-14T13:00Z,2025-01-14 14:00,9747.735,4869.417,17381.440
2025-01-14T14:00Z,2025-01-14 15:00,4626.102,4796.480,17869.890
2025-01-14T15:00Z,2025-01-14 16:00,702.153,4577.730,18224.645
2025-01-14T16:00Z,2025-01-14 17:00,0.825,4324.352,18531.090
2025-01-14T17:00Z,2025-01-14 18:00,0.000,4409.052,18517.015
2025-01-14T18:00Z,2025-01-14 19:00,0.000,4589.040,18213.377
2025-01-14T19:00Z,2025-01-14 20:00,0.000,4557.087,17867.970
2025-01-14T20:00Z,2025-01-14 21:00,0.000,4213.675,17557.255
2025-01-14T21:00Z,2025-01-14 22:00,0.000,3686.135,17246.002
2025-01-14T22:00Z,2025-01-14 23:00,0.000,3139.823,16978.535
2025-01-14T23:00Z,2025-01-15 00:00,0.000,3343.615,18161.212
2025-01-15T00:00Z,2025-01-15 01:00,0.000,3234.568,17549.290
2025-01-15T01:00Z,2025-01-15 02:00,0.000,3041.685,16882.200
2025-01-15T02:00Z,2025-01-15 03:00,0.000,2774.305,16318.138
2025-01-15T03:00Z,2025-01-15 04:00,0.000,2546.510,15333.525
2025-01-15T04:00Z,2025-01-15 05:00,0.000,2238.997,13806.222
2025-01-15T05:00Z,2025-01-15 06:00,0.000,1852.128,11809.388
2025-01-15T06:00Z,2025-01-15 07:00,0.005,1409.072,9730.445
2025-01-15T07:00Z,2025-01-15 08:00,234.545,812.870,8243.442
2025-01-15T08:00Z,2025-01-15 09:00,1293.450,435.708,6849.610
2025-01-15T09:00Z,2025-01-15 10:00,2855.707,213.080,5524.783
2025-01-15T10:00Z,2025-01-15 11:00,4138.510,113.685,4345.823
2025-01-15T11:00Z,2025-01-15 12:00,4670.033,113.942,3464.845
2025-01-15T12:00Z,2025-01-15 13:00,4332.682,170.695,2947.125
2025-01-15T13:00Z,2025-01-15 14:00,3061.425,263.572,2706.218
2025-01-15T14:00Z,2025-01-15 15:00,1407.967,359.700,2646.710
2025-01-15T15:00Z,2025-01-15 16:00,232.715,465.433,2679.318
2025-01-15T16:00Z,2025-01-15 17:00,0.125,575.785,2631.003
2025-01-15T17:00Z,2025-01-15 18:00,0.000,664.885,2527.858
2025-01-15T18:00Z,2025-01-15 19:00,0.000,719.553,2341.645
2025-01-15T19:00Z,2025-01-15 20:00,0.000,782.072,2155.165
2025-01-15T20:00Z,2025-01-15 21:00,0.000,918.528,2151.540
2025-01-15T21:00Z,2025-01-15 22:00,0.000,1113.265,2320.795
2025-01-15T22:00Z,2025-01-15 23:00,0.000,1338.057,2618.767
2025-01-15T23:00Z,2025-01-16 00:00,0.000,1381.608,2193.198
2025-01-16T00:00Z,2025-01-16 01:00,0.000,1591.690,2560.710
2025-01-16T01:00Z,2025-01-16 02:00,0.000,1805.555,2956.755
2025-01-16T02:00Z,2025-01-16 03:00,0.000,2018.942,3387.220
2025-01-16T03:00Z,2025-01-16 04:00,0.000,2188.625,3828.700
2025-01-16T04:00Z,2025-01-16 05:00,0.000,2294.445,4298.135
2025-01-16T05:00Z,2025-01-16 06:00,0.000,2416.543,4862.137
2025-01-16T06:00Z,2025-01-16 07:00,0.022,2678.240,5525.725
2025-01-16T07:00Z,2025-01-16 08:00,473.880,3105.265,6250.627
2025-01-16T08:00Z,2025-01-16 09:00,3190.267,3569.108,6773.850
2025-01-16T09:00Z,2025-01-16 10:00,6871.590,3915.225,6973.040
2025-01-16T10:00Z,2025-01-16 11:00,9900.225,4095.848,6816.270
2025-01-16T11:00Z,2025-01-16 12:00,11303.380,4136.007,6330.480
2025-01-16T12:00Z,2025-01-16 13:00,10692.660,4007.735,5606.185
2025-01-16T13:00Z,2025-01-16 14:00,8129.743,3788.520,4949.570
2025-01-16T14:00Z,2025-01-16 15:00,4120.908,3630.205,4531.485
2025-01-16T15:00Z,2025-01-16 16:00,699.360,3495.287,4649.427
2025-01-16T16:00Z,2025-01-16 17:00,0.282,3409.957,5180.608
2025-01-16T17:00Z,2025-01-16 18:00,0.000,3445.390,5615.802
2025-01-16T18:00Z,2025-01-16 19:00,0.000,3566.577,5742.060
2025-01-16T19:00Z,2025-01-16 20:00,0.000,3656.733,5738.130
2025-01-16T20:00Z,2025-01-16 21:00,0.000,3673.955,5591.845
2025-01-16T21:00Z,2025-01-16 22:00,0.000,3636.395,5358.257
2025-01-16T22:00Z,2025-01-16 23:00,0.000,3582.673,5054.650
2025-01-16T23:00Z,2025-01-17 00:00,0.000,3836.335,4702.148
2025-01-17T00:00Z,2025-01-17 01:00,0.000,3768.330,4587.917
2025-01-17T01:00Z,2025-01-17 02:00,0.000,3663.295,4338.975
2025-01-17T02:00Z,2025-01-17 03:00,0.000,3532.780,4038.465
2025-01-17T03:00Z,2025-01-17 04:00,0.000,3398.120,3686.000
2025-01-17T04:00Z,2025-01-17 05:00,0.000,3275.938,3336.733
2025-01-17T05:00Z,2025-01-17 06:00,0.000,3167.963,3027.577
2025-01-17T06:00Z,2025-01-17 07:00,0.007,3121.262,2834.868
2025-01-17T07:00Z,2025-01-17 08:00,630.757,3110.368,2780.287
2025-01-17T08:00Z,2025-01-17 09:00,3711.800,3079.988,2688.702
2025-01-17T09:00Z,2025-01-17 10:00,7935.475,3046.025,2417.182
2025-01-17T10:00Z,2025-01-17 11:00,11656.243,3086.970,2036.900
2025-01-17T11:00Z,2025-01-17 12:00,13950.312,3176.075,1749.328
2025-01-17T12:00Z,2025-01-17 13:00,13533.785,3231.762,1643.443
2025-01-17T13:00Z,2025-01-17 14:00,10319.073,3203.195,1654.725
2025-01-17T14:00Z,2025-01-17 15:00,5120.523,3089.710,1902.867
2025-01-17T15:00Z,2025-01-17 16:00,834.067,2942.080,2354.648
2025-01-17T16:00Z,2025-01-17 17:00,0.315,2763.775,2717.202
2025-01-17T17:00Z,2025-01-17 18:00,0.000,2523.645,2897.398
2025-01-17T18:00Z,2025-01-17 19:00,0.000,2299.160,2939.045
2025-01-17T19:00Z,2025-01-17 20:00,0.000,2168.900,2962.028
2025-01-17T20:00Z,2025-01-17 21:00,0.000,2134.948,3036.727
2025-01-17T21:00Z,2025-01-17 22:00,0.000,2154.225,3117.552
2025-01-17T22:00Z,2025-01-17 23:00,0.000,2141.177,3204.610
2025-01-17T23:00Z,2025-01-18 00:00,0.000,2155.820,3253.725
2025-01-18T00:00Z,2025-01-18 01:00,0.000,2019.408,3273.668
2025-01-18T01:00Z,2025-01-18 02:00,0.000,1820.372,3242.618
2025-01-18T02:00Z,2025-01-18 03:00,0.000,1616.457,3260.717
2025-01-18T03:00Z,2025-01-18 04:00,0.000,1387.965,3223.137
2025-01-18T04:00Z,2025-01-18 05:00,0.000,1162.130,3127.935
2025-01-18T05:00Z,2025-01-18 06:00,0.000,942.298,3008.198
2025-01-18T06:00Z,2025-01-18 07:00,0.160,725.375,2808.715
2025-01-18T07:00Z,2025-01-18 08:00,866.155,550.712,2770.185
2025-01-18T08:00Z,2025-01-18 09:00,4838.903,429.770,2684.153
2025-01-18T09:00Z,2025-01-18 10:00,10143.823,379.268,2433.798
2025-01-18T10:00Z,2025-01-18 11:00,14866.368,369.780,2024.332
2025-01-18T11:00Z,2025-01-18 12:00,17327.382,377.300,1622.030
2025-01-18T12:00Z,2025-01-18 13:00,16429.528,369.120,1414.668
2025-01-18T13:00Z,2025-01-18 14:00,12413.503,351.695,1432.582
2025-01-18T14:00Z,2025-01-18 15:00,6254.628,352.760,1761.242
2025-01-18T15:00Z,2025-01-18 16:00,1074.320,375.892,2446.368
2025-01-18T16:00Z,2025-01-18 17:00,0.323,417.822,3389.540
2025-01-18T17:00Z,2025-01-18 18:00,0.000,454.022,4206.555
2025-01-18T18:00Z,2025-01-18 19:00,0.000,477.717,4655.477
2025-01-18T19:00Z,2025-01-18 20:00,0.000,487.507,4903.840
2025-01-18T20:00Z,2025-01-18 21:00,0.000,478.795,4975.222
2025-01-18T21:00Z,2025-01-18 22:00,0.000,455.533,4918.182
2025-01-18T22:00Z,2025-01-18 23:00,0.000,436.835,4843.975
2025-01-18T23:00Z,2025-01-19 00:00,0.000,518.025,5144.845
2025-01-19T00:00Z,2025-01-19 01:00,0.000,444.045,5287.913
2025-01-19T01:00Z,2025-01-19 02:00,0.000,357.528,5342.227
2025-01-19T02:00Z,2025-01-19 03:00,0.000,303.045,5336.573
2025-01-19T03:00Z,2025-01-19 04:00,0.000,299.450,5302.552
2025-01-19T04:00Z,2025-01-19 05:00,0.000,333.447,5324.790
2025-01-19T05:00Z,2025-01-19 06:00,0.000,382.998,5470.333
2025-01-19T06:00Z,2025-01-19 07:00,0.347,430.592,5641.738
2025-01-19T07:00Z,2025-01-19 08:00,1229.590,471.810,5896.990
2025-01-19T08:00Z,2025-01-19 09:00,6740.333,486.585,6028.163
2025-01-19T09:00Z,2025-01-19 10:00,13695.448,470.342,5823.182
2025-01-19T10:00Z,2025-01-19 11:00,19618.360,407.200,5010.820
2025-01-19T11:00Z,2025-01-19 12:00,21972.750,309.725,3947.503
2025-01-19T12:00Z,2025-01-19 13:00,19935.153,219.995,3503.725
2025-01-19T13:00Z,2025-01-19 14:00,14325.070,167.445,3770.753
2025-01-19T14:00Z,2025-01-19 15:00,7111.432,146.233,4740.262
2025-01-19T15:00Z,2025-01-19 16:00,1235.190,150.170,6297.135
2025-01-19T16:00Z,2025-01-19 17:00,2.558,162.870,7734.595
2025-01-19T17:00Z,2025-01-19 18:00,0.000,192.183,8424.698
2025-01-19T18:00Z,2025-01-19 19:00,0.000,227.050,8407.642
2025-01-19T19:00Z,2025-01-19 20:00,0.000,260.837,7977.012
2025-01-19T20:00Z,2025-01-19 21:00,0.000,273.582,7420.380
2025-01-19T21:00Z,2025-01-19 22:00,0.000,258.053,6837.620
2025-01-19T22:00Z,2025-01-19 23:00,0.000,247.827,6289.517
2025-01-19T23:00Z,2025-01-20 00:00,0.000,201.137,5662.632
2025-01-20T00:00Z,2025-01-20 01:00,0.000,203.972,5352.055
2025-01-20T01:00Z,2025-01-20 02:00,0.000,205.582,5126.850
2025-01-20T02:00Z,2025-01-20 03:00,0.000,213.863,4863.680
2025-01-20T03:00Z,2025-01-20 04:00,0.000,234.725,4565.945
2025-01-20T04:00Z,2025-01-20 05:00,0.000,257.940,4243.917
2025-01-20T05:00Z,2025-01-20 06:00,0.000,279.095,3962.775
2025-01-20T06:00Z,2025-01-20 07:00,0.365,297.952,3726.467
2025-01-20T07:00Z,2025-01-20 08:00,1154.685,314.433,3580.117
2025-01-20T08:00Z,2025-01-20 09:00,5769.347,332.168,3271.310
2025-01-20T09:00Z,2025-01-20 10:00,11425.097,348.350,2640.562
2025-01-20T10:00Z,2025-01-20 11:00,15819.667,366.925,1880.745
2025-01-20T11:00Z,2025-01-20 12:00,17473.085,399.403,1287.577
2025-01-20T12:00Z,2025-01-20 13:00,15619.837,424.298,1044.815
2025-01-20T13:00Z,2025-01-20 14:00,11157.333,465.577,1078.787
2025-01-20T14:00Z,2025-01-20 15:00,5521.497,565.538,1365.852
2025-01-20T15:00Z,2025-01-20 16:00,1025.628,722.170,1934.432
2025-01-20T16:00Z,2025-01-20 17:00,3.625,906.832,2486.435
2025-01-20T17:00Z,2025-01-20 18:00,0.000,1157.537,2849.727
2025-01-20T18:00Z,2025-01-20 19:00,0.000,1490.240,3152.713
2025-01-20T19:00Z,2025-01-20 20:00,0.000,1796.145,3349.387
2025-01-20T20:00Z,2025-01-20 21:00,0.000,2040.890,3400.102
2025-01-20T21:00Z,2025-01-20 22:00,0.000,2228.572,3382.102
2025-01-20T22:00Z,2025-01-20 23:00,0.000,2324.890,3246.588
2025-01-20T23:00Z,2025-01-21 00:00,0.000,3499.952,3721.872
2025-01-21T00:00Z,2025-01-21 01:00,0.000,3542.595,3625.438
2025-01-21T01:00Z,2025-01-21 02:00,0.000,3582.045,3506.758
2025-01-21T02:00Z,2025-01-21 03:00,0.000,3652.400,3505.360
2025-01-21T03:00Z,2025-01-21 04:00,0.000,3762.485,3557.132
2025-01-21T04:00Z,2025-01-21 05:00,0.000,3883.613,3665.990
2025-01-21T05:00Z,2025-01-21 06:00,0.000,3988.387,3899.227
2025-01-21T06:00Z,2025-01-21 07:00,0.370,4100.658,4028.932
2025-01-21T07:00Z,2025-01-21 08:00,892.835,4176.915,4053.102
2025-01-21T08:00Z,2025-01-21 09:00,4791.917,4178.180,3940.258
2025-01-21T09:00Z,2025-01-21 10:00,9862.452,4125.900,3563.908
2025-01-21T10:00Z,2025-01-21 11:00,14492.222,4038.122,2953.108
2025-01-21T11:00Z,2025-01-21 12:00,17378.802,3941.825,2416.352
2025-01-21T12:00Z,2025-01-21 13:00,16729.315,3777.608,2159.863
2025-01-21T13:00Z,2025-01-21 14:00,12719.165,3482.503,2093.385
2025-01-21T14:00Z,2025-01-21 15:00,6594.875,3150.525,2243.320
2025-01-21T15:00Z,2025-01-21 16:00,1354.477,2850.383,2771.250
2025-01-21T16:00Z,2025-01-21 17:00,6.940,2696.205,3553.713
2025-01-21T17:00Z,2025-01-21 18:00,0.000,2685.955,4343.195
2025-01-21T18:00Z,2025-01-21 19:00,0.000,2706.492,4962.523
2025-01-21T19:00Z,2025-01-21 20:00,0.000,2688.662,5407.610
2025-01-21T20:00Z,2025-01-21 21:00,0.000,2594.952,5615.770
2025-01-21T21:00Z,2025-01-21 22:00,0.000,2382.065,5722.005
2025-01-21T22:00Z,2025-01-21 23:00,0.000,2049.798,5850.505
2025-01-21T23:00Z,2025-01-22 00:00,0.000,1833.237,4891.523
2025-01-22T00:00Z,2025-01-22 01:00,0.000,1428.622,5240.325
2025-01-22T01:00Z,2025-01-22 02:00,0.000,1127.207,5683.330
2025-01-22T02:00Z,2025-01-22 03:00,0.000,914.952,6144.922
2025-01-22T03:00Z,2025-01-22 04:00,0.000,766.030,6695.507
2025-01-22T04:00Z,2025-01-22 05:00,0.000,689.005,7488.177
2025-01-22T05:00Z,2025-01-22 06:00,0.000,685.065,8653.083
2025-01-22T06:00Z,2025-01-22 07:00,0.185,742.447,9940.362
2025-01-22T07:00Z,2025-01-22 08:00,904.273,830.745,11473.483
2025-01-22T08:00Z,2025-01-22 09:00,4554.230,898.555,12444.910
2025-01-22T09:00Z,2025-01-22 10:00,8960.483,903.370,12733.653
2025-01-22T10:00Z,2025-01-22 11:00,11945.397,862.222,12413.618
2025-01-22T11:00Z,2025-01-22 12:00,12601.290,773.580,11608.470
2025-01-22T12:00Z,2025-01-22 13:00,10762.628,683.700,11357.560
2025-01-22T13:00Z,2025-01-22 14:00,7454.440,657.763,11574.935
2025-01-22T14:00Z,2025-01-22 15:00,3687.610,718.290,12381.500
2025-01-22T15:00Z,2025-01-22 16:00,681.688,865.878,13951.023
2025-01-22T16:00Z,2025-01-22 17:00,4.463,1075.385,15586.202
2025-01-22T17:00Z,2025-01-22 18:00,0.000,1286.878,16881.585
2025-01-22T18:00Z,2025-01-22 19:00,0.000,1421.838,17830.283
2025-01-22T19:00Z,2025-01-22 20:00,0.000,1445.645,18594.228
2025-01-22T20:00Z,2025-01-22 21:00,0.000,1402.438,18785.465
2025-01-22T21:00Z,2025-01-22 22:00,0.000,1380.395,18615.375
2025-01-22T22:00Z,2025-01-22 23:00,0.000,1377.108,18656.737
2025-01-22T23:00Z,2025-01-23 00:00,0.000,1949.255,19593.910
2025-01-23T00:00Z,2025-01-23 01:00,0.000,1937.628,19550.965
2025-01-23T01:00Z,2025-01-23 02:00,0.000,2043.185,19864.838
2025-01-23T02:00Z,2025-01-23 03:00,0.000,2329.467,20188.255
2025-01-23T03:00Z,2025-01-23 04:00,0.000,2801.405,20455.680
2025-01-23T04:00Z,2025-01-23 05:00,0.000,3425.742,21281.680
2025-01-23T05:00Z,2025-01-23 06:00,0.000,4137.765,22576.588
2025-01-23T06:00Z,2025-01-23 07:00,1.985,4853.962,23345.137
2025-01-23T07:00Z,2025-01-23 08:00,323.918,5280.163,24628.145
2025-01-23T08:00Z,2025-01-23 09:00,1566.860,5423.288,25872.635
2025-01-23T09:00Z,2025-01-23 10:00,3169.720,5388.858,26836.062
2025-01-23T10:00Z,2025-01-23 11:00,4744.922,5238.055,27421.888
2025-01-23T11:00Z,2025-01-23 12:00,5783.467,5155.993,27818.993
2025-01-23T12:00Z,2025-01-23 13:00,5891.312,5160.480,28093.202
2025-01-23T13:00Z,2025-01-23 14:00,5023.075,5143.485,27885.410
2025-01-23T14:00Z,2025-01-23 15:00,2879.470,5194.618,27522.193
2025-01-23T15:00Z,2025-01-23 16:00,629.865,5303.648,27796.005
2025-01-23T16:00Z,2025-01-23 17:00,6.322,5482.075,28539.280
2025-01-23T17:00Z,2025-01-23 18:00,0.000,5662.315,29552.518
2025-01-23T18:00Z,2025-01-23 19:00,0.000,5802.025,30810.513
2025-01-23T19:00Z,2025-01-23 20:00,0.000,5819.773,32595.350
2025-01-23T20:00Z,2025-01-23 21:00,0.000,5714.573,34142.988
2025-01-23T21:00Z,2025-01-23 22:00,0.000,5561.337,34320.335
2025-01-23T22:00Z,2025-01-23 23:00,0.000,5442.488,34618.478
2025-01-23T23:00Z,2025-01-24 00:00,0.000,5879.953,30014.533
2025-01-24T00:00Z,2025-01-24 01:00,0.000,5719.545,29654.948
2025-01-24T01:00Z,2025-01-24 02:00,0.000,5717.052,28967.853
2025-01-24T02:00Z,2025-01-24 03:00,0.000,5728.440,27921.640
2025-01-24T03:00Z,2025-01-24 04:00,0.000,5678.815,26699.660
2025-01-24T04:00Z,2025-01-24 05:00,0.000,5696.323,25571.673
2025-01-24T05:00Z,2025-01-24 06:00,0.000,5731.465,25186.452
2025-01-24T06:00Z,2025-01-24 07:00,2.525,5833.148,24765.693
2025-01-24T07:00Z,2025-01-24 08:00,831.265,5881.568,25516.332
2025-01-24T08:00Z,2025-01-24 09:00,3792.358,5838.245,26482.677
2025-01-24T09:00Z,2025-01-24 10:00,7123.898,5680.182,27248.912
2025-01-24T10:00Z,2025-01-24 11:00,9249.302,5335.597,28265.395
2025-01-24T11:00Z,2025-01-24 12:00,9721.965,4935.668,29810.100
2025-01-24T12:00Z,2025-01-24 13:00,8441.663,4698.035,32114.237
2025-01-24T13:00Z,2025-01-24 14:00,5799.283,4648.540,33881.298
2025-01-24T14:00Z,2025-01-24 15:00,2895.930,4804.355,35551.522
2025-01-24T15:00Z,2025-01-24 16:00,642.697,5047.910,36657.493
2025-01-24T16:00Z,2025-01-24 17:00,10.273,5212.775,36956.577
2025-01-24T17:00Z,2025-01-24 18:00,0.000,5297.405,36309.465
2025-01-24T18:00Z,2025-01-24 19:00,0.000,5383.868,35161.092
2025-01-24T19:00Z,2025-01-24 20:00,0.000,5456.952,33960.070
2025-01-24T20:00Z,2025-01-24 21:00,0.000,5497.458,32155.715
2025-01-24T21:00Z,2025-01-24 22:00,0.000,5699.903,29218.320
2025-01-24T22:00Z,2025-01-24 23:00,0.000,5775.273,26710.853
2025-01-24T23:00Z,2025-01-25 00:00,0.000,5869.170,23293.955
2025-01-25T00:00Z,2025-01-25 01:00,0.000,5698.340,21703.868
2025-01-25T01:00Z,2025-01-25 02:00,0.000,5266.128,20833.972
2025-01-25T02:00Z,2025-01-25 03:00,0.000,4687.847,20468.007
2025-01-25T03:00Z,2025-01-25 04:00,0.000,4119.070,20333.482
2025-01-25T04:00Z,2025-01-25 05:00,0.000,3686.565,20523.380
2025-01-25T05:00Z,2025-01-25 06:00,0.000,3296.338,21215.392
2025-01-25T06:00Z,2025-01-25 07:00,4.487,3004.060,21807.275
2025-01-25T07:00Z,2025-01-25 08:00,835.322,2818.273,22827.503
2025-01-25T08:00Z,2025-01-25 09:00,3463.600,2648.290,23508.835
2025-01-25T09:00Z,2025-01-25 10:00,6229.630,2596.765,23583.702
2025-01-25T10:00Z,2025-01-25 11:00,8492.077,2775.957,23074.020
2025-01-25T11:00Z,2025-01-25 12:00,9766.565,3032.993,22391.270
2025-01-25T12:00Z,2025-01-25 13:00,9651.160,3157.830,21697.248
2025-01-25T13:00Z,2025-01-25 14:00,7733.868,3045.582,20164.635
2025-01-25T14:00Z,2025-01-25 15:00,4226.898,2836.480,17630.185
2025-01-25T15:00Z,2025-01-25 16:00,958.155,2723.250,14851.545
2025-01-25T16:00Z,2025-01-25 17:00,6.367,2642.838,12326.640
2025-01-25T17:00Z,2025-01-25 18:00,0.000,2508.475,10356.483
2025-01-25T18:00Z,2025-01-25 19:00,0.000,2328.948,8898.250
2025-01-25T19:00Z,2025-01-25 20:00,0.000,2100.070,7838.927
2025-01-25T20:00Z,2025-01-25 21:00,0.000,1871.600,7036.950
2025-01-25T21:00Z,2025-01-25 22:00,0.000,1656.620,6468.453
2025-01-25T22:00Z,2025-01-25 23:00,0.000,1458.523,6251.797
2025-01-25T23:00Z,2025-01-26 00:00,0.000,721.987,7702.905
2025-01-26T00:00Z,2025-01-26 01:00,0.000,419.817,8101.472
2025-01-26T01:00Z,2025-01-26 02:00,0.000,275.605,8438.493
2025-01-26T02:00Z,2025-01-26 03:00,0.000,227.472,9087.493
2025-01-26T03:00Z,2025-01-26 04:00,0.000,230.700,9824.112
2025-01-26T04:00Z,2025-01-26 05:00,0.000,258.587,10301.660
2025-01-26T05:00Z,2025-01-26 06:00,0.000,345.147,10442.517
2025-01-26T06:00Z,2025-01-26 07:00,4.415,507.725,10067.407
2025-01-26T07:00Z,2025-01-26 08:00,484.870,730.252,9774.528
2025-01-26T08:00Z,2025-01-26 09:00,2510.350,973.668,9507.230
2025-01-26T09:00Z,2025-01-26 10:00,5354.410,1238.075,9263.220
2025-01-26T10:00Z,2025-01-26 11:00,8020.113,1482.910,8834.688
2025-01-26T11:00Z,2025-01-26 12:00,9976.087,1754.798,8251.507
2025-01-26T12:00Z,2025-01-26 13:00,10408.925,2069.175,7726.023
2025-01-26T13:00Z,2025-01-26 14:00,9069.175,2263.742,7040.462
2025-01-26T14:00Z,2025-01-26 15:00,5496.948,2505.957,6326.137
2025-01-26T15:00Z,2025-01-26 16:00,1461.783,2961.230,6507.420
2025-01-26T16:00Z,2025-01-26 17:00,16.980,3749.372,8521.307
2025-01-26T17:00Z,2025-01-26 18:00,0.000,4505.405,11935.323
2025-01-26T18:00Z,2025-01-26 19:00,0.000,4919.432,16182.993
2025-01-26T19:00Z,2025-01-26 20:00,0.000,5153.903,19996.732
2025-01-26T20:00Z,2025-01-26 21:00,0.000,5294.385,22585.698
2025-01-26T21:00Z,2025-01-26 22:00,0.000,5380.440,24127.180
2025-01-26T22:00Z,2025-01-26 23:00,0.000,5426.443,25660.285
2025-01-26T23:00Z,2025-01-27 00:00,0.000,5168.040,26094.700
2025-01-27T00:00Z,2025-01-27 01:00,0.000,5064.970,27281.595
2025-01-27T01:00Z,2025-01-27 02:00,0.000,5004.023,28926.963
2025-01-27T02:00Z,2025-01-27 03:00,0.000,5048.390,31035.485
2025-01-27T03:00Z,2025-01-27 04:00,0.000,5190.095,33516.357
2025-01-27T04:00Z,2025-01-27 05:00,0.000,5405.382,36019.033
2025-01-27T05:00Z,2025-01-27 06:00,0.000,5545.705,38694.667
2025-01-27T06:00Z,2025-01-27 07:00,8.492,5577.850,39784.010
2025-01-27T07:00Z,2025-01-27 08:00,648.822,5428.760,40362.743
2025-01-27T08:00Z,2025-01-27 09:00,2828.062,5311.597,40023.077
2025-01-27T09:00Z,2025-01-27 10:00,5484.840,5296.135,39130.283
2025-01-27T10:00Z,2025-01-27 11:00,7353.712,5310.090,38153.542
2025-01-27T11:00Z,2025-01-27 12:00,8032.790,5325.365,37190.107
2025-01-27T12:00Z,2025-01-27 13:00,7841.233,5323.233,35887.080
2025-01-27T13:00Z,2025-01-27 14:00,6303.658,5438.710,32920.640
2025-01-27T14:00Z,2025-01-27 15:00,3461.398,5714.130,29644.803
2025-01-27T15:00Z,2025-01-27 16:00,911.562,5983.618,27494.335
2025-01-27T16:00Z,2025-01-27 17:00,17.968,6077.188,26694.710
2025-01-27T17:00Z,2025-01-27 18:00,0.000,6037.467,26883.045
2025-01-27T18:00Z,2025-01-27 19:00,0.000,5915.240,27967.640
2025-01-27T19:00Z,2025-01-27 20:00,0.000,5779.097,28815.830
2025-01-27T20:00Z,2025-01-27 21:00,0.000,5643.548,28792.808
2025-01-27T21:00Z,2025-01-27 22:00,0.000,5519.295,27814.440
2025-01-27T22:00Z,2025-01-27 23:00,0.000,5505.605,27138.177
2025-01-27T23:00Z,2025-01-28 00:00,0.000,5405.540,24675.927
2025-01-28T00:00Z,2025-01-28 01:00,0.000,5374.352,23633.463
2025-01-28T01:00Z,2025-01-28 02:00,0.000,5368.378,22639.763
2025-01-28T02:00Z,2025-01-28 03:00,0.000,5361.890,21656.240
2025-01-28T03:00Z,2025-01-28 04:00,0.000,5357.682,20804.135
2025-01-28T04:00Z,2025-01-28 05:00,0.000,5342.153,20224.037
2025-01-28T05:00Z,2025-01-28 06:00,0.000,5314.557,20035.393
2025-01-28T06:00Z,2025-01-28 07:00,7.085,5229.083,19304.623
2025-01-28T07:00Z,2025-01-28 08:00,615.645,5060.792,19008.982
2025-01-28T08:00Z,2025-01-28 09:00,2963.955,4927.253,18441.095
2025-01-28T09:00Z,2025-01-28 10:00,5795.030,4881.373,17235.315
2025-01-28T10:00Z,2025-01-28 11:00,7780.733,4842.260,16120.378
2025-01-28T11:00Z,2025-01-28 12:00,8367.155,4685.052,15803.015
2025-01-28T12:00Z,2025-01-28 13:00,7589.240,4509.432,16239.308
2025-01-28T13:00Z,2025-01-28 14:00,5761.747,4495.733,16146.320
2025-01-28T14:00Z,2025-01-28 15:00,3162.970,4503.573,15999.975
2025-01-28T15:00Z,2025-01-28 16:00,787.390,4560.003,17167.895
2025-01-28T16:00Z,2025-01-28 17:00,21.233,4729.235,19210.235
2025-01-28T17:00Z,2025-01-28 18:00,0.000,4832.550,21033.965
2025-01-28T18:00Z,2025-01-28 19:00,0.000,4852.165,22500.925
2025-01-28T19:00Z,2025-01-28 20:00,0.000,4813.565,23958.370
2025-01-28T20:00Z,2025-01-28 21:00,0.000,4680.045,24839.772
2025-01-28T21:00Z,2025-01-28 22:00,0.000,4465.250,24988.460
2025-01-28T22:00Z,2025-01-28 23:00,0.000,4265.750,25366.730
2025-01-28T23:00Z,2025-01-29 00:00,0.000,3938.227,23663.100
2025-01-29T00:00Z,2025-01-29 01:00,0.000,3484.622,23904.388
2025-01-29T01:00Z,2025-01-29 02:00,0.000,3091.363,24308.338
2025-01-29T02:00Z,2025-01-29 03:00,0.000,2738.055,24666.070
2025-01-29T03:00Z,2025-01-29 04:00,0.000,2349.070,25001.717
2025-01-29T04:00Z,2025-01-29 05:00,0.000,1954.715,25499.802
2025-01-29T05:00Z,2025-01-29 06:00,0.000,1635.210,26387.540
2025-01-29T06:00Z,2025-01-29 07:00,10.088,1532.520,26780.620
2025-01-29T07:00Z,2025-01-29 08:00,744.962,1798.463,27483.775
2025-01-29T08:00Z,2025-01-29 09:00,3184.438,2422.505,28169.303
2025-01-29T09:00Z,2025-01-29 10:00,6023.347,3129.477,28937.335
2025-01-29T10:00Z,2025-01-29 11:00,8223.785,3637.878,30210.375
2025-01-29T11:00Z,2025-01-29 12:00,9787.610,3825.905,31715.592
2025-01-29T12:00Z,2025-01-29 13:00,10527.837,4051.993,32704.870
2025-01-29T13:00Z,2025-01-29 14:00,9590.528,4172.410,31757.208
2025-01-29T14:00Z,2025-01-29 15:00,6229.335,4202.792,29236.570
2025-01-29T15:00Z,2025-01-29 16:00,1831.812,4353.392,26637.233
2025-01-29T16:00Z,2025-01-29 17:00,29.072,4453.642,24611.075
2025-01-29T17:00Z,2025-01-29 18:00,0.000,4578.378,23323.237
2025-01-29T18:00Z,2025-01-29 19:00,0.000,4776.938,22279.193
2025-01-29T19:00Z,2025-01-29 20:00,0.000,5114.812,21520.842
2025-01-29T20:00Z,2025-01-29 21:00,0.000,5358.523,20762.730
2025-01-29T21:00Z,2025-01-29 22:00,0.000,5484.065,19594.090
2025-01-29T22:00Z,2025-01-29 23:00,0.000,5407.467,18665.028
2025-01-29T23:00Z,2025-01-30 00:00,0.000,5323.128,18086.007
2025-01-30T00:00Z,2025-01-30 01:00,0.000,5080.690,17209.487
2025-01-30T01:00Z,2025-01-30 02:00,0.000,4809.273,16242.243
2025-01-30T02:00Z,2025-01-30 03:00,0.000,4435.208,15324.360
2025-01-30T03:00Z,2025-01-30 04:00,0.000,4056.742,14161.705
2025-01-30T04:00Z,2025-01-30 05:00,0.000,3754.945,12693.045
2025-01-30T05:00Z,2025-01-30 06:00,0.000,3580.593,11373.142
2025-01-30T06:00Z,2025-01-30 07:00,28.045,3504.810,9930.663
2025-01-30T07:00Z,2025-01-30 08:00,1546.132,3325.463,8801.870
2025-01-30T08:00Z,2025-01-30 09:00,5452.310,3193.500,7752.370
2025-01-30T09:00Z,2025-01-30 10:00,9503.417,3080.713,6582.702
2025-01-30T10:00Z,2025-01-30 11:00,12200.465,2936.443,5472.975
2025-01-30T11:00Z,2025-01-30 12:00,12781.237,2826.472,4902.330
2025-01-30T12:00Z,2025-01-30 13:00,11361.220,2784.190,4824.650
2025-01-30T13:00Z,2025-01-30 14:00,8506.808,2782.363,4959.797
2025-01-30T14:00Z,2025-01-30 15:00,4678.667,2821.812,5260.785
2025-01-30T15:00Z,2025-01-30 16:00,1268.895,2869.653,5806.093
2025-01-30T16:00Z,2025-01-30 17:00,25.700,2920.690,6432.773
2025-01-30T17:00Z,2025-01-30 18:00,0.000,2984.615,7056.535
2025-01-30T18:00Z,2025-01-30 19:00,0.000,3127.195,7822.562
2025-01-30T19:00Z,2025-01-30 20:00,0.000,3344.047,8949.942
2025-01-30T20:00Z,2025-01-30 21:00,0.000,3542.717,9944.257
2025-01-30T21:00Z,2025-01-30 22:00,0.000,3704.195,10573.872
2025-01-30T22:00Z,2025-01-30 23:00,0.000,3775.943,11003.285
2025-01-30T23:00Z,2025-01-31 00:00,0.000,4517.815,12829.695
2025-01-31T00:00Z,2025-01-31 01:00,0.000,4590.605,12993.592
2025-01-31T01:00Z,2025-01-31 02:00,0.000,4648.778,13032.352
2025-01-31T02:00Z,2025-01-31 03:00,0.000,4736.185,13308.425
2025-01-31T03:00Z,2025-01-31 04:00,0.000,4633.440,13636.112
2025-01-31T04:00Z,2025-01-31 05:00,0.000,4353.655,13816.520
2025-01-31T05:00Z,2025-01-31 06:00,0.000,3841.630,14060.845
2025-01-31T06:00Z,2025-01-31 07:00,16.707,3461.145,13738.623
2025-01-31T07:00Z,2025-01-31 08:00,1432.255,3177.240,13263.175
2025-01-31T08:00Z,2025-01-31 09:00,5546.380,2891.213,12411.860
2025-01-31T09:00Z,2025-01-31 10:00,9909.780,2556.845,11640.878
2025-01-31T10:00Z,2025-01-31 11:00,13125.278,2223.328,11160.195
2025-01-31T11:00Z,2025-01-31 12:00,14446.250,1884.080,11031.160
2025-01-31T12:00Z,2025-01-31 13:00,13436.305,1599.548,10686.323
2025-01-31T13:00Z,2025-01-31 14:00,10464.092,1376.507,9590.475
2025-01-31T14:00Z,2025-01-31 15:00,6123.182,1197.642,8009.190
2025-01-31T15:00Z,2025-01-31 16:00,1715.705,1076.775,6959.267
2025-01-31T16:00Z,2025-01-31 17:00,44.480,986.743,6845.182
2025-01-31T17:00Z,2025-01-31 18:00,0.000,923.062,6968.330
2025-01-31T18:00Z,2025-01-31 19:00,0.000,859.700,6955.920
2025-01-31T19:00Z,2025-01-31 20:00,0.000,800.130,6661.420
2025-01-31T20:00Z,2025-01-31 21:00,0.000,748.680,6213.175
2025-01-31T21:00Z,2025-01-31 22:00,0.000,700.765,5813.743
2025-01-31T22:00Z,2025-01-31 23:00,0.000,674.688,5530.760
2025-01-31T23:00Z,2025-02-01 00:00,0.000,505.490,5441.825
2025-02-01T00:00Z,2025-02-01 01:00,0.000,502.105,5156.095
2025-02-01T01:00Z,2025-02-01 02:00,0.000,524.803,4888.225
2025-02-01T02:00Z,2025-02-01 03:00,0.000,568.438,4627.470
2025-02-01T03:00Z,2025-02-01 04:00,0.000,578.130,4418.738
2025-02-01T04:00Z,2025-02-01 05:00,0.000,548.900,4319.220
2025-02-01T05:00Z,2025-02-01 06:00,0.000,502.210,4143.435
2025-02-01T06:00Z,2025-02-01 07:00,33.930,484.540,3867.285
2025-02-01T07:00Z,2025-02-01 08:00,2406.578,492.267,3697.300
2025-02-01T08:00Z,2025-02-01 09:00,8390.985,515.195,3355.033
2025-02-01T09:00Z,2025-02-01 10:00,15183.042,539.992,2715.320
2025-02-01T10:00Z,2025-02-01 11:00,20682.240,549.747,2147.727
2025-02-01T11:00Z,2025-02-01 12:00,22466.252,542.707,1860.785
2025-02-01T12:00Z,2025-02-01 13:00,21022.533,508.220,1649.747
2025-02-01T13:00Z,2025-02-01 14:00,16200.662,461.710,1561.615
2025-02-01T14:00Z,2025-02-01 15:00,9166.628,426.225,1559.368
2025-02-01T15:00Z,2025-02-01 16:00,2782.577,385.155,1830.972
2025-02-01T16:00Z,2025-02-01 17:00,61.913,341.980,2663.543
2025-02-01T17:00Z,2025-02-01 18:00,0.000,316.505,3547.455
2025-02-01T18:00Z,2025-02-01 19:00,0.000,309.812,3915.273
2025-02-01T19:00Z,2025-02-01 20:00,0.000,317.582,3940.198
2025-02-01T20:00Z,2025-02-01 21:00,0.000,331.690,3766.170
2025-02-01T21:00Z,2025-02-01 22:00,0.000,370.293,3537.677
2025-02-01T22:00Z,2025-02-01 23:00,0.000,430.385,3301.245
2025-02-01T23:00Z,2025-02-02 00:00,0.000,347.370,3648.532
2025-02-02T00:00Z,2025-02-02 01:00,0.000,397.005,3427.600
2025-02-02T01:00Z,2025-02-02 02:00,0.000,425.793,3170.990
2025-02-02T02:00Z,2025-02-02 03:00,0.000,433.798,2899.230
2025-02-02T03:00Z,2025-02-02 04:00,0.000,436.613,2631.548
2025-02-02T04:00Z,2025-02-02 05:00,0.000,448.470,2424.675
2025-02-02T05:00Z,2025-02-02 06:00,0.000,466.070,2281.180
2025-02-02T06:00Z,2025-02-02 07:00,42.152,494.577,2199.582
2025-02-02T07:00Z,2025-02-02 08:00,2577.345,541.335,2201.585
2025-02-02T08:00Z,2025-02-02 09:00,8355.740,598.438,2080.930
2025-02-02T09:00Z,2025-02-02 10:00,14598.188,652.345,1650.253
2025-02-02T10:00Z,2025-02-02 11:00,19545.243,673.112,1086.008
2025-02-02T11:00Z,2025-02-02 12:00,21596.823,677.025,728.695
2025-02-02T12:00Z,2025-02-02 13:00,20355.892,652.660,541.405
2025-02-02T13:00Z,2025-02-02 14:00,15785.225,588.175,444.102
2025-02-02T14:00Z,2025-02-02 15:00,9075.565,515.827,410.153
2025-02-02T15:00Z,2025-02-02 16:00,2816.405,492.485,469.197
2025-02-02T16:00Z,2025-02-02 17:00,72.615,499.188,700.345
2025-02-02T17:00Z,2025-02-02 18:00,0.000,532.852,964.885
2025-02-02T18:00Z,2025-02-02 19:00,0.000,590.465,1071.818
2025-02-02T19:00Z,2025-02-02 20:00,0.000,687.480,1022.303
2025-02-02T20:00Z,2025-02-02 21:00,0.000,814.855,984.355
2025-02-02T21:00Z,2025-02-02 22:00,0.000,905.727,1006.268
2025-02-02T22:00Z,2025-02-02 23:00,0.000,937.355,1050.443
2025-02-02T23:00Z,2025-02-03 00:00,0.000,664.690,655.905
2025-02-03T00:00Z,2025-02-03 01:00,0.000,712.862,687.592
2025-02-03T01:00Z,2025-02-03 02:00,0.000,739.810,769.305
2025-02-03T02:00Z,2025-02-03 03:00,0.000,696.280,878.188
2025-02-03T03:00Z,2025-02-03 04:00,0.000,637.817,894.717
2025-02-03T04:00Z,2025-02-03 05:00,0.000,641.717,918.150
2025-02-03T05:00Z,2025-02-03 06:00,0.000,645.763,965.197
2025-02-03T06:00Z,2025-02-03 07:00,36.560,596.778,963.803
2025-02-03T07:00Z,2025-02-03 08:00,2547.713,665.562,1038.065
2025-02-03T08:00Z,2025-02-03 09:00,8582.625,779.900,1213.600
2025-02-03T09:00Z,2025-02-03 10:00,15433.620,902.878,1257.920
2025-02-03T10:00Z,2025-02-03 11:00,21313.465,1017.942,1061.165
2025-02-03T11:00Z,2025-02-03 12:00,24227.503,1123.665,897.017
2025-02-03T12:00Z,2025-02-03 13:00,23365.408,1177.120,809.450
2025-02-03T13:00Z,2025-02-03 14:00,18488.510,1187.112,689.587
2025-02-03T14:00Z,2025-02-03 15:00,10857.350,1193.307,634.428
2025-02-03T15:00Z,2025-02-03 16:00,3393.870,1251.525,823.450
2025-02-03T16:00Z,2025-02-03 17:00,70.478,1343.253,1341.013
2025-02-03T17:00Z,2025-02-03 18:00,0.000,1708.957,2015.395
2025-02-03T18:00Z,2025-02-03 19:00,0.000,1970.763,2558.765
2025-02-03T19:00Z,2025-02-03 20:00,0.000,2146.108,2914.245
2025-02-03T20:00Z,2025-02-03 21:00,0.000,2311.370,3195.903
2025-02-03T21:00Z,2025-02-03 22:00,0.000,2462.648,3353.825
2025-02-03T22:00Z,2025-02-03 23:00,0.000,2556.588,3433.707
2025-02-03T23:00Z,2025-02-04 00:00,0.000,2749.082,4111.382
2025-02-04T00:00Z,2025-02-04 01:00,0.000,2801.620,4124.290
2025-02-04T01:00Z,2025-02-04 02:00,0.000,2912.950,4066.000
2025-02-04T02:00Z,2025-02-04 03:00,0.000,3082.525,4040.202
2025-02-04T03:00Z,2025-02-04 04:00,0.000,3293.887,4029.918
2025-02-04T04:00Z,2025-02-04 05:00,0.000,3595.938,4126.005
2025-02-04T05:00Z,2025-02-04 06:00,0.000,3918.582,4338.185
2025-02-04T06:00Z,2025-02-04 07:00,53.973,4165.060,4542.677
2025-02-04T07:00Z,2025-02-04 08:00,2676.370,4360.400,4754.552
2025-02-04T08:00Z,2025-02-04 09:00,8518.625,4503.198,4717.485
2025-02-04T09:00Z,2025-02-04 10:00,14931.923,4591.450,4164.655
2025-02-04T10:00Z,2025-02-04 11:00,20136.635,4634.330,3484.850
2025-02-04T11:00Z,2025-02-04 12:00,22771.140,4669.335,3132.375
2025-02-04T12:00Z,2025-02-04 13:00,22378.405,4730.705,2996.600
2025-02-04T13:00Z,2025-02-04 14:00,18121.695,4823.730,3061.665
2025-02-04T14:00Z,2025-02-04 15:00,10883.403,4918.533,3410.182
2025-02-04T15:00Z,2025-02-04 16:00,3546.775,5083.155,4433.013
2025-02-04T16:00Z,2025-02-04 17:00,119.115,5239.035,6123.020
2025-02-04T17:00Z,2025-02-04 18:00,0.000,5344.740,7864.085
2025-02-04T18:00Z,2025-02-04 19:00,0.000,5423.005,9377.095
2025-02-04T19:00Z,2025-02-04 20:00,0.000,5448.355,10810.997
2025-02-04T20:00Z,2025-02-04 21:00,0.000,5433.497,11780.718
2025-02-04T21:00Z,2025-02-04 22:00,0.000,5433.493,12276.560
2025-02-04T22:00Z,2025-02-04 23:00,0.000,5421.858,12725.100
2025-02-04T23:00Z,2025-02-05 00:00,0.000,5460.675,14347.895
2025-02-05T00:00Z,2025-02-05 01:00,0.000,5453.193,14766.200
2025-02-05T01:00Z,2025-02-05 02:00,0.000,5455.698,15349.465
2025-02-05T02:00Z,2025-02-05 03:00,0.000,5345.102,15810.605
2025-02-05T03:00Z,2025-02-05 04:00,0.000,5148.365,15666.910
2025-02-05T04:00Z,2025-02-05 05:00,0.000,4902.415,15114.873
2025-02-05T05:00Z,2025-02-05 06:00,0.000,4735.105,14559.522
2025-02-05T06:00Z,2025-02-05 07:00,86.558,4579.285,13521.427
2025-02-05T07:00Z,2025-02-05 08:00,2564.602,4349.120,12754.458
2025-02-05T08:00Z,2025-02-05 09:00,7401.092,4166.325,11701.823
2025-02-05T09:00Z,2025-02-05 10:00,11813.248,3969.315,10150.770
2025-02-05T10:00Z,2025-02-05 11:00,14729.862,3720.713,8613.930
2025-02-05T11:00Z,2025-02-05 12:00,15688.505,3542.193,7813.102
2025-02-05T12:00Z,2025-02-05 13:00,14733.680,3456.903,7498.505
2025-02-05T13:00Z,2025-02-05 14:00,12005.397,3342.602,7057.623
2025-02-05T14:00Z,2025-02-05 15:00,7451.127,3132.488,6546.252
2025-02-05T15:00Z,2025-02-05 16:00,2441.068,2851.358,6439.097
2025-02-05T16:00Z,2025-02-05 17:00,92.690,2515.483,6913.185
2025-02-05T17:00Z,2025-02-05 18:00,0.000,2168.090,7193.410
2025-02-05T18:00Z,2025-02-05 19:00,0.000,1905.967,7012.255
2025-02-05T19:00Z,2025-02-05 20:00,0.000,1763.025,6633.115
2025-02-05T20:00Z,2025-02-05 21:00,0.000,1679.467,6249.790
2025-02-05T21:00Z,2025-02-05 22:00,0.000,1587.020,5976.030
2025-02-05T22:00Z,2025-02-05 23:00,0.000,1499.888,5706.333
2025-02-05T23:00Z,2025-02-06 00:00,0.000,941.967,3733.707
2025-02-06T00:00Z,2025-02-06 01:00,0.000,923.893,3692.347
2025-02-06T01:00Z,2025-02-06 02:00,0.000,932.680,3513.128
2025-02-06T02:00Z,2025-02-06 03:00,0.000,971.217,3422.250
2025-02-06T03:00Z,2025-02-06 04:00,0.000,1055.765,3466.757
2025-02-06T04:00Z,2025-02-06 05:00,0.000,1119.865,3634.858
2025-02-06T05:00Z,2025-02-06 06:00,0.000,1202.995,3870.140
2025-02-06T06:00Z,2025-02-06 07:00,40.657,1251.425,4018.820
2025-02-06T07:00Z,2025-02-06 08:00,1248.473,1188.553,4146.730
2025-02-06T08:00Z,2025-02-06 09:00,4046.405,1120.900,4122.445
2025-02-06T09:00Z,2025-02-06 10:00,6924.560,1114.885,3975.140
2025-02-06T10:00Z,2025-02-06 11:00,9014.075,1152.318,3910.070
2025-02-06T11:00Z,2025-02-06 12:00,9722.708,1200.180,4209.545
2025-02-06T12:00Z,2025-02-06 13:00,9192.005,1357.345,4974.898
2025-02-06T13:00Z,2025-02-06 14:00,7464.737,1627.283,5942.392
2025-02-06T14:00Z,2025-02-06 15:00,4650.790,1963.388,6771.062
2025-02-06T15:00Z,2025-02-06 16:00,1540.503,2363.343,7760.028
2025-02-06T16:00Z,2025-02-06 17:00,90.280,2862.512,9740.270
2025-02-06T17:00Z,2025-02-06 18:00,0.000,3350.738,12049.882
2025-02-06T18:00Z,2025-02-06 19:00,0.000,3656.220,13799.033
2025-02-06T19:00Z,2025-02-06 20:00,0.000,3816.233,15099.320
2025-02-06T20:00Z,2025-02-06 21:00,0.000,3922.372,15970.285
2025-02-06T21:00Z,2025-02-06 22:00,0.000,4032.880,16642.147
2025-02-06T22:00Z,2025-02-06 23:00,0.000,4266.477,17500.393
2025-02-06T23:00Z,2025-02-07 00:00,0.000,3757.233,18320.198
2025-02-07T00:00Z,2025-02-07 01:00,0.000,4382.485,19186.733
2025-02-07T01:00Z,2025-02-07 02:00,0.000,4891.123,19838.600
2025-02-07T02:00Z,2025-02-07 03:00,0.000,5132.165,20478.645
2025-02-07T03:00Z,2025-02-07 04:00,0.000,5357.410,21408.412
2025-02-07T04:00Z,2025-02-07 05:00,0.000,5491.962,22622.965
2025-02-07T05:00Z,2025-02-07 06:00,0.000,5659.878,23940.862
2025-02-07T06:00Z,2025-02-07 07:00,43.233,5788.515,24199.647
2025-02-07T07:00Z,2025-02-07 08:00,1455.702,5828.938,24333.860
2025-02-07T08:00Z,2025-02-07 09:00,4779.347,5696.142,24480.275
2025-02-07T09:00Z,2025-02-07 10:00,8497.182,5567.755,24732.830
2025-02-07T10:00Z,2025-02-07 11:00,11397.220,5488.205,24780.600
2025-02-07T11:00Z,2025-02-07 12:00,12684.315,5469.023,24400.445
2025-02-07T12:00Z,2025-02-07 13:00,12283.765,5510.440,23763.055
2025-02-07T13:00Z,2025-02-07 14:00,10057.245,5586.898,22999.147
2025-02-07T14:00Z,2025-02-07 15:00,6159.048,5800.970,22263.290
2025-02-07T15:00Z,2025-02-07 16:00,2088.528,6046.203,21590.215
2025-02-07T16:00Z,2025-02-07 17:00,120.545,6202.057,21976.577
2025-02-07T17:00Z,2025-02-07 18:00,0.000,6250.148,22927.595
2025-02-07T18:00Z,2025-02-07 19:00,0.000,6340.620,23318.425
2025-02-07T19:00Z,2025-02-07 20:00,0.000,6457.578,23085.455
2025-02-07T20:00Z,2025-02-07 21:00,0.000,6551.443,22478.620
2025-02-07T21:00Z,2025-02-07 22:00,0.000,6527.972,21554.753
2025-02-07T22:00Z,2025-02-07 23:00,0.000,6437.680,20912.490
2025-02-07T23:00Z,2025-02-08 00:00,0.000,6510.195,22556.127
2025-02-08T00:00Z,2025-02-08 01:00,0.000,6482.490,22069.185
2025-02-08T01:00Z,2025-02-08 02:00,0.000,6473.142,21540.765
2025-02-08T02:00Z,2025-02-08 03:00,0.000,6503.765,20872.835
2025-02-08T03:00Z,2025-02-08 04:00,0.000,6462.352,20194.623
2025-02-08T04:00Z,2025-02-08 05:00,0.000,6499.485,19682.645
2025-02-08T05:00Z,2025-02-08 06:00,0.000,6583.227,19436.518
2025-02-08T06:00Z,2025-02-08 07:00,119.933,6604.443,18629.528
2025-02-08T07:00Z,2025-02-08 08:00,4037.395,6549.483,17870.342
2025-02-08T08:00Z,2025-02-08 09:00,12011.870,6453.128,16437.647
2025-02-08T09:00Z,2025-02-08 10:00,20218.530,6286.475,14220.318
2025-02-08T10:00Z,2025-02-08 11:00,26076.285,6107.868,11968.800
2025-02-08T11:00Z,2025-02-08 12:00,28163.245,5899.345,10106.475
2025-02-08T12:00Z,2025-02-08 13:00,26415.908,5632.903,9006.347
2025-02-08T13:00Z,2025-02-08 14:00,20840.570,5452.855,8395.630
2025-02-08T14:00Z,2025-02-08 15:00,12749.597,5360.592,8224.528
2025-02-08T15:00Z,2025-02-08 16:00,4519.142,5357.443,9084.550
2025-02-08T16:00Z,2025-02-08 17:00,195.007,5371.177,11230.515
2025-02-08T17:00Z,2025-02-08 18:00,0.000,5347.775,13087.382
2025-02-08T18:00Z,2025-02-08 19:00,0.000,5172.145,13494.825
2025-02-08T19:00Z,2025-02-08 20:00,0.000,4657.155,12848.458
2025-02-08T20:00Z,2025-02-08 21:00,0.000,3864.465,11399.130
2025-02-08T21:00Z,2025-02-08 22:00,0.000,3025.763,9758.375
2025-02-08T22:00Z,2025-02-08 23:00,0.000,2331.512,8371.835
2025-02-08T23:00Z,2025-02-09 00:00,0.000,1434.112,7758.195
2025-02-09T00:00Z,2025-02-09 01:00,0.000,1270.165,7202.083
2025-02-09T01:00Z,2025-02-09 02:00,0.000,1322.455,6856.570
2025-02-09T02:00Z,2025-02-09 03:00,0.000,1555.263,6828.620
2025-02-09T03:00Z,2025-02-09 04:00,0.000,1895.705,7040.115
2025-02-09T04:00Z,2025-02-09 05:00,0.000,2235.097,7180.953
2025-02-09T05:00Z,2025-02-09 06:00,0.000,2485.600,7149.278
2025-02-09T06:00Z,2025-02-09 07:00,122.955,2610.755,6901.935
2025-02-09T07:00Z,2025-02-09 08:00,3434.515,2674.900,6528.830
2025-02-09T08:00Z,2025-02-09 09:00,10071.513,2781.863,5600.908
2025-02-09T09:00Z,2025-02-09 10:00,16336.138,3011.992,4532.163
2025-02-09T10:00Z,2025-02-09 11:00,20302.910,3265.677,4035.517
2025-02-09T11:00Z,2025-02-09 12:00,21179.100,3511.992,4257.620
2025-02-09T12:00Z,2025-02-09 13:00,19217.830,3817.235,4803.695
2025-02-09T13:00Z,2025-02-09 14:00,14585.810,4372.600,5592.885
2025-02-09T14:00Z,2025-02-09 15:00,8404.480,5116.030,6510.042
2025-02-09T15:00Z,2025-02-09 16:00,2816.128,5803.078,7754.405
2025-02-09T16:00Z,2025-02-09 17:00,148.472,6196.818,9374.425
2025-02-09T17:00Z,2025-02-09 18:00,0.000,6371.840,10616.118
2025-02-09T18:00Z,2025-02-09 19:00,0.000,6451.887,11077.568
2025-02-09T19:00Z,2025-02-09 20:00,0.000,6494.887,11146.577
2025-02-09T20:00Z,2025-02-09 21:00,0.000,6509.483,10927.890
2025-02-09T21:00Z,2025-02-09 22:00,0.000,6449.380,10573.073
2025-02-09T22:00Z,2025-02-09 23:00,0.000,6401.620,10442.655
2025-02-09T23:00Z,2025-02-10 00:00,0.000,6362.380,10662.618
2025-02-10T00:00Z,2025-02-10 01:00,0.000,6396.570,11077.105
2025-02-10T01:00Z,2025-02-10 02:00,0.000,6414.578,11581.827
2025-02-10T02:00Z,2025-02-10 03:00,0.000,6424.975,12125.900
2025-02-10T03:00Z,2025-02-10 04:00,0.000,6242.960,12790.858
2025-02-10T04:00Z,2025-02-10 05:00,0.000,6211.265,13620.035
2025-02-10T05:00Z,2025-02-10 06:00,0.000,6218.645,14597.853
2025-02-10T06:00Z,2025-02-10 07:00,73.427,6217.630,14908.552
2025-02-10T07:00Z,2025-02-10 08:00,1916.550,6199.592,15267.968
2025-02-10T08:00Z,2025-02-10 09:00,5826.012,6091.312,15206.585
2025-02-10T09:00Z,2025-02-10 10:00,10346.440,5911.673,14882.632
2025-02-10T10:00Z,2025-02-10 11:00,14155.163,5801.488,14660.245
2025-02-10T11:00Z,2025-02-10 12:00,15800.770,5788.823,14701.717
2025-02-10T12:00Z,2025-02-10 13:00,14957.145,5809.900,15426.397
2025-02-10T13:00Z,2025-02-10 14:00,11899.927,5860.650,16750.445
2025-02-10T14:00Z,2025-02-10 15:00,7223.593,6023.575,18784.868
2025-02-10T15:00Z,2025-02-10 16:00,2511.485,6160.302,21537.022
2025-02-10T16:00Z,2025-02-10 17:00,120.183,6192.788,25087.708
2025-02-10T17:00Z,2025-02-10 18:00,0.000,6112.825,27991.938
2025-02-10T18:00Z,2025-02-10 19:00,0.000,6095.042,29656.243
2025-02-10T19:00Z,2025-02-10 20:00,0.000,6070.800,30648.435
2025-02-10T20:00Z,2025-02-10 21:00,0.000,6060.545,31042.065
2025-02-10T21:00Z,2025-02-10 22:00,0.000,6051.935,30353.462
2025-02-10T22:00Z,2025-02-10 23:00,0.000,6035.868,30377.930
2025-02-10T23:00Z,2025-02-11 00:00,0.000,6052.550,31848.460
2025-02-11T00:00Z,2025-02-11 01:00,0.000,5981.097,31628.275
2025-02-11T01:00Z,2025-02-11 02:00,0.000,5910.233,31272.495
2025-02-11T02:00Z,2025-02-11 03:00,0.000,5872.153,30766.188
2025-02-11T03:00Z,2025-02-11 04:00,0.000,5871.427,30098.292
2025-02-11T04:00Z,2025-02-11 05:00,0.000,5892.015,29175.445
2025-02-11T05:00Z,2025-02-11 06:00,0.000,5934.285,28755.670
2025-02-11T06:00Z,2025-02-11 07:00,143.820,5986.720,27334.940
2025-02-11T07:00Z,2025-02-11 08:00,2438.060,6005.163,25909.790
2025-02-11T08:00Z,2025-02-11 09:00,6920.315,6024.975,23914.888
2025-02-11T09:00Z,2025-02-11 10:00,11142.140,6054.493,21754.573
2025-02-11T10:00Z,2025-02-11 11:00,13558.795,6096.985,20243.353
2025-02-11T11:00Z,2025-02-11 12:00,13843.132,6150.720,19090.753
2025-02-11T12:00Z,2025-02-11 13:00,12398.763,6179.637,18332.217
2025-02-11T13:00Z,2025-02-11 14:00,9409.737,6220.745,17977.855
2025-02-11T14:00Z,2025-02-11 15:00,5458.123,6273.227,18267.985
2025-02-11T15:00Z,2025-02-11 16:00,1849.855,6321.305,19067.440
2025-02-11T16:00Z,2025-02-11 17:00,119.575,6331.550,19889.382
2025-02-11T17:00Z,2025-02-11 18:00,0.000,6322.733,20225.083
2025-02-11T18:00Z,2025-02-11 19:00,0.000,6309.153,19873.010
2025-02-11T19:00Z,2025-02-11 20:00,0.000,6392.443,19171.272
2025-02-11T20:00Z,2025-02-11 21:00,0.000,6686.093,18074.460
2025-02-11T21:00Z,2025-02-11 22:00,0.000,6545.483,16530.050
2025-02-11T22:00Z,2025-02-11 23:00,0.000,6411.852,15332.608
2025-02-11T23:00Z,2025-02-12 00:00,0.000,5605.725,15160.750
2025-02-12T00:00Z,2025-02-12 01:00,0.000,5601.613,14813.545
2025-02-12T01:00Z,2025-02-12 02:00,0.000,5630.458,14547.825
2025-02-12T02:00Z,2025-02-12 03:00,0.000,5678.262,14285.677
2025-02-12T03:00Z,2025-02-12 04:00,0.000,5730.730,14079.520
2025-02-12T04:00Z,2025-02-12 05:00,0.000,5739.250,13822.855
2025-02-12T05:00Z,2025-02-12 06:00,0.000,5689.335,13612.645
2025-02-12T06:00Z,2025-02-12 07:00,90.730,5683.030,12931.620
2025-02-12T07:00Z,2025-02-12 08:00,1876.190,5620.673,12199.775
2025-02-12T08:00Z,2025-02-12 09:00,5672.425,5443.810,11154.772
2025-02-12T09:00Z,2025-02-12 10:00,9763.847,5312.672,10043.025
2025-02-12T10:00Z,2025-02-12 11:00,12710.938,5271.012,9121.488
2025-02-12T11:00Z,2025-02-12 12:00,13390.177,5312.028,8605.868
2025-02-12T12:00Z,2025-02-12 13:00,12027.247,5343.252,8503.665
2025-02-12T13:00Z,2025-02-12 14:00,9111.625,5336.163,8633.445
2025-02-12T14:00Z,2025-02-12 15:00,5338.002,5424.365,8792.885
2025-02-12T15:00Z,2025-02-12 16:00,1837.683,5619.102,8958.417
2025-02-12T16:00Z,2025-02-12 17:00,138.683,5731.680,9347.347
2025-02-12T17:00Z,2025-02-12 18:00,0.000,5691.155,9556.392
2025-02-12T18:00Z,2025-02-12 19:00,0.000,5547.795,9323.720
2025-02-12T19:00Z,2025-02-12 20:00,0.000,5279.560,8869.865
2025-02-12T20:00Z,2025-02-12 21:00,0.000,4731.185,8254.712
2025-02-12T21:00Z,2025-02-12 22:00,0.000,4180.240,7675.368
2025-02-12T22:00Z,2025-02-12 23:00,0.000,3805.543,7443.585
2025-02-12T23:00Z,2025-02-13 00:00,0.000,2731.507,4495.290
2025-02-13T00:00Z,2025-02-13 01:00,0.000,2631.997,4342.435
2025-02-13T01:00Z,2025-02-13 02:00,0.000,2673.273,4214.410
2025-02-13T02:00Z,2025-02-13 03:00,0.000,2753.450,4225.930
2025-02-13T03:00Z,2025-02-13 04:00,0.000,2831.690,4409.818
2025-02-13T04:00Z,2025-02-13 05:00,0.000,2831.240,4577.983
2025-02-13T05:00Z,2025-02-13 06:00,0.000,2789.092,4602.712
2025-02-13T06:00Z,2025-02-13 07:00,56.220,2927.095,4494.760
2025-02-13T07:00Z,2025-02-13 08:00,1092.783,3204.668,4402.645
2025-02-13T08:00Z,2025-02-13 09:00,3317.990,3414.448,4352.477
2025-02-13T09:00Z,2025-02-13 10:00,5674.365,3512.722,4642.352
2025-02-13T10:00Z,2025-02-13 11:00,7336.512,3529.448,5275.908
2025-02-13T11:00Z,2025-02-13 12:00,7930.010,3449.905,5884.827
2025-02-13T12:00Z,2025-02-13 13:00,7597.868,3319.125,6469.855
2025-02-13T13:00Z,2025-02-13 14:00,6416.113,3225.057,7073.185
2025-02-13T14:00Z,2025-02-13 15:00,4186.150,3157.750,7668.423
2025-02-13T15:00Z,2025-02-13 16:00,1596.412,3087.620,8223.892
2025-02-13T16:00Z,2025-02-13 17:00,166.620,2977.045,8824.145
2025-02-13T17:00Z,2025-02-13 18:00,0.000,2880.637,9363.702
2025-02-13T18:00Z,2025-02-13 19:00,0.000,2798.012,9658.903
2025-02-13T19:00Z,2025-02-13 20:00,0.000,2666.207,9760.075
2025-02-13T20:00Z,2025-02-13 21:00,0.000,2455.762,9340.153
2025-02-13T21:00Z,2025-02-13 22:00,0.000,2208.812,8722.862
2025-02-13T22:00Z,2025-02-13 23:00,0.000,1982.100,8246.353
2025-02-13T23:00Z,2025-02-14 00:00,0.000,1632.465,8293.282
2025-02-14T00:00Z,2025-02-14 01:00,0.000,1556.213,7961.767
2025-02-14T01:00Z,2025-02-14 02:00,0.000,1567.290,7540.560
2025-02-14T02:00Z,2025-02-14 03:00,0.000,1586.350,7183.580
2025-02-14T03:00Z,2025-02-14 04:00,0.000,1528.913,6837.910
2025-02-14T04:00Z,2025-02-14 05:00,0.000,1353.175,6488.020
2025-02-14T05:00Z,2025-02-14 06:00,0.000,1114.605,6069.693
2025-02-14T06:00Z,2025-02-14 07:00,130.075,876.335,5515.212
2025-02-14T07:00Z,2025-02-14 08:00,2321.653,651.670,4919.743
2025-02-14T08:00Z,2025-02-14 09:00,6480.620,469.810,4125.690
2025-02-14T09:00Z,2025-02-14 10:00,10301.550,330.550,3385.985
2025-02-14T10:00Z,2025-02-14 11:00,12565.840,226.478,2784.040
2025-02-14T11:00Z,2025-02-14 12:00,12836.275,163.725,2249.023
2025-02-14T12:00Z,2025-02-14 13:00,11519.895,127.120,1847.270
2025-02-14T13:00Z,2025-02-14 14:00,8959.430,108.035,1626.128
2025-02-14T14:00Z,2025-02-14 15:00,5538.288,94.752,1497.553
2025-02-14T15:00Z,2025-02-14 16:00,2107.860,85.733,1423.652
2025-02-14T16:00Z,2025-02-14 17:00,190.322,88.093,1493.572
2025-02-14T17:00Z,2025-02-14 18:00,0.000,94.395,1615.513
2025-02-14T18:00Z,2025-02-14 19:00,0.000,103.215,1614.132
2025-02-14T19:00Z,2025-02-14 20:00,0.000,110.293,1516.872
2025-02-14T20:00Z,2025-02-14 21:00,0.000,117.877,1347.678
2025-02-14T21:00Z,2025-02-14 22:00,0.000,140.615,1227.842
2025-02-14T22:00Z,2025-02-14 23:00,0.000,172.455,1158.457
2025-02-14T23:00Z,2025-02-15 00:00,0.000,334.777,1016.690
2025-02-15T00:00Z,2025-02-15 01:00,0.000,385.952,1036.483
2025-02-15T01:00Z,2025-02-15 02:00,0.000,402.962,1064.700
2025-02-15T02:00Z,2025-02-15 03:00,0.000,402.642,1147.535
2025-02-15T03:00Z,2025-02-15 04:00,0.000,401.635,1168.778
2025-02-15T04:00Z,2025-02-15 05:00,0.000,380.477,1087.773
2025-02-15T05:00Z,2025-02-15 06:00,0.000,344.230,1000.227
2025-02-15T06:00Z,2025-02-15 07:00,209.690,330.545,988.112
2025-02-15T07:00Z,2025-02-15 08:00,3352.992,334.998,1041.415
2025-02-15T08:00Z,2025-02-15 09:00,9157.177,364.160,981.725
2025-02-15T09:00Z,2025-02-15 10:00,14615.995,405.062,824.077
2025-02-15T10:00Z,2025-02-15 11:00,18189.100,453.382,723.920
2025-02-15T11:00Z,2025-02-15 12:00,19102.670,523.347,606.747
2025-02-15T12:00Z,2025-02-15 13:00,17663.260,596.745,502.158
2025-02-15T13:00Z,2025-02-15 14:00,14308.897,655.352,442.300
2025-02-15T14:00Z,2025-02-15 15:00,9424.030,679.747,422.355
2025-02-15T15:00Z,2025-02-15 16:00,3770.310,671.888,515.715
2025-02-15T16:00Z,2025-02-15 17:00,358.163,658.717,915.567
2025-02-15T17:00Z,2025-02-15 18:00,0.000,767.485,1544.388
2025-02-15T18:00Z,2025-02-15 19:00,0.000,1019.322,2163.457
2025-02-15T19:00Z,2025-02-15 20:00,0.000,1376.620,2858.215
2025-02-15T20:00Z,2025-02-15 21:00,0.000,1826.693,3548.158
2025-02-15T21:00Z,2025-02-15 22:00,0.000,2360.823,4107.610
2025-02-15T22:00Z,2025-02-15 23:00,0.000,2843.555,4552.145
2025-02-15T23:00Z,2025-02-16 00:00,0.000,2553.077,4605.365
2025-02-16T00:00Z,2025-02-16 01:00,0.000,2646.582,5074.913
2025-02-16T01:00Z,2025-02-16 02:00,0.000,2796.375,5551.177
2025-02-16T02:00Z,2025-02-16 03:00,0.000,3097.977,6018.390
2025-02-16T03:00Z,2025-02-16 04:00,0.000,3433.590,6551.015
2025-02-16T04:00Z,2025-02-16 05:00,0.000,3653.142,7058.227
2025-02-16T05:00Z,2025-02-16 06:00,0.000,3648.713,7428.520
2025-02-16T06:00Z,2025-02-16 07:00,217.498,3458.088,7594.195
2025-02-16T07:00Z,2025-02-16 08:00,3044.885,3116.847,7608.217
2025-02-16T08:00Z,2025-02-16 09:00,8119.517,2714.322,7143.995
2025-02-16T09:00Z,2025-02-16 10:00,12986.533,2300.658,6794.170
2025-02-16T10:00Z,2025-02-16 11:00,16307.890,1909.660,6741.175
2025-02-16T11:00Z,2025-02-16 12:00,17230.232,1557.122,6339.340
2025-02-16T12:00Z,2025-02-16 13:00,15807.183,1264.875,6003.352
2025-02-16T13:00Z,2025-02-16 14:00,12583.833,1081.017,5946.052
2025-02-16T14:00Z,2025-02-16 15:00,8149.202,1021.285,6121.950
2025-02-16T15:00Z,2025-02-16 16:00,3271.287,1045.153,6368.257
2025-02-16T16:00Z,2025-02-16 17:00,351.580,1101.707,7086.335
2025-02-16T17:00Z,2025-02-16 18:00,0.000,1147.997,8139.873
2025-02-16T18:00Z,2025-02-16 19:00,0.000,1139.990,8757.583
2025-02-16T19:00Z,2025-02-16 20:00,0.000,1095.185,8929.955
2025-02-16T20:00Z,2025-02-16 21:00,0.000,1022.815,8597.833
2025-02-16T21:00Z,2025-02-16 22:00,0.000,916.235,7975.408
2025-02-16T22:00Z,2025-02-16 23:00,0.000,778.935,7220.755
2025-02-16T23:00Z,2025-02-17 00:00,0.000,562.923,6611.935
2025-02-17T00:00Z,2025-02-17 01:00,0.000,459.270,6056.855
2025-02-17T01:00Z,2025-02-17 02:00,0.000,397.970,5376.220
2025-02-17T02:00Z,2025-02-17 03:00,0.000,380.618,4784.765
2025-02-17T03:00Z,2025-02-17 04:00,0.000,381.310,4476.712
2025-02-17T04:00Z,2025-02-17 05:00,0.000,397.317,4388.385
2025-02-17T05:00Z,2025-02-17 06:00,0.000,426.810,4326.222
2025-02-17T06:00Z,2025-02-17 07:00,526.852,467.337,4098.148
2025-02-17T07:00Z,2025-02-17 08:00,6256.670,496.607,3739.905
2025-02-17T08:00Z,2025-02-17 09:00,15067.073,508.590,2871.653
2025-02-17T09:00Z,2025-02-17 10:00,22572.478,519.668,1999.227
2025-02-17T10:00Z,2025-02-17 11:00,27122.892,526.635,1653.628
2025-02-17T11:00Z,2025-02-17 12:00,28579.485,552.638,1385.410
2025-02-17T12:00Z,2025-02-17 13:00,26885.533,594.827,1211.398
2025-02-17T13:00Z,2025-02-17 14:00,22465.618,640.990,1195.628
2025-02-17T14:00Z,2025-02-17 15:00,15328.538,680.080,1389.237
2025-02-17T15:00Z,2025-02-17 16:00,6530.093,727.933,1841.807
2025-02-17T16:00Z,2025-02-17 17:00,733.113,796.408,2925.115
2025-02-17T17:00Z,2025-02-17 18:00,0.000,856.120,4354.070
2025-02-17T18:00Z,2025-02-17 19:00,0.000,881.107,5171.847
2025-02-17T19:00Z,2025-02-17 20:00,0.000,888.455,5417.925
2025-02-17T20:00Z,2025-02-17 21:00,0.000,869.555,5391.177
2025-02-17T21:00Z,2025-02-17 22:00,0.000,839.405,5231.988
2025-02-17T22:00Z,2025-02-17 23:00,0.000,821.570,4969.270
2025-02-17T23:00Z,2025-02-18 00:00,0.000,805.175,4322.583
2025-02-18T00:00Z,2025-02-18 01:00,0.000,849.995,4541.497
2025-02-18T01:00Z,2025-02-18 02:00,0.000,886.440,4930.352
2025-02-18T02:00Z,2025-02-18 03:00,0.000,909.795,5303.470
2025-02-18T03:00Z,2025-02-18 04:00,0.000,917.930,5583.280
2025-02-18T04:00Z,2025-02-18 05:00,0.000,942.370,6013.670
2025-02-18T05:00Z,2025-02-18 06:00,0.000,1010.357,6827.040
2025-02-18T06:00Z,2025-02-18 07:00,631.800,1103.075,7541.380
2025-02-18T07:00Z,2025-02-18 08:00,7040.948,1180.735,7796.200
2025-02-18T08:00Z,2025-02-18 09:00,17074.493,1229.283,6735.005
2025-02-18T09:00Z,2025-02-18 10:00,26288.165,1242.810,5120.323
2025-02-18T10:00Z,2025-02-18 11:00,32230.612,1226.910,4692.943
2025-02-18T11:00Z,2025-02-18 12:00,34368.665,1189.602,4564.050
2025-02-18T12:00Z,2025-02-18 13:00,32633.092,1181.457,4735.080
2025-02-18T13:00Z,2025-02-18 14:00,27149.625,1285.483,5341.177
2025-02-18T14:00Z,2025-02-18 15:00,18437.185,1544.443,6338.630
2025-02-18T15:00Z,2025-02-18 16:00,7915.550,1951.342,7553.810
2025-02-18T16:00Z,2025-02-18 17:00,900.673,2459.290,9524.795
2025-02-18T17:00Z,2025-02-18 18:00,0.000,3036.120,12156.087
2025-02-18T18:00Z,2025-02-18 19:00,0.000,3605.447,13998.747
2025-02-18T19:00Z,2025-02-18 20:00,0.000,4045.218,15000.368
2025-02-18T20:00Z,2025-02-18 21:00,0.000,4311.000,15304.855
2025-02-18T21:00Z,2025-02-18 22:00,0.000,4391.705,15065.340
2025-02-18T22:00Z,2025-02-18 23:00,0.000,4342.413,15021.075
2025-02-18T23:00Z,2025-02-19 00:00,0.000,4729.890,15549.770
2025-02-19T00:00Z,2025-02-19 01:00,0.000,4556.102,15608.110
2025-02-19T01:00Z,2025-02-19 02:00,0.000,4467.358,15698.915
2025-02-19T02:00Z,2025-02-19 03:00,0.000,4524.305,15965.167
2025-02-19T03:00Z,2025-02-19 04:00,0.000,4666.002,16377.975
2025-02-19T04:00Z,2025-02-19 05:00,0.000,4841.750,16906.625
2025-02-19T05:00Z,2025-02-19 06:00,0.000,4846.483,17647.950
2025-02-19T06:00Z,2025-02-19 07:00,789.935,4958.717,18134.595
2025-02-19T07:00Z,2025-02-19 08:00,7686.023,5035.762,18031.938
2025-02-19T08:00Z,2025-02-19 09:00,18027.270,4966.592,15738.460
2025-02-19T09:00Z,2025-02-19 10:00,26834.662,4897.685,12990.577
2025-02-19T10:00Z,2025-02-19 11:00,32330.908,4863.087,12098.573
2025-02-19T11:00Z,2025-02-19 12:00,34376.770,4795.033,12311.562
2025-02-19T12:00Z,2025-02-19 13:00,32359.625,4751.122,12814.747
2025-02-19T13:00Z,2025-02-19 14:00,26714.390,4759.413,13499.540
2025-02-19T14:00Z,2025-02-19 15:00,17571.583,4908.150,14282.157
2025-02-19T15:00Z,2025-02-19 16:00,7246.547,5079.535,15520.800
2025-02-19T16:00Z,2025-02-19 17:00,782.175,5091.582,18425.378
2025-02-19T17:00Z,2025-02-19 18:00,0.015,5013.760,21347.370
2025-02-19T18:00Z,2025-02-19 19:00,0.000,4982.970,22675.502
2025-02-19T19:00Z,2025-02-19 20:00,0.000,4999.507,22672.525
2025-02-19T20:00Z,2025-02-19 21:00,0.000,5019.115,21989.173
2025-02-19T21:00Z,2025-02-19 22:00,0.000,5071.410,20713.378
2025-02-19T22:00Z,2025-02-19 23:00,0.000,5085.762,19805.873
2025-02-19T23:00Z,2025-02-20 00:00,0.000,5308.533,20151.660
2025-02-20T00:00Z,2025-02-20 01:00,0.000,5257.113,19727.095
2025-02-20T01:00Z,2025-02-20 02:00,0.000,5168.727,19409.890
2025-02-20T02:00Z,2025-02-20 03:00,0.000,5115.445,19038.450
2025-02-20T03:00Z,2025-02-20 04:00,0.000,5134.542,18656.993
2025-02-20T04:00Z,2025-02-20 05:00,0.000,5223.968,18561.135
2025-02-20T05:00Z,2025-02-20 06:00,0.000,5296.988,18954.195
2025-02-20T06:00Z,2025-02-20 07:00,647.983,5286.840,18916.068
2025-02-20T07:00Z,2025-02-20 08:00,5529.282,5385.097,18271.558
2025-02-20T08:00Z,2025-02-20 09:00,12578.372,5454.278,16280.118
2025-02-20T09:00Z,2025-02-20 10:00,18293.625,5452.210,13784.028
2025-02-20T10:00Z,2025-02-20 11:00,21484.025,5423.925,12266.483
2025-02-20T11:00Z,2025-02-20 12:00,22397.785,5407.475,11651.068
2025-02-20T12:00Z,2025-02-20 13:00,20582.890,5600.665,11833.057
2025-02-20T13:00Z,2025-02-20 14:00,16171.140,5877.307,12385.323
2025-02-20T14:00Z,2025-02-20 15:00,10140.323,6160.710,13491.425
2025-02-20T15:00Z,2025-02-20 16:00,4026.570,6348.600,15715.677
2025-02-20T16:00Z,2025-02-20 17:00,405.683,6480.833,18588.030
2025-02-20T17:00Z,2025-02-20 18:00,0.015,6359.605,20724.525
2025-02-20T18:00Z,2025-02-20 19:00,0.000,6255.733,21640.950
2025-02-20T19:00Z,2025-02-20 20:00,0.000,6235.163,21695.830
2025-02-20T20:00Z,2025-02-20 21:00,0.000,6221.995,21414.077
2025-02-20T21:00Z,2025-02-20 22:00,0.000,6233.512,20720.765
2025-02-20T22:00Z,2025-02-20 23:00,0.000,6244.653,20173.927
2025-02-20T23:00Z,2025-02-21 00:00,0.000,6366.292,18171.048
2025-02-21T00:00Z,2025-02-21 01:00,0.000,6256.872,17177.693
2025-02-21T01:00Z,2025-02-21 02:00,0.000,6034.568,15939.077
2025-02-21T02:00Z,2025-02-21 03:00,0.000,5712.760,14899.847
2025-02-21T03:00Z,2025-02-21 04:00,0.000,5433.430,14060.225
2025-02-21T04:00Z,2025-02-21 05:00,0.000,5296.062,13479.225
2025-02-21T05:00Z,2025-02-21 06:00,0.000,5305.562,13125.443
2025-02-21T06:00Z,2025-02-21 07:00,340.520,5282.270,12583.568
2025-02-21T07:00Z,2025-02-21 08:00,3256.865,5255.378,12496.307
2025-02-21T08:00Z,2025-02-21 09:00,8511.825,5155.863,12235.077
2025-02-21T09:00Z,2025-02-21 10:00,14397.170,5159.922,11246.435
2025-02-21T10:00Z,2025-02-21 11:00,19484.812,5174.007,9636.722
2025-02-21T11:00Z,2025-02-21 12:00,22297.685,5176.925,8397.358
2025-02-21T12:00Z,2025-02-21 13:00,22098.912,5157.597,8402.153
2025-02-21T13:00Z,2025-02-21 14:00,18653.830,5145.597,9161.725
2025-02-21T14:00Z,2025-02-21 15:00,12511.130,5273.153,10826.888
2025-02-21T15:00Z,2025-02-21 16:00,5498.748,5469.405,13985.163
2025-02-21T16:00Z,2025-02-21 17:00,691.020,5656.358,18459.972
2025-02-21T17:00Z,2025-02-21 18:00,0.020,5771.743,22371.548
2025-02-21T18:00Z,2025-02-21 19:00,0.000,5823.047,24550.555
2025-02-21T19:00Z,2025-02-21 20:00,0.000,5795.938,25423.710
2025-02-21T20:00Z,2025-02-21 21:00,0.000,5735.600,25264.978
2025-02-21T21:00Z,2025-02-21 22:00,0.000,5706.352,24150.905
2025-02-21T22:00Z,2025-02-21 23:00,0.000,5779.297,23388.853
2025-02-21T23:00Z,2025-02-22 00:00,0.000,5841.320,23523.338
2025-02-22T00:00Z,2025-02-22 01:00,0.000,5841.640,22992.845
2025-02-22T01:00Z,2025-02-22 02:00,0.000,5738.557,22560.057
2025-02-22T02:00Z,2025-02-22 03:00,0.000,5663.243,22180.780
2025-02-22T03:00Z,2025-02-22 04:00,0.000,5568.003,22023.353
2025-02-22T04:00Z,2025-02-22 05:00,0.000,5547.962,22093.673
2025-02-22T05:00Z,2025-02-22 06:00,0.000,5632.972,22325.490
2025-02-22T06:00Z,2025-02-22 07:00,768.732,5710.663,21855.472
2025-02-22T07:00Z,2025-02-22 08:00,5640.440,5774.655,21116.260
2025-02-22T08:00Z,2025-02-22 09:00,12314.220,5782.448,19135.135
2025-02-22T09:00Z,2025-02-22 10:00,17860.283,5670.265,16400.853
2025-02-22T10:00Z,2025-02-22 11:00,21277.920,5445.605,14372.772
2025-02-22T11:00Z,2025-02-22 12:00,22111.728,5097.648,13164.872
2025-02-22T12:00Z,2025-02-22 13:00,20376.623,4824.490,12503.375
2025-02-22T13:00Z,2025-02-22 14:00,16095.587,4712.173,12262.640
2025-02-22T14:00Z,2025-02-22 15:00,10116.655,4755.417,12599.812
2025-02-22T15:00Z,2025-02-22 16:00,4127.960,4856.233,13960.337
2025-02-22T16:00Z,2025-02-22 17:00,471.772,4883.460,16350.330
2025-02-22T17:00Z,2025-02-22 18:00,0.970,4692.592,18812.990
2025-02-22T18:00Z,2025-02-22 19:00,0.000,4328.552,20218.022
2025-02-22T19:00Z,2025-02-22 20:00,0.000,4032.065,20588.948
2025-02-22T20:00Z,2025-02-22 21:00,0.000,3928.045,20410.655
2025-02-22T21:00Z,2025-02-22 22:00,0.000,3871.532,19685.785
2025-02-22T22:00Z,2025-02-22 23:00,0.000,3748.450,18726.610
2025-02-22T23:00Z,2025-02-23 00:00,0.000,3036.668,17454.787
2025-02-23T00:00Z,2025-02-23 01:00,0.000,2796.488,16443.432
2025-02-23T01:00Z,2025-02-23 02:00,0.000,2624.738,15203.980
2025-02-23T02:00Z,2025-02-23 03:00,0.000,2490.562,13855.542
2025-02-23T03:00Z,2025-02-23 04:00,0.000,2430.832,12521.825
2025-02-23T04:00Z,2025-02-23 05:00,0.000,2430.970,11492.625
2025-02-23T05:00Z,2025-02-23 06:00,0.000,2461.548,10756.987
2025-02-23T06:00Z,2025-02-23 07:00,330.137,2548.085,9819.535
2025-02-23T07:00Z,2025-02-23 08:00,2851.635,2824.275,9041.188
2025-02-23T08:00Z,2025-02-23 09:00,6941.767,3330.923,8227.122
2025-02-23T09:00Z,2025-02-23 10:00,11272.642,3937.988,7629.843
2025-02-23T10:00Z,2025-02-23 11:00,14846.130,4525.515,7276.205
2025-02-23T11:00Z,2025-02-23 12:00,17234.310,4903.118,6925.045
2025-02-23T12:00Z,2025-02-23 13:00,17631.900,5119.665,6439.895
2025-02-23T13:00Z,2025-02-23 14:00,15923.708,5174.375,5811.502
2025-02-23T14:00Z,2025-02-23 15:00,11627.640,5168.100,5163.005
2025-02-23T15:00Z,2025-02-23 16:00,5615.510,5195.330,4626.805
2025-02-23T16:00Z,2025-02-23 17:00,878.275,5276.045,4986.128
2025-02-23T17:00Z,2025-02-23 18:00,1.022,5403.673,6808.062
2025-02-23T18:00Z,2025-02-23 19:00,0.000,5495.868,9385.620
2025-02-23T19:00Z,2025-02-23 20:00,0.000,5390.792,12136.640
2025-02-23T20:00Z,2025-02-23 21:00,0.000,5246.360,14482.783
2025-02-23T21:00Z,2025-02-23 22:00,0.000,5132.592,16029.760
2025-02-23T22:00Z,2025-02-23 23:00,0.000,5057.983,17380.292
2025-02-23T23:00Z,2025-02-24 00:00,0.000,4912.273,18626.197
2025-02-24T00:00Z,2025-02-24 01:00,0.000,4983.323,19157.658
2025-02-24T01:00Z,2025-02-24 02:00,0.000,5097.717,19582.200
2025-02-24T02:00Z,2025-02-24 03:00,0.000,5243.173,19955.635
2025-02-24T03:00Z,2025-02-24 04:00,0.000,5402.323,20596.222
2025-02-24T04:00Z,2025-02-24 05:00,0.000,5549.645,21504.607
2025-02-24T05:00Z,2025-02-24 06:00,0.000,5602.208,22907.110
2025-02-24T06:00Z,2025-02-24 07:00,613.920,5560.525,23747.073
2025-02-24T07:00Z,2025-02-24 08:00,4229.993,5626.115,24261.003
2025-02-24T08:00Z,2025-02-24 09:00,9453.842,5609.195,23931.427
2025-02-24T09:00Z,2025-02-24 10:00,14007.080,5571.712,22814.118
2025-02-24T10:00Z,2025-02-24 11:00,16942.057,5529.327,21726.597
2025-02-24T11:00Z,2025-02-24 12:00,17797.033,5498.142,21427.610
2025-02-24T12:00Z,2025-02-24 13:00,16096.753,5500.150,21397.430
2025-02-24T13:00Z,2025-02-24 14:00,12388.470,5506.545,21468.160
2025-02-24T14:00Z,2025-02-24 15:00,7697.583,5595.917,21572.182
2025-02-24T15:00Z,2025-02-24 16:00,3155.425,5437.010,21798.430
2025-02-24T16:00Z,2025-02-24 17:00,392.325,5270.850,22290.545
2025-02-24T17:00Z,2025-02-24 18:00,0.873,5124.400,22571.202
2025-02-24T18:00Z,2025-02-24 19:00,0.000,5084.975,22114.498
2025-02-24T19:00Z,2025-02-24 20:00,0.000,5044.755,21011.090
2025-02-24T20:00Z,2025-02-24 21:00,0.000,4777.100,19258.375
2025-02-24T21:00Z,2025-02-24 22:00,0.000,4335.170,17131.303
2025-02-24T22:00Z,2025-02-24 23:00,0.000,3874.307,15330.052
2025-02-24T23:00Z,2025-02-25 00:00,0.000,4762.870,16899.318
2025-02-25T00:00Z,2025-02-25 01:00,0.000,4318.930,15482.782
2025-02-25T01:00Z,2025-02-25 02:00,0.000,3920.385,14080.257
2025-02-25T02:00Z,2025-02-25 03:00,0.000,3551.278,12547.677
2025-02-25T03:00Z,2025-02-25 04:00,0.000,3163.975,10928.535
2025-02-25T04:00Z,2025-02-25 05:00,0.000,2783.910,9370.718
2025-02-25T05:00Z,2025-02-25 06:00,0.003,2513.032,7897.868
2025-02-25T06:00Z,2025-02-25 07:00,469.815,2566.125,6538.990
2025-02-25T07:00Z,2025-02-25 08:00,3159.492,2922.592,5524.363
2025-02-25T08:00Z,2025-02-25 09:00,7324.820,3188.628,4729.878
2025-02-25T09:00Z,2025-02-25 10:00,11258.882,3202.537,4233.642
2025-02-25T10:00Z,2025-02-25 11:00,13402.452,2909.770,3732.617
2025-02-25T11:00Z,2025-02-25 12:00,13529.845,2484.398,3166.885
2025-02-25T12:00Z,2025-02-25 13:00,12232.317,2087.255,2719.690
2025-02-25T13:00Z,2025-02-25 14:00,9675.513,1721.230,2227.118
2025-02-25T14:00Z,2025-02-25 15:00,6190.477,1350.037,1938.230
2025-02-25T15:00Z,2025-02-25 16:00,2646.497,989.720,1990.335
2025-02-25T16:00Z,2025-02-25 17:00,411.723,733.055,2357.142
2025-02-25T17:00Z,2025-02-25 18:00,2.685,598.745,2968.110
2025-02-25T18:00Z,2025-02-25 19:00,0.000,546.817,3700.985
2025-02-25T19:00Z,2025-02-25 20:00,0.000,532.793,4503.740
2025-02-25T20:00Z,2025-02-25 21:00,0.000,513.847,5214.615
2025-02-25T21:00Z,2025-02-25 22:00,0.000,506.842,5840.685
2025-02-25T22:00Z,2025-02-25 23:00,0.000,534.120,6397.075
2025-02-25T23:00Z,2025-02-26 00:00,0.000,180.300,5587.010
2025-02-26T00:00Z,2025-02-26 01:00,0.000,197.330,5906.102
2025-02-26T01:00Z,2025-02-26 02:00,0.000,209.815,6380.435
2025-02-26T02:00Z,2025-02-26 03:00,0.000,193.770,6959.533
2025-02-26T03:00Z,2025-02-26 04:00,0.000,174.420,7564.220
2025-02-26T04:00Z,2025-02-26 05:00,0.000,175.755,8091.035
2025-02-26T05:00Z,2025-02-26 06:00,0.035,185.120,8601.330
2025-02-26T06:00Z,2025-02-26 07:00,384.758,195.830,8838.542
2025-02-26T07:00Z,2025-02-26 08:00,2266.497,225.710,8836.965
2025-02-26T08:00Z,2025-02-26 09:00,4967.753,279.408,8499.605
2025-02-26T09:00Z,2025-02-26 10:00,7483.597,360.852,8418.805
2025-02-26T10:00Z,2025-02-26 11:00,9155.895,455.300,8614.510
2025-02-26T11:00Z,2025-02-26 12:00,10023.190,593.930,8789.730
2025-02-26T12:00Z,2025-02-26 13:00,9767.727,735.327,9010.938
2025-02-26T13:00Z,2025-02-26 14:00,8629.415,757.513,9009.683
2025-02-26T14:00Z,2025-02-26 15:00,6409.890,695.487,8568.757
2025-02-26T15:00Z,2025-02-26 16:00,3298.350,655.247,7737.622
2025-02-26T16:00Z,2025-02-26 17:00,658.538,641.763,7195.672
2025-02-26T17:00Z,2025-02-26 18:00,3.280,628.285,7390.710
2025-02-26T18:00Z,2025-02-26 19:00,0.000,681.245,8018.905
2025-02-26T19:00Z,2025-02-26 20:00,0.000,965.275,9280.942
2025-02-26T20:00Z,2025-02-26 21:00,0.000,1482.105,10445.522
2025-02-26T21:00Z,2025-02-26 22:00,0.000,2028.510,11238.715
2025-02-26T22:00Z,2025-02-26 23:00,0.000,2399.392,11828.092
2025-02-26T23:00Z,2025-02-27 00:00,0.000,3394.852,13588.573
2025-02-27T00:00Z,2025-02-27 01:00,0.000,3278.535,13954.573
2025-02-27T01:00Z,2025-02-27 02:00,0.000,3124.060,13897.780
2025-02-27T02:00Z,2025-02-27 03:00,0.000,2850.735,13523.198
2025-02-27T03:00Z,2025-02-27 04:00,0.000,2497.175,13058.205
2025-02-27T04:00Z,2025-02-27 05:00,0.000,2141.295,12495.683
2025-02-27T05:00Z,2025-02-27 06:00,0.357,1836.265,11996.603
2025-02-27T06:00Z,2025-02-27 07:00,892.105,1589.902,11253.993
2025-02-27T07:00Z,2025-02-27 08:00,4589.452,1373.223,10351.680
2025-02-27T08:00Z,2025-02-27 09:00,9082.727,1211.875,9190.755
2025-02-27T09:00Z,2025-02-27 10:00,13008.943,1088.517,8514.888
2025-02-27T10:00Z,2025-02-27 11:00,15637.875,1010.555,8273.628
2025-02-27T11:00Z,2025-02-27 12:00,16448.880,964.418,7974.503
2025-02-27T12:00Z,2025-02-27 13:00,15521.767,905.058,7639.012
2025-02-27T13:00Z,2025-02-27 14:00,13577.243,835.965,7200.505
2025-02-27T14:00Z,2025-02-27 15:00,10074.330,809.385,6627.542
2025-02-27T15:00Z,2025-02-27 16:00,5198.363,890.923,5824.710
2025-02-27T16:00Z,2025-02-27 17:00,959.818,1119.043,5173.310
2025-02-27T17:00Z,2025-02-27 18:00,2.873,1425.918,5257.202
2025-02-27T18:00Z,2025-02-27 19:00,0.000,1770.800,5844.345
2025-02-27T19:00Z,2025-02-27 20:00,0.000,2118.222,6568.295
2025-02-27T20:00Z,2025-02-27 21:00,0.000,2272.562,6988.648
2025-02-27T21:00Z,2025-02-27 22:00,0.000,2221.390,7184.580
2025-02-27T22:00Z,2025-02-27 23:00,0.000,2135.273,7342.608
2025-02-27T23:00Z,2025-02-28 00:00,0.000,1841.505,5598.200
2025-02-28T00:00Z,2025-02-28 01:00,0.000,1737.755,5758.805
2025-02-28T01:00Z,2025-02-28 02:00,0.000,1610.068,5775.535
2025-02-28T02:00Z,2025-02-28 03:00,0.000,1598.430,5651.620
2025-02-28T03:00Z,2025-02-28 04:00,0.000,1624.830,5478.488
2025-02-28T04:00Z,2025-02-28 05:00,0.000,1581.110,5302.625
2025-02-28T05:00Z,2025-02-28 06:00,0.855,1494.027,5065.552
2025-02-28T06:00Z,2025-02-28 07:00,801.798,1414.882,4729.488
2025-02-28T07:00Z,2025-02-28 08:00,4097.620,1331.455,4363.757
2025-02-28T08:00Z,2025-02-28 09:00,8074.128,1153.723,4012.818
2025-02-28T09:00Z,2025-02-28 10:00,10909.225,972.350,3847.840
2025-02-28T10:00Z,2025-02-28 11:00,12608.892,891.300,3784.523
2025-02-28T11:00Z,2025-02-28 12:00,13809.022,878.913,3867.903
2025-02-28T12:00Z,2025-02-28 13:00,13744.048,905.095,4035.315
2025-02-28T13:00Z,2025-02-28 14:00,12103.140,966.233,4276.408
2025-02-28T14:00Z,2025-02-28 15:00,8873.493,1022.175,4490.915
2025-02-28T15:00Z,2025-02-28 16:00,4622.970,1032.312,4438.922
2025-02-28T16:00Z,2025-02-28 17:00,898.395,1021.178,4278.012
2025-02-28T17:00Z,2025-02-28 18:00,3.613,992.110,4432.807
2025-02-28T18:00Z,2025-02-28 19:00,0.000,939.923,4649.983
2025-02-28T19:00Z,2025-02-28 20:00,0.000,866.585,4658.487
2025-02-28T20:00Z,2025-02-28 21:00,0.000,763.768,4441.055
2025-02-28T21:00Z,2025-02-28 22:00,0.000,633.413,4115.190
2025-02-28T22:00Z,2025-02-28 23:00,0.000,510.265,3771.940
2025-02-28T23:00Z,2025-03-01 00:00,0.000,549.648,4500.688
2025-03-01T00:00Z,2025-03-01 01:00,0.000,540.965,4271.847
2025-03-01T01:00Z,2025-03-01 02:00,0.000,521.013,4069.742
2025-03-01T02:00Z,2025-03-01 03:00,0.000,448.415,3895.838
2025-03-01T03:00Z,2025-03-01 04:00,0.000,409.470,3774.180
2025-03-01T04:00Z,2025-03-01 05:00,0.000,415.805,3679.820
2025-03-01T05:00Z,2025-03-01 06:00,4.150,434.857,3513.385
2025-03-01T06:00Z,2025-03-01 07:00,756.128,457.300,3236.925
2025-03-01T07:00Z,2025-03-01 08:00,4064.895,445.675,2925.262
2025-03-01T08:00Z,2025-03-01 09:00,8827.888,400.710,2615.742
2025-03-01T09:00Z,2025-03-01 10:00,13221.778,352.298,2619.400
2025-03-01T10:00Z,2025-03-01 11:00,16073.830,380.080,2857.210
2025-03-01T11:00Z,2025-03-01 12:00,17568.355,515.332,3199.355
2025-03-01T12:00Z,2025-03-01 13:00,17429.380,730.510,3608.633
2025-03-01T13:00Z,2025-03-01 14:00,15493.337,941.660,4011.648
2025-03-01T14:00Z,2025-03-01 15:00,11431.087,1108.475,4297.392
2025-03-01T15:00Z,2025-03-01 16:00,5977.365,1236.477,4301.075
2025-03-01T16:00Z,2025-03-01 17:00,1144.227,1332.628,4327.337
2025-03-01T17:00Z,2025-03-01 18:00,4.722,1449.862,4934.698
2025-03-01T18:00Z,2025-03-01 19:00,0.000,1623.520,5772.410
2025-03-01T19:00Z,2025-03-01 20:00,0.000,1800.750,6534.167
2025-03-01T20:00Z,2025-03-01 21:00,0.000,1879.332,7070.288
2025-03-01T21:00Z,2025-03-01 22:00,0.000,1894.328,7263.420
2025-03-01T22:00Z,2025-03-01 23:00,0.000,2050.787,7196.390
2025-03-01T23:00Z,2025-03-02 00:00,0.000,2820.868,7140.467
2025-03-02T00:00Z,2025-03-02 01:00,0.000,3032.980,7387.630
2025-03-02T01:00Z,2025-03-02 02:00,0.000,3143.355,7923.010
2025-03-02T02:00Z,2025-03-02 03:00,0.000,3234.508,8394.878
2025-03-02T03:00Z,2025-03-02 04:00,0.000,3266.423,8649.890
2025-03-02T04:00Z,2025-03-02 05:00,0.000,3164.020,8765.583
2025-03-02T05:00Z,2025-03-02 06:00,7.808,2928.427,8608.665
2025-03-02T06:00Z,2025-03-02 07:00,1621.553,2712.452,7975.385
2025-03-02T07:00Z,2025-03-02 08:00,7665.538,2600.275,7089.555
2025-03-02T08:00Z,2025-03-02 09:00,15988.583,2594.858,6049.555
2025-03-02T09:00Z,2025-03-02 10:00,24387.827,2674.050,5398.358
2025-03-02T10:00Z,2025-03-02 11:00,30523.425,2783.122,5320.177
2025-03-02T11:00Z,2025-03-02 12:00,33133.270,2951.557,5443.247
2025-03-02T12:00Z,2025-03-02 13:00,32466.607,3171.080,5716.722
2025-03-02T13:00Z,2025-03-02 14:00,28326.247,3353.677,5999.135
2025-03-02T14:00Z,2025-03-02 15:00,20496.658,3389.582,6120.770
2025-03-02T15:00Z,2025-03-02 16:00,10197.465,3326.653,5873.005
2025-03-02T16:00Z,2025-03-02 17:00,2023.572,3255.565,5903.267
2025-03-02T17:00Z,2025-03-02 18:00,10.255,3237.883,6680.788
2025-03-02T18:00Z,2025-03-02 19:00,0.000,3383.550,7474.195
2025-03-02T19:00Z,2025-03-02 20:00,0.000,3690.568,8086.993
2025-03-02T20:00Z,2025-03-02 21:00,0.000,4110.850,8509.247
2025-03-02T21:00Z,2025-03-02 22:00,0.000,4512.983,8791.097
2025-03-02T22:00Z,2025-03-02 23:00,0.000,4776.233,9074.725
2025-03-02T23:00Z,2025-03-03 00:00,0.000,5335.875,9652.868
2025-03-03T00:00Z,2025-03-03 01:00,0.000,5494.155,9647.090
2025-03-03T01:00Z,2025-03-03 02:00,0.000,5598.542,9622.042
2025-03-03T02:00Z,2025-03-03 03:00,0.000,5661.670,9619.253
2025-03-03T03:00Z,2025-03-03 04:00,0.000,5655.430,9694.815
2025-03-03T04:00Z,2025-03-03 05:00,0.000,5645.807,9973.135
2025-03-03T05:00Z,2025-03-03 06:00,18.045,5598.315,10497.245
2025-03-03T06:00Z,2025-03-03 07:00,2753.483,5503.875,10352.382
2025-03-03T07:00Z,2025-03-03 08:00,12188.670,5391.080,9669.353
2025-03-03T08:00Z,2025-03-03 09:00,23808.045,5260.337,8160.840
2025-03-03T09:00Z,2025-03-03 10:00,33420.310,4987.775,6848.167
2025-03-03T10:00Z,2025-03-03 11:00,39071.083,4657.530,6626.972
2025-03-03T11:00Z,2025-03-03 12:00,40422.870,4474.195,6789.285
2025-03-03T12:00Z,2025-03-03 13:00,38380.765,4438.015,7044.715
2025-03-03T13:00Z,2025-03-03 14:00,33076.095,4366.005,7184.977
2025-03-03T14:00Z,2025-03-03 15:00,24032.370,4288.595,7082.858
2025-03-03T15:00Z,2025-03-03 16:00,11959.265,4290.825,6741.490
2025-03-03T16:00Z,2025-03-03 17:00,2414.318,4292.045,6745.847
2025-03-03T17:00Z,2025-03-03 18:00,15.153,4145.812,7337.868
2025-03-03T18:00Z,2025-03-03 19:00,0.000,4072.622,7869.870
2025-03-03T19:00Z,2025-03-03 20:00,0.000,4150.347,8101.025
2025-03-03T20:00Z,2025-03-03 21:00,0.000,4264.747,8065.873
2025-03-03T21:00Z,2025-03-03 22:00,0.000,4289.108,7863.845
2025-03-03T22:00Z,2025-03-03 23:00,0.000,4224.347,7729.475
2025-03-03T23:00Z,2025-03-04 00:00,0.000,4209.017,8042.070
2025-03-04T00:00Z,2025-03-04 01:00,0.000,4244.613,7820.773
2025-03-04T01:00Z,2025-03-04 02:00,0.000,4329.385,7518.517
2025-03-04T02:00Z,2025-03-04 03:00,0.000,4360.455,7318.587
2025-03-04T03:00Z,2025-03-04 04:00,0.000,4432.253,7347.075
2025-03-04T04:00Z,2025-03-04 05:00,0.000,4493.825,7575.957
2025-03-04T05:00Z,2025-03-04 06:00,20.043,4494.610,7831.913
2025-03-04T06:00Z,2025-03-04 07:00,2514.722,4486.140,7633.362
2025-03-04T07:00Z,2025-03-04 08:00,10853.028,4488.430,7117.352
2025-03-04T08:00Z,2025-03-04 09:00,21484.060,4566.773,6062.798
2025-03-04T09:00Z,2025-03-04 10:00,30952.020,4662.735,5108.427
2025-03-04T10:00Z,2025-03-04 11:00,37054.918,4586.427,5036.595
2025-03-04T11:00Z,2025-03-04 12:00,39232.363,4639.733,5492.503
2025-03-04T12:00Z,2025-03-04 13:00,37742.970,4754.443,6033.810
2025-03-04T13:00Z,2025-03-04 14:00,32776.308,4970.080,6369.438
2025-03-04T14:00Z,2025-03-04 15:00,23952.695,5191.840,6319.932
2025-03-04T15:00Z,2025-03-04 16:00,12112.320,5384.750,6074.940
2025-03-04T16:00Z,2025-03-04 17:00,2606.622,5506.095,6376.635
2025-03-04T17:00Z,2025-03-04 18:00,20.717,5653.540,7378.477
2025-03-04T18:00Z,2025-03-04 19:00,0.000,5752.658,8527.987
2025-03-04T19:00Z,2025-03-04 20:00,0.000,5916.210,9899.663
2025-03-04T20:00Z,2025-03-04 21:00,0.000,6121.845,11170.847
2025-03-04T21:00Z,2025-03-04 22:00,0.000,6163.038,12007.975
2025-03-04T22:00Z,2025-03-04 23:00,0.000,6187.408,12616.278
2025-03-04T23:00Z,2025-03-05 00:00,0.000,5973.375,13817.472
2025-03-05T00:00Z,2025-03-05 01:00,0.000,5944.125,14202.647
2025-03-05T01:00Z,2025-03-05 02:00,0.000,5934.503,14687.535
2025-03-05T02:00Z,2025-03-05 03:00,0.000,5913.660,15345.708
2025-03-05T03:00Z,2025-03-05 04:00,0.000,5904.352,15951.500
2025-03-05T04:00Z,2025-03-05 05:00,0.000,5922.778,16650.978
2025-03-05T05:00Z,2025-03-05 06:00,36.343,5931.872,17706.905
2025-03-05T06:00Z,2025-03-05 07:00,3729.863,5903.250,17854.815
2025-03-05T07:00Z,2025-03-05 08:00,14799.800,5868.305,17536.722
2025-03-05T08:00Z,2025-03-05 09:00,26949.480,5765.003,15851.540
2025-03-05T09:00Z,2025-03-05 10:00,35869.882,5616.837,12179.942
2025-03-05T10:00Z,2025-03-05 11:00,40630.238,5534.505,10694.920
2025-03-05T11:00Z,2025-03-05 12:00,42118.140,5482.688,10478.895
2025-03-05T12:00Z,2025-03-05 13:00,40349.105,5490.385,10313.565
2025-03-05T13:00Z,2025-03-05 14:00,35011.280,5569.462,10147.478
2025-03-05T14:00Z,2025-03-05 15:00,25736.722,5753.695,9967.585
2025-03-05T15:00Z,2025-03-05 16:00,13244.510,5926.305,9355.220
2025-03-05T16:00Z,2025-03-05 17:00,2882.438,5994.570,9754.955
2025-03-05T17:00Z,2025-03-05 18:00,26.812,6049.153,10754.435
2025-03-05T18:00Z,2025-03-05 19:00,0.000,6187.620,11809.368
2025-03-05T19:00Z,2025-03-05 20:00,0.000,6204.977,12887.715
2025-03-05T20:00Z,2025-03-05 21:00,0.000,6201.385,13426.435
2025-03-05T21:00Z,2025-03-05 22:00,0.000,6211.960,13222.435
2025-03-05T22:00Z,2025-03-05 23:00,0.000,6158.088,13052.035
2025-03-05T23:00Z,2025-03-06 00:00,0.000,6275.708,14257.745
2025-03-06T00:00Z,2025-03-06 01:00,0.000,6218.593,13915.097
2025-03-06T01:00Z,2025-03-06 02:00,0.000,6092.595,13566.632
2025-03-06T02:00Z,2025-03-06 03:00,0.000,5980.945,13141.845
2025-03-06T03:00Z,2025-03-06 04:00,0.000,5850.637,12759.915
2025-03-06T04:00Z,2025-03-06 05:00,0.000,5538.722,12623.042
2025-03-06T05:00Z,2025-03-06 06:00,44.947,5067.825,12577.070
2025-03-06T06:00Z,2025-03-06 07:00,3719.870,4607.618,11795.050
2025-03-06T07:00Z,2025-03-06 08:00,14375.345,4337.167,10755.923
2025-03-06T08:00Z,2025-03-06 09:00,26111.170,4268.467,8408.475
2025-03-06T09:00Z,2025-03-06 10:00,34848.380,4233.663,5510.025
2025-03-06T10:00Z,2025-03-06 11:00,39727.415,4089.580,4104.880
2025-03-06T11:00Z,2025-03-06 12:00,41237.760,3936.135,3905.312
2025-03-06T12:00Z,2025-03-06 13:00,39388.688,3745.405,4168.290
2025-03-06T13:00Z,2025-03-06 14:00,34141.342,3462.387,4675.920
2025-03-06T14:00Z,2025-03-06 15:00,25153.030,3149.165,4647.212
2025-03-06T15:00Z,2025-03-06 16:00,12991.657,2943.597,4481.255
2025-03-06T16:00Z,2025-03-06 17:00,2832.385,2873.517,5614.385
2025-03-06T17:00Z,2025-03-06 18:00,30.335,2949.070,8037.620
2025-03-06T18:00Z,2025-03-06 19:00,0.000,3154.218,10524.155
2025-03-06T19:00Z,2025-03-06 20:00,0.000,3471.540,12754.610
2025-03-06T20:00Z,2025-03-06 21:00,0.000,3777.668,14149.397
2025-03-06T21:00Z,2025-03-06 22:00,0.000,3865.713,14521.423
2025-03-06T22:00Z,2025-03-06 23:00,0.000,3759.530,14346.430
2025-03-06T23:00Z,2025-03-07 00:00,0.000,3685.035,13217.968
2025-03-07T00:00Z,2025-03-07 01:00,0.000,3569.648,12542.382
2025-03-07T01:00Z,2025-03-07 02:00,0.000,3622.320,11780.580
2025-03-07T02:00Z,2025-03-07 03:00,0.000,3689.485,10976.837
2025-03-07T03:00Z,2025-03-07 04:00,0.000,3677.377,10213.733
2025-03-07T04:00Z,2025-03-07 05:00,0.000,3635.265,9590.717
2025-03-07T05:00Z,2025-03-07 06:00,52.590,3635.608,9129.900
2025-03-07T06:00Z,2025-03-07 07:00,3595.240,3651.865,8076.555
2025-03-07T07:00Z,2025-03-07 08:00,13351.562,3591.765,6906.802
2025-03-07T08:00Z,2025-03-07 09:00,24438.427,3449.898,4930.235
2025-03-07T09:00Z,2025-03-07 10:00,33175.632,3223.387,2486.298
2025-03-07T10:00Z,2025-03-07 11:00,38138.220,2909.710,1544.230
2025-03-07T11:00Z,2025-03-07 12:00,39854.713,2547.898,1396.600
2025-03-07T12:00Z,2025-03-07 13:00,38285.817,2151.340,1280.770
2025-03-07T13:00Z,2025-03-07 14:00,33265.647,1748.217,1175.510
2025-03-07T14:00Z,2025-03-07 15:00,24534.940,1345.280,1062.645
2025-03-07T15:00Z,2025-03-07 16:00,12737.530,987.178,1073.602
2025-03-07T16:00Z,2025-03-07 17:00,2857.665,737.880,1478.562
2025-03-07T17:00Z,2025-03-07 18:00,35.427,590.577,2306.390
2025-03-07T18:00Z,2025-03-07 19:00,0.000,541.533,3167.448
2025-03-07T19:00Z,2025-03-07 20:00,0.000,563.712,3832.573
2025-03-07T20:00Z,2025-03-07 21:00,0.000,633.675,4171.167
2025-03-07T21:00Z,2025-03-07 22:00,0.000,743.630,4210.938
2025-03-07T22:00Z,2025-03-07 23:00,0.000,846.723,3996.255
2025-03-07T23:00Z,2025-03-08 00:00,0.000,479.150,2633.720
2025-03-08T00:00Z,2025-03-08 01:00,0.000,484.408,2423.180
2025-03-08T01:00Z,2025-03-08 02:00,0.000,486.518,2249.305
2025-03-08T02:00Z,2025-03-08 03:00,0.000,479.678,2141.193
2025-03-08T03:00Z,2025-03-08 04:00,0.000,439.535,2139.323
2025-03-08T04:00Z,2025-03-08 05:00,0.000,380.710,2281.460
2025-03-08T05:00Z,2025-03-08 06:00,72.470,331.438,2611.360
2025-03-08T06:00Z,2025-03-08 07:00,3888.642,312.882,2960.515
2025-03-08T07:00Z,2025-03-08 08:00,14193.165,327.398,3261.137
2025-03-08T08:00Z,2025-03-08 09:00,25480.618,373.005,3220.745
2025-03-08T09:00Z,2025-03-08 10:00,33844.195,444.957,2127.390
2025-03-08T10:00Z,2025-03-08 11:00,38363.730,520.670,1271.902
2025-03-08T11:00Z,2025-03-08 12:00,39697.775,581.030,1174.260
2025-03-08T12:00Z,2025-03-08 13:00,38105.905,625.837,1526.355
2025-03-08T13:00Z,2025-03-08 14:00,33230.925,672.207,2100.490
2025-03-08T14:00Z,2025-03-08 15:00,24756.287,747.310,2680.090
2025-03-08T15:00Z,2025-03-08 16:00,12925.815,898.472,3695.968
2025-03-08T16:00Z,2025-03-08 17:00,2947.460,1158.235,6091.920
2025-03-08T17:00Z,2025-03-08 18:00,45.767,1496.382,9608.495
2025-03-08T18:00Z,2025-03-08 19:00,0.000,1898.023,12429.007
2025-03-08T19:00Z,2025-03-08 20:00,0.000,2371.793,14130.663
2025-03-08T20:00Z,2025-03-08 21:00,0.000,2858.420,14500.330
2025-03-08T21:00Z,2025-03-08 22:00,0.000,3141.863,13718.285
2025-03-08T22:00Z,2025-03-08 23:00,0.000,3078.858,12558.952
2025-03-08T23:00Z,2025-03-09 00:00,0.000,3257.787,11845.583
2025-03-09T00:00Z,2025-03-09 01:00,0.000,2864.677,10577.420
2025-03-09T01:00Z,2025-03-09 02:00,0.000,2622.350,9664.480
2025-03-09T02:00Z,2025-03-09 03:00,0.000,2588.438,9067.427
2025-03-09T03:00Z,2025-03-09 04:00,0.000,2665.155,8844.983
2025-03-09T04:00Z,2025-03-09 05:00,0.000,2770.618,8802.865
2025-03-09T05:00Z,2025-03-09 06:00,86.243,2840.233,8699.750
2025-03-09T06:00Z,2025-03-09 07:00,4001.392,2848.530,7990.440
2025-03-09T07:00Z,2025-03-09 08:00,14147.323,2794.715,6795.470
2025-03-09T08:00Z,2025-03-09 09:00,25155.995,2691.485,4663.398
2025-03-09T09:00Z,2025-03-09 10:00,33451.155,2532.465,2375.120
2025-03-09T10:00Z,2025-03-09 11:00,37982.710,2344.332,1588.108
2025-03-09T11:00Z,2025-03-09 12:00,39024.973,2160.205,1465.892
2025-03-09T12:00Z,2025-03-09 13:00,37239.070,2050.225,1497.362
2025-03-09T13:00Z,2025-03-09 14:00,32404.827,2061.425,1664.840
2025-03-09T14:00Z,2025-03-09 15:00,24146.768,2211.160,2024.267
2025-03-09T15:00Z,2025-03-09 16:00,12705.660,2429.415,2427.742
2025-03-09T16:00Z,2025-03-09 17:00,2970.990,2633.620,3429.060
2025-03-09T17:00Z,2025-03-09 18:00,51.452,2742.992,4832.717
2025-03-09T18:00Z,2025-03-09 19:00,0.000,2680.125,5528.833
2025-03-09T19:00Z,2025-03-09 20:00,0.000,2430.160,5357.177
2025-03-09T20:00Z,2025-03-09 21:00,0.000,2029.112,4594.545
2025-03-09T21:00Z,2025-03-09 22:00,0.000,1600.455,3643.735
2025-03-09T22:00Z,2025-03-09 23:00,0.000,1204.965,2761.233
2025-03-09T23:00Z,2025-03-10 00:00,0.000,1178.257,2482.170
2025-03-10T00:00Z,2025-03-10 01:00,0.000,890.750,2154.070
2025-03-10T01:00Z,2025-03-10 02:00,0.000,646.425,2028.385
2025-03-10T02:00Z,2025-03-10 03:00,0.000,459.767,1964.590
2025-03-10T03:00Z,2025-03-10 04:00,0.000,366.990,1933.995
2025-03-10T04:00Z,2025-03-10 05:00,0.000,355.647,1935.928
2025-03-10T05:00Z,2025-03-10 06:00,83.812,380.710,1930.440
2025-03-10T06:00Z,2025-03-10 07:00,3178.025,416.410,1811.727
2025-03-10T07:00Z,2025-03-10 08:00,11044.737,432.702,1698.067
2025-03-10T08:00Z,2025-03-10 09:00,19499.327,429.585,1437.855
2025-03-10T09:00Z,2025-03-10 10:00,25299.750,445.567,1170.068
2025-03-10T10:00Z,2025-03-10 11:00,28051.440,499.868,1234.037
2025-03-10T11:00Z,2025-03-10 12:00,28003.905,572.860,1606.140
2025-03-10T12:00Z,2025-03-10 13:00,25548.487,660.503,2076.727
2025-03-10T13:00Z,2025-03-10 14:00,21253.717,760.240,2537.070
2025-03-10T14:00Z,2025-03-10 15:00,15366.025,848.263,2881.315
2025-03-10T15:00Z,2025-03-10 16:00,8159.308,949.740,3095.965
2025-03-10T16:00Z,2025-03-10 17:00,2033.760,1130.453,3647.077
2025-03-10T17:00Z,2025-03-10 18:00,45.310,1390.033,4693.835
2025-03-10T18:00Z,2025-03-10 19:00,0.000,1606.852,5443.358
2025-03-10T19:00Z,2025-03-10 20:00,0.000,1679.318,5586.717
2025-03-10T20:00Z,2025-03-10 21:00,0.000,1675.350,5240.860
2025-03-10T21:00Z,2025-03-10 22:00,0.000,1678.305,4700.370
2025-03-10T22:00Z,2025-03-10 23:00,0.000,1691.550,4146.073
2025-03-10T23:00Z,2025-03-11 00:00,0.000,1411.952,4088.085
2025-03-11T00:00Z,2025-03-11 01:00,0.000,1283.245,3591.965
2025-03-11T01:00Z,2025-03-11 02:00,0.000,1218.645,3137.533
2025-03-11T02:00Z,2025-03-11 03:00,0.000,1200.640,2733.747
2025-03-11T03:00Z,2025-03-11 04:00,0.000,1202.908,2391.207
2025-03-11T04:00Z,2025-03-11 05:00,0.000,1143.347,2183.910
2025-03-11T05:00Z,2025-03-11 06:00,73.888,980.125,2042.438
2025-03-11T06:00Z,2025-03-11 07:00,2580.102,803.938,1808.480
2025-03-11T07:00Z,2025-03-11 08:00,8794.087,660.553,1517.653
2025-03-11T08:00Z,2025-03-11 09:00,15986.757,580.618,1156.382
2025-03-11T09:00Z,2025-03-11 10:00,21746.480,540.750,968.375
2025-03-11T10:00Z,2025-03-11 11:00,24742.952,514.765,1121.548
2025-03-11T11:00Z,2025-03-11 12:00,24973.770,520.628,1479.013
2025-03-11T12:00Z,2025-03-11 13:00,22765.200,590.058,1878.158
2025-03-11T13:00Z,2025-03-11 14:00,18907.510,721.690,2239.053
2025-03-11T14:00Z,2025-03-11 15:00,13623.760,857.288,2495.900
2025-03-11T15:00Z,2025-03-11 16:00,7387.413,1044.035,2602.273
2025-03-11T16:00Z,2025-03-11 17:00,1947.862,1347.435,2711.472
2025-03-11T17:00Z,2025-03-11 18:00,48.475,1649.710,3029.463
2025-03-11T18:00Z,2025-03-11 19:00,0.000,1871.072,3420.115
2025-03-11T19:00Z,2025-03-11 20:00,0.000,1990.007,3758.128
2025-03-11T20:00Z,2025-03-11 21:00,0.000,1995.757,4012.205
2025-03-11T21:00Z,2025-03-11 22:00,0.000,1985.513,4156.243
2025-03-11T22:00Z,2025-03-11 23:00,0.000,1936.662,4157.587
2025-03-11T23:00Z,2025-03-12 00:00,0.000,1887.475,5597.657
2025-03-12T00:00Z,2025-03-12 01:00,0.000,1663.742,5461.467
2025-03-12T01:00Z,2025-03-12 02:00,0.000,1415.025,5300.017
2025-03-12T02:00Z,2025-03-12 03:00,0.000,1162.235,5084.118
2025-03-12T03:00Z,2025-03-12 04:00,0.000,955.270,4722.318
2025-03-12T04:00Z,2025-03-12 05:00,0.000,821.265,4290.055
2025-03-12T05:00Z,2025-03-12 06:00,83.425,781.778,3934.557
2025-03-12T06:00Z,2025-03-12 07:00,2047.885,791.445,3503.015
2025-03-12T07:00Z,2025-03-12 08:00,6591.615,795.433,2938.865
2025-03-12T08:00Z,2025-03-12 09:00,11211.302,781.987,2496.312
2025-03-12T09:00Z,2025-03-12 10:00,14481.170,787.582,2474.040
2025-03-12T10:00Z,2025-03-12 11:00,16118.903,787.913,2522.052
2025-03-12T11:00Z,2025-03-12 12:00,16489.185,803.737,2525.047
2025-03-12T12:00Z,2025-03-12 13:00,15579.275,811.765,2506.347
2025-03-12T13:00Z,2025-03-12 14:00,13237.285,823.632,2465.432
2025-03-12T14:00Z,2025-03-12 15:00,9600.190,827.023,2399.430
2025-03-12T15:00Z,2025-03-12 16:00,5275.972,813.618,2302.640
2025-03-12T16:00Z,2025-03-12 17:00,1504.470,765.040,2200.113
2025-03-12T17:00Z,2025-03-12 18:00,55.862,748.533,2327.895
2025-03-12T18:00Z,2025-03-12 19:00,0.000,770.438,2549.468
2025-03-12T19:00Z,2025-03-12 20:00,0.000,800.250,2634.305
2025-03-12T20:00Z,2025-03-12 21:00,0.000,857.848,2640.642
2025-03-12T21:00Z,2025-03-12 22:00,0.000,948.385,2613.375
2025-03-12T22:00Z,2025-03-12 23:00,0.000,1032.062,2622.717
2025-03-12T23:00Z,2025-03-13 00:00,0.000,1440.287,1751.968
2025-03-13T00:00Z,2025-03-13 01:00,0.000,1410.528,2020.450
2025-03-13T01:00Z,2025-03-13 02:00,0.000,1337.803,2371.923
2025-03-13T02:00Z,2025-03-13 03:00,0.000,1345.918,2725.298
2025-03-13T03:00Z,2025-03-13 04:00,0.000,1446.335,3015.852
2025-03-13T04:00Z,2025-03-13 05:00,0.000,1587.842,3150.618
2025-03-13T05:00Z,2025-03-13 06:00,72.707,1711.485,3208.265
2025-03-13T06:00Z,2025-03-13 07:00,1822.365,1809.280,3110.705
2025-03-13T07:00Z,2025-03-13 08:00,6101.712,1905.885,2728.747
2025-03-13T08:00Z,2025-03-13 09:00,11037.438,2007.447,2231.695
2025-03-13T09:00Z,2025-03-13 10:00,14623.130,2073.915,2129.537
2025-03-13T10:00Z,2025-03-13 11:00,15804.892,2085.608,2355.952
2025-03-13T11:00Z,2025-03-13 12:00,15386.130,2081.410,2580.552
2025-03-13T12:00Z,2025-03-13 13:00,14126.882,2141.150,2851.745
2025-03-13T13:00Z,2025-03-13 14:00,12266.210,2347.565,3148.352
2025-03-13T14:00Z,2025-03-13 15:00,9284.695,2565.455,3347.735
2025-03-13T15:00Z,2025-03-13 16:00,5373.502,2686.055,3408.012
2025-03-13T16:00Z,2025-03-13 17:00,1580.905,2777.580,3368.990
2025-03-13T17:00Z,2025-03-13 18:00,50.072,2833.213,3388.610
2025-03-13T18:00Z,2025-03-13 19:00,0.000,2770.882,3531.992
2025-03-13T19:00Z,2025-03-13 20:00,0.000,2591.900,3653.540
2025-03-13T20:00Z,2025-03-13 21:00,0.000,2315.783,3616.443
2025-03-13T21:00Z,2025-03-13 22:00,0.000,2054.670,3410.248
2025-03-13T22:00Z,2025-03-13 23:00,0.000,1809.080,3185.040
2025-03-13T23:00Z,2025-03-14 00:00,0.000,1797.240,3420.693
2025-03-14T00:00Z,2025-03-14 01:00,0.000,1633.562,3147.302
2025-03-14T01:00Z,2025-03-14 02:00,0.000,1567.935,2911.345
2025-03-14T02:00Z,2025-03-14 03:00,0.000,1546.635,2738.550
2025-03-14T03:00Z,2025-03-14 04:00,0.000,1544.750,2645.128
2025-03-14T04:00Z,2025-03-14 05:00,0.000,1545.298,2588.845
2025-03-14T05:00Z,2025-03-14 06:00,93.428,1515.665,2485.213
2025-03-14T06:00Z,2025-03-14 07:00,2049.870,1449.477,2265.810
2025-03-14T07:00Z,2025-03-14 08:00,6495.975,1385.892,1969.358
2025-03-14T08:00Z,2025-03-14 09:00,11313.528,1333.385,1760.852
2025-03-14T09:00Z,2025-03-14 10:00,14962.965,1254.785,1714.225
2025-03-14T10:00Z,2025-03-14 11:00,16916.760,1174.572,1682.077
2025-03-14T11:00Z,2025-03-14 12:00,17387.603,1106.037,1742.080
2025-03-14T12:00Z,2025-03-14 13:00,16310.145,1062.778,1925.108
2025-03-14T13:00Z,2025-03-14 14:00,13767.397,1108.967,2343.755
2025-03-14T14:00Z,2025-03-14 15:00,10011.222,1262.940,2984.968
2025-03-14T15:00Z,2025-03-14 16:00,5686.700,1483.990,3750.450
2025-03-14T16:00Z,2025-03-14 17:00,1751.068,1745.035,4704.898
2025-03-14T17:00Z,2025-03-14 18:00,83.117,2000.707,6015.285
2025-03-14T18:00Z,2025-03-14 19:00,0.000,2149.747,7342.717
2025-03-14T19:00Z,2025-03-14 20:00,0.000,2146.097,8334.837
2025-03-14T20:00Z,2025-03-14 21:00,0.000,2004.068,8864.017
2025-03-14T21:00Z,2025-03-14 22:00,0.000,1903.275,8997.228
2025-03-14T22:00Z,2025-03-14 23:00,0.000,1730.390,9049.080
2025-03-14T23:00Z,2025-03-15 00:00,0.000,1762.258,9574.503
2025-03-15T00:00Z,2025-03-15 01:00,0.000,1651.142,9555.210
2025-03-15T01:00Z,2025-03-15 02:00,0.000,1554.545,9590.820
2025-03-15T02:00Z,2025-03-15 03:00,0.000,1457.155,9649.153
2025-03-15T03:00Z,2025-03-15 04:00,0.000,1350.635,9780.647
2025-03-15T04:00Z,2025-03-15 05:00,0.000,1232.430,10034.780
2025-03-15T05:00Z,2025-03-15 06:00,142.683,1107.438,10275.282
2025-03-15T06:00Z,2025-03-15 07:00,2455.432,969.757,9878.890
2025-03-15T07:00Z,2025-03-15 08:00,7474.675,803.222,9025.470
2025-03-15T08:00Z,2025-03-15 09:00,13166.942,621.867,8480.665
2025-03-15T09:00Z,2025-03-15 10:00,17996.833,463.225,8988.138
2025-03-15T10:00Z,2025-03-15 11:00,20949.845,352.192,9881.445
2025-03-15T11:00Z,2025-03-15 12:00,21622.357,289.558,10686.155
2025-03-15T12:00Z,2025-03-15 13:00,20382.405,270.342,11464.890
2025-03-15T13:00Z,2025-03-15 14:00,17154.350,312.207,12160.138
2025-03-15T14:00Z,2025-03-15 15:00,12350.040,394.132,12816.498
2025-03-15T15:00Z,2025-03-15 16:00,6839.015,474.190,13162.535
2025-03-15T16:00Z,2025-03-15 17:00,2033.455,480.428,13209.373
2025-03-15T17:00Z,2025-03-15 18:00,93.297,417.692,13851.370
2025-03-15T18:00Z,2025-03-15 19:00,0.000,347.210,14767.307
2025-03-15T19:00Z,2025-03-15 20:00,0.000,303.965,15218.712
2025-03-15T20:00Z,2025-03-15 21:00,0.000,306.190,14926.820
2025-03-15T21:00Z,2025-03-15 22:00,0.000,363.882,13917.163
2025-03-15T22:00Z,2025-03-15 23:00,0.000,472.400,12906.538
2025-03-15T23:00Z,2025-03-16 00:00,0.000,617.497,11535.892
2025-03-16T00:00Z,2025-03-16 01:00,0.000,793.237,10644.228
2025-03-16T01:00Z,2025-03-16 02:00,0.000,1033.477,9811.347
2025-03-16T02:00Z,2025-03-16 03:00,0.000,1345.640,9199.020
2025-03-16T03:00Z,2025-03-16 04:00,0.000,1682.640,8798.815
2025-03-16T04:00Z,2025-03-16 05:00,0.000,1984.263,8491.575
2025-03-16T05:00Z,2025-03-16 06:00,271.377,2219.190,8339.470
2025-03-16T06:00Z,2025-03-16 07:00,4087.572,2424.985,7886.040
2025-03-16T07:00Z,2025-03-16 08:00,11860.917,2588.655,6991.128
2025-03-16T08:00Z,2025-03-16 09:00,19818.175,2719.680,5991.892
2025-03-16T09:00Z,2025-03-16 10:00,25625.110,2880.918,6344.212
2025-03-16T10:00Z,2025-03-16 11:00,28539.463,3070.892,7518.243
2025-03-16T11:00Z,2025-03-16 12:00,28440.145,3150.678,8474.085
2025-03-16T12:00Z,2025-03-16 13:00,26547.287,3164.203,9317.533
2025-03-16T13:00Z,2025-03-16 14:00,22809.548,3188.185,10115.480
2025-03-16T14:00Z,2025-03-16 15:00,16952.695,3364.610,10737.255
2025-03-16T15:00Z,2025-03-16 16:00,9446.137,3834.375,10712.978
2025-03-16T16:00Z,2025-03-16 17:00,2754.445,4408.085,10168.400
2025-03-16T17:00Z,2025-03-16 18:00,131.093,4859.552,10515.750
2025-03-16T18:00Z,2025-03-16 19:00,0.000,4975.740,12099.087
2025-03-16T19:00Z,2025-03-16 20:00,0.000,4900.432,13916.042
2025-03-16T20:00Z,2025-03-16 21:00,0.000,5009.280,15081.932
2025-03-16T21:00Z,2025-03-16 22:00,0.000,5303.702,15483.382
2025-03-16T22:00Z,2025-03-16 23:00,0.000,5627.858,16081.108
2025-03-16T23:00Z,2025-03-17 00:00,0.000,5801.780,15199.065
2025-03-17T00:00Z,2025-03-17 01:00,0.000,6009.815,15260.760
2025-03-17T01:00Z,2025-03-17 02:00,0.000,5754.707,15237.722
2025-03-17T02:00Z,2025-03-17 03:00,0.000,5369.090,15141.702
2025-03-17T03:00Z,2025-03-17 04:00,0.000,4739.520,14865.550
2025-03-17T04:00Z,2025-03-17 05:00,0.000,4082.347,14359.972
2025-03-17T05:00Z,2025-03-17 06:00,381.032,3454.125,13708.282
2025-03-17T06:00Z,2025-03-17 07:00,5162.398,2722.245,12163.193
2025-03-17T07:00Z,2025-03-17 08:00,13967.853,2092.492,10425.090
2025-03-17T08:00Z,2025-03-17 09:00,22464.470,1560.145,9215.167
2025-03-17T09:00Z,2025-03-17 10:00,28650.767,1180.110,8984.132
2025-03-17T10:00Z,2025-03-17 11:00,32495.292,860.457,8854.118
2025-03-17T11:00Z,2025-03-17 12:00,34016.037,634.010,8427.640
2025-03-17T12:00Z,2025-03-17 13:00,33168.475,477.482,7829.972
2025-03-17T13:00Z,2025-03-17 14:00,29833.995,400.352,7251.340
2025-03-17T14:00Z,2025-03-17 15:00,23445.057,413.855,6924.398
2025-03-17T15:00Z,2025-03-17 16:00,13820.695,485.962,6891.840
2025-03-17T16:00Z,2025-03-17 17:00,4229.898,547.135,7152.077
2025-03-17T17:00Z,2025-03-17 18:00,216.532,595.798,8018.812
2025-03-17T18:00Z,2025-03-17 19:00,0.000,668.410,9167.445
2025-03-17T19:00Z,2025-03-17 20:00,0.000,714.562,9857.552
2025-03-17T20:00Z,2025-03-17 21:00,0.000,729.035,9926.153
2025-03-17T21:00Z,2025-03-17 22:00,0.000,844.607,9659.347
2025-03-17T22:00Z,2025-03-17 23:00,0.000,1029.033,9529.312
2025-03-17T23:00Z,2025-03-18 00:00,0.000,1296.457,9638.620
2025-03-18T00:00Z,2025-03-18 01:00,0.000,1341.193,9574.948
2025-03-18T01:00Z,2025-03-18 02:00,0.000,1327.777,9495.972
2025-03-18T02:00Z,2025-03-18 03:00,0.000,1355.907,9413.743
2025-03-18T03:00Z,2025-03-18 04:00,0.000,1405.540,9507.850
2025-03-18T04:00Z,2025-03-18 05:00,0.000,1432.312,9862.932
2025-03-18T05:00Z,2025-03-18 06:00,636.413,1438.707,10325.528
2025-03-18T06:00Z,2025-03-18 07:00,7647.065,1412.560,10217.680
2025-03-18T07:00Z,2025-03-18 08:00,20039.755,1339.762,8853.135
2025-03-18T08:00Z,2025-03-18 09:00,30744.743,1233.963,7055.733
2025-03-18T09:00Z,2025-03-18 10:00,37765.562,1131.100,6717.512
2025-03-18T10:00Z,2025-03-18 11:00,41576.080,1060.085,6620.800
2025-03-18T11:00Z,2025-03-18 12:00,42637.478,1004.442,6266.780
2025-03-18T12:00Z,2025-03-18 13:00,40698.673,950.013,5865.382
2025-03-18T13:00Z,2025-03-18 14:00,35647.868,909.743,5458.550
2025-03-18T14:00Z,2025-03-18 15:00,27758.763,913.475,5194.993
2025-03-18T15:00Z,2025-03-18 16:00,16330.305,977.655,5123.788
2025-03-18T16:00Z,2025-03-18 17:00,4914.073,1077.088,5532.743
2025-03-18T17:00Z,2025-03-18 18:00,272.965,1191.358,6981.693
2025-03-18T18:00Z,2025-03-18 19:00,0.000,1307.485,8841.438
2025-03-18T19:00Z,2025-03-18 20:00,0.000,1405.955,10118.030
2025-03-18T20:00Z,2025-03-18 21:00,0.000,1481.490,10696.260
2025-03-18T21:00Z,2025-03-18 22:00,0.000,1472.345,10574.272
2025-03-18T22:00Z,2025-03-18 23:00,0.000,1380.713,10134.630
2025-03-18T23:00Z,2025-03-19 00:00,0.000,1348.902,8658.020
2025-03-19T00:00Z,2025-03-19 01:00,0.000,1275.510,8155.730
2025-03-19T01:00Z,2025-03-19 02:00,0.000,1226.727,7552.408
2025-03-19T02:00Z,2025-03-19 03:00,0.000,1169.740,6881.648
2025-03-19T03:00Z,2025-03-19 04:00,0.000,1137.220,6310.628
2025-03-19T04:00Z,2025-03-19 05:00,0.000,1163.158,5909.105
2025-03-19T05:00Z,2025-03-19 06:00,738.107,1235.082,5575.150
2025-03-19T06:00Z,2025-03-19 07:00,7950.862,1299.055,4930.533
2025-03-19T07:00Z,2025-03-19 08:00,20377.190,1298.965,3846.818
2025-03-19T08:00Z,2025-03-19 09:00,31208.880,1223.140,2392.110
2025-03-19T09:00Z,2025-03-19 10:00,38643.665,1120.358,1378.890
2025-03-19T10:00Z,2025-03-19 11:00,42670.357,988.995,1129.223
2025-03-19T11:00Z,2025-03-19 12:00,43896.145,825.263,1061.335
2025-03-19T12:00Z,2025-03-19 13:00,41913.807,689.515,1017.225
2025-03-19T13:00Z,2025-03-19 14:00,36729.560,604.248,952.920
2025-03-19T14:00Z,2025-03-19 15:00,28811.830,572.720,927.832
2025-03-19T15:00Z,2025-03-19 16:00,17128.708,577.345,987.882
2025-03-19T16:00Z,2025-03-19 17:00,5395.177,585.350,1383.925
2025-03-19T17:00Z,2025-03-19 18:00,328.738,575.862,2367.065
2025-03-19T18:00Z,2025-03-19 19:00,0.000,551.332,3507.170
2025-03-19T19:00Z,2025-03-19 20:00,0.000,542.550,4627.235
2025-03-19T20:00Z,2025-03-19 21:00,0.000,572.890,5685.913
2025-03-19T21:00Z,2025-03-19 22:00,0.000,647.222,6395.432
2025-03-19T22:00Z,2025-03-19 23:00,0.000,759.152,6733.173
2025-03-19T23:00Z,2025-03-20 00:00,0.000,766.575,7123.240
2025-03-20T00:00Z,2025-03-20 01:00,0.000,946.910,7361.540
2025-03-20T01:00Z,2025-03-20 02:00,0.000,1155.220,7531.048
2025-03-20T02:00Z,2025-03-20 03:00,0.000,1344.425,7659.693
2025-03-20T03:00Z,2025-03-20 04:00,0.000,1486.753,7842.153
2025-03-20T04:00Z,2025-03-20 05:00,0.000,1563.033,7996.120
2025-03-20T05:00Z,2025-03-20 06:00,793.535,1581.727,8090.682
2025-03-20T06:00Z,2025-03-20 07:00,7459.135,1562.398,7712.012
2025-03-20T07:00Z,2025-03-20 08:00,18337.542,1447.878,6773.765
2025-03-20T08:00Z,2025-03-20 09:00,27768.938,1269.600,4696.398
2025-03-20T09:00Z,2025-03-20 10:00,34878.395,1076.790,2745.790
2025-03-20T10:00Z,2025-03-20 11:00,39040.342,883.072,2139.073
2025-03-20T11:00Z,2025-03-20 12:00,40237.448,684.360,2128.753
2025-03-20T12:00Z,2025-03-20 13:00,38051.562,518.215,2205.470
2025-03-20T13:00Z,2025-03-20 14:00,33157.525,417.295,2187.355
2025-03-20T14:00Z,2025-03-20 15:00,25423.400,358.852,2046.860
2025-03-20T15:00Z,2025-03-20 16:00,14915.693,353.082,1788.020
2025-03-20T16:00Z,2025-03-20 17:00,4691.118,381.270,1770.460
2025-03-20T17:00Z,2025-03-20 18:00,310.577,405.005,2255.315
2025-03-20T18:00Z,2025-03-20 19:00,0.000,401.582,2777.867
2025-03-20T19:00Z,2025-03-20 20:00,0.000,361.540,3109.685
2025-03-20T20:00Z,2025-03-20 21:00,0.000,282.418,3293.867
2025-03-20T21:00Z,2025-03-20 22:00,0.000,216.440,3389.495
2025-03-20T22:00Z,2025-03-20 23:00,0.000,171.470,3383.305
2025-03-20T23:00Z,2025-03-21 00:00,0.000,260.298,3177.460
2025-03-21T00:00Z,2025-03-21 01:00,0.000,296.600,3244.408
2025-03-21T01:00Z,2025-03-21 02:00,0.000,370.690,3422.950
2025-03-21T02:00Z,2025-03-21 03:00,0.000,484.933,3613.153
2025-03-21T03:00Z,2025-03-21 04:00,0.000,656.622,3878.847
2025-03-21T04:00Z,2025-03-21 05:00,0.000,864.060,4402.042
2025-03-21T05:00Z,2025-03-21 06:00,844.678,1075.682,5121.877
2025-03-21T06:00Z,2025-03-21 07:00,7616.935,1301.983,5656.250
2025-03-21T07:00Z,2025-03-21 08:00,18817.055,1602.787,6157.185
2025-03-21T08:00Z,2025-03-21 09:00,28682.125,2027.485,5660.585
2025-03-21T09:00Z,2025-03-21 10:00,35175.150,2601.875,4553.358
2025-03-21T10:00Z,2025-03-21 11:00,39106.643,3203.323,5313.307
2025-03-21T11:00Z,2025-03-21 12:00,39931.070,3809.130,7425.545
2025-03-21T12:00Z,2025-03-21 13:00,37602.080,4487.097,9756.302
2025-03-21T13:00Z,2025-03-21 14:00,32352.845,4981.227,12086.198
2025-03-21T14:00Z,2025-03-21 15:00,24795.075,5358.855,14504.985
2025-03-21T15:00Z,2025-03-21 16:00,14552.682,5858.227,17069.728
2025-03-21T16:00Z,2025-03-21 17:00,4639.977,6022.042,20861.155
2025-03-21T17:00Z,2025-03-21 18:00,339.370,5938.525,26356.295
2025-03-21T18:00Z,2025-03-21 19:00,0.000,5830.878,30318.330
2025-03-21T19:00Z,2025-03-21 20:00,0.000,5766.370,31958.045
2025-03-21T20:00Z,2025-03-21 21:00,0.000,5767.017,32445.397
2025-03-21T21:00Z,2025-03-21 22:00,0.000,5830.352,31560.650
2025-03-21T22:00Z,2025-03-21 23:00,0.000,5840.205,30965.930
2025-03-21T23:00Z,2025-03-22 00:00,0.000,5854.110,31502.753
2025-03-22T00:00Z,2025-03-22 01:00,0.000,5854.193,30869.033
2025-03-22T01:00Z,2025-03-22 02:00,0.000,5874.102,30239.338
2025-03-22T02:00Z,2025-03-22 03:00,0.000,5897.445,29669.952
2025-03-22T03:00Z,2025-03-22 04:00,0.000,5929.370,29324.680
2025-03-22T04:00Z,2025-03-22 05:00,0.000,5795.820,29244.042
2025-03-22T05:00Z,2025-03-22 06:00,774.472,5728.315,29972.423
2025-03-22T06:00Z,2025-03-22 07:00,6139.635,5708.337,29649.900
2025-03-22T07:00Z,2025-03-22 08:00,14322.590,5667.818,26648.925
2025-03-22T08:00Z,2025-03-22 09:00,22052.675,5586.253,23460.912
2025-03-22T09:00Z,2025-03-22 10:00,27666.135,4876.280,22700.690
2025-03-22T10:00Z,2025-03-22 11:00,31355.790,4839.725,22010.705
2025-03-22T11:00Z,2025-03-22 12:00,32121.798,4767.427,22131.945
2025-03-22T12:00Z,2025-03-22 13:00,30639.478,4725.710,22840.575
2025-03-22T13:00Z,2025-03-22 14:00,26886.482,4705.740,23990.195
2025-03-22T14:00Z,2025-03-22 15:00,20628.785,4624.135,25823.655
2025-03-22T15:00Z,2025-03-22 16:00,12746.333,5301.165,27362.942
2025-03-22T16:00Z,2025-03-22 17:00,4299.265,5391.595,28672.995
2025-03-22T17:00Z,2025-03-22 18:00,349.707,5435.983,29624.033
2025-03-22T18:00Z,2025-03-22 19:00,0.000,5511.810,30693.585
2025-03-22T19:00Z,2025-03-22 20:00,0.000,5545.075,30645.000
2025-03-22T20:00Z,2025-03-22 21:00,0.000,5631.645,29726.507
2025-03-22T21:00Z,2025-03-22 22:00,0.000,6064.472,27785.475
2025-03-22T22:00Z,2025-03-22 23:00,0.000,6228.175,26363.930
2025-03-22T23:00Z,2025-03-23 00:00,0.000,6041.983,25838.785
2025-03-23T00:00Z,2025-03-23 01:00,0.000,6122.995,24434.915
2025-03-23T01:00Z,2025-03-23 02:00,0.000,6193.932,23236.380
2025-03-23T02:00Z,2025-03-23 03:00,0.000,6242.188,22208.987
2025-03-23T03:00Z,2025-03-23 04:00,0.000,6257.713,21462.783
2025-03-23T04:00Z,2025-03-23 05:00,0.000,6247.408,20801.260
2025-03-23T05:00Z,2025-03-23 06:00,605.893,6231.375,20307.305
2025-03-23T06:00Z,2025-03-23 07:00,4292.350,6176.467,18459.570
2025-03-23T07:00Z,2025-03-23 08:00,9878.095,6347.798,15540.198
2025-03-23T08:00Z,2025-03-23 09:00,15274.577,6252.852,12848.720
2025-03-23T09:00Z,2025-03-23 10:00,19558.972,6126.182,11226.392
2025-03-23T10:00Z,2025-03-23 11:00,21845.153,5991.792,9975.400
2025-03-23T11:00Z,2025-03-23 12:00,21902.792,5521.735,9087.795
2025-03-23T12:00Z,2025-03-23 13:00,20075.958,5260.222,8475.983
2025-03-23T13:00Z,2025-03-23 14:00,16938.507,4940.280,7964.225
2025-03-23T14:00Z,2025-03-23 15:00,12633.445,4641.208,7429.637
2025-03-23T15:00Z,2025-03-23 16:00,7710.170,4469.220,6756.517
2025-03-23T16:00Z,2025-03-23 17:00,2951.082,4438.165,6226.788
2025-03-23T17:00Z,2025-03-23 18:00,282.702,4367.262,6075.132
2025-03-23T18:00Z,2025-03-23 19:00,0.000,4308.035,5847.557
2025-03-23T19:00Z,2025-03-23 20:00,0.000,4244.222,5374.520
2025-03-23T20:00Z,2025-03-23 21:00,0.000,4013.195,4754.010
2025-03-23T21:00Z,2025-03-23 22:00,0.000,3519.370,4025.157
2025-03-23T22:00Z,2025-03-23 23:00,0.000,2881.762,3336.060
2025-03-23T23:00Z,2025-03-24 00:00,0.000,1730.047,2543.722
2025-03-24T00:00Z,2025-03-24 01:00,0.000,1267.400,2272.370
2025-03-24T01:00Z,2025-03-24 02:00,0.000,895.857,2044.158
2025-03-24T02:00Z,2025-03-24 03:00,0.000,655.280,1829.148
2025-03-24T03:00Z,2025-03-24 04:00,0.000,550.195,1655.730
2025-03-24T04:00Z,2025-03-24 05:00,0.003,503.962,1519.035
2025-03-24T05:00Z,2025-03-24 06:00,527.830,482.740,1395.805
2025-03-24T06:00Z,2025-03-24 07:00,4193.837,447.520,1202.060
2025-03-24T07:00Z,2025-03-24 08:00,10388.517,372.322,811.503
2025-03-24T08:00Z,2025-03-24 09:00,17003.425,289.137,370.680
2025-03-24T09:00Z,2025-03-24 10:00,22271.452,214.142,274.522
2025-03-24T10:00Z,2025-03-24 11:00,25274.500,151.558,345.702
2025-03-24T11:00Z,2025-03-24 12:00,25930.045,111.845,490.908
2025-03-24T12:00Z,2025-03-24 13:00,24577.885,96.635,730.430
2025-03-24T13:00Z,2025-03-24 14:00,21394.173,101.860,1113.540
2025-03-24T14:00Z,2025-03-24 15:00,16318.552,125.123,1510.872
2025-03-24T15:00Z,2025-03-24 16:00,10041.767,156.683,1775.040
2025-03-24T16:00Z,2025-03-24 17:00,3820.550,180.898,1980.490
2025-03-24T17:00Z,2025-03-24 18:00,369.748,196.142,2301.575
2025-03-24T18:00Z,2025-03-24 19:00,0.000,204.220,2495.267
2025-03-24T19:00Z,2025-03-24 20:00,0.000,221.580,2432.092
2025-03-24T20:00Z,2025-03-24 21:00,0.000,274.303,2270.547
2025-03-24T21:00Z,2025-03-24 22:00,0.000,381.588,2060.253
2025-03-24T22:00Z,2025-03-24 23:00,0.000,491.695,1887.975
2025-03-24T23:00Z,2025-03-25 00:00,0.000,825.050,2916.807
2025-03-25T00:00Z,2025-03-25 01:00,0.000,988.352,3038.807
2025-03-25T01:00Z,2025-03-25 02:00,0.000,1217.117,3290.275
2025-03-25T02:00Z,2025-03-25 03:00,0.000,1515.092,3569.735
2025-03-25T03:00Z,2025-03-25 04:00,0.000,1859.260,3914.160
2025-03-25T04:00Z,2025-03-25 05:00,0.075,2199.270,4182.395
2025-03-25T05:00Z,2025-03-25 06:00,652.295,2523.880,4223.403
2025-03-25T06:00Z,2025-03-25 07:00,4301.137,2853.448,3909.557
2025-03-25T07:00Z,2025-03-25 08:00,9963.702,3169.233,3395.892
2025-03-25T08:00Z,2025-03-25 09:00,15890.033,3367.810,3134.528
2025-03-25T09:00Z,2025-03-25 10:00,21087.820,3477.110,3615.548
2025-03-25T10:00Z,2025-03-25 11:00,24630.862,3561.903,4484.780
2025-03-25T11:00Z,2025-03-25 12:00,25793.057,3574.608,5303.740
2025-03-25T12:00Z,2025-03-25 13:00,25047.340,3595.193,6168.878
2025-03-25T13:00Z,2025-03-25 14:00,22416.910,3662.773,6860.225
2025-03-25T14:00Z,2025-03-25 15:00,17461.300,3756.137,7311.920
2025-03-25T15:00Z,2025-03-25 16:00,10644.253,3941.890,7483.875
2025-03-25T16:00Z,2025-03-25 17:00,3790.865,4135.950,7617.118
2025-03-25T17:00Z,2025-03-25 18:00,305.805,4449.650,8170.650
2025-03-25T18:00Z,2025-03-25 19:00,0.000,4753.095,8977.433
2025-03-25T19:00Z,2025-03-25 20:00,0.000,4999.743,9416.892
2025-03-25T20:00Z,2025-03-25 21:00,0.000,5055.450,9479.610
2025-03-25T21:00Z,2025-03-25 22:00,0.000,5012.682,9256.660
2025-03-25T22:00Z,2025-03-25 23:00,0.000,4866.055,8963.943
2025-03-25T23:00Z,2025-03-26 00:00,0.000,4698.610,9001.850
2025-03-26T00:00Z,2025-03-26 01:00,0.000,4579.807,9437.722
2025-03-26T01:00Z,2025-03-26 02:00,0.000,4498.923,9931.112
2025-03-26T02:00Z,2025-03-26 03:00,0.000,4405.632,10244.760
2025-03-26T03:00Z,2025-03-26 04:00,0.000,4219.515,10448.413
2025-03-26T04:00Z,2025-03-26 05:00,0.138,4010.363,10651.783
2025-03-26T05:00Z,2025-03-26 06:00,422.120,3717.570,10844.683
2025-03-26T06:00Z,2025-03-26 07:00,2742.515,3399.967,10578.175
2025-03-26T07:00Z,2025-03-26 08:00,6292.265,3013.163,10600.435
2025-03-26T08:00Z,2025-03-26 09:00,9863.693,2594.030,10818.612
2025-03-26T09:00Z,2025-03-26 10:00,12920.263,2356.382,10916.315
2025-03-26T10:00Z,2025-03-26 11:00,15355.932,2211.550,10687.115
2025-03-26T11:00Z,2025-03-26 12:00,16996.397,2118.257,10510.778
2025-03-26T12:00Z,2025-03-26 13:00,17539.943,2073.725,10600.395
2025-03-26T13:00Z,2025-03-26 14:00,16604.722,2005.128,10505.087
2025-03-26T14:00Z,2025-03-26 15:00,13782.077,1861.148,10181.435
2025-03-26T15:00Z,2025-03-26 16:00,9023.943,1702.088,9418.177
2025-03-26T16:00Z,2025-03-26 17:00,3542.773,1557.988,8140.275
2025-03-26T17:00Z,2025-03-26 18:00,387.438,1467.892,7509.335
2025-03-26T18:00Z,2025-03-26 19:00,0.000,1415.185,7803.925
2025-03-26T19:00Z,2025-03-26 20:00,0.000,1423.408,7873.960
2025-03-26T20:00Z,2025-03-26 21:00,0.000,1568.182,7364.325
2025-03-26T21:00Z,2025-03-26 22:00,0.000,1847.848,6657.878
2025-03-26T22:00Z,2025-03-26 23:00,0.000,2186.040,6018.927
2025-03-26T23:00Z,2025-03-27 00:00,0.000,2180.592,5471.020
2025-03-27T00:00Z,2025-03-27 01:00,0.000,2663.785,5158.273
2025-03-27T01:00Z,2025-03-27 02:00,0.000,3199.832,5000.315
2025-03-27T02:00Z,2025-03-27 03:00,0.000,3736.975,4929.042
2025-03-27T03:00Z,2025-03-27 04:00,0.000,4187.368,4895.257
2025-03-27T04:00Z,2025-03-27 05:00,0.752,4503.297,4802.915
2025-03-27T05:00Z,2025-03-27 06:00,821.822,4580.635,4589.935
2025-03-27T06:00Z,2025-03-27 07:00,5154.005,4347.945,3955.963
2025-03-27T07:00Z,2025-03-27 08:00,12301.240,4338.550,3290.023
2025-03-27T08:00Z,2025-03-27 09:00,19800.438,4247.190,3072.463
2025-03-27T09:00Z,2025-03-27 10:00,26125.463,4135.930,3323.012
2025-03-27T10:00Z,2025-03-27 11:00,30469.680,3864.697,3589.557
2025-03-27T11:00Z,2025-03-27 12:00,32502.292,3855.047,3819.842
2025-03-27T12:00Z,2025-03-27 13:00,32315.862,3895.173,3971.870
2025-03-27T13:00Z,2025-03-27 14:00,29584.123,3963.742,3861.332
2025-03-27T14:00Z,2025-03-27 15:00,23858.955,4090.480,3540.630
2025-03-27T15:00Z,2025-03-27 16:00,15103.888,4332.325,3067.040
2025-03-27T16:00Z,2025-03-27 17:00,5638.525,4372.968,2636.023
2025-03-27T17:00Z,2025-03-27 18:00,614.450,4362.068,2677.918
2025-03-27T18:00Z,2025-03-27 19:00,0.013,4359.370,3072.370
2025-03-27T19:00Z,2025-03-27 20:00,0.000,4425.438,3420.633
2025-03-27T20:00Z,2025-03-27 21:00,0.000,4474.463,3874.903
2025-03-27T21:00Z,2025-03-27 22:00,0.000,4542.855,4454.673
2025-03-27T22:00Z,2025-03-27 23:00,0.000,4693.052,5145.627
2025-03-27T23:00Z,2025-03-28 00:00,0.000,5075.208,6161.660
2025-03-28T00:00Z,2025-03-28 01:00,0.000,5096.980,6675.422
2025-03-28T01:00Z,2025-03-28 02:00,0.000,5173.962,7081.087
2025-03-28T02:00Z,2025-03-28 03:00,0.000,5289.380,7420.535
2025-03-28T03:00Z,2025-03-28 04:00,0.000,5359.682,7765.783
2025-03-28T04:00Z,2025-03-28 05:00,3.538,5381.807,8141.917
2025-03-28T05:00Z,2025-03-28 06:00,1646.525,5435.148,8493.612
2025-03-28T06:00Z,2025-03-28 07:00,9306.202,5404.512,8039.987
2025-03-28T07:00Z,2025-03-28 08:00,20499.603,5250.028,6241.323
2025-03-28T08:00Z,2025-03-28 09:00,30589.810,4862.382,3982.403
2025-03-28T09:00Z,2025-03-28 10:00,37469.870,4458.475,3192.882
2025-03-28T10:00Z,2025-03-28 11:00,41124.342,4093.575,3214.710
2025-03-28T11:00Z,2025-03-28 12:00,41623.425,3787.030,2917.910
2025-03-28T12:00Z,2025-03-28 13:00,39119.765,3487.125,2638.815
2025-03-28T13:00Z,2025-03-28 14:00,33774.607,3203.510,2388.565
2025-03-28T14:00Z,2025-03-28 15:00,25834.783,2777.802,2278.453
2025-03-28T15:00Z,2025-03-28 16:00,15454.932,2227.593,2360.130
2025-03-28T16:00Z,2025-03-28 17:00,5417.828,1768.020,2735.025
2025-03-28T17:00Z,2025-03-28 18:00,533.715,1451.928,3657.403
2025-03-28T18:00Z,2025-03-28 19:00,0.000,1289.640,4610.443
2025-03-28T19:00Z,2025-03-28 20:00,0.000,1223.842,5092.092
2025-03-28T20:00Z,2025-03-28 21:00,0.000,1142.287,5275.140
2025-03-28T21:00Z,2025-03-28 22:00,0.000,1069.523,5195.010
2025-03-28T22:00Z,2025-03-28 23:00,0.000,1021.570,4896.083
2025-03-28T23:00Z,2025-03-29 00:00,0.000,1132.545,5279.948
2025-03-29T00:00Z,2025-03-29 01:00,0.000,1066.600,5593.477
2025-03-29T01:00Z,2025-03-29 02:00,0.000,990.232,6088.620
2025-03-29T02:00Z,2025-03-29 03:00,0.000,948.815,6839.688
2025-03-29T03:00Z,2025-03-29 04:00,0.000,932.572,7672.030
2025-03-29T04:00Z,2025-03-29 05:00,2.640,937.885,8397.950
2025-03-29T05:00Z,2025-03-29 06:00,604.457,906.822,9082.638
2025-03-29T06:00Z,2025-03-29 07:00,3275.510,823.283,9161.183
2025-03-29T07:00Z,2025-03-29 08:00,7729.913,755.652,8688.780
2025-03-29T08:00Z,2025-03-29 09:00,12763.960,709.077,8376.722
2025-03-29T09:00Z,2025-03-29 10:00,17498.760,679.962,8882.237
2025-03-29T10:00Z,2025-03-29 11:00,19945.612,701.745,9950.727
2025-03-29T11:00Z,2025-03-29 12:00,19510.698,752.712,11447.840
2025-03-29T12:00Z,2025-03-29 13:00,21443.908,814.915,13142.175
2025-03-29T13:00Z,2025-03-29 14:00,19335.655,924.027,14449.388
2025-03-29T14:00Z,2025-03-29 15:00,15397.375,1070.512,15101.585
2025-03-29T15:00Z,2025-03-29 16:00,9982.460,1261.923,14737.682
2025-03-29T16:00Z,2025-03-29 17:00,4211.830,1410.758,13110.903
2025-03-29T17:00Z,2025-03-29 18:00,585.952,1544.242,11510.940
2025-03-29T18:00Z,2025-03-29 19:00,0.013,1854.610,10782.663
2025-03-29T19:00Z,2025-03-29 20:00,0.000,2425.565,10208.308
2025-03-29T20:00Z,2025-03-29 21:00,0.000,3173.423,9712.820
2025-03-29T21:00Z,2025-03-29 22:00,0.000,3939.367,9573.070
2025-03-29T22:00Z,2025-03-29 23:00,0.000,4516.833,10306.430
2025-03-29T23:00Z,2025-03-30 00:00,0.000,5170.735,11729.073
2025-03-30T00:00Z,2025-03-30 01:00,0.000,5038.413,14277.993
2025-03-30T01:00Z,2025-03-30 03:00,0.000,4241.520,16954.820
2025-03-30T02:00Z,2025-03-30 04:00,0.000,4089.345,19950.068
2025-03-30T03:00Z,2025-03-30 05:00,0.000,4086.528,23193.650
2025-03-30T04:00Z,2025-03-30 06:00,8.255,4278.930,27011.610
2025-03-30T05:00Z,2025-03-30 07:00,1353.178,4608.485,29339.935
2025-03-30T06:00Z,2025-03-30 08:00,6472.948,4228.395,30298.615
2025-03-30T07:00Z,2025-03-30 09:00,13068.785,4533.830,30205.850
2025-03-30T08:00Z,2025-03-30 10:00,18036.232,4581.790,30031.840
2025-03-30T09:00Z,2025-03-30 11:00,20351.530,4789.922,27475.202
2025-03-30T10:00Z,2025-03-30 12:00,21077.138,4761.910,26151.350
2025-03-30T11:00Z,2025-03-30 13:00,20460.077,4670.455,26144.287
2025-03-30T12:00Z,2025-03-30 14:00,18595.390,4583.028,26524.088
2025-03-30T13:00Z,2025-03-30 15:00,15513.757,4417.283,27972.335
2025-03-30T14:00Z,2025-03-30 16:00,11673.253,4027.372,30946.220
2025-03-30T15:00Z,2025-03-30 17:00,7519.390,3912.953,34938.670
2025-03-30T16:00Z,2025-03-30 18:00,3263.477,4490.097,36594.542
2025-03-30T17:00Z,2025-03-30 19:00,490.312,4489.980,34309.620
2025-03-30T18:00Z,2025-03-30 20:00,18.840,4570.710,32382.423
2025-03-30T19:00Z,2025-03-30 21:00,0.000,4711.727,31010.317
2025-03-30T20:00Z,2025-03-30 22:00,0.000,4752.600,29349.252
2025-03-30T21:00Z,2025-03-30 23:00,0.000,4831.573,28322.278
2025-03-30T22:00Z,2025-03-31 00:00,0.000,4051.077,26331.592
2025-03-30T23:00Z,2025-03-31 01:00,0.000,4283.212,25163.603
2025-03-31T00:00Z,2025-03-31 02:00,0.000,4207.490,23996.467
2025-03-31T01:00Z,2025-03-31 03:00,0.000,4152.493,22851.717
2025-03-31T02:00Z,2025-03-31 04:00,0.000,4313.205,21773.958
2025-03-31T03:00Z,2025-03-31 05:00,0.000,4321.882,20889.895
2025-03-31T04:00Z,2025-03-31 06:00,8.175,4141.163,20249.315
2025-03-31T05:00Z,2025-03-31 07:00,736.148,3852.613,18789.025
2025-03-31T06:00Z,2025-03-31 08:00,3902.400,3451.017,16891.903
2025-03-31T07:00Z,2025-03-31 09:00,8449.015,2920.302,15705.752
2025-03-31T08:00Z,2025-03-31 10:00,12823.865,2360.617,14789.872
2025-03-31T09:00Z,2025-03-31 11:00,16632.000,1897.773,13695.298
2025-03-31T10:00Z,2025-03-31 12:00,19311.540,1649.550,13002.122
2025-03-31T11:00Z,2025-03-31 13:00,20671.963,1486.608,12883.935
2025-03-31T12:00Z,2025-03-31 14:00,20491.622,1439.160,13102.115
2025-03-31T13:00Z,2025-03-31 15:00,18801.467,1434.000,13337.850
2025-03-31T14:00Z,2025-03-31 16:00,15355.450,1369.585,13444.077
2025-03-31T15:00Z,2025-03-31 17:00,10203.577,1288.878,12868.965
2025-03-31T16:00Z,2025-03-31 18:00,4397.685,1214.065,11257.890
2025-03-31T17:00Z,2025-03-31 19:00,622.347,1160.885,9771.775
2025-03-31T18:00Z,2025-03-31 20:00,1.495,1132.050,9461.317
2025-03-31T19:00Z,2025-03-31 21:00,0.000,1086.003,9386.135
2025-03-31T20:00Z,2025-03-31 22:00,0.000,1025.090,8840.450
2025-03-31T21:00Z,2025-03-31 23:00,0.000,898.475,8084.740
2025-03-31T22:00Z,2025-04-01 00:00,0.000,906.178,7445.882
2025-03-31T23:00Z,2025-04-01 01:00,0.000,804.273,6808.193
2025-04-01T00:00Z,2025-04-01 02:00,0.000,719.707,6481.070
2025-04-01T01:00Z,2025-04-01 03:00,0.000,665.880,6447.858
2025-04-01T02:00Z,2025-04-01 04:00,0.000,635.100,6617.998
2025-04-01T03:00Z,2025-04-01 05:00,0.000,602.913,6861.135
2025-04-01T04:00Z,2025-04-01 06:00,16.505,567.362,7169.483
2025-04-01T05:00Z,2025-04-01 07:00,1830.868,535.910,7278.970
2025-04-01T06:00Z,2025-04-01 08:00,8412.597,492.435,6464.550
2025-04-01T07:00Z,2025-04-01 09:00,17284.870,451.300,5412.520
2025-04-01T08:00Z,2025-04-01 10:00,24764.270,427.298,5752.420
2025-04-01T09:00Z,2025-04-01 11:00,29258.118,407.405,7608.640
2025-04-01T10:00Z,2025-04-01 12:00,31004.748,384.955,9937.750
2025-04-01T11:00Z,2025-04-01 13:00,30763.200,368.873,11920.315
2025-04-01T12:00Z,2025-04-01 14:00,29195.583,362.062,13152.842
2025-04-01T13:00Z,2025-04-01 15:00,26126.107,389.755,14001.935
2025-04-01T14:00Z,2025-04-01 16:00,20976.880,499.700,14644.583
2025-04-01T15:00Z,2025-04-01 17:00,13740.663,688.523,14784.022
2025-04-01T16:00Z,2025-04-01 18:00,5790.485,926.475,14419.160
2025-04-01T17:00Z,2025-04-01 19:00,847.320,1214.035,14909.623
2025-04-01T18:00Z,2025-04-01 20:00,3.265,1548.130,17265.510
2025-04-01T19:00Z,2025-04-01 21:00,0.000,1862.193,19442.638
2025-04-01T20:00Z,2025-04-01 22:00,0.000,2036.142,20127.365
2025-04-01T21:00Z,2025-04-01 23:00,0.000,2009.908,20076.382
2025-04-01T22:00Z,2025-04-02 00:00,0.000,1978.237,20067.397
2025-04-01T23:00Z,2025-04-02 01:00,0.000,1718.365,19162.162
2025-04-02T00:00Z,2025-04-02 02:00,0.000,1552.733,18509.485
2025-04-02T01:00Z,2025-04-02 03:00,0.000,1510.595,18079.858
2025-04-02T02:00Z,2025-04-02 04:00,0.000,1624.533,17808.357
2025-04-02T03:00Z,2025-04-02 05:00,0.000,1853.200,17689.055
2025-04-02T04:00Z,2025-04-02 06:00,35.477,2145.742,17824.982
2025-04-02T05:00Z,2025-04-02 07:00,2228.848,2464.972,17303.577
2025-04-02T06:00Z,2025-04-02 08:00,9530.625,2683.325,15171.692
2025-04-02T07:00Z,2025-04-02 09:00,19429.057,2654.392,11890.820
2025-04-02T08:00Z,2025-04-02 10:00,28514.862,2413.920,11499.985
2025-04-02T09:00Z,2025-04-02 11:00,35306.415,2149.915,12806.562
2025-04-02T10:00Z,2025-04-02 12:00,39113.167,1987.835,14093.158
2025-04-02T11:00Z,2025-04-02 13:00,39785.930,1951.332,15642.222
2025-04-02T12:00Z,2025-04-02 14:00,37818.130,2059.460,17605.285
2025-04-02T13:00Z,2025-04-02 15:00,33166.738,2310.307,19676.380
2025-04-02T14:00Z,2025-04-02 16:00,26151.513,2661.930,21972.827
2025-04-02T15:00Z,2025-04-02 17:00,16499.057,3236.600,23003.013
2025-04-02T16:00Z,2025-04-02 18:00,6593.580,3700.205,22304.862
2025-04-02T17:00Z,2025-04-02 19:00,1033.503,3952.710,22726.882
2025-04-02T18:00Z,2025-04-02 20:00,4.982,4073.570,24333.252
2025-04-02T19:00Z,2025-04-02 21:00,0.000,4037.078,25075.070
2025-04-02T20:00Z,2025-04-02 22:00,0.000,3929.492,24446.627
2025-04-02T21:00Z,2025-04-02 23:00,0.000,3800.648,23402.895
2025-04-02T22:00Z,2025-04-03 00:00,0.000,3692.215,22448.590
2025-04-02T23:00Z,2025-04-03 01:00,0.000,3543.205,20748.780
2025-04-03T00:00Z,2025-04-03 02:00,0.000,3179.030,19131.827
2025-04-03T01:00Z,2025-04-03 03:00,0.000,2755.465,17795.220
2025-04-03T02:00Z,2025-04-03 04:00,0.000,2446.755,16786.715
2025-04-03T03:00Z,2025-04-03 05:00,0.000,2223.180,16148.980
2025-04-03T04:00Z,2025-04-03 06:00,49.565,2057.530,15899.997
2025-04-03T05:00Z,2025-04-03 07:00,2962.245,1912.830,14782.103
2025-04-03T06:00Z,2025-04-03 08:00,12393.135,1731.162,11512.645
2025-04-03T07:00Z,2025-04-03 09:00,24250.653,1510.525,7498.642
2025-04-03T08:00Z,2025-04-03 10:00,34011.577,1259.055,5582.180
2025-04-03T09:00Z,2025-04-03 11:00,40801.647,1027.912,5455.253
2025-04-03T10:00Z,2025-04-03 12:00,44331.098,856.095,5455.005
2025-04-03T11:00Z,2025-04-03 13:00,44946.933,765.950,5635.592
2025-04-03T12:00Z,2025-04-03 14:00,43201.467,791.770,5851.150
2025-04-03T13:00Z,2025-04-03 15:00,38282.520,899.087,6534.190
2025-04-03T14:00Z,2025-04-03 16:00,30392.540,964.212,6773.595
2025-04-03T15:00Z,2025-04-03 17:00,19170.158,1069.003,6705.305
2025-04-03T16:00Z,2025-04-03 18:00,7474.528,1256.495,6849.622
2025-04-03T17:00Z,2025-04-03 19:00,1176.638,1377.602,8040.403
2025-04-03T18:00Z,2025-04-03 20:00,5.907,1406.675,9858.015
2025-04-03T19:00Z,2025-04-03 21:00,0.000,1361.477,11090.185
2025-04-03T20:00Z,2025-04-03 22:00,0.000,1253.723,10879.977
2025-04-03T21:00Z,2025-04-03 23:00,0.000,1118.858,9966.028
2025-04-03T22:00Z,2025-04-04 00:00,0.000,679.077,7950.863
2025-04-03T23:00Z,2025-04-04 01:00,0.000,479.502,6845.398
2025-04-04T00:00Z,2025-04-04 02:00,0.000,360.830,5868.933
2025-04-04T01:00Z,2025-04-04 03:00,0.000,318.908,4987.315
2025-04-04T02:00Z,2025-04-04 04:00,0.000,333.670,4253.323
2025-04-04T03:00Z,2025-04-04 05:00,0.000,387.832,3852.165
2025-04-04T04:00Z,2025-04-04 06:00,67.022,479.725,3713.968
2025-04-04T05:00Z,2025-04-04 07:00,3172.335,531.920,3552.878
2025-04-04T06:00Z,2025-04-04 08:00,12603.663,518.413,3139.503
2025-04-04T07:00Z,2025-04-04 09:00,24375.955,500.587,2352.048
2025-04-04T08:00Z,2025-04-04 10:00,34077.275,534.283,1459.987
2025-04-04T09:00Z,2025-04-04 11:00,40926.592,603.610,1344.355
2025-04-04T10:00Z,2025-04-04 12:00,44758.863,682.173,1372.475
2025-04-04T11:00Z,2025-04-04 13:00,45551.253,725.543,1601.360
2025-04-04T12:00Z,2025-04-04 14:00,43280.835,761.640,2000.007
2025-04-04T13:00Z,2025-04-04 15:00,38087.790,855.400,2574.660
2025-04-04T14:00Z,2025-04-04 16:00,30322.857,999.107,3017.812
2025-04-04T15:00Z,2025-04-04 17:00,19217.087,1276.158,3611.850
2025-04-04T16:00Z,2025-04-04 18:00,7684.852,1613.043,4583.833
2025-04-04T17:00Z,2025-04-04 19:00,1288.933,1896.700,6579.115
2025-04-04T18:00Z,2025-04-04 20:00,7.735,2165.818,9173.490
2025-04-04T19:00Z,2025-04-04 21:00,0.000,2397.802,11028.140
2025-04-04T20:00Z,2025-04-04 22:00,0.000,2621.953,11609.568
2025-04-04T21:00Z,2025-04-04 23:00,0.000,2715.588,11497.923
2025-04-04T22:00Z,2025-04-05 00:00,0.000,2468.688,10243.882
2025-04-04T23:00Z,2025-04-05 01:00,0.000,2523.460,10071.525
2025-04-05T00:00Z,2025-04-05 02:00,0.000,2557.285,10196.660
2025-04-05T01:00Z,2025-04-05 03:00,0.000,2636.510,10400.030
2025-04-05T02:00Z,2025-04-05 04:00,0.000,2840.988,10535.680
2025-04-05T03:00Z,2025-04-05 05:00,0.000,3181.622,10752.358
2025-04-05T04:00Z,2025-04-05 06:00,80.993,3431.202,11033.910
2025-04-05T05:00Z,2025-04-05 07:00,3139.262,3479.015,10588.142
2025-04-05T06:00Z,2025-04-05 08:00,12031.665,3402.793,8655.525
2025-04-05T07:00Z,2025-04-05 09:00,23198.908,3149.695,6506.068
2025-04-05T08:00Z,2025-04-05 10:00,32702.025,2741.497,6251.510
2025-04-05T09:00Z,2025-04-05 11:00,38933.482,2212.318,6675.875
2025-04-05T10:00Z,2025-04-05 12:00,41194.970,2049.395,7278.360
2025-04-05T11:00Z,2025-04-05 13:00,40595.098,1864.185,8050.623
2025-04-05T12:00Z,2025-04-05 14:00,37526.425,1751.835,9483.067
2025-04-05T13:00Z,2025-04-05 15:00,32135.380,1771.793,12169.868
2025-04-05T14:00Z,2025-04-05 16:00,24601.470,1962.365,15889.908
2025-04-05T15:00Z,2025-04-05 17:00,15427.257,2762.448,19521.592
2025-04-05T16:00Z,2025-04-05 18:00,6435.835,3249.865,21287.060
2025-04-05T17:00Z,2025-04-05 19:00,1165.352,3438.707,22400.748
2025-04-05T18:00Z,2025-04-05 20:00,13.053,3651.997,23447.290
2025-04-05T19:00Z,2025-04-05 21:00,0.000,3858.017,23814.390
2025-04-05T20:00Z,2025-04-05 22:00,0.000,4046.530,23017.698
2025-04-05T21:00Z,2025-04-05 23:00,0.000,4121.130,21779.135
2025-04-05T22:00Z,2025-04-06 00:00,0.000,3290.938,19225.165
2025-04-05T23:00Z,2025-04-06 01:00,0.000,2948.790,17659.138
2025-04-06T00:00Z,2025-04-06 02:00,0.000,2507.850,16207.730
2025-04-06T01:00Z,2025-04-06 03:00,0.000,2038.480,14810.305
2025-04-06T02:00Z,2025-04-06 04:00,0.000,1608.852,13590.503
2025-04-06T03:00Z,2025-04-06 05:00,0.000,1288.870,12726.425
2025-04-06T04:00Z,2025-04-06 06:00,106.755,1052.112,12327.605
2025-04-06T05:00Z,2025-04-06 07:00,3634.727,870.747,11678.763
2025-04-06T06:00Z,2025-04-06 08:00,13546.983,721.027,10292.890
2025-04-06T07:00Z,2025-04-06 09:00,25106.948,582.635,10138.570
2025-04-06T08:00Z,2025-04-06 10:00,33646.087,395.582,10589.280
2025-04-06T09:00Z,2025-04-06 11:00,38983.987,273.038,9392.800
2025-04-06T10:00Z,2025-04-06 12:00,41308.960,192.572,7640.017
2025-04-06T11:00Z,2025-04-06 13:00,41406.808,167.060,6234.780
2025-04-06T12:00Z,2025-04-06 14:00,39790.217,204.222,5998.615
2025-04-06T13:00Z,2025-04-06 15:00,35927.923,278.875,6585.245
2025-04-06T14:00Z,2025-04-06 16:00,29066.568,393.072,7573.740
2025-04-06T15:00Z,2025-04-06 17:00,18941.222,586.438,8309.267
2025-04-06T16:00Z,2025-04-06 18:00,8064.745,798.367,8339.460
2025-04-06T17:00Z,2025-04-06 19:00,1470.173,984.288,8198.385
2025-04-06T18:00Z,2025-04-06 20:00,14.235,1094.477,8609.270
2025-04-06T19:00Z,2025-04-06 21:00,0.000,1108.033,9148.628
2025-04-06T20:00Z,2025-04-06 22:00,0.000,1079.415,8944.432
2025-04-06T21:00Z,2025-04-06 23:00,0.000,1049.865,8272.450
2025-04-06T22:00Z,2025-04-07 00:00,0.000,1350.237,7958.917
2025-04-06T23:00Z,2025-04-07 01:00,0.000,1198.005,7411.235
2025-04-07T00:00Z,2025-04-07 02:00,0.000,1049.240,7103.923
2025-04-07T01:00Z,2025-04-07 03:00,0.000,918.070,6899.760
2025-04-07T02:00Z,2025-04-07 04:00,0.000,841.942,6785.975
2025-04-07T03:00Z,2025-04-07 05:00,0.000,808.795,6827.887
2025-04-07T04:00Z,2025-04-07 06:00,110.615,758.053,6943.480
2025-04-07T05:00Z,2025-04-07 07:00,3321.358,728.072,6696.255
2025-04-07T06:00Z,2025-04-07 08:00,12702.025,715.435,5446.462
2025-04-07T07:00Z,2025-04-07 09:00,24250.002,708.803,4005.230
2025-04-07T08:00Z,2025-04-07 10:00,33452.757,702.183,3789.517
2025-04-07T09:00Z,2025-04-07 11:00,39523.280,699.400,4304.358
2025-04-07T10:00Z,2025-04-07 12:00,42388.525,717.757,4815.510
2025-04-07T11:00Z,2025-04-07 13:00,42264.938,767.398,5201.455
2025-04-07T12:00Z,2025-04-07 14:00,39453.290,816.795,5537.350
2025-04-07T13:00Z,2025-04-07 15:00,34191.158,846.700,5830.507
2025-04-07T14:00Z,2025-04-07 16:00,26774.235,871.405,5955.340
2025-04-07T15:00Z,2025-04-07 17:00,17167.228,903.685,5814.262
2025-04-07T16:00Z,2025-04-07 18:00,7181.415,882.688,5554.833
2025-04-07T17:00Z,2025-04-07 19:00,1300.307,849.215,5597.255
2025-04-07T18:00Z,2025-04-07 20:00,16.977,811.097,5993.262
2025-04-07T19:00Z,2025-04-07 21:00,0.000,737.952,6217.070
2025-04-07T20:00Z,2025-04-07 22:00,0.000,615.720,5978.887
2025-04-07T21:00Z,2025-04-07 23:00,0.000,444.135,5441.712
2025-04-07T22:00Z,2025-04-08 00:00,0.000,180.468,5442.225
2025-04-07T23:00Z,2025-04-08 01:00,0.000,128.972,4770.020
2025-04-08T00:00Z,2025-04-08 02:00,0.000,107.780,4150.490
2025-04-08T01:00Z,2025-04-08 03:00,0.000,101.907,3622.550
2025-04-08T02:00Z,2025-04-08 04:00,0.000,103.653,3207.762
2025-04-08T03:00Z,2025-04-08 05:00,0.000,105.815,2951.620
2025-04-08T04:00Z,2025-04-08 06:00,125.047,86.353,2794.517
2025-04-08T05:00Z,2025-04-08 07:00,3283.780,61.455,2578.870
2025-04-08T06:00Z,2025-04-08 08:00,12116.017,42.358,2023.520
2025-04-08T07:00Z,2025-04-08 09:00,23242.490,28.447,1319.515
2025-04-08T08:00Z,2025-04-08 10:00,32340.630,22.035,964.592
2025-04-08T09:00Z,2025-04-08 11:00,37751.325,17.023,1096.920
2025-04-08T10:00Z,2025-04-08 12:00,39461.210,12.988,1252.727
2025-04-08T11:00Z,2025-04-08 13:00,38598.205,12.905,1284.890
2025-04-08T12:00Z,2025-04-08 14:00,35774.695,19.265,1256.237
2025-04-08T13:00Z,2025-04-08 15:00,31179.430,31.233,1263.533
2025-04-08T14:00Z,2025-04-08 16:00,24708.620,54.778,1409.132
2025-04-08T15:00Z,2025-04-08 17:00,16022.162,103.770,1635.977
2025-04-08T16:00Z,2025-04-08 18:00,6934.497,165.688,1965.572
2025-04-08T17:00Z,2025-04-08 19:00,1360.460,231.433,2671.180
2025-04-08T18:00Z,2025-04-08 20:00,14.805,283.810,3543.477
2025-04-08T19:00Z,2025-04-08 21:00,0.000,323.902,4073.837
2025-04-08T20:00Z,2025-04-08 22:00,0.000,363.085,4286.940
2025-04-08T21:00Z,2025-04-08 23:00,0.000,399.385,4209.470
2025-04-08T22:00Z,2025-04-09 00:00,0.000,277.168,3902.663
2025-04-08T23:00Z,2025-04-09 01:00,0.000,357.627,3524.028
2025-04-09T00:00Z,2025-04-09 02:00,0.000,490.095,3308.415
2025-04-09T01:00Z,2025-04-09 03:00,0.000,645.515,3114.575
2025-04-09T02:00Z,2025-04-09 04:00,0.000,848.538,2996.245
2025-04-09T03:00Z,2025-04-09 05:00,0.000,1088.215,3078.160
2025-04-09T04:00Z,2025-04-09 06:00,129.838,1274.905,3257.025
2025-04-09T05:00Z,2025-04-09 07:00,3016.528,1375.610,3193.448
2025-04-09T06:00Z,2025-04-09 08:00,10328.807,1373.312,2581.555
2025-04-09T07:00Z,2025-04-09 09:00,20005.055,1424.007,1844.830
2025-04-09T08:00Z,2025-04-09 10:00,29094.535,1575.980,1737.128
2025-04-09T09:00Z,2025-04-09 11:00,34722.890,1716.075,2362.957
2025-04-09T10:00Z,2025-04-09 12:00,36153.390,1838.957,3346.648
2025-04-09T11:00Z,2025-04-09 13:00,34673.288,2107.315,4445.427
2025-04-09T12:00Z,2025-04-09 14:00,31782.947,2510.465,5505.977
2025-04-09T13:00Z,2025-04-09 15:00,27805.013,3006.555,6661.238
2025-04-09T14:00Z,2025-04-09 16:00,22271.888,3502.620,8127.948
2025-04-09T15:00Z,2025-04-09 17:00,14793.585,3923.415,9368.775
2025-04-09T16:00Z,2025-04-09 18:00,6859.005,4264.255,9816.285
2025-04-09T17:00Z,2025-04-09 19:00,1476.763,4653.415,10001.353
2025-04-09T18:00Z,2025-04-09 20:00,19.205,4918.778,10738.673
2025-04-09T19:00Z,2025-04-09 21:00,0.000,4880.825,11824.475
2025-04-09T20:00Z,2025-04-09 22:00,0.000,4517.730,12166.642
2025-04-09T21:00Z,2025-04-09 23:00,0.000,3931.798,11871.062
2025-04-09T22:00Z,2025-04-10 00:00,0.000,3890.400,12277.400
2025-04-09T23:00Z,2025-04-10 01:00,0.000,3524.992,11386.057
2025-04-10T00:00Z,2025-04-10 02:00,0.000,3139.015,10536.917
2025-04-10T01:00Z,2025-04-10 03:00,0.000,2867.023,9453.120
2025-04-10T02:00Z,2025-04-10 04:00,0.000,2644.375,8335.888
2025-04-10T03:00Z,2025-04-10 05:00,0.000,2452.590,7401.662
2025-04-10T04:00Z,2025-04-10 06:00,149.030,2210.820,6520.507
2025-04-10T05:00Z,2025-04-10 07:00,3079.318,1930.555,5391.408
2025-04-10T06:00Z,2025-04-10 08:00,10020.888,1627.235,3896.662
2025-04-10T07:00Z,2025-04-10 09:00,18367.120,1384.688,2752.662
2025-04-10T08:00Z,2025-04-10 10:00,26271.230,1220.480,2263.325
2025-04-10T09:00Z,2025-04-10 11:00,32764.520,1170.345,2205.505
2025-04-10T10:00Z,2025-04-10 12:00,37337.372,1212.110,2458.957
2025-04-10T11:00Z,2025-04-10 13:00,39342.098,1317.375,2809.868
2025-04-10T12:00Z,2025-04-10 14:00,38197.472,1533.528,3787.250
2025-04-10T13:00Z,2025-04-10 15:00,34437.058,1874.945,5116.590
2025-04-10T14:00Z,2025-04-10 16:00,27889.465,2361.992,7356.488
2025-04-10T15:00Z,2025-04-10 17:00,18631.605,3002.838,8814.798
2025-04-10T16:00Z,2025-04-10 18:00,8447.978,3595.675,9873.785
2025-04-10T17:00Z,2025-04-10 19:00,1761.865,4071.717,11624.298
2025-04-10T18:00Z,2025-04-10 20:00,24.867,4330.892,14550.802
2025-04-10T19:00Z,2025-04-10 21:00,0.000,4495.475,17851.525
2025-04-10T20:00Z,2025-04-10 22:00,0.000,4770.988,19517.255
2025-04-10T21:00Z,2025-04-10 23:00,0.000,4933.898,20678.868
2025-04-10T22:00Z,2025-04-11 00:00,0.000,5412.257,21535.573
2025-04-10T23:00Z,2025-04-11 01:00,0.000,5346.927,22027.955
2025-04-11T00:00Z,2025-04-11 02:00,0.000,5262.722,22448.170
2025-04-11T01:00Z,2025-04-11 03:00,0.000,5177.820,22786.010
2025-04-11T02:00Z,2025-04-11 04:00,0.000,5090.347,23083.378
2025-04-11T03:00Z,2025-04-11 05:00,0.000,4967.677,23245.025
2025-04-11T04:00Z,2025-04-11 06:00,193.230,4878.017,23535.272
2025-04-11T05:00Z,2025-04-11 07:00,3823.398,4807.048,22869.967
2025-04-11T06:00Z,2025-04-11 08:00,12675.865,4725.590,21384.208
2025-04-11T07:00Z,2025-04-11 09:00,22943.180,4460.702,19705.298
2025-04-11T08:00Z,2025-04-11 10:00,30984.925,3988.517,18488.513
2025-04-11T09:00Z,2025-04-11 11:00,36463.090,3479.793,17650.505
2025-04-11T10:00Z,2025-04-11 12:00,39306.698,2955.190,16437.908
2025-04-11T11:00Z,2025-04-11 13:00,39421.817,2579.608,15974.690
2025-04-11T12:00Z,2025-04-11 14:00,37116.035,2340.025,16406.737
2025-04-11T13:00Z,2025-04-11 15:00,32706.863,2264.575,17875.935
2025-04-11T14:00Z,2025-04-11 16:00,25967.075,2265.575,18664.362
2025-04-11T15:00Z,2025-04-11 17:00,17094.443,2253.665,17792.455
2025-04-11T16:00Z,2025-04-11 18:00,7773.575,2227.920,15291.455
2025-04-11T17:00Z,2025-04-11 19:00,1721.342,2239.012,12767.755
2025-04-11T18:00Z,2025-04-11 20:00,23.788,2221.075,11552.555
2025-04-11T19:00Z,2025-04-11 21:00,0.000,2160.082,10922.423
2025-04-11T20:00Z,2025-04-11 22:00,0.000,2062.780,9810.240
2025-04-11T21:00Z,2025-04-11 23:00,0.000,1941.602,8574.257
2025-04-11T22:00Z,2025-04-12 00:00,0.000,1594.960,5827.608
2025-04-11T23:00Z,2025-04-12 01:00,0.000,1556.410,5453.370
2025-04-12T00:00Z,2025-04-12 02:00,0.000,1506.213,5250.753
2025-04-12T01:00Z,2025-04-12 03:00,0.000,1440.410,5097.382
2025-04-12T02:00Z,2025-04-12 04:00,0.000,1372.295,5016.745
2025-04-12T03:00Z,2025-04-12 05:00,0.000,1280.723,5019.640
2025-04-12T04:00Z,2025-04-12 06:00,202.155,1191.315,5030.653
2025-04-12T05:00Z,2025-04-12 07:00,3853.000,1105.787,4868.988
2025-04-12T06:00Z,2025-04-12 08:00,12950.767,1015.303,4356.302
2025-04-12T07:00Z,2025-04-12 09:00,23963.787,952.402,3448.912
2025-04-12T08:00Z,2025-04-12 10:00,33502.503,907.785,2637.180
2025-04-12T09:00Z,2025-04-12 11:00,40145.208,869.767,2527.887
2025-04-12T10:00Z,2025-04-12 12:00,43721.943,858.170,2699.895
2025-04-12T11:00Z,2025-04-12 13:00,44778.745,921.993,2555.488
2025-04-12T12:00Z,2025-04-12 14:00,43416.640,1057.118,2735.325
2025-04-12T13:00Z,2025-04-12 15:00,39347.580,1309.067,3130.300
2025-04-12T14:00Z,2025-04-12 16:00,31995.330,1657.475,4379.765
2025-04-12T15:00Z,2025-04-12 17:00,21170.955,2333.648,5441.148
2025-04-12T16:00Z,2025-04-12 18:00,9115.542,3163.927,6272.045
2025-04-12T17:00Z,2025-04-12 19:00,1869.245,3816.130,8169.540
2025-04-12T18:00Z,2025-04-12 20:00,38.105,4311.325,11715.950
2025-04-12T19:00Z,2025-04-12 21:00,0.000,4694.083,15264.802
2025-04-12T20:00Z,2025-04-12 22:00,0.000,4775.583,17390.122
2025-04-12T21:00Z,2025-04-12 23:00,0.000,4718.470,18762.295
2025-04-12T22:00Z,2025-04-13 00:00,0.000,4801.662,19855.925
2025-04-12T23:00Z,2025-04-13 01:00,0.000,4828.415,20421.193
2025-04-13T00:00Z,2025-04-13 02:00,0.000,4862.940,20970.690
2025-04-13T01:00Z,2025-04-13 03:00,0.000,4955.815,21412.620
2025-04-13T02:00Z,2025-04-13 04:00,0.000,5053.042,21642.833
2025-04-13T03:00Z,2025-04-13 05:00,0.000,5141.005,21821.045
2025-04-13T04:00Z,2025-04-13 06:00,263.310,5240.800,22694.295
2025-04-13T05:00Z,2025-04-13 07:00,3266.170,5180.570,22324.353
2025-04-13T06:00Z,2025-04-13 08:00,9733.358,5094.410,20358.812
2025-04-13T07:00Z,2025-04-13 09:00,16915.502,5195.990,18573.572
2025-04-13T08:00Z,2025-04-13 10:00,22846.710,5301.315,17940.275
2025-04-13T09:00Z,2025-04-13 11:00,27147.368,3928.668,17905.650
2025-04-13T10:00Z,2025-04-13 12:00,29411.785,3918.405,17617.320
2025-04-13T11:00Z,2025-04-13 13:00,29147.595,3988.483,17549.143
2025-04-13T12:00Z,2025-04-13 14:00,26623.125,3939.580,17736.312
2025-04-13T13:00Z,2025-04-13 15:00,23025.685,3752.430,17819.540
2025-04-13T14:00Z,2025-04-13 16:00,18649.865,3453.370,17878.955
2025-04-13T15:00Z,2025-04-13 17:00,12658.245,4032.842,16388.120
2025-04-13T16:00Z,2025-04-13 18:00,6224.245,3547.747,12718.495
2025-04-13T17:00Z,2025-04-13 19:00,1553.120,2881.012,9887.897
2025-04-13T18:00Z,2025-04-13 20:00,38.010,2358.793,8351.038
2025-04-13T19:00Z,2025-04-13 21:00,0.000,2016.312,7448.620
2025-04-13T20:00Z,2025-04-13 22:00,0.000,1727.340,6504.370
2025-04-13T21:00Z,2025-04-13 23:00,0.000,1512.595,5569.552
2025-04-13T22:00Z,2025-04-14 00:00,0.000,1464.217,4904.385
2025-04-13T23:00Z,2025-04-14 01:00,0.000,1318.612,4131.365
2025-04-14T00:00Z,2025-04-14 02:00,0.000,1346.070,3893.650
2025-04-14T01:00Z,2025-04-14 03:00,0.000,1558.008,4046.810
2025-04-14T02:00Z,2025-04-14 04:00,0.000,1731.957,4466.847
2025-04-14T03:00Z,2025-04-14 05:00,0.000,1770.930,5025.335
2025-04-14T04:00Z,2025-04-14 06:00,256.972,1696.783,5271.100
2025-04-14T05:00Z,2025-04-14 07:00,3174.543,1525.227,4989.677
2025-04-14T06:00Z,2025-04-14 08:00,9759.733,1292.072,4270.842
2025-04-14T07:00Z,2025-04-14 09:00,18216.708,1043.240,3795.938
2025-04-14T08:00Z,2025-04-14 10:00,26132.308,795.882,3902.128
2025-04-14T09:00Z,2025-04-14 11:00,31926.230,590.125,4207.372
2025-04-14T10:00Z,2025-04-14 12:00,35418.238,435.173,4048.080
2025-04-14T11:00Z,2025-04-14 13:00,36508.688,311.147,3582.548
2025-04-14T12:00Z,2025-04-14 14:00,35542.658,210.373,2990.287
2025-04-14T13:00Z,2025-04-14 15:00,32270.717,139.317,2205.182
2025-04-14T14:00Z,2025-04-14 16:00,26461.865,98.530,1518.997
2025-04-14T15:00Z,2025-04-14 17:00,17833.498,87.295,1342.740
2025-04-14T16:00Z,2025-04-14 18:00,8310.308,163.385,2035.943
2025-04-14T17:00Z,2025-04-14 19:00,1958.090,403.243,3962.100
2025-04-14T18:00Z,2025-04-14 20:00,43.925,911.683,7372.715
2025-04-14T19:00Z,2025-04-14 21:00,0.000,1619.812,12149.900
2025-04-14T20:00Z,2025-04-14 22:00,0.000,2392.428,16180.673
2025-04-14T21:00Z,2025-04-14 23:00,0.000,3131.215,18716.013
2025-04-14T22:00Z,2025-04-15 00:00,0.000,4549.035,20612.268
2025-04-14T23:00Z,2025-04-15 01:00,0.000,4902.745,21178.540
2025-04-15T00:00Z,2025-04-15 02:00,0.000,5146.843,21480.677
2025-04-15T01:00Z,2025-04-15 03:00,0.000,5320.257,21538.812
2025-04-15T02:00Z,2025-04-15 04:00,0.000,5456.102,21546.655
2025-04-15T03:00Z,2025-04-15 05:00,0.000,5684.040,21559.800
2025-04-15T04:00Z,2025-04-15 06:00,333.685,5989.818,21939.752
2025-04-15T05:00Z,2025-04-15 07:00,3881.318,6191.672,21212.550
2025-04-15T06:00Z,2025-04-15 08:00,11557.897,6236.985,18741.792
2025-04-15T07:00Z,2025-04-15 09:00,20235.638,5946.033,16409.278
2025-04-15T08:00Z,2025-04-15 10:00,27088.815,5522.495,15870.810
2025-04-15T09:00Z,2025-04-15 11:00,30817.840,5290.882,16449.340
2025-04-15T10:00Z,2025-04-15 12:00,31503.248,5111.565,17215.045
2025-04-15T11:00Z,2025-04-15 13:00,29658.103,4918.650,18213.228
2025-04-15T12:00Z,2025-04-15 14:00,26187.433,4717.580,18975.275
2025-04-15T13:00Z,2025-04-15 15:00,21829.522,4573.740,19277.068
2025-04-15T14:00Z,2025-04-15 16:00,16803.460,4492.238,18410.095
2025-04-15T15:00Z,2025-04-15 17:00,11284.493,4408.288,16897.150
2025-04-15T16:00Z,2025-04-15 18:00,5668.315,4296.305,15168.560
2025-04-15T17:00Z,2025-04-15 19:00,1490.223,3898.980,13932.920
2025-04-15T18:00Z,2025-04-15 20:00,48.623,3347.200,13616.753
2025-04-15T19:00Z,2025-04-15 21:00,0.000,2773.625,13787.142
2025-04-15T20:00Z,2025-04-15 22:00,0.000,2313.733,13372.745
2025-04-15T21:00Z,2025-04-15 23:00,0.000,1989.955,12890.635
2025-04-15T22:00Z,2025-04-16 00:00,0.000,1973.840,11578.770
2025-04-15T23:00Z,2025-04-16 01:00,0.000,1734.553,10885.318
2025-04-16T00:00Z,2025-04-16 02:00,0.000,1611.915,10172.470
2025-04-16T01:00Z,2025-04-16 03:00,0.000,1534.885,9452.837
2025-04-16T02:00Z,2025-04-16 04:00,0.000,1538.507,8799.472
2025-04-16T03:00Z,2025-04-16 05:00,0.000,1674.408,8184.528
2025-04-16T04:00Z,2025-04-16 06:00,401.210,1891.505,7423.413
2025-04-16T05:00Z,2025-04-16 07:00,4371.352,2098.360,6377.307
2025-04-16T06:00Z,2025-04-16 08:00,13049.520,2170.628,4591.960
2025-04-16T07:00Z,2025-04-16 09:00,22367.605,2073.923,2882.905
2025-04-16T08:00Z,2025-04-16 10:00,29354.647,1897.120,2097.267
2025-04-16T09:00Z,2025-04-16 11:00,33624.713,1768.105,2056.842
2025-04-16T10:00Z,2025-04-16 12:00,35221.572,1735.150,2456.628
2025-04-16T11:00Z,2025-04-16 13:00,34559.600,1738.985,3043.868
2025-04-16T12:00Z,2025-04-16 14:00,31779.695,1740.845,3669.480
2025-04-16T13:00Z,2025-04-16 15:00,27288.530,1767.062,4357.708
2025-04-16T14:00Z,2025-04-16 16:00,21262.460,1708.842,5151.145
2025-04-16T15:00Z,2025-04-16 17:00,13534.155,1521.938,6336.708
2025-04-16T16:00Z,2025-04-16 18:00,5782.062,1278.142,7901.325
2025-04-16T17:00Z,2025-04-16 19:00,1327.847,1092.890,10131.868
2025-04-16T18:00Z,2025-04-16 20:00,48.515,963.803,12968.577
2025-04-16T19:00Z,2025-04-16 21:00,0.000,852.460,15393.792
2025-04-16T20:00Z,2025-04-16 22:00,0.000,770.283,16508.990
2025-04-16T21:00Z,2025-04-16 23:00,0.000,733.435,17350.702
2025-04-16T22:00Z,2025-04-17 00:00,0.000,1072.572,17081.792
2025-04-16T23:00Z,2025-04-17 01:00,0.000,1203.602,16789.262
2025-04-17T00:00Z,2025-04-17 02:00,0.000,1329.263,16540.342
2025-04-17T01:00Z,2025-04-17 03:00,0.000,1479.480,15958.212
2025-04-17T02:00Z,2025-04-17 04:00,0.000,1615.935,15077.245
2025-04-17T03:00Z,2025-04-17 05:00,0.000,1654.015,14108.272
2025-04-17T04:00Z,2025-04-17 06:00,315.222,1624.898,13112.667
2025-04-17T05:00Z,2025-04-17 07:00,2538.600,1515.450,11706.807
2025-04-17T06:00Z,2025-04-17 08:00,6650.467,1345.815,9977.513
2025-04-17T07:00Z,2025-04-17 09:00,11422.365,1194.693,9021.403
2025-04-17T08:00Z,2025-04-17 10:00,15877.855,1081.590,8935.885
2025-04-17T09:00Z,2025-04-17 11:00,19459.770,1008.352,9103.573
2025-04-17T10:00Z,2025-04-17 12:00,21541.320,1045.503,9596.347
2025-04-17T11:00Z,2025-04-17 13:00,22069.967,1178.963,10489.440
2025-04-17T12:00Z,2025-04-17 14:00,21071.882,1256.125,11531.520
2025-04-17T13:00Z,2025-04-17 15:00,18105.390,1272.233,12754.985
2025-04-17T14:00Z,2025-04-17 16:00,13552.628,1262.335,14248.970
2025-04-17T15:00Z,2025-04-17 17:00,8282.312,1233.612,15474.693
2025-04-17T16:00Z,2025-04-17 18:00,3756.632,1142.173,16420.757
2025-04-17T17:00Z,2025-04-17 19:00,985.418,1034.285,17444.552
2025-04-17T18:00Z,2025-04-17 20:00,38.380,951.128,18434.493
2025-04-17T19:00Z,2025-04-17 21:00,0.000,927.365,19280.705
2025-04-17T20:00Z,2025-04-17 22:00,0.000,1079.412,18970.263
2025-04-17T21:00Z,2025-04-17 23:00,0.000,1352.385,18261.950
2025-04-17T22:00Z,2025-04-18 00:00,0.000,1874.882,17581.715
2025-04-17T23:00Z,2025-04-18 01:00,0.000,2049.257,16458.680
2025-04-18T00:00Z,2025-04-18 02:00,0.000,2130.235,15859.913
2025-04-18T01:00Z,2025-04-18 03:00,0.000,2316.007,15553.385
2025-04-18T02:00Z,2025-04-18 04:00,0.000,2565.430,15559.275
2025-04-18T03:00Z,2025-04-18 05:00,0.000,2640.750,15629.245
2025-04-18T04:00Z,2025-04-18 06:00,236.065,2506.977,15671.278
2025-04-18T05:00Z,2025-04-18 07:00,1790.707,2176.210,14864.007
2025-04-18T06:00Z,2025-04-18 08:00,4412.762,1787.173,13497.073
2025-04-18T07:00Z,2025-04-18 09:00,7369.800,1519.602,12493.275
2025-04-18T08:00Z,2025-04-18 10:00,10273.347,1355.510,11488.522
2025-04-18T09:00Z,2025-04-18 11:00,12746.330,1236.783,10341.325
2025-04-18T10:00Z,2025-04-18 12:00,14409.680,1149.075,9363.090
2025-04-18T11:00Z,2025-04-18 13:00,15185.462,1092.312,8727.288
2025-04-18T12:00Z,2025-04-18 14:00,15019.065,1089.605,8224.312
2025-04-18T13:00Z,2025-04-18 15:00,14059.175,1124.697,7637.078
2025-04-18T14:00Z,2025-04-18 16:00,11830.948,1169.825,7191.688
2025-04-18T15:00Z,2025-04-18 17:00,8505.020,1232.480,6820.078
2025-04-18T16:00Z,2025-04-18 18:00,4598.550,1299.152,6292.382
2025-04-18T17:00Z,2025-04-18 19:00,1337.260,1310.910,5566.185
2025-04-18T18:00Z,2025-04-18 20:00,57.242,1267.885,4945.475
2025-04-18T19:00Z,2025-04-18 21:00,0.000,1190.190,4544.235
2025-04-18T20:00Z,2025-04-18 22:00,0.000,1127.638,4286.438
2025-04-18T21:00Z,2025-04-18 23:00,0.000,1103.620,4073.432
2025-04-18T22:00Z,2025-04-19 00:00,0.000,1414.622,5011.755
2025-04-18T23:00Z,2025-04-19 01:00,0.000,1477.803,4723.440
2025-04-19T00:00Z,2025-04-19 02:00,0.000,1628.888,4503.443
2025-04-19T01:00Z,2025-04-19 03:00,0.000,1732.170,4184.195
2025-04-19T02:00Z,2025-04-19 04:00,0.000,1737.028,3823.597
2025-04-19T03:00Z,2025-04-19 05:00,0.000,1647.618,3535.975
2025-04-19T04:00Z,2025-04-19 06:00,357.275,1546.940,3336.625
2025-04-19T05:00Z,2025-04-19 07:00,3435.327,1545.205,3099.858
2025-04-19T06:00Z,2025-04-19 08:00,10147.710,1634.197,2785.507
2025-04-19T07:00Z,2025-04-19 09:00,17858.107,1740.720,2475.350
2025-04-19T08:00Z,2025-04-19 10:00,24448.397,1878.972,2307.970
2025-04-19T09:00Z,2025-04-19 11:00,29401.320,1961.943,2316.818
2025-04-19T10:00Z,2025-04-19 12:00,32559.130,1922.625,2342.977
2025-04-19T11:00Z,2025-04-19 13:00,33771.985,1834.707,2397.312
2025-04-19T12:00Z,2025-04-19 14:00,32878.757,1777.332,2558.927
2025-04-19T13:00Z,2025-04-19 15:00,29914.603,1756.750,2638.070
2025-04-19T14:00Z,2025-04-19 16:00,24602.180,1739.553,2574.770
2025-04-19T15:00Z,2025-04-19 17:00,16872.465,1689.075,2420.497
2025-04-19T16:00Z,2025-04-19 18:00,8100.480,1593.803,2324.150
2025-04-19T17:00Z,2025-04-19 19:00,2093.793,1453.835,2648.195
2025-04-19T18:00Z,2025-04-19 20:00,103.540,1265.693,3507.988
2025-04-19T19:00Z,2025-04-19 21:00,0.000,1095.215,4438.062
2025-04-19T20:00Z,2025-04-19 22:00,0.000,1010.602,5076.365
2025-04-19T21:00Z,2025-04-19 23:00,0.000,1018.895,5445.208
2025-04-19T22:00Z,2025-04-20 00:00,0.000,1065.550,4955.102
2025-04-19T23:00Z,2025-04-20 01:00,0.000,1168.007,4900.240
2025-04-20T00:00Z,2025-04-20 02:00,0.000,1321.777,4656.358
2025-04-20T01:00Z,2025-04-20 03:00,0.000,1451.362,4330.195
2025-04-20T02:00Z,2025-04-20 04:00,0.000,1514.550,4042.262
2025-04-20T03:00Z,2025-04-20 05:00,0.020,1536.960,3845.560
2025-04-20T04:00Z,2025-04-20 06:00,620.733,1507.453,3735.992
2025-04-20T05:00Z,2025-04-20 07:00,5095.667,1426.402,3437.188
2025-04-20T06:00Z,2025-04-20 08:00,14822.005,1314.620,2903.185
2025-04-20T07:00Z,2025-04-20 09:00,25877.702,1185.030,2368.908
2025-04-20T08:00Z,2025-04-20 10:00,34145.433,1035.582,2254.575
2025-04-20T09:00Z,2025-04-20 11:00,39283.062,843.000,2613.490
2025-04-20T10:00Z,2025-04-20 12:00,40736.807,741.997,2678.392
2025-04-20T11:00Z,2025-04-20 13:00,38931.720,718.298,2939.090
2025-04-20T12:00Z,2025-04-20 14:00,34754.785,678.255,3239.907
2025-04-20T13:00Z,2025-04-20 15:00,29474.338,618.685,4028.230
2025-04-20T14:00Z,2025-04-20 16:00,22594.362,566.420,4467.583
2025-04-20T15:00Z,2025-04-20 17:00,14111.190,494.483,4402.905
2025-04-20T16:00Z,2025-04-20 18:00,6600.753,397.817,4020.790
2025-04-20T17:00Z,2025-04-20 19:00,1874.923,286.390,3815.153
2025-04-20T18:00Z,2025-04-20 20:00,96.880,180.748,3718.278
2025-04-20T19:00Z,2025-04-20 21:00,0.000,115.875,3569.920
2025-04-20T20:00Z,2025-04-20 22:00,0.000,101.505,3314.715
2025-04-20T21:00Z,2025-04-20 23:00,0.000,105.390,3058.150
2025-04-20T22:00Z,2025-04-21 00:00,0.000,123.472,3513.880
2025-04-20T23:00Z,2025-04-21 01:00,0.000,121.655,3587.660
2025-04-21T00:00Z,2025-04-21 02:00,0.000,113.320,3596.475
2025-04-21T01:00Z,2025-04-21 03:00,0.000,103.198,3631.005
2025-04-21T02:00Z,2025-04-21 04:00,0.000,95.180,3798.650
2025-04-21T03:00Z,2025-04-21 05:00,0.120,91.735,3992.508
2025-04-21T04:00Z,2025-04-21 06:00,502.668,94.938,4151.462
2025-04-21T05:00Z,2025-04-21 07:00,3810.587,98.825,4067.795
2025-04-21T06:00Z,2025-04-21 08:00,10009.493,107.938,3341.613
2025-04-21T07:00Z,2025-04-21 09:00,17192.455,116.398,2623.477
2025-04-21T08:00Z,2025-04-21 10:00,23345.185,123.477,2538.595
2025-04-21T09:00Z,2025-04-21 11:00,27573.472,128.053,3055.725
2025-04-21T10:00Z,2025-04-21 12:00,29708.283,126.347,3246.840
2025-04-21T11:00Z,2025-04-21 13:00,29737.020,127.885,3344.800
2025-04-21T12:00Z,2025-04-21 14:00,28100.717,124.740,3433.105
2025-04-21T13:00Z,2025-04-21 15:00,24852.967,123.707,3406.500
2025-04-21T14:00Z,2025-04-21 16:00,19764.302,118.680,3214.580
2025-04-21T15:00Z,2025-04-21 17:00,13276.662,112.662,2831.688
2025-04-21T16:00Z,2025-04-21 18:00,6773.887,115.495,2374.305
2025-04-21T17:00Z,2025-04-21 19:00,2073.800,116.345,2204.352
2025-04-21T18:00Z,2025-04-21 20:00,109.927,109.948,2568.295
2025-04-21T19:00Z,2025-04-21 21:00,0.000,101.990,3259.790
2025-04-21T20:00Z,2025-04-21 22:00,0.000,97.905,3892.033
2025-04-21T21:00Z,2025-04-21 23:00,0.000,100.412,4428.390
2025-04-21T22:00Z,2025-04-22 00:00,0.000,107.600,4824.943
2025-04-21T23:00Z,2025-04-22 01:00,0.000,120.585,5129.155
2025-04-22T00:00Z,2025-04-22 02:00,0.000,131.657,5242.327
2025-04-22T01:00Z,2025-04-22 03:00,0.000,140.062,5245.023
2025-04-22T02:00Z,2025-04-22 04:00,0.000,135.273,5154.225
2025-04-22T03:00Z,2025-04-22 05:00,0.532,118.393,4963.642
2025-04-22T04:00Z,2025-04-22 06:00,631.947,95.547,4660.907
2025-04-22T05:00Z,2025-04-22 07:00,4364.750,73.500,3972.670
2025-04-22T06:00Z,2025-04-22 08:00,11100.478,62.928,2904.682
2025-04-22T07:00Z,2025-04-22 09:00,18116.050,57.430,2196.707
2025-04-22T08:00Z,2025-04-22 10:00,23390.310,61.520,2009.235
2025-04-22T09:00Z,2025-04-22 11:00,27647.480,72.078,2079.988
2025-04-22T10:00Z,2025-04-22 12:00,30455.490,84.888,2309.370
2025-04-22T11:00Z,2025-04-22 13:00,31272.647,97.155,2560.477
2025-04-22T12:00Z,2025-04-22 14:00,30234.833,106.670,2852.757
2025-04-22T13:00Z,2025-04-22 15:00,27574.210,108.097,2944.530
2025-04-22T14:00Z,2025-04-22 16:00,22851.165,105.210,2811.725
2025-04-22T15:00Z,2025-04-22 17:00,15944.185,91.985,2418.775
2025-04-22T16:00Z,2025-04-22 18:00,8062.810,73.188,1826.920
2025-04-22T17:00Z,2025-04-22 19:00,2363.398,60.672,1379.270
2025-04-22T18:00Z,2025-04-22 20:00,145.442,59.345,1165.868
2025-04-22T19:00Z,2025-04-22 21:00,0.000,59.285,987.577
2025-04-22T20:00Z,2025-04-22 22:00,0.000,64.778,831.158
2025-04-22T21:00Z,2025-04-22 23:00,0.000,82.850,725.523
2025-04-22T22:00Z,2025-04-23 00:00,0.000,92.413,615.727
2025-04-22T23:00Z,2025-04-23 01:00,0.000,102.407,609.923
2025-04-23T00:00Z,2025-04-23 02:00,0.000,107.498,636.577
2025-04-23T01:00Z,2025-04-23 03:00,0.000,103.290,676.545
2025-04-23T02:00Z,2025-04-23 04:00,0.000,92.578,749.462
2025-04-23T03:00Z,2025-04-23 05:00,5.942,78.388,826.925
2025-04-23T04:00Z,2025-04-23 06:00,723.510,71.745,922.467
2025-04-23T05:00Z,2025-04-23 07:00,4576.812,65.335,1042.027
2025-04-23T06:00Z,2025-04-23 08:00,11131.292,77.448,1042.842
2025-04-23T07:00Z,2025-04-23 09:00,18336.910,113.308,864.148
2025-04-23T08:00Z,2025-04-23 10:00,24166.628,169.085,729.737
2025-04-23T09:00Z,2025-04-23 11:00,27280.725,229.365,814.773
2025-04-23T10:00Z,2025-04-23 12:00,28487.298,312.970,962.515
2025-04-23T11:00Z,2025-04-23 13:00,28067.482,390.487,1104.642
2025-04-23T12:00Z,2025-04-23 14:00,25688.783,440.647,1357.570
2025-04-23T13:00Z,2025-04-23 15:00,22043.073,474.477,1622.592
2025-04-23T14:00Z,2025-04-23 16:00,16868.565,544.837,2022.965
2025-04-23T15:00Z,2025-04-23 17:00,10953.458,717.518,2759.222
2025-04-23T16:00Z,2025-04-23 18:00,5575.525,959.982,3815.908
2025-04-23T17:00Z,2025-04-23 19:00,1747.340,1243.775,5150.688
2025-04-23T18:00Z,2025-04-23 20:00,117.802,1512.105,6664.315
2025-04-23T19:00Z,2025-04-23 21:00,0.000,1675.390,7979.300
2025-04-23T20:00Z,2025-04-23 22:00,0.000,1731.100,8493.030
2025-04-23T21:00Z,2025-04-23 23:00,0.000,1697.217,8399.288
2025-04-23T22:00Z,2025-04-24 00:00,0.000,2317.367,9443.760
2025-04-23T23:00Z,2025-04-24 01:00,0.000,2155.427,8976.968
2025-04-24T00:00Z,2025-04-24 02:00,0.000,1971.180,8612.685
2025-04-24T01:00Z,2025-04-24 03:00,0.000,1822.415,8468.160
2025-04-24T02:00Z,2025-04-24 04:00,0.000,1707.392,8499.695
2025-04-24T03:00Z,2025-04-24 05:00,9.223,1605.830,8631.772
2025-04-24T04:00Z,2025-04-24 06:00,563.842,1494.297,8761.593
2025-04-24T05:00Z,2025-04-24 07:00,2898.903,1404.473,8061.210
2025-04-24T06:00Z,2025-04-24 08:00,6613.292,1336.088,6582.312
2025-04-24T07:00Z,2025-04-24 09:00,10746.770,1247.705,5425.788
2025-04-24T08:00Z,2025-04-24 10:00,14487.522,1143.900,5155.432
2025-04-24T09:00Z,2025-04-24 11:00,17201.545,1053.490,5261.792
2025-04-24T10:00Z,2025-04-24 12:00,18616.315,997.050,5451.003
2025-04-24T11:00Z,2025-04-24 13:00,18658.740,1009.215,5652.440
2025-04-24T12:00Z,2025-04-24 14:00,17523.575,1105.888,6018.417
2025-04-24T13:00Z,2025-04-24 15:00,15423.330,1214.930,6573.555
2025-04-24T14:00Z,2025-04-24 16:00,12309.733,1353.582,7326.538
2025-04-24T15:00Z,2025-04-24 17:00,8621.722,1516.705,8068.970
2025-04-24T16:00Z,2025-04-24 18:00,4709.915,1629.757,8686.915
2025-04-24T17:00Z,2025-04-24 19:00,1598.672,1676.312,9345.225
2025-04-24T18:00Z,2025-04-24 20:00,133.650,1711.090,10222.452
2025-04-24T19:00Z,2025-04-24 21:00,0.000,1701.963,10952.495
2025-04-24T20:00Z,2025-04-24 22:00,0.000,1583.145,10795.330
2025-04-24T21:00Z,2025-04-24 23:00,0.000,1397.360,10344.425
2025-04-24T22:00Z,2025-04-25 00:00,0.000,1160.230,9756.292
2025-04-24T23:00Z,2025-04-25 01:00,0.000,980.362,9014.940
2025-04-25T00:00Z,2025-04-25 02:00,0.000,905.632,8344.818
2025-04-25T01:00Z,2025-04-25 03:00,0.000,884.585,7869.780
2025-04-25T02:00Z,2025-04-25 04:00,0.000,829.605,7506.043
2025-04-25T03:00Z,2025-04-25 05:00,5.772,799.930,7156.283
2025-04-25T04:00Z,2025-04-25 06:00,577.995,796.980,6835.307
2025-04-25T05:00Z,2025-04-25 07:00,3255.602,748.740,6167.050
2025-04-25T06:00Z,2025-04-25 08:00,7701.083,651.683,5156.750
2025-04-25T07:00Z,2025-04-25 09:00,12949.753,534.613,4447.833
2025-04-25T08:00Z,2025-04-25 10:00,18286.845,427.365,4115.935
2025-04-25T09:00Z,2025-04-25 11:00,22760.480,331.678,4011.312
2025-04-25T10:00Z,2025-04-25 12:00,25773.400,257.908,4068.707
2025-04-25T11:00Z,2025-04-25 13:00,26879.302,208.465,4292.342
2025-04-25T12:00Z,2025-04-25 14:00,26048.990,190.090,4674.115
2025-04-25T13:00Z,2025-04-25 15:00,23527.847,181.632,4959.507
2025-04-25T14:00Z,2025-04-25 16:00,19218.730,184.715,5182.650
2025-04-25T15:00Z,2025-04-25 17:00,13525.215,198.062,5346.835
2025-04-25T16:00Z,2025-04-25 18:00,7279.512,210.260,5327.557
2025-04-25T17:00Z,2025-04-25 19:00,2338.702,228.832,5522.307
2025-04-25T18:00Z,2025-04-25 20:00,192.200,245.137,6664.340
2025-04-25T19:00Z,2025-04-25 21:00,0.000,243.285,8078.717
2025-04-25T20:00Z,2025-04-25 22:00,0.000,227.055,8811.450
2025-04-25T21:00Z,2025-04-25 23:00,0.000,201.835,8940.455
2025-04-25T22:00Z,2025-04-26 00:00,0.000,216.363,9351.430
2025-04-25T23:00Z,2025-04-26 01:00,0.000,203.097,8992.717
2025-04-26T00:00Z,2025-04-26 02:00,0.000,197.637,8657.302
2025-04-26T01:00Z,2025-04-26 03:00,0.000,199.275,8551.035
2025-04-26T02:00Z,2025-04-26 04:00,0.000,203.493,8678.217
2025-04-26T03:00Z,2025-04-26 05:00,14.242,222.472,9049.373
2025-04-26T04:00Z,2025-04-26 06:00,1049.840,261.965,9529.368
2025-04-26T05:00Z,2025-04-26 07:00,6124.757,306.540,8868.057
2025-04-26T06:00Z,2025-04-26 08:00,15364.032,336.283,6559.265
2025-04-26T07:00Z,2025-04-26 09:00,25155.077,351.473,4704.015
2025-04-26T08:00Z,2025-04-26 10:00,32980.495,345.808,4813.040
2025-04-26T09:00Z,2025-04-26 11:00,37787.552,316.452,5941.070
2025-04-26T10:00Z,2025-04-26 12:00,39340.548,321.502,6716.115
2025-04-26T11:00Z,2025-04-26 13:00,38369.607,357.228,7171.137
2025-04-26T12:00Z,2025-04-26 14:00,35675.580,412.438,7746.775
2025-04-26T13:00Z,2025-04-26 15:00,31717.298,472.765,8467.767
2025-04-26T14:00Z,2025-04-26 16:00,26068.112,606.608,9265.100
2025-04-26T15:00Z,2025-04-26 17:00,18145.235,779.913,10332.730
2025-04-26T16:00Z,2025-04-26 18:00,9218.743,854.225,10907.517
2025-04-26T17:00Z,2025-04-26 19:00,2785.392,964.653,12212.980
2025-04-26T18:00Z,2025-04-26 20:00,240.803,1182.530,15282.925
2025-04-26T19:00Z,2025-04-26 21:00,0.000,1568.707,18548.450
2025-04-26T20:00Z,2025-04-26 22:00,0.000,1992.915,19734.320
2025-04-26T21:00Z,2025-04-26 23:00,0.000,2294.900,19882.177
2025-04-26T22:00Z,2025-04-27 00:00,0.000,2405.398,20227.737
2025-04-26T23:00Z,2025-04-27 01:00,0.000,2741.340,19560.737
2025-04-27T00:00Z,2025-04-27 02:00,0.000,2930.997,18573.333
2025-04-27T01:00Z,2025-04-27 03:00,0.000,2951.625,17515.195
2025-04-27T02:00Z,2025-04-27 04:00,0.000,2818.360,16553.317
2025-04-27T03:00Z,2025-04-27 05:00,21.052,2593.137,15759.472
2025-04-27T04:00Z,2025-04-27 06:00,1305.485,2304.810,15008.650
2025-04-27T05:00Z,2025-04-27 07:00,7417.500,1981.938,12371.028
2025-04-27T06:00Z,2025-04-27 08:00,18545.315,1668.355,7854.325
2025-04-27T07:00Z,2025-04-27 09:00,29619.400,1374.463,4608.577
2025-04-27T08:00Z,2025-04-27 10:00,37711.533,908.650,3898.727
2025-04-27T09:00Z,2025-04-27 11:00,42973.188,754.250,3726.265
2025-04-27T10:00Z,2025-04-27 12:00,45155.585,635.727,3121.260
2025-04-27T11:00Z,2025-04-27 13:00,44855.790,530.288,2619.835
2025-04-27T12:00Z,2025-04-27 14:00,42265.482,457.150,2454.363
2025-04-27T13:00Z,2025-04-27 15:00,37552.908,420.585,2439.913
2025-04-27T14:00Z,2025-04-27 16:00,30763.088,365.062,2813.155
2025-04-27T15:00Z,2025-04-27 17:00,21266.068,380.113,3118.805
2025-04-27T16:00Z,2025-04-27 18:00,10248.355,324.525,3113.133
2025-04-27T17:00Z,2025-04-27 19:00,2882.655,277.832,3736.835
2025-04-27T18:00Z,2025-04-27 20:00,255.602,262.550,5302.505
2025-04-27T19:00Z,2025-04-27 21:00,0.000,252.575,6861.490
2025-04-27T20:00Z,2025-04-27 22:00,0.000,238.820,7510.477
2025-04-27T21:00Z,2025-04-27 23:00,0.000,222.195,7307.073
2025-04-27T22:00Z,2025-04-28 00:00,0.000,224.127,5341.265
2025-04-27T23:00Z,2025-04-28 01:00,0.000,228.435,4563.288
2025-04-28T00:00Z,2025-04-28 02:00,0.000,258.115,3790.477
2025-04-28T01:00Z,2025-04-28 03:00,0.000,309.110,3157.608
2025-04-28T02:00Z,2025-04-28 04:00,0.000,337.635,2626.633
2025-04-28T03:00Z,2025-04-28 05:00,22.160,329.960,2152.730
2025-04-28T04:00Z,2025-04-28 06:00,1424.070,310.923,1731.608
2025-04-28T05:00Z,2025-04-28 07:00,7742.300,298.430,1294.562
2025-04-28T06:00Z,2025-04-28 08:00,19149.000,290.335,801.622
2025-04-28T07:00Z,2025-04-28 09:00,30815.222,290.435,377.692
2025-04-28T08:00Z,2025-04-28 10:00,39754.645,330.310,210.925
2025-04-28T09:00Z,2025-04-28 11:00,45550.723,404.355,248.488
2025-04-28T10:00Z,2025-04-28 12:00,48473.595,498.190,333.248
2025-04-28T11:00Z,2025-04-28 13:00,48632.452,614.685,469.125
2025-04-28T12:00Z,2025-04-28 14:00,46101.713,746.597,696.185
2025-04-28T13:00Z,2025-04-28 15:00,40886.805,896.015,941.252
2025-04-28T14:00Z,2025-04-28 16:00,33210.235,1066.473,1220.980
2025-04-28T15:00Z,2025-04-28 17:00,22859.365,1196.185,1536.132
2025-04-28T16:00Z,2025-04-28 18:00,11375.205,1241.665,1874.847
2025-04-28T17:00Z,2025-04-28 19:00,3281.423,1253.112,2450.903
2025-04-28T18:00Z,2025-04-28 20:00,273.940,1271.510,3390.203
2025-04-28T19:00Z,2025-04-28 21:00,0.000,1349.827,4196.033
2025-04-28T20:00Z,2025-04-28 22:00,0.000,1490.693,4490.597
2025-04-28T21:00Z,2025-04-28 23:00,0.000,1605.827,4510.743
2025-04-28T22:00Z,2025-04-29 00:00,0.000,1700.947,4021.710
2025-04-28T23:00Z,2025-04-29 01:00,0.000,1701.847,3933.428
2025-04-29T00:00Z,2025-04-29 02:00,0.000,1686.515,3926.003
2025-04-29T01:00Z,2025-04-29 03:00,0.000,1662.625,4025.497
2025-04-29T02:00Z,2025-04-29 04:00,0.000,1636.322,4176.288
2025-04-29T03:00Z,2025-04-29 05:00,26.803,1604.513,4372.792
2025-04-29T04:00Z,2025-04-29 06:00,1498.155,1524.318,4507.230
2025-04-29T05:00Z,2025-04-29 07:00,7745.307,1374.938,4172.003
2025-04-29T06:00Z,2025-04-29 08:00,18726.745,1178.060,3156.105
2025-04-29T07:00Z,2025-04-29 09:00,29677.018,979.350,1954.862
2025-04-29T08:00Z,2025-04-29 10:00,37810.125,841.980,1522.597
2025-04-29T09:00Z,2025-04-29 11:00,42684.503,777.305,1666.423
2025-04-29T10:00Z,2025-04-29 12:00,44458.900,771.153,1869.055
2025-04-29T11:00Z,2025-04-29 13:00,44098.012,804.247,2185.035
2025-04-29T12:00Z,2025-04-29 14:00,41895.378,813.370,2587.950
2025-04-29T13:00Z,2025-04-29 15:00,37935.590,793.505,2940.690
2025-04-29T14:00Z,2025-04-29 16:00,31664.772,772.110,3239.985
2025-04-29T15:00Z,2025-04-29 17:00,22004.827,749.700,3469.570
2025-04-29T16:00Z,2025-04-29 18:00,11033.323,702.673,3681.837
2025-04-29T17:00Z,2025-04-29 19:00,3230.747,631.597,4159.965
2025-04-29T18:00Z,2025-04-29 20:00,294.685,554.513,5183.985
2025-04-29T19:00Z,2025-04-29 21:00,0.790,498.732,6131.390
2025-04-29T20:00Z,2025-04-29 22:00,0.000,471.163,6448.080
2025-04-29T21:00Z,2025-04-29 23:00,0.000,455.325,6211.935
2025-04-29T22:00Z,2025-04-30 00:00,0.000,527.023,5751.587
2025-04-29T23:00Z,2025-04-30 01:00,0.000,548.650,4988.290
2025-04-30T00:00Z,2025-04-30 02:00,0.000,607.105,4186.210
2025-04-30T01:00Z,2025-04-30 03:00,0.000,696.577,3553.940
2025-04-30T02:00Z,2025-04-30 04:00,0.000,787.900,3052.443
2025-04-30T03:00Z,2025-04-30 05:00,41.895,859.895,2640.767
2025-04-30T04:00Z,2025-04-30 06:00,1599.733,914.852,2235.170
2025-04-30T05:00Z,2025-04-30 07:00,7780.137,954.005,1785.700
2025-04-30T06:00Z,2025-04-30 08:00,18541.123,975.497,1165.267
2025-04-30T07:00Z,2025-04-30 09:00,29502.827,990.298,645.555
2025-04-30T08:00Z,2025-04-30 10:00,37576.015,989.780,521.735
2025-04-30T09:00Z,2025-04-30 11:00,42415.637,979.190,733.982
2025-04-30T10:00Z,2025-04-30 12:00,44539.662,984.825,1040.812
2025-04-30T11:00Z,2025-04-30 13:00,44421.390,1017.220,1296.300
2025-04-30T12:00Z,2025-04-30 14:00,42224.808,1066.145,1585.872
2025-04-30T13:00Z,2025-04-30 15:00,38107.985,1088.908,1796.577
2025-04-30T14:00Z,2025-04-30 16:00,31739.373,1057.723,1881.280
2025-04-30T15:00Z,2025-04-30 17:00,22198.555,969.545,1832.967
2025-04-30T16:00Z,2025-04-30 18:00,11321.985,806.553,1701.320
2025-04-30T17:00Z,2025-04-30 19:00,3358.287,632.773,1811.535
2025-04-30T18:00Z,2025-04-30 20:00,329.810,499.113,2393.805
2025-04-30T19:00Z,2025-04-30 21:00,0.848,402.400,2991.050
2025-04-30T20:00Z,2025-04-30 22:00,0.000,328.865,3245.250
2025-04-30T21:00Z,2025-04-30 23:00,0.000,260.567,3243.642
2025-04-30T22:00Z,2025-05-01 00:00,0.000,326.433,3448.628
2025-04-30T23:00Z,2025-05-01 01:00,0.000,249.552,3213.773
2025-05-01T00:00Z,2025-05-01 02:00,0.000,210.105,2882.745
2025-05-01T01:00Z,2025-05-01 03:00,0.000,193.947,2566.820
2025-05-01T02:00Z,2025-05-01 04:00,0.000,201.580,2286.213
2025-05-01T03:00Z,2025-05-01 05:00,42.725,259.077,2085.878
2025-05-01T04:00Z,2025-05-01 06:00,1764.180,341.387,1961.570
2025-05-01T05:00Z,2025-05-01 07:00,8554.483,429.893,1811.855
2025-05-01T06:00Z,2025-05-01 08:00,20004.585,520.883,1395.597
2025-05-01T07:00Z,2025-05-01 09:00,31040.390,576.322,787.800
2025-05-01T08:00Z,2025-05-01 10:00,38521.798,466.873,414.877
2025-05-01T09:00Z,2025-05-01 11:00,42730.622,406.973,416.382
2025-05-01T10:00Z,2025-05-01 12:00,44093.062,335.038,470.590
2025-05-01T11:00Z,2025-05-01 13:00,43831.780,266.225,525.403
2025-05-01T12:00Z,2025-05-01 14:00,41891.938,213.345,610.332
2025-05-01T13:00Z,2025-05-01 15:00,37884.833,199.300,693.243
2025-05-01T14:00Z,2025-05-01 16:00,32037.033,216.595,781.180
2025-05-01T15:00Z,2025-05-01 17:00,23089.710,330.058,865.390
2025-05-01T16:00Z,2025-05-01 18:00,11812.577,409.495,1082.878
2025-05-01T17:00Z,2025-05-01 19:00,3585.658,520.825,1723.810
2025-05-01T18:00Z,2025-05-01 20:00,384.452,658.038,2973.012
2025-05-01T19:00Z,2025-05-01 21:00,2.277,800.465,4628.525
2025-05-01T20:00Z,2025-05-01 22:00,0.000,975.785,6439.988
2025-05-01T21:00Z,2025-05-01 23:00,0.000,1238.298,8306.060
2025-05-01T22:00Z,2025-05-02 00:00,0.000,1703.145,10557.202
2025-05-01T23:00Z,2025-05-02 01:00,0.000,2110.427,11632.638
2025-05-02T00:00Z,2025-05-02 02:00,0.000,2458.662,12522.670
2025-05-02T01:00Z,2025-05-02 03:00,0.000,2737.085,13271.860
2025-05-02T02:00Z,2025-05-02 04:00,0.000,2877.153,13589.870
2025-05-02T03:00Z,2025-05-02 05:00,43.282,2778.515,13472.940
2025-05-02T04:00Z,2025-05-02 06:00,1659.392,2477.278,13165.548
2025-05-02T05:00Z,2025-05-02 07:00,7562.965,2006.977,11810.420
2025-05-02T06:00Z,2025-05-02 08:00,17461.690,1583.088,9094.575
2025-05-02T07:00Z,2025-05-02 09:00,27703.513,1399.013,5922.038
2025-05-02T08:00Z,2025-05-02 10:00,35157.228,1378.275,4305.132
2025-05-02T09:00Z,2025-05-02 11:00,39536.845,1374.950,4595.052
2025-05-02T10:00Z,2025-05-02 12:00,41253.072,1438.108,5806.062
2025-05-02T11:00Z,2025-05-02 13:00,40119.012,1446.432,7800.552
2025-05-02T12:00Z,2025-05-02 14:00,37358.770,1295.145,9366.420
2025-05-02T13:00Z,2025-05-02 15:00,33272.790,1185.775,9948.155
2025-05-02T14:00Z,2025-05-02 16:00,27324.318,1171.685,9768.845
2025-05-02T15:00Z,2025-05-02 17:00,19299.840,1188.885,8898.708
2025-05-02T16:00Z,2025-05-02 18:00,9967.942,1215.622,7603.952
2025-05-02T17:00Z,2025-05-02 19:00,3366.802,1248.767,7033.807
2025-05-02T18:00Z,2025-05-02 20:00,452.832,1275.088,7128.805
2025-05-02T19:00Z,2025-05-02 21:00,2.190,1329.327,7544.833
2025-05-02T20:00Z,2025-05-02 22:00,0.000,1412.830,7642.347
2025-05-02T21:00Z,2025-05-02 23:00,0.000,1480.905,7464.852
2025-05-02T22:00Z,2025-05-03 00:00,0.000,1149.845,5998.400
2025-05-02T23:00Z,2025-05-03 01:00,0.000,1104.095,5831.823
2025-05-03T00:00Z,2025-05-03 02:00,0.000,1054.280,5563.858
2025-05-03T01:00Z,2025-05-03 03:00,0.000,998.300,5440.557
2025-05-03T02:00Z,2025-05-03 04:00,0.000,965.102,5452.400
2025-05-03T03:00Z,2025-05-03 05:00,55.305,973.115,5496.445
2025-05-03T04:00Z,2025-05-03 06:00,1613.655,981.788,5390.750
2025-05-03T05:00Z,2025-05-03 07:00,6742.382,1021.105,5017.505
2025-05-03T06:00Z,2025-05-03 08:00,14334.507,1142.977,4516.702
2025-05-03T07:00Z,2025-05-03 09:00,21743.255,1353.810,4238.965
2025-05-03T08:00Z,2025-05-03 10:00,27305.182,1603.528,4216.073
2025-05-03T09:00Z,2025-05-03 11:00,30559.658,1873.900,4383.198
2025-05-03T10:00Z,2025-05-03 12:00,31879.210,2228.120,4916.095
2025-05-03T11:00Z,2025-05-03 13:00,31178.630,2601.342,6115.415
2025-05-03T12:00Z,2025-05-03 14:00,28173.675,2937.925,7691.593
2025-05-03T13:00Z,2025-05-03 15:00,24033.670,3140.830,9629.202
2025-05-03T14:00Z,2025-05-03 16:00,18596.630,3556.525,11728.337
2025-05-03T15:00Z,2025-05-03 17:00,12660.042,3996.562,13542.292
2025-05-03T16:00Z,2025-05-03 18:00,7059.340,4211.702,14593.573
2025-05-03T17:00Z,2025-05-03 19:00,2640.758,4489.148,15246.647
2025-05-03T18:00Z,2025-05-03 20:00,372.975,4580.965,15910.990
2025-05-03T19:00Z,2025-05-03 21:00,7.768,4757.012,16850.405
2025-05-03T20:00Z,2025-05-03 22:00,0.000,4923.390,17423.882
2025-05-03T21:00Z,2025-05-03 23:00,0.000,5118.733,18381.493
2025-05-03T22:00Z,2025-05-04 00:00,0.000,5023.185,19531.787
2025-05-03T23:00Z,2025-05-04 01:00,0.000,5323.805,20514.215
2025-05-04T00:00Z,2025-05-04 02:00,0.000,5447.512,20944.298
2025-05-04T01:00Z,2025-05-04 03:00,0.000,5472.993,21047.978
2025-05-04T02:00Z,2025-05-04 04:00,0.000,5455.690,20961.607
2025-05-04T03:00Z,2025-05-04 05:00,53.160,5414.682,20581.080
2025-05-04T04:00Z,2025-05-04 06:00,1285.035,5320.333,20296.450
2025-05-04T05:00Z,2025-05-04 07:00,5138.932,5262.488,19835.135
2025-05-04T06:00Z,2025-05-04 08:00,10719.540,5118.080,19685.298
2025-05-04T07:00Z,2025-05-04 09:00,16204.940,4677.112,19447.875
2025-05-04T08:00Z,2025-05-04 10:00,20518.535,3718.148,18379.192
2025-05-04T09:00Z,2025-05-04 11:00,23874.175,3545.193,17271.015
2025-05-04T10:00Z,2025-05-04 12:00,25833.143,3346.110,16020.698
2025-05-04T11:00Z,2025-05-04 13:00,26491.162,3034.735,14668.368
2025-05-04T12:00Z,2025-05-04 14:00,26139.567,2729.775,13590.337
2025-05-04T13:00Z,2025-05-04 15:00,24154.010,2667.165,12312.147
2025-05-04T14:00Z,2025-05-04 16:00,20027.307,2689.722,11159.875
2025-05-04T15:00Z,2025-05-04 17:00,14442.597,3180.648,10391.772
2025-05-04T16:00Z,2025-05-04 18:00,8051.092,3017.690,9560.057
2025-05-04T17:00Z,2025-05-04 19:00,2982.352,2904.092,8887.888
2025-05-04T18:00Z,2025-05-04 20:00,427.660,2965.207,8922.892
2025-05-04T19:00Z,2025-05-04 21:00,6.780,3207.297,9569.225
2025-05-04T20:00Z,2025-05-04 22:00,0.000,3535.287,9961.610
2025-05-04T21:00Z,2025-05-04 23:00,0.000,3822.000,10172.135
2025-05-04T22:00Z,2025-05-05 00:00,0.000,3716.825,9974.677
2025-05-04T23:00Z,2025-05-05 01:00,0.000,3916.390,10081.438
2025-05-05T00:00Z,2025-05-05 02:00,0.000,3851.755,10275.683
2025-05-05T01:00Z,2025-05-05 03:00,0.000,3639.500,10605.997
2025-05-05T02:00Z,2025-05-05 04:00,0.000,3527.875,10963.872
2025-05-05T03:00Z,2025-05-05 05:00,61.070,3362.338,11342.860
2025-05-05T04:00Z,2025-05-05 06:00,1478.355,3078.300,11440.135
2025-05-05T05:00Z,2025-05-05 07:00,6127.950,2687.235,10354.475
2025-05-05T06:00Z,2025-05-05 08:00,13599.825,2352.463,8814.420
2025-05-05T07:00Z,2025-05-05 09:00,21126.677,1836.533,8945.900
2025-05-05T08:00Z,2025-05-05 10:00,26222.283,1586.662,9908.800
2025-05-05T09:00Z,2025-05-05 11:00,28657.840,1333.612,10562.825
2025-05-05T10:00Z,2025-05-05 12:00,29290.448,1143.763,10440.640
2025-05-05T11:00Z,2025-05-05 13:00,28746.725,979.987,9990.288
2025-05-05T12:00Z,2025-05-05 14:00,27194.103,921.898,9554.160
2025-05-05T13:00Z,2025-05-05 15:00,24410.153,953.017,9179.597
2025-05-05T14:00Z,2025-05-05 16:00,20151.365,1050.278,9007.743
2025-05-05T15:00Z,2025-05-05 17:00,14597.105,1225.415,9020.890
2025-05-05T16:00Z,2025-05-05 18:00,8232.907,1447.743,9108.355
2025-05-05T17:00Z,2025-05-05 19:00,3081.020,1720.217,9208.540
2025-05-05T18:00Z,2025-05-05 20:00,492.492,1977.247,9801.948
2025-05-05T19:00Z,2025-05-05 21:00,9.380,2092.740,10940.310
2025-05-05T20:00Z,2025-05-05 22:00,0.000,2167.807,11360.517
2025-05-05T21:00Z,2025-05-05 23:00,0.000,2283.375,11109.695
2025-05-05T22:00Z,2025-05-06 00:00,0.000,2020.757,9853.913
2025-05-05T23:00Z,2025-05-06 01:00,0.000,2180.202,9104.485
2025-05-06T00:00Z,2025-05-06 02:00,0.000,2347.867,8468.472
2025-05-06T01:00Z,2025-05-06 03:00,0.000,2551.480,8137.745
2025-05-06T02:00Z,2025-05-06 04:00,0.000,2848.260,8041.182
2025-05-06T03:00Z,2025-05-06 05:00,86.335,3190.850,8072.440
2025-05-06T04:00Z,2025-05-06 06:00,1817.620,3511.300,8083.685
2025-05-06T05:00Z,2025-05-06 07:00,7554.593,3805.070,7562.120
2025-05-06T06:00Z,2025-05-06 08:00,16415.720,3882.835,6738.495
2025-05-06T07:00Z,2025-05-06 09:00,24875.080,3716.340,6752.542
2025-05-06T08:00Z,2025-05-06 10:00,30989.193,3470.765,7551.788
2025-05-06T09:00Z,2025-05-06 11:00,34460.553,3217.235,8003.672
2025-05-06T10:00Z,2025-05-06 12:00,35697.550,3007.640,7940.368
2025-05-06T11:00Z,2025-05-06 13:00,35344.432,2912.185,7749.757
2025-05-06T12:00Z,2025-05-06 14:00,33413.495,2936.415,7605.347
2025-05-06T13:00Z,2025-05-06 15:00,29801.320,3069.050,7682.113
2025-05-06T14:00Z,2025-05-06 16:00,24194.525,3282.818,7951.427
2025-05-06T15:00Z,2025-05-06 17:00,16838.440,3591.590,8177.693
2025-05-06T16:00Z,2025-05-06 18:00,9207.722,3575.057,8017.595
2025-05-06T17:00Z,2025-05-06 19:00,3369.812,3448.887,7572.703
2025-05-06T18:00Z,2025-05-06 20:00,550.763,3392.963,7526.807
2025-05-06T19:00Z,2025-05-06 21:00,7.938,3441.327,7885.892
2025-05-06T20:00Z,2025-05-06 22:00,0.000,3404.100,7837.977
2025-05-06T21:00Z,2025-05-06 23:00,0.000,3161.360,7418.570
2025-05-06T22:00Z,2025-05-07 00:00,0.000,2491.555,7168.435
2025-05-06T23:00Z,2025-05-07 01:00,0.000,2014.765,6479.160
2025-05-07T00:00Z,2025-05-07 02:00,0.000,1630.840,5905.792
2025-05-07T01:00Z,2025-05-07 03:00,0.000,1410.368,5539.605
2025-05-07T02:00Z,2025-05-07 04:00,0.000,1300.612,5328.885
2025-05-07T03:00Z,2025-05-07 05:00,107.483,1237.402,5235.195
2025-05-07T04:00Z,2025-05-07 06:00,1961.330,1151.898,5034.163
2025-05-07T05:00Z,2025-05-07 07:00,7452.852,1038.743,4261.907
2025-05-07T06:00Z,2025-05-07 08:00,15834.548,907.692,3036.807
2025-05-07T07:00Z,2025-05-07 09:00,24202.408,772.673,2512.350
2025-05-07T08:00Z,2025-05-07 10:00,29868.580,638.438,3160.675
2025-05-07T09:00Z,2025-05-07 11:00,32631.700,522.350,4159.068
2025-05-07T10:00Z,2025-05-07 12:00,33274.725,451.025,5135.905
2025-05-07T11:00Z,2025-05-07 13:00,32145.460,410.095,5857.120
2025-05-07T12:00Z,2025-05-07 14:00,29508.997,402.060,6272.365
2025-05-07T13:00Z,2025-05-07 15:00,25449.888,457.450,6628.622
2025-05-07T14:00Z,2025-05-07 16:00,20229.943,598.820,7127.932
2025-05-07T15:00Z,2025-05-07 17:00,14336.412,822.545,7702.077
2025-05-07T16:00Z,2025-05-07 18:00,8291.888,1092.740,8234.892
2025-05-07T17:00Z,2025-05-07 19:00,3338.175,1345.345,8663.570
2025-05-07T18:00Z,2025-05-07 20:00,564.378,1514.995,9610.410
2025-05-07T19:00Z,2025-05-07 21:00,10.880,1597.690,11035.385
2025-05-07T20:00Z,2025-05-07 22:00,0.000,1538.957,11706.010
2025-05-07T21:00Z,2025-05-07 23:00,0.000,1391.425,11677.677
2025-05-07T22:00Z,2025-05-08 00:00,0.000,1119.043,11567.120
2025-05-07T23:00Z,2025-05-08 01:00,0.000,926.017,10692.698
2025-05-08T00:00Z,2025-05-08 02:00,0.000,751.567,9912.642
2025-05-08T01:00Z,2025-05-08 03:00,0.000,607.837,9092.275
2025-05-08T02:00Z,2025-05-08 04:00,0.000,488.010,8339.642
2025-05-08T03:00Z,2025-05-08 05:00,122.142,395.697,7754.613
2025-05-08T04:00Z,2025-05-08 06:00,1952.065,345.590,7215.403
2025-05-08T05:00Z,2025-05-08 07:00,7138.618,333.155,5948.057
2025-05-08T06:00Z,2025-05-08 08:00,14937.770,314.780,3896.162
2025-05-08T07:00Z,2025-05-08 09:00,23322.990,281.067,3082.267
2025-05-08T08:00Z,2025-05-08 10:00,29562.710,231.750,4087.300
2025-05-08T09:00Z,2025-05-08 11:00,32203.493,185.153,5348.825
2025-05-08T10:00Z,2025-05-08 12:00,32195.620,164.145,6144.310
2025-05-08T11:00Z,2025-05-08 13:00,30604.943,164.482,6439.555
2025-05-08T12:00Z,2025-05-08 14:00,28267.472,172.882,6537.552
2025-05-08T13:00Z,2025-05-08 15:00,25094.295,192.885,6739.057
2025-05-08T14:00Z,2025-05-08 16:00,20701.965,220.350,7028.845
2025-05-08T15:00Z,2025-05-08 17:00,15205.923,268.587,7317.342
2025-05-08T16:00Z,2025-05-08 18:00,9127.808,319.712,7386.347
2025-05-08T17:00Z,2025-05-08 19:00,3740.682,357.585,7280.653
2025-05-08T18:00Z,2025-05-08 20:00,651.438,386.705,7719.452
2025-05-08T19:00Z,2025-05-08 21:00,11.867,414.507,8660.222
2025-05-08T20:00Z,2025-05-08 22:00,0.000,414.460,9004.603
2025-05-08T21:00Z,2025-05-08 23:00,0.000,383.592,8618.368
2025-05-08T22:00Z,2025-05-09 00:00,0.000,472.790,8032.463
2025-05-08T23:00Z,2025-05-09 01:00,0.000,386.635,7229.023
2025-05-09T00:00Z,2025-05-09 02:00,0.000,308.375,6502.270
2025-05-09T01:00Z,2025-05-09 03:00,0.000,245.020,5902.405
2025-05-09T02:00Z,2025-05-09 04:00,0.000,201.012,5440.505
2025-05-09T03:00Z,2025-05-09 05:00,144.010,175.160,5189.300
2025-05-09T04:00Z,2025-05-09 06:00,2364.108,153.980,4991.618
2025-05-09T05:00Z,2025-05-09 07:00,9375.220,149.690,4380.703
2025-05-09T06:00Z,2025-05-09 08:00,20394.760,165.920,3176.355
2025-05-09T07:00Z,2025-05-09 09:00,31223.263,189.843,2792.523
2025-05-09T08:00Z,2025-05-09 10:00,38892.827,223.065,3403.915
2025-05-09T09:00Z,2025-05-09 11:00,42764.595,272.082,3956.045
2025-05-09T10:00Z,2025-05-09 12:00,42869.327,350.488,4283.882
2025-05-09T11:00Z,2025-05-09 13:00,41118.645,476.020,4573.705
2025-05-09T12:00Z,2025-05-09 14:00,38361.417,630.192,4853.597
2025-05-09T13:00Z,2025-05-09 15:00,34732.863,776.175,5201.990
2025-05-09T14:00Z,2025-05-09 16:00,29170.650,890.158,5519.642
2025-05-09T15:00Z,2025-05-09 17:00,21213.993,959.470,5716.745
2025-05-09T16:00Z,2025-05-09 18:00,11839.710,972.812,5863.145
2025-05-09T17:00Z,2025-05-09 19:00,4232.797,901.462,5931.372
2025-05-09T18:00Z,2025-05-09 20:00,771.080,769.175,6524.188
2025-05-09T19:00Z,2025-05-09 21:00,11.228,642.217,7584.275
2025-05-09T20:00Z,2025-05-09 22:00,0.000,554.852,8201.142
2025-05-09T21:00Z,2025-05-09 23:00,0.000,466.645,8187.850
2025-05-09T22:00Z,2025-05-10 00:00,0.000,409.798,8432.520
2025-05-09T23:00Z,2025-05-10 01:00,0.000,357.213,7955.983
2025-05-10T00:00Z,2025-05-10 02:00,0.000,323.507,7491.325
2025-05-10T01:00Z,2025-05-10 03:00,0.000,312.278,7059.382
2025-05-10T02:00Z,2025-05-10 04:00,0.000,295.507,6563.785
2025-05-10T03:00Z,2025-05-10 05:00,164.093,256.930,6022.215
2025-05-10T04:00Z,2025-05-10 06:00,2475.523,214.123,5370.285
2025-05-10T05:00Z,2025-05-10 07:00,9479.360,199.580,4165.815
2025-05-10T06:00Z,2025-05-10 08:00,20436.300,222.653,2547.740
2025-05-10T07:00Z,2025-05-10 09:00,31061.618,245.965,1792.088
2025-05-10T08:00Z,2025-05-10 10:00,38873.963,245.522,1897.467
2025-05-10T09:00Z,2025-05-10 11:00,43201.018,241.810,2048.360
2025-05-10T10:00Z,2025-05-10 12:00,44723.832,246.173,1983.690
2025-05-10T11:00Z,2025-05-10 13:00,44479.967,255.233,2191.100
2025-05-10T12:00Z,2025-05-10 14:00,42232.855,271.002,2407.895
2025-05-10T13:00Z,2025-05-10 15:00,37809.515,300.678,2659.358
2025-05-10T14:00Z,2025-05-10 16:00,31699.572,349.267,3450.403
2025-05-10T15:00Z,2025-05-10 17:00,23271.653,423.743,4544.430
2025-05-10T16:00Z,2025-05-10 18:00,12521.033,512.720,5128.660
2025-05-10T17:00Z,2025-05-10 19:00,4368.613,636.817,5949.057
2025-05-10T18:00Z,2025-05-10 20:00,826.010,779.420,7657.948
2025-05-10T19:00Z,2025-05-10 21:00,14.287,910.122,10038.285
2025-05-10T20:00Z,2025-05-10 22:00,0.000,1026.845,11718.665
2025-05-10T21:00Z,2025-05-10 23:00,0.000,1116.740,12498.345
2025-05-10T22:00Z,2025-05-11 00:00,0.000,901.655,11036.657
2025-05-10T23:00Z,2025-05-11 01:00,0.000,924.755,10871.483
2025-05-11T00:00Z,2025-05-11 02:00,0.000,901.602,10729.638
2025-05-11T01:00Z,2025-05-11 03:00,0.000,872.250,10685.158
2025-05-11T02:00Z,2025-05-11 04:00,0.000,867.003,10794.983
2025-05-11T03:00Z,2025-05-11 05:00,185.695,914.090,11002.712
2025-05-11T04:00Z,2025-05-11 06:00,2637.082,1013.995,10853.618
2025-05-11T05:00Z,2025-05-11 07:00,10161.397,1173.865,9064.622
2025-05-11T06:00Z,2025-05-11 08:00,21933.653,1334.207,6033.073
2025-05-11T07:00Z,2025-05-11 09:00,32602.095,991.135,4698.267
2025-05-11T08:00Z,2025-05-11 10:00,40169.815,1032.545,5675.583
2025-05-11T09:00Z,2025-05-11 11:00,44096.685,1053.727,5760.890
2025-05-11T10:00Z,2025-05-11 12:00,45374.415,1070.985,5243.105
2025-05-11T11:00Z,2025-05-11 13:00,44970.077,1092.442,5343.300
2025-05-11T12:00Z,2025-05-11 14:00,42591.692,1157.615,5289.778
2025-05-11T13:00Z,2025-05-11 15:00,38646.865,1317.138,5272.785
2025-05-11T14:00Z,2025-05-11 16:00,33505.700,1418.990,5627.727
2025-05-11T15:00Z,2025-05-11 17:00,24696.667,1585.068,7407.285
2025-05-11T16:00Z,2025-05-11 18:00,13225.960,2376.580,10421.827
2025-05-11T17:00Z,2025-05-11 19:00,4562.975,2740.260,12291.747
2025-05-11T18:00Z,2025-05-11 20:00,916.340,3204.920,15364.345
2025-05-11T19:00Z,2025-05-11 21:00,20.020,3615.273,19204.270
2025-05-11T20:00Z,2025-05-11 22:00,0.000,3854.483,20782.550
2025-05-11T21:00Z,2025-05-11 23:00,0.000,3959.552,20935.073
2025-05-11T22:00Z,2025-05-12 00:00,0.000,3572.930,19613.740
2025-05-11T23:00Z,2025-05-12 01:00,0.000,3695.003,18572.568
2025-05-12T00:00Z,2025-05-12 02:00,0.000,3997.430,17449.893
2025-05-12T01:00Z,2025-05-12 03:00,0.000,3934.733,16463.428
2025-05-12T02:00Z,2025-05-12 04:00,0.000,3867.695,15662.785
2025-05-12T03:00Z,2025-05-12 05:00,208.532,3831.863,14996.298
2025-05-12T04:00Z,2025-05-12 06:00,2706.217,3826.990,14341.130
2025-05-12T05:00Z,2025-05-12 07:00,10494.585,3762.938,11528.823
2025-05-12T06:00Z,2025-05-12 08:00,22438.757,3669.495,8031.635
2025-05-12T07:00Z,2025-05-12 09:00,33634.217,3519.493,7075.988
2025-05-12T08:00Z,2025-05-12 10:00,41385.240,3209.903,7911.028
2025-05-12T09:00Z,2025-05-12 11:00,45855.622,2336.178,7974.560
2025-05-12T10:00Z,2025-05-12 12:00,47218.695,2200.307,5952.033
2025-05-12T11:00Z,2025-05-12 13:00,47071.643,2054.190,5775.868
2025-05-12T12:00Z,2025-05-12 14:00,44889.073,1922.398,5884.467
2025-05-12T13:00Z,2025-05-12 15:00,40820.943,1876.528,6501.547
2025-05-12T14:00Z,2025-05-12 16:00,35008.637,1888.037,8610.318
2025-05-12T15:00Z,2025-05-12 17:00,25220.362,2615.773,10675.165
2025-05-12T16:00Z,2025-05-12 18:00,13371.468,2872.457,11573.513
2025-05-12T17:00Z,2025-05-12 19:00,4604.005,3163.798,12336.505
2025-05-12T18:00Z,2025-05-12 20:00,937.690,3413.975,14147.170
2025-05-12T19:00Z,2025-05-12 21:00,23.698,3479.262,17056.537
2025-05-12T20:00Z,2025-05-12 22:00,0.000,3400.895,18095.193
2025-05-12T21:00Z,2025-05-12 23:00,0.000,3223.512,17741.465
2025-05-12T22:00Z,2025-05-13 00:00,0.000,3020.682,15827.228
2025-05-12T23:00Z,2025-05-13 01:00,0.000,2798.300,14164.358
2025-05-13T00:00Z,2025-05-13 02:00,0.000,2524.940,12591.452
2025-05-13T01:00Z,2025-05-13 03:00,0.000,2220.238,11183.785
2025-05-13T02:00Z,2025-05-13 04:00,0.000,1889.280,9904.097
2025-05-13T03:00Z,2025-05-13 05:00,221.965,1550.000,8964.710
2025-05-13T04:00Z,2025-05-13 06:00,2830.240,1255.520,8053.068
2025-05-13T05:00Z,2025-05-13 07:00,10889.718,1027.375,6084.660
2025-05-13T06:00Z,2025-05-13 08:00,22796.077,866.852,3292.773
2025-05-13T07:00Z,2025-05-13 09:00,33840.895,749.263,2058.515
2025-05-13T08:00Z,2025-05-13 10:00,41505.902,658.295,2317.602
2025-05-13T09:00Z,2025-05-13 11:00,46070.418,653.447,2572.380
2025-05-13T10:00Z,2025-05-13 12:00,47941.262,759.675,2175.135
2025-05-13T11:00Z,2025-05-13 13:00,48023.565,879.455,1961.747
2025-05-13T12:00Z,2025-05-13 14:00,45903.560,965.225,1910.318
2025-05-13T13:00Z,2025-05-13 15:00,41853.630,1049.122,2159.210
2025-05-13T14:00Z,2025-05-13 16:00,35601.677,1183.060,2623.890
2025-05-13T15:00Z,2025-05-13 17:00,25651.500,1408.287,3051.710
2025-05-13T16:00Z,2025-05-13 18:00,13806.352,1723.217,3583.988
2025-05-13T17:00Z,2025-05-13 19:00,4924.495,2055.003,4301.917
2025-05-13T18:00Z,2025-05-13 20:00,986.962,2198.398,5451.950
2025-05-13T19:00Z,2025-05-13 21:00,24.238,2090.860,6814.195
2025-05-13T20:00Z,2025-05-13 22:00,0.000,1874.620,7342.740
2025-05-13T21:00Z,2025-05-13 23:00,0.000,1667.363,7037.818
2025-05-13T22:00Z,2025-05-14 00:00,0.000,1500.950,6760.335
2025-05-13T23:00Z,2025-05-14 01:00,0.000,1348.995,6173.342
2025-05-14T00:00Z,2025-05-14 02:00,0.000,1229.097,5784.532
2025-05-14T01:00Z,2025-05-14 03:00,0.000,1231.112,5537.340
2025-05-14T02:00Z,2025-05-14 04:00,0.000,1418.283,5498.765
2025-05-14T03:00Z,2025-05-14 05:00,224.615,1736.267,5707.693
2025-05-14T04:00Z,2025-05-14 06:00,2946.730,1985.380,5882.233
2025-05-14T05:00Z,2025-05-14 07:00,10689.510,2089.885,5218.727
2025-05-14T06:00Z,2025-05-14 08:00,21833.425,2256.605,4131.767
2025-05-14T07:00Z,2025-05-14 09:00,32324.542,2428.250,4282.907
2025-05-14T08:00Z,2025-05-14 10:00,39784.567,2445.997,5425.278
2025-05-14T09:00Z,2025-05-14 11:00,44105.943,1914.000,6497.100
2025-05-14T10:00Z,2025-05-14 12:00,45966.670,1980.145,7084.655
2025-05-14T11:00Z,2025-05-14 13:00,46027.787,1969.898,7607.747
2025-05-14T12:00Z,2025-05-14 14:00,43992.052,1960.110,8350.210
2025-05-14T13:00Z,2025-05-14 15:00,40095.283,2059.517,9652.483
2025-05-14T14:00Z,2025-05-14 16:00,33757.005,2280.062,11313.215
2025-05-14T15:00Z,2025-05-14 17:00,24460.827,3287.085,13105.760
2025-05-14T16:00Z,2025-05-14 18:00,13556.802,3724.440,13764.618
2025-05-14T17:00Z,2025-05-14 19:00,5152.398,4067.870,13742.978
2025-05-14T18:00Z,2025-05-14 20:00,1074.155,4056.100,13977.900
2025-05-14T19:00Z,2025-05-14 21:00,30.303,3996.088,14484.517
2025-05-14T20:00Z,2025-05-14 22:00,0.000,3928.525,14120.840
2025-05-14T21:00Z,2025-05-14 23:00,0.000,3729.823,13477.750
2025-05-14T22:00Z,2025-05-15 00:00,0.000,3147.023,14340.085
2025-05-14T23:00Z,2025-05-15 01:00,0.000,2640.488,14172.873
2025-05-15T00:00Z,2025-05-15 02:00,0.000,2303.925,13858.275
2025-05-15T01:00Z,2025-05-15 03:00,0.000,2319.135,13439.900
2025-05-15T02:00Z,2025-05-15 04:00,0.000,2640.108,13039.612
2025-05-15T03:00Z,2025-05-15 05:00,237.957,2967.465,12844.807
2025-05-15T04:00Z,2025-05-15 06:00,2700.930,3131.935,12408.757
2025-05-15T05:00Z,2025-05-15 07:00,9352.562,3112.300,10710.890
2025-05-15T06:00Z,2025-05-15 08:00,19025.870,2919.785,9689.890
2025-05-15T07:00Z,2025-05-15 09:00,28789.897,2692.043,10597.173
2025-05-15T08:00Z,2025-05-15 10:00,36145.570,2430.952,11895.513
2025-05-15T09:00Z,2025-05-15 11:00,39969.882,1726.892,12649.397
2025-05-15T10:00Z,2025-05-15 12:00,41383.420,1510.205,13185.507
2025-05-15T11:00Z,2025-05-15 13:00,40755.130,1466.223,13865.175
2025-05-15T12:00Z,2025-05-15 14:00,38361.288,1547.995,15234.710
2025-05-15T13:00Z,2025-05-15 15:00,34545.335,1699.735,17393.952
2025-05-15T14:00Z,2025-05-15 16:00,29387.597,1889.370,18187.213
2025-05-15T15:00Z,2025-05-15 17:00,22193.210,2852.065,18174.147
2025-05-15T16:00Z,2025-05-15 18:00,12983.328,3311.838,17336.548
2025-05-15T17:00Z,2025-05-15 19:00,5153.655,3695.840,15583.275
2025-05-15T18:00Z,2025-05-15 20:00,1075.430,3854.110,13976.318
2025-05-15T19:00Z,2025-05-15 21:00,31.810,3791.280,13599.377
2025-05-15T20:00Z,2025-05-15 22:00,0.000,3478.323,12909.700
2025-05-15T21:00Z,2025-05-15 23:00,0.000,3061.020,11901.225
2025-05-15T22:00Z,2025-05-16 00:00,0.000,3340.675,12140.725
2025-05-15T23:00Z,2025-05-16 01:00,0.000,3526.290,11476.820
2025-05-16T00:00Z,2025-05-16 02:00,0.000,3707.875,11132.190
2025-05-16T01:00Z,2025-05-16 03:00,0.000,3684.472,10891.785
2025-05-16T02:00Z,2025-05-16 04:00,0.000,3490.747,10753.472
2025-05-16T03:00Z,2025-05-16 05:00,248.455,3247.418,10620.327
2025-05-16T04:00Z,2025-05-16 06:00,2900.892,3064.690,9922.382
2025-05-16T05:00Z,2025-05-16 07:00,9860.955,2924.372,8021.712
2025-05-16T06:00Z,2025-05-16 08:00,19417.592,2716.122,6628.938
2025-05-16T07:00Z,2025-05-16 09:00,27889.188,2439.185,6941.915
2025-05-16T08:00Z,2025-05-16 10:00,33457.628,2117.072,8519.292
2025-05-16T09:00Z,2025-05-16 11:00,35671.240,1751.400,10257.978
2025-05-16T10:00Z,2025-05-16 12:00,35705.908,1489.027,12012.407
2025-05-16T11:00Z,2025-05-16 13:00,34358.170,1424.060,13792.193
2025-05-16T12:00Z,2025-05-16 14:00,31672.780,1492.003,15552.693
2025-05-16T13:00Z,2025-05-16 15:00,27917.590,1661.277,16816.345
2025-05-16T14:00Z,2025-05-16 16:00,22971.250,1896.273,17164.732
2025-05-16T15:00Z,2025-05-16 17:00,17007.485,2297.503,16498.092
2025-05-16T16:00Z,2025-05-16 18:00,10385.763,2663.702,14933.472
2025-05-16T17:00Z,2025-05-16 19:00,4484.720,2847.880,12507.452
2025-05-16T18:00Z,2025-05-16 20:00,985.013,2891.300,10553.755
2025-05-16T19:00Z,2025-05-16 21:00,32.348,2811.250,9693.153
2025-05-16T20:00Z,2025-05-16 22:00,0.000,2817.015,9190.795
2025-05-16T21:00Z,2025-05-16 23:00,0.000,2877.135,8981.695
2025-05-16T22:00Z,2025-05-17 00:00,0.000,3668.200,10567.720
2025-05-16T23:00Z,2025-05-17 01:00,0.000,3390.180,11112.042
2025-05-17T00:00Z,2025-05-17 02:00,0.000,3100.520,11760.525
2025-05-17T01:00Z,2025-05-17 03:00,0.000,2819.075,12282.045
2025-05-17T02:00Z,2025-05-17 04:00,0.000,2697.578,12732.608
2025-05-17T03:00Z,2025-05-17 05:00,273.923,2690.240,13013.410
2025-05-17T04:00Z,2025-05-17 06:00,2871.175,2728.273,12697.302
2025-05-17T05:00Z,2025-05-17 07:00,9738.075,2708.492,10466.760
2025-05-17T06:00Z,2025-05-17 08:00,19323.115,2608.185,8851.338
2025-05-17T07:00Z,2025-05-17 09:00,27967.897,2480.525,9225.438
2025-05-17T08:00Z,2025-05-17 10:00,33122.650,1842.888,10964.048
2025-05-17T09:00Z,2025-05-17 11:00,35402.622,1699.625,12699.440
2025-05-17T10:00Z,2025-05-17 12:00,35586.185,1558.202,14118.040
2025-05-17T11:00Z,2025-05-17 13:00,34057.695,1455.565,15021.427
2025-05-17T12:00Z,2025-05-17 14:00,31575.623,1394.935,15781.090
2025-05-17T13:00Z,2025-05-17 15:00,28545.577,1371.685,16375.230
2025-05-17T14:00Z,2025-05-17 16:00,24028.675,1379.722,16620.908
2025-05-17T15:00Z,2025-05-17 17:00,17684.643,1954.205,16333.053
2025-05-17T16:00Z,2025-05-17 18:00,10895.050,2049.055,15195.305
2025-05-17T17:00Z,2025-05-17 19:00,4759.205,2071.102,13379.017
2025-05-17T18:00Z,2025-05-17 20:00,1068.155,2058.778,11829.035
2025-05-17T19:00Z,2025-05-17 21:00,36.320,1993.705,10854.710
2025-05-17T20:00Z,2025-05-17 22:00,0.000,2014.415,9722.608
2025-05-17T21:00Z,2025-05-17 23:00,0.000,2040.443,8597.740
2025-05-17T22:00Z,2025-05-18 00:00,0.000,2086.165,7569.035
2025-05-17T23:00Z,2025-05-18 01:00,0.000,1910.983,7225.118
2025-05-18T00:00Z,2025-05-18 02:00,0.000,1803.202,7271.655
2025-05-18T01:00Z,2025-05-18 03:00,0.000,1749.165,7504.658
2025-05-18T02:00Z,2025-05-18 04:00,0.000,1714.283,7803.132
2025-05-18T03:00Z,2025-05-18 05:00,260.587,1622.270,8038.620
2025-05-18T04:00Z,2025-05-18 06:00,2564.345,1482.540,7732.810
2025-05-18T05:00Z,2025-05-18 07:00,8257.055,1333.250,6294.347
2025-05-18T06:00Z,2025-05-18 08:00,16301.935,1162.725,5237.785
2025-05-18T07:00Z,2025-05-18 09:00,24158.850,1004.740,5706.788
2025-05-18T08:00Z,2025-05-18 10:00,30045.272,853.865,7113.360
2025-05-18T09:00Z,2025-05-18 11:00,33132.193,705.732,8553.830
2025-05-18T10:00Z,2025-05-18 12:00,34432.848,738.462,9735.695
2025-05-18T11:00Z,2025-05-18 13:00,33977.160,869.455,10688.353
2025-05-18T12:00Z,2025-05-18 14:00,32192.423,1071.765,11836.318
2025-05-18T13:00Z,2025-05-18 15:00,28950.037,1295.295,12768.145
2025-05-18T14:00Z,2025-05-18 16:00,24021.783,1534.295,13327.257
2025-05-18T15:00Z,2025-05-18 17:00,18339.458,1917.395,13019.552
2025-05-18T16:00Z,2025-05-18 18:00,11210.670,2011.237,11752.677
2025-05-18T17:00Z,2025-05-18 19:00,4865.523,2036.885,10027.110
2025-05-18T18:00Z,2025-05-18 20:00,1166.568,2008.993,8813.160
2025-05-18T19:00Z,2025-05-18 21:00,45.705,1936.555,8359.767
2025-05-18T20:00Z,2025-05-18 22:00,0.000,1853.310,8253.767
2025-05-18T21:00Z,2025-05-18 23:00,0.000,1803.440,8250.858
2025-05-18T22:00Z,2025-05-19 00:00,0.000,1427.145,7751.365
2025-05-18T23:00Z,2025-05-19 01:00,0.000,1236.148,7443.895
2025-05-19T00:00Z,2025-05-19 02:00,0.000,1124.595,7415.623
2025-05-19T01:00Z,2025-05-19 03:00,0.000,1072.870,7405.462
2025-05-19T02:00Z,2025-05-19 04:00,0.000,1088.428,7339.865
2025-05-19T03:00Z,2025-05-19 05:00,246.295,1131.622,7197.892
2025-05-19T04:00Z,2025-05-19 06:00,2620.422,1168.680,6724.403
2025-05-19T05:00Z,2025-05-19 07:00,8990.062,1162.618,5660.730
2025-05-19T06:00Z,2025-05-19 08:00,18427.110,1089.638,4514.597
2025-05-19T07:00Z,2025-05-19 09:00,27554.765,1020.288,4008.430
2025-05-19T08:00Z,2025-05-19 10:00,33692.503,855.553,3978.543
2025-05-19T09:00Z,2025-05-19 11:00,36891.003,689.050,3994.355
2025-05-19T10:00Z,2025-05-19 12:00,37858.323,525.467,3838.680
2025-05-19T11:00Z,2025-05-19 13:00,37296.342,397.108,3606.483
2025-05-19T12:00Z,2025-05-19 14:00,35787.058,333.988,3487.940
2025-05-19T13:00Z,2025-05-19 15:00,33020.592,339.392,3435.472
2025-05-19T14:00Z,2025-05-19 16:00,28316.847,411.847,3357.845
2025-05-19T15:00Z,2025-05-19 17:00,21134.850,550.112,3211.550
2025-05-19T16:00Z,2025-05-19 18:00,12489.692,700.722,3067.635
2025-05-19T17:00Z,2025-05-19 19:00,5149.757,845.898,3076.662
2025-05-19T18:00Z,2025-05-19 20:00,1260.190,985.438,3666.220
2025-05-19T19:00Z,2025-05-19 21:00,41.582,1112.445,4630.432
2025-05-19T20:00Z,2025-05-19 22:00,0.000,1159.122,5256.660
2025-05-19T21:00Z,2025-05-19 23:00,0.000,1095.920,5279.120
2025-05-19T22:00Z,2025-05-20 00:00,0.000,935.330,4454.365
2025-05-19T23:00Z,2025-05-20 01:00,0.000,863.457,4086.212
2025-05-20T00:00Z,2025-05-20 02:00,0.000,803.223,3755.435
2025-05-20T01:00Z,2025-05-20 03:00,0.000,770.780,3502.720
2025-05-20T02:00Z,2025-05-20 04:00,0.000,739.365,3283.323
2025-05-20T03:00Z,2025-05-20 05:00,373.460,728.553,3069.562
2025-05-20T04:00Z,2025-05-20 06:00,3230.145,746.745,2711.330
2025-05-20T05:00Z,2025-05-20 07:00,10749.983,785.438,2092.785
2025-05-20T06:00Z,2025-05-20 08:00,21339.972,852.720,1291.737
2025-05-20T07:00Z,2025-05-20 09:00,31059.193,970.393,935.250
2025-05-20T08:00Z,2025-05-20 10:00,37850.955,1121.987,1092.570
2025-05-20T09:00Z,2025-05-20 11:00,41217.173,1337.375,1529.343
2025-05-20T10:00Z,2025-05-20 12:00,41916.790,1630.932,2005.005
2025-05-20T11:00Z,2025-05-20 13:00,40825.985,1930.432,2440.785
2025-05-20T12:00Z,2025-05-20 14:00,38668.090,2206.617,2916.332
2025-05-20T13:00Z,2025-05-20 15:00,35135.277,2332.935,3325.825
2025-05-20T14:00Z,2025-05-20 16:00,29638.603,2557.835,3665.668
2025-05-20T15:00Z,2025-05-20 17:00,21770.857,2956.740,3998.170
2025-05-20T16:00Z,2025-05-20 18:00,12641.595,3177.415,4405.715
2025-05-20T17:00Z,2025-05-20 19:00,5160.283,3309.008,4893.212
2025-05-20T18:00Z,2025-05-20 20:00,1281.303,3364.525,5627.038
2025-05-20T19:00Z,2025-05-20 21:00,48.970,3402.938,6459.863
2025-05-20T20:00Z,2025-05-20 22:00,0.000,3465.622,6996.145
2025-05-20T21:00Z,2025-05-20 23:00,0.000,3547.847,7219.283
2025-05-20T22:00Z,2025-05-21 00:00,0.000,4141.850,8155.150
2025-05-20T23:00Z,2025-05-21 01:00,0.000,4459.775,8389.183
2025-05-21T00:00Z,2025-05-21 02:00,0.000,4748.113,8974.792
2025-05-21T01:00Z,2025-05-21 03:00,0.000,4758.840,9559.305
2025-05-21T02:00Z,2025-05-21 04:00,0.000,4827.880,10017.165
2025-05-21T03:00Z,2025-05-21 05:00,372.637,4902.475,10328.577
2025-05-21T04:00Z,2025-05-21 06:00,3122.717,4838.177,10479.552
2025-05-21T05:00Z,2025-05-21 07:00,9393.483,4628.113,10028.105
2025-05-21T06:00Z,2025-05-21 08:00,17886.335,4324.095,9823.010
2025-05-21T07:00Z,2025-05-21 09:00,26019.232,4225.215,10358.105
2025-05-21T08:00Z,2025-05-21 10:00,31719.185,4225.080,11628.227
2025-05-21T09:00Z,2025-05-21 11:00,34370.068,4270.145,13273.557
2025-05-21T10:00Z,2025-05-21 12:00,35231.150,4302.773,14442.882
2025-05-21T11:00Z,2025-05-21 13:00,34763.625,4306.083,16111.097
2025-05-21T12:00Z,2025-05-21 14:00,32346.790,4291.135,18307.747
2025-05-21T13:00Z,2025-05-21 15:00,28634.055,4259.257,20312.037
2025-05-21T14:00Z,2025-05-21 16:00,23459.530,4262.262,21713.590
2025-05-21T15:00Z,2025-05-21 17:00,16761.252,4427.090,22159.040
2025-05-21T16:00Z,2025-05-21 18:00,9958.923,4643.938,21591.155
2025-05-21T17:00Z,2025-05-21 19:00,4426.445,4998.735,20352.285
2025-05-21T18:00Z,2025-05-21 20:00,1130.580,5158.035,19824.430
2025-05-21T19:00Z,2025-05-21 21:00,58.878,5221.173,19865.840
2025-05-21T20:00Z,2025-05-21 22:00,0.000,5144.685,19370.298
2025-05-21T21:00Z,2025-05-21 23:00,0.000,5026.745,19189.092
2025-05-21T22:00Z,2025-05-22 00:00,0.000,5026.892,16643.195
2025-05-21T23:00Z,2025-05-22 01:00,0.000,5199.087,16421.530
2025-05-22T00:00Z,2025-05-22 02:00,0.000,5183.435,16384.208
2025-05-22T01:00Z,2025-05-22 03:00,0.000,5060.535,16569.630
2025-05-22T02:00Z,2025-05-22 04:00,0.015,4873.435,16842.952
2025-05-22T03:00Z,2025-05-22 05:00,324.735,4720.115,17133.088
2025-05-22T04:00Z,2025-05-22 06:00,2422.108,4606.440,18076.222
2025-05-22T05:00Z,2025-05-22 07:00,6922.095,4546.738,19133.925
2025-05-22T06:00Z,2025-05-22 08:00,12731.087,4484.087,20979.787
2025-05-22T07:00Z,2025-05-22 09:00,18556.868,4311.295,23069.588
2025-05-22T08:00Z,2025-05-22 10:00,23558.100,4313.012,24781.000
2025-05-22T09:00Z,2025-05-22 11:00,26931.692,4316.847,25719.980
2025-05-22T10:00Z,2025-05-22 12:00,29248.125,3609.132,26169.940
2025-05-22T11:00Z,2025-05-22 13:00,30077.827,3588.863,26613.693
2025-05-22T12:00Z,2025-05-22 14:00,29438.215,3563.225,27166.570
2025-05-22T13:00Z,2025-05-22 15:00,27322.265,3551.045,28265.035
2025-05-22T14:00Z,2025-05-22 16:00,23555.715,3587.722,29703.357
2025-05-22T15:00Z,2025-05-22 17:00,18392.865,3739.815,29810.345
2025-05-22T16:00Z,2025-05-22 18:00,11734.490,4988.420,27934.085
2025-05-22T17:00Z,2025-05-22 19:00,5271.200,5380.653,24575.715
2025-05-22T18:00Z,2025-05-22 20:00,1392.895,5617.290,20820.302
2025-05-22T19:00Z,2025-05-22 21:00,59.325,5636.007,18300.990
2025-05-22T20:00Z,2025-05-22 22:00,0.000,5532.278,16684.388
2025-05-22T21:00Z,2025-05-22 23:00,0.000,5376.097,16023.765
2025-05-22T22:00Z,2025-05-23 00:00,0.000,5287.368,13747.705
2025-05-22T23:00Z,2025-05-23 01:00,0.000,5050.807,13389.818
2025-05-23T00:00Z,2025-05-23 02:00,0.000,4879.325,13419.978
2025-05-23T01:00Z,2025-05-23 03:00,0.000,4678.115,13410.210
2025-05-23T02:00Z,2025-05-23 04:00,0.052,4477.698,13238.568
2025-05-23T03:00Z,2025-05-23 05:00,403.855,4295.665,12750.478
2025-05-23T04:00Z,2025-05-23 06:00,3368.818,4100.488,11541.610
2025-05-23T05:00Z,2025-05-23 07:00,10331.150,3921.392,10105.690
2025-05-23T06:00Z,2025-05-23 08:00,18901.860,3690.790,10608.312
2025-05-23T07:00Z,2025-05-23 09:00,25848.615,3556.602,11961.003
2025-05-23T08:00Z,2025-05-23 10:00,30195.320,3651.310,12762.052
2025-05-23T09:00Z,2025-05-23 11:00,32529.375,3809.555,13164.872
2025-05-23T10:00Z,2025-05-23 12:00,33630.950,3947.650,13780.362
2025-05-23T11:00Z,2025-05-23 13:00,33804.927,4007.475,14566.825
2025-05-23T12:00Z,2025-05-23 14:00,32748.103,4050.495,15510.265
2025-05-23T13:00Z,2025-05-23 15:00,30020.005,4167.950,16375.565
2025-05-23T14:00Z,2025-05-23 16:00,25533.073,4275.562,17092.820
2025-05-23T15:00Z,2025-05-23 17:00,19453.610,4860.493,17259.680
2025-05-23T16:00Z,2025-05-23 18:00,12116.513,5025.315,16627.165
2025-05-23T17:00Z,2025-05-23 19:00,5437.172,5155.520,15003.333
2025-05-23T18:00Z,2025-05-23 20:00,1456.100,5163.253,13079.760
2025-05-23T19:00Z,2025-05-23 21:00,61.685,5043.085,12070.340
2025-05-23T20:00Z,2025-05-23 22:00,0.000,4808.435,11595.737
2025-05-23T21:00Z,2025-05-23 23:00,0.000,4467.327,11500.085
2025-05-23T22:00Z,2025-05-24 00:00,0.000,3179.565,10249.647
2025-05-23T23:00Z,2025-05-24 01:00,0.000,3150.927,10662.802
2025-05-24T00:00Z,2025-05-24 02:00,0.000,3138.398,11148.022
2025-05-24T01:00Z,2025-05-24 03:00,0.000,3002.017,11339.200
2025-05-24T02:00Z,2025-05-24 04:00,0.055,2681.927,11312.267
2025-05-24T03:00Z,2025-05-24 05:00,464.408,2160.238,10991.142
2025-05-24T04:00Z,2025-05-24 06:00,3450.557,1620.350,10227.965
2025-05-24T05:00Z,2025-05-24 07:00,10380.390,1335.473,8613.722
2025-05-24T06:00Z,2025-05-24 08:00,19600.972,1361.077,7494.575
2025-05-24T07:00Z,2025-05-24 09:00,27527.435,1529.740,8056.042
2025-05-24T08:00Z,2025-05-24 10:00,32359.915,1364.080,8951.575
2025-05-24T09:00Z,2025-05-24 11:00,34516.925,1459.565,9197.802
2025-05-24T10:00Z,2025-05-24 12:00,35021.537,1497.602,9812.430
2025-05-24T11:00Z,2025-05-24 13:00,33729.010,1521.445,10599.712
2025-05-24T12:00Z,2025-05-24 14:00,31195.088,1581.520,11261.120
2025-05-24T13:00Z,2025-05-24 15:00,27368.010,1666.200,11772.215
2025-05-24T14:00Z,2025-05-24 16:00,22229.025,2051.477,12155.865
2025-05-24T15:00Z,2025-05-24 17:00,15902.467,2913.347,12797.333
2025-05-24T16:00Z,2025-05-24 18:00,9352.650,3233.740,13013.260
2025-05-24T17:00Z,2025-05-24 19:00,4107.227,3548.753,12921.730
2025-05-24T18:00Z,2025-05-24 20:00,1054.793,3770.830,13564.513
2025-05-24T19:00Z,2025-05-24 21:00,45.182,3841.280,15062.365
2025-05-24T20:00Z,2025-05-24 22:00,0.000,3858.662,16289.480
2025-05-24T21:00Z,2025-05-24 23:00,0.000,3835.403,17284.272
2025-05-24T22:00Z,2025-05-25 00:00,0.000,4255.395,19832.628
2025-05-24T23:00Z,2025-05-25 01:00,0.000,4354.570,19935.910
2025-05-25T00:00Z,2025-05-25 02:00,0.000,4307.840,19934.827
2025-05-25T01:00Z,2025-05-25 03:00,0.000,4523.245,19901.275
2025-05-25T02:00Z,2025-05-25 04:00,1.238,4738.347,19950.173
2025-05-25T03:00Z,2025-05-25 05:00,189.663,5031.218,20058.690
2025-05-25T04:00Z,2025-05-25 06:00,1284.673,5466.327,20569.647
2025-05-25T05:00Z,2025-05-25 07:00,3336.455,5802.060,20637.868
2025-05-25T06:00Z,2025-05-25 08:00,5616.597,6053.562,20513.278
2025-05-25T07:00Z,2025-05-25 09:00,7925.850,5995.318,21178.805
2025-05-25T08:00Z,2025-05-25 10:00,10119.657,4576.310,22013.647
2025-05-25T09:00Z,2025-05-25 11:00,12200.335,4481.410,22282.175
2025-05-25T10:00Z,2025-05-25 12:00,14209.800,4413.165,22132.080
2025-05-25T11:00Z,2025-05-25 13:00,15627.000,4344.595,21925.958
2025-05-25T12:00Z,2025-05-25 14:00,16346.577,4263.440,21681.417
2025-05-25T13:00Z,2025-05-25 15:00,16378.403,4193.260,21973.342
2025-05-25T14:00Z,2025-05-25 16:00,15006.745,4519.248,22379.455
2025-05-25T15:00Z,2025-05-25 17:00,12457.443,5047.593,21964.325
2025-05-25T16:00Z,2025-05-25 18:00,8618.830,4918.847,20526.740
2025-05-25T17:00Z,2025-05-25 19:00,4301.738,4693.125,18159.658
2025-05-25T18:00Z,2025-05-25 20:00,1212.977,4445.605,16057.090
2025-05-25T19:00Z,2025-05-25 21:00,66.125,4156.380,14702.800
2025-05-25T20:00Z,2025-05-25 22:00,0.000,4019.110,13585.255
2025-05-25T21:00Z,2025-05-25 23:00,0.000,4010.005,13164.602
2025-05-25T22:00Z,2025-05-26 00:00,0.000,3464.845,13432.292
2025-05-25T23:00Z,2025-05-26 01:00,0.000,3771.778,13283.167
2025-05-26T00:00Z,2025-05-26 02:00,0.000,4037.470,13156.760
2025-05-26T01:00Z,2025-05-26 03:00,0.000,4193.483,12984.288
2025-05-26T02:00Z,2025-05-26 04:00,5.272,4158.823,12721.930
2025-05-26T03:00Z,2025-05-26 05:00,401.970,3958.395,12322.853
2025-05-26T04:00Z,2025-05-26 06:00,2817.943,3656.525,11300.135
2025-05-26T05:00Z,2025-05-26 07:00,8149.122,3386.497,9216.097
2025-05-26T06:00Z,2025-05-26 08:00,15676.868,3219.028,8177.765
2025-05-26T07:00Z,2025-05-26 09:00,23650.708,3139.968,9238.753
2025-05-26T08:00Z,2025-05-26 10:00,30143.347,3117.137,11168.487
2025-05-26T09:00Z,2025-05-26 11:00,33940.628,3209.637,13048.438
2025-05-26T10:00Z,2025-05-26 12:00,35411.490,3337.720,14302.320
2025-05-26T11:00Z,2025-05-26 13:00,35135.417,3518.688,15435.548
2025-05-26T12:00Z,2025-05-26 14:00,33591.030,3721.705,16099.202
2025-05-26T13:00Z,2025-05-26 15:00,30782.640,3885.140,16429.237
2025-05-26T14:00Z,2025-05-26 16:00,26456.665,3968.775,16656.882
2025-05-26T15:00Z,2025-05-26 17:00,19966.495,4029.015,15661.327
2025-05-26T16:00Z,2025-05-26 18:00,12441.202,3911.420,12914.605
2025-05-26T17:00Z,2025-05-26 19:00,5688.285,3899.307,9281.675
2025-05-26T18:00Z,2025-05-26 20:00,1573.385,4033.880,6801.262
2025-05-26T19:00Z,2025-05-26 21:00,69.553,4400.830,5970.173
2025-05-26T20:00Z,2025-05-26 22:00,0.000,4827.210,6110.005
2025-05-26T21:00Z,2025-05-26 23:00,0.000,5234.408,7054.135
2025-05-26T22:00Z,2025-05-27 00:00,0.000,5358.365,8967.600
2025-05-26T23:00Z,2025-05-27 01:00,0.000,5661.222,11212.060
2025-05-27T00:00Z,2025-05-27 02:00,0.000,5836.415,13285.292
2025-05-27T01:00Z,2025-05-27 03:00,0.000,5860.790,15212.222
2025-05-27T02:00Z,2025-05-27 04:00,3.455,5760.710,17100.073
2025-05-27T03:00Z,2025-05-27 05:00,450.435,5349.288,18797.683
2025-05-27T04:00Z,2025-05-27 06:00,2948.440,5103.220,20304.963
2025-05-27T05:00Z,2025-05-27 07:00,7747.757,5099.615,20097.335
2025-05-27T06:00Z,2025-05-27 08:00,13378.280,5057.640,20111.025
2025-05-27T07:00Z,2025-05-27 09:00,18425.035,4925.935,22267.680
2025-05-27T08:00Z,2025-05-27 10:00,21858.150,4769.145,25062.670
2025-05-27T09:00Z,2025-05-27 11:00,23761.748,4560.677,26284.850
2025-05-27T10:00Z,2025-05-27 12:00,24291.292,4279.368,26786.683
2025-05-27T11:00Z,2025-05-27 13:00,23969.475,3862.960,26653.925
2025-05-27T12:00Z,2025-05-27 14:00,23469.925,3408.740,26041.455
2025-05-27T13:00Z,2025-05-27 15:00,21814.917,3110.485,25065.285
2025-05-27T14:00Z,2025-05-27 16:00,18336.732,2956.760,23512.485
2025-05-27T15:00Z,2025-05-27 17:00,13859.305,2861.912,21035.995
2025-05-27T16:00Z,2025-05-27 18:00,8979.590,2645.500,18194.373
2025-05-27T17:00Z,2025-05-27 19:00,4305.360,2369.298,15581.938
2025-05-27T18:00Z,2025-05-27 20:00,1143.388,2164.185,14693.050
2025-05-27T19:00Z,2025-05-27 21:00,57.258,2078.512,16006.028
2025-05-27T20:00Z,2025-05-27 22:00,0.000,2123.930,18005.768
2025-05-27T21:00Z,2025-05-27 23:00,0.000,2460.157,20097.857
2025-05-27T22:00Z,2025-05-28 00:00,0.000,2200.238,24530.395
2025-05-27T23:00Z,2025-05-28 01:00,0.000,2783.175,25743.850
2025-05-28T00:00Z,2025-05-28 02:00,0.000,3183.307,26356.220
2025-05-28T01:00Z,2025-05-28 03:00,0.000,3273.573,26868.053
2025-05-28T02:00Z,2025-05-28 04:00,1.005,3122.970,27217.785
2025-05-28T03:00Z,2025-05-28 05:00,189.150,3011.165,27236.103
2025-05-28T04:00Z,2025-05-28 06:00,1324.880,3004.845,27464.935
2025-05-28T05:00Z,2025-05-28 07:00,3570.205,2986.985,26954.778
2025-05-28T06:00Z,2025-05-28 08:00,6486.352,2873.148,26013.550
2025-05-28T07:00Z,2025-05-28 09:00,9631.075,2702.142,25382.518
2025-05-28T08:00Z,2025-05-28 10:00,12822.435,2385.738,25133.035
2025-05-28T09:00Z,2025-05-28 11:00,15790.700,1984.473,24955.610
2025-05-28T10:00Z,2025-05-28 12:00,18111.995,1768.450,24722.612
2025-05-28T11:00Z,2025-05-28 13:00,19596.827,1716.910,24567.868
2025-05-28T12:00Z,2025-05-28 14:00,20287.753,1813.305,24685.433
2025-05-28T13:00Z,2025-05-28 15:00,20161.458,2068.910,24559.555
2025-05-28T14:00Z,2025-05-28 16:00,18769.490,2411.710,23832.588
2025-05-28T15:00Z,2025-05-28 17:00,15621.980,2690.952,22800.975
2025-05-28T16:00Z,2025-05-28 18:00,10630.030,2933.088,21299.600
2025-05-28T17:00Z,2025-05-28 19:00,5308.137,3005.633,18653.195
2025-05-28T18:00Z,2025-05-28 20:00,1533.905,2950.387,16112.132
2025-05-28T19:00Z,2025-05-28 21:00,88.660,2801.460,14722.350
2025-05-28T20:00Z,2025-05-28 22:00,0.000,2547.770,13936.430
2025-05-28T21:00Z,2025-05-28 23:00,0.000,2289.548,13501.952
2025-05-28T22:00Z,2025-05-29 00:00,0.000,1985.865,13705.888
2025-05-28T23:00Z,2025-05-29 01:00,0.000,1796.885,13152.210
2025-05-29T00:00Z,2025-05-29 02:00,0.000,1594.312,12531.347
2025-05-29T01:00Z,2025-05-29 03:00,0.000,1409.790,11720.390
2025-05-29T02:00Z,2025-05-29 04:00,4.082,1274.362,10698.978
2025-05-29T03:00Z,2025-05-29 05:00,496.520,1150.455,9527.840
2025-05-29T04:00Z,2025-05-29 06:00,3357.445,1049.368,7905.205
2025-05-29T05:00Z,2025-05-29 07:00,9188.483,1008.957,6184.335
2025-05-29T06:00Z,2025-05-29 08:00,16491.825,1031.630,4978.842
2025-05-29T07:00Z,2025-05-29 09:00,23988.717,1198.497,4401.030
2025-05-29T08:00Z,2025-05-29 10:00,29741.275,1522.570,4593.952
2025-05-29T09:00Z,2025-05-29 11:00,33196.540,1936.717,5492.382
2025-05-29T10:00Z,2025-05-29 12:00,34281.808,2474.450,6781.847
2025-05-29T11:00Z,2025-05-29 13:00,33153.037,3075.253,7951.087
2025-05-29T12:00Z,2025-05-29 14:00,30813.155,3770.010,8920.640
2025-05-29T13:00Z,2025-05-29 15:00,26901.475,4541.033,9485.193
2025-05-29T14:00Z,2025-05-29 16:00,21262.792,5194.635,9675.325
2025-05-29T15:00Z,2025-05-29 17:00,15056.730,5516.295,9878.315
2025-05-29T16:00Z,2025-05-29 18:00,9200.753,5568.875,10249.013
2025-05-29T17:00Z,2025-05-29 19:00,4311.115,5455.845,11056.475
2025-05-29T18:00Z,2025-05-29 20:00,1126.787,5265.812,12596.513
2025-05-29T19:00Z,2025-05-29 21:00,50.825,4953.628,14606.907
2025-05-29T20:00Z,2025-05-29 22:00,0.000,4739.842,16192.318
2025-05-29T21:00Z,2025-05-29 23:00,0.000,4704.628,17956.330
2025-05-29T22:00Z,2025-05-30 00:00,0.000,4687.663,20155.698
2025-05-29T23:00Z,2025-05-30 01:00,0.000,4826.533,20622.270
2025-05-30T00:00Z,2025-05-30 02:00,0.000,4924.882,20636.165
2025-05-30T01:00Z,2025-05-30 03:00,0.000,5053.698,20342.287
2025-05-30T02:00Z,2025-05-30 04:00,1.095,5103.525,19678.000
2025-05-30T03:00Z,2025-05-30 05:00,349.990,5052.405,18712.280
2025-05-30T04:00Z,2025-05-30 06:00,2915.980,4955.745,17719.680
2025-05-30T05:00Z,2025-05-30 07:00,8470.770,4875.885,16394.740
2025-05-30T06:00Z,2025-05-30 08:00,15747.090,4845.517,15435.427
2025-05-30T07:00Z,2025-05-30 09:00,22969.482,4852.078,15423.458
2025-05-30T08:00Z,2025-05-30 10:00,28678.410,4728.007,15942.565
2025-05-30T09:00Z,2025-05-30 11:00,32181.033,3676.548,16573.465
2025-05-30T10:00Z,2025-05-30 12:00,34697.897,3668.682,16867.025
2025-05-30T11:00Z,2025-05-30 13:00,35946.020,3654.505,17236.655
2025-05-30T12:00Z,2025-05-30 14:00,35956.598,3679.820,17442.210
2025-05-30T13:00Z,2025-05-30 15:00,34106.622,3719.297,17443.355
2025-05-30T14:00Z,2025-05-30 16:00,29858.722,3746.195,17342.232
2025-05-30T15:00Z,2025-05-30 17:00,23283.292,4818.245,16251.255
2025-05-30T16:00Z,2025-05-30 18:00,14509.500,4904.852,13941.967
2025-05-30T17:00Z,2025-05-30 19:00,6473.977,4786.715,10872.285
2025-05-30T18:00Z,2025-05-30 20:00,1886.772,4626.540,8663.020
2025-05-30T19:00Z,2025-05-30 21:00,98.890,4446.917,7369.800
2025-05-30T20:00Z,2025-05-30 22:00,0.000,4261.200,6399.892
2025-05-30T21:00Z,2025-05-30 23:00,0.000,4054.270,5651.465
2025-05-30T22:00Z,2025-05-31 00:00,0.000,2913.952,4816.682
2025-05-30T23:00Z,2025-05-31 01:00,0.000,2592.835,4347.642
2025-05-31T00:00Z,2025-05-31 02:00,0.000,2254.892,3978.775
2025-05-31T01:00Z,2025-05-31 03:00,0.000,1885.015,3484.095
2025-05-31T02:00Z,2025-05-31 04:00,3.647,1490.960,2913.823
2025-05-31T03:00Z,2025-05-31 05:00,569.618,1154.735,2448.158
2025-05-31T04:00Z,2025-05-31 06:00,3908.735,946.070,2032.775
2025-05-31T05:00Z,2025-05-31 07:00,11259.865,835.340,1612.388
2025-05-31T06:00Z,2025-05-31 08:00,20764.520,756.365,1215.072
2025-05-31T07:00Z,2025-05-31 09:00,29892.790,705.688,1069.145
2025-05-31T08:00Z,2025-05-31 10:00,36460.100,669.920,1311.500
2025-05-31T09:00Z,2025-05-31 11:00,40151.905,674.293,1812.860
2025-05-31T10:00Z,2025-05-31 12:00,41068.455,695.793,2035.330
2025-05-31T11:00Z,2025-05-31 13:00,40120.412,714.528,2008.342
2025-05-31T12:00Z,2025-05-31 14:00,37497.915,683.325,2032.278
2025-05-31T13:00Z,2025-05-31 15:00,33750.955,593.517,1987.580
2025-05-31T14:00Z,2025-05-31 16:00,27950.373,470.945,2078.443
2025-05-31T15:00Z,2025-05-31 17:00,20526.107,386.832,1973.545
2025-05-31T16:00Z,2025-05-31 18:00,12470.245,291.903,1545.693
2025-05-31T17:00Z,2025-05-31 19:00,5736.685,228.050,1514.787
2025-05-31T18:00Z,2025-05-31 20:00,1655.160,207.515,1938.658
2025-05-31T19:00Z,2025-05-31 21:00,91.100,241.920,2738.720
2025-05-31T20:00Z,2025-05-31 22:00,0.000,344.668,3952.155
2025-05-31T21:00Z,2025-05-31 23:00,0.000,504.380,5425.993
2025-05-31T22:00Z,2025-06-01 00:00,0.000,1070.400,7092.557
2025-05-31T23:00Z,2025-06-01 01:00,0.000,1450.122,8347.097
2025-06-01T00:00Z,2025-06-01 02:00,0.000,1684.923,9566.608
2025-06-01T01:00Z,2025-06-01 03:00,0.000,1880.245,10273.125
2025-06-01T02:00Z,2025-06-01 04:00,3.263,2069.910,10478.035
2025-06-01T03:00Z,2025-06-01 05:00,447.042,2248.500,10397.517
2025-06-01T04:00Z,2025-06-01 06:00,2810.790,2416.445,10288.987
2025-06-01T05:00Z,2025-06-01 07:00,7179.845,2547.300,9875.405
2025-06-01T06:00Z,2025-06-01 08:00,12737.125,2532.463,9009.055
2025-06-01T07:00Z,2025-06-01 09:00,18866.460,2004.753,8535.980
2025-06-01T08:00Z,2025-06-01 10:00,24013.275,2048.727,8888.980
2025-06-01T09:00Z,2025-06-01 11:00,27888.060,2086.555,9774.735
2025-06-01T10:00Z,2025-06-01 12:00,30201.628,2138.190,10569.233
2025-06-01T11:00Z,2025-06-01 13:00,30602.583,2268.277,11490.788
2025-06-01T12:00Z,2025-06-01 14:00,29652.247,2405.745,12741.378
2025-06-01T13:00Z,2025-06-01 15:00,27418.455,2449.707,13632.552
2025-06-01T14:00Z,2025-06-01 16:00,23571.173,2420.880,14788.195
2025-06-01T15:00Z,2025-06-01 17:00,18194.623,2401.930,15797.195
2025-06-01T16:00Z,2025-06-01 18:00,11938.460,3151.265,15254.380
2025-06-01T17:00Z,2025-06-01 19:00,5802.948,3174.582,12838.180
2025-06-01T18:00Z,2025-06-01 20:00,1774.868,3471.775,10327.095
2025-06-01T19:00Z,2025-06-01 21:00,117.627,3928.350,8424.285
2025-06-01T20:00Z,2025-06-01 22:00,0.000,4461.250,7168.132
2025-06-01T21:00Z,2025-06-01 23:00,0.000,4824.238,6364.715
2025-06-01T22:00Z,2025-06-02 00:00,0.000,4741.340,6543.913
2025-06-01T23:00Z,2025-06-02 01:00,0.000,5139.105,6101.465
2025-06-02T00:00Z,2025-06-02 02:00,0.000,5175.045,6306.188
2025-06-02T01:00Z,2025-06-02 03:00,0.000,4899.738,6783.468
2025-06-02T02:00Z,2025-06-02 04:00,5.322,4422.297,7319.910
2025-06-02T03:00Z,2025-06-02 05:00,537.702,3837.883,7849.935
2025-06-02T04:00Z,2025-06-02 06:00,3358.913,3236.677,7915.910
2025-06-02T05:00Z,2025-06-02 07:00,9167.163,2725.110,6701.510
2025-06-02T06:00Z,2025-06-02 08:00,16391.465,2390.050,5763.500
2025-06-02T07:00Z,2025-06-02 09:00,23142.713,2229.273,6288.620
2025-06-02T08:00Z,2025-06-02 10:00,27930.817,2210.217,7411.502
2025-06-02T09:00Z,2025-06-02 11:00,30570.010,2190.818,8612.228
2025-06-02T10:00Z,2025-06-02 12:00,31810.515,2086.730,9800.025
2025-06-02T11:00Z,2025-06-02 13:00,31589.215,2015.665,10964.307
2025-06-02T12:00Z,2025-06-02 14:00,29919.800,1924.980,11865.247
2025-06-02T13:00Z,2025-06-02 15:00,27275.647,1834.912,12142.105
2025-06-02T14:00Z,2025-06-02 16:00,23502.185,1654.145,11856.048
2025-06-02T15:00Z,2025-06-02 17:00,18117.310,1515.493,10848.483
2025-06-02T16:00Z,2025-06-02 18:00,11729.722,1411.582,9194.635
2025-06-02T17:00Z,2025-06-02 19:00,5736.050,1307.717,7329.220
2025-06-02T18:00Z,2025-06-02 20:00,1757.815,1187.475,5742.655
2025-06-02T19:00Z,2025-06-02 21:00,127.412,1062.678,4849.940
2025-06-02T20:00Z,2025-06-02 22:00,0.000,981.562,4356.078
2025-06-02T21:00Z,2025-06-02 23:00,0.000,960.350,3896.733
2025-06-02T22:00Z,2025-06-03 00:00,0.000,667.850,2257.133
2025-06-02T23:00Z,2025-06-03 01:00,0.000,801.053,1952.418
2025-06-03T00:00Z,2025-06-03 02:00,0.000,1030.705,1753.910
2025-06-03T01:00Z,2025-06-03 03:00,0.000,1314.138,1743.548
2025-06-03T02:00Z,2025-06-03 04:00,6.610,1670.287,2018.117
2025-06-03T03:00Z,2025-06-03 05:00,617.508,2031.710,2627.562
2025-06-03T04:00Z,2025-06-03 06:00,3808.250,2458.923,3429.365
2025-06-03T05:00Z,2025-06-03 07:00,11261.065,3094.142,3755.023
2025-06-03T06:00Z,2025-06-03 08:00,21043.067,3682.093,3491.838
2025-06-03T07:00Z,2025-06-03 09:00,29852.585,4079.312,4233.130
2025-06-03T08:00Z,2025-06-03 10:00,35821.677,4168.125,6380.233
2025-06-03T09:00Z,2025-06-03 11:00,38630.848,4107.200,8809.948
2025-06-03T10:00Z,2025-06-03 12:00,39152.223,3973.918,10592.575
2025-06-03T11:00Z,2025-06-03 13:00,38059.083,3880.243,11703.855
2025-06-03T12:00Z,2025-06-03 14:00,35653.662,3859.575,12319.085
2025-06-03T13:00Z,2025-06-03 15:00,32388.307,3978.668,12767.927
2025-06-03T14:00Z,2025-06-03 16:00,27517.573,4123.238,13094.770
2025-06-03T15:00Z,2025-06-03 17:00,20675.765,4325.205,12570.110
2025-06-03T16:00Z,2025-06-03 18:00,12919.860,4451.017,10914.345
2025-06-03T17:00Z,2025-06-03 19:00,6112.938,4661.480,8931.507
2025-06-03T18:00Z,2025-06-03 20:00,1880.285,4918.740,8532.932
2025-06-03T19:00Z,2025-06-03 21:00,134.190,5126.753,9496.833
2025-06-03T20:00Z,2025-06-03 22:00,0.000,5231.153,10791.298
2025-06-03T21:00Z,2025-06-03 23:00,0.000,5324.847,11781.847
2025-06-03T22:00Z,2025-06-04 00:00,0.000,5733.472,12615.198
2025-06-03T23:00Z,2025-06-04 01:00,0.000,5840.632,12628.042
2025-06-04T00:00Z,2025-06-04 02:00,0.000,5830.448,12573.340
2025-06-04T01:00Z,2025-06-04 03:00,0.000,5697.740,12538.520
2025-06-04T02:00Z,2025-06-04 04:00,8.810,5465.755,12616.267
2025-06-04T03:00Z,2025-06-04 05:00,595.457,5180.118,12812.240
2025-06-04T04:00Z,2025-06-04 06:00,3451.403,4801.970,12713.350
2025-06-04T05:00Z,2025-06-04 07:00,9454.733,4320.540,11318.333
2025-06-04T06:00Z,2025-06-04 08:00,16357.343,3771.617,9397.230
2025-06-04T07:00Z,2025-06-04 09:00,21977.438,2979.702,9164.353
2025-06-04T08:00Z,2025-06-04 10:00,25493.325,2483.710,10689.100
2025-06-04T09:00Z,2025-06-04 11:00,27191.353,2068.472,12447.500
2025-06-04T10:00Z,2025-06-04 12:00,27939.545,1849.345,13614.645
2025-06-04T11:00Z,2025-06-04 13:00,27205.225,1779.255,14034.305
2025-06-04T12:00Z,2025-06-04 14:00,25036.467,1792.457,13754.342
2025-06-04T13:00Z,2025-06-04 15:00,21728.952,1897.947,12856.557
2025-06-04T14:00Z,2025-06-04 16:00,17251.390,2038.315,11860.395
2025-06-04T15:00Z,2025-06-04 17:00,12436.218,2111.280,11178.362
2025-06-04T16:00Z,2025-06-04 18:00,8171.318,1959.600,10420.720
2025-06-04T17:00Z,2025-06-04 19:00,4274.882,1745.118,9283.517
2025-06-04T18:00Z,2025-06-04 20:00,1330.098,1550.625,8190.325
2025-06-04T19:00Z,2025-06-04 21:00,104.370,1443.350,7523.438
2025-06-04T20:00Z,2025-06-04 22:00,0.000,1482.025,7452.738
2025-06-04T21:00Z,2025-06-04 23:00,0.000,1637.230,7706.285
2025-06-04T22:00Z,2025-06-05 00:00,0.000,1909.827,6126.535
2025-06-04T23:00Z,2025-06-05 01:00,0.000,1990.037,6076.015
2025-06-05T00:00Z,2025-06-05 02:00,0.000,2202.875,6396.323
2025-06-05T01:00Z,2025-06-05 03:00,0.000,2571.540,6867.210
2025-06-05T02:00Z,2025-06-05 04:00,7.123,3009.957,7295.005
2025-06-05T03:00Z,2025-06-05 05:00,498.495,3451.065,7559.557
2025-06-05T04:00Z,2025-06-05 06:00,2978.495,3795.785,7700.715
2025-06-05T05:00Z,2025-06-05 07:00,7861.070,3878.900,7403.420
2025-06-05T06:00Z,2025-06-05 08:00,14042.895,3724.243,7253.833
2025-06-05T07:00Z,2025-06-05 09:00,20195.070,3511.693,8621.077
2025-06-05T08:00Z,2025-06-05 10:00,24794.808,3336.860,11178.728
2025-06-05T09:00Z,2025-06-05 11:00,27738.000,3195.423,13514.545
2025-06-05T10:00Z,2025-06-05 12:00,29116.520,3165.822,15324.450
2025-06-05T11:00Z,2025-06-05 13:00,28458.080,3228.148,16589.655
2025-06-05T12:00Z,2025-06-05 14:00,26661.195,3318.673,17568.338
2025-06-05T13:00Z,2025-06-05 15:00,23829.947,3386.113,17983.205
2025-06-05T14:00Z,2025-06-05 16:00,19651.790,3532.515,17956.990
2025-06-05T15:00Z,2025-06-05 17:00,14861.520,3818.625,17278.095
2025-06-05T16:00Z,2025-06-05 18:00,9739.478,4267.960,15939.855
2025-06-05T17:00Z,2025-06-05 19:00,4923.365,4665.485,14631.350
2025-06-05T18:00Z,2025-06-05 20:00,1504.540,5026.413,14359.615
2025-06-05T19:00Z,2025-06-05 21:00,114.578,5190.252,15259.115
2025-06-05T20:00Z,2025-06-05 22:00,0.000,5233.172,16482.153
2025-06-05T21:00Z,2025-06-05 23:00,0.000,5188.922,17884.825
2025-06-05T22:00Z,2025-06-06 00:00,0.000,3606.260,20241.048
2025-06-05T23:00Z,2025-06-06 01:00,0.000,3685.722,22011.213
2025-06-06T00:00Z,2025-06-06 02:00,0.000,3797.575,23308.220
2025-06-06T01:00Z,2025-06-06 03:00,0.000,3771.883,24721.210
2025-06-06T02:00Z,2025-06-06 04:00,4.685,3706.957,26252.667
2025-06-06T03:00Z,2025-06-06 05:00,316.905,3636.460,27710.920
2025-06-06T04:00Z,2025-06-06 06:00,2176.085,3717.035,29617.248
2025-06-06T05:00Z,2025-06-06 07:00,6241.315,4065.110,30662.360
2025-06-06T06:00Z,2025-06-06 08:00,11929.585,4410.958,31454.615
2025-06-06T07:00Z,2025-06-06 09:00,18234.950,4486.335,32245.783
2025-06-06T08:00Z,2025-06-06 10:00,23617.217,3691.592,31898.292
2025-06-06T09:00Z,2025-06-06 11:00,27756.205,3675.332,30265.087
2025-06-06T10:00Z,2025-06-06 12:00,30492.670,3642.892,28956.213
2025-06-06T11:00Z,2025-06-06 13:00,31284.562,3602.883,28027.257
2025-06-06T12:00Z,2025-06-06 14:00,30698.792,3608.508,27854.695
2025-06-06T13:00Z,2025-06-06 15:00,28394.743,3679.445,27466.825
2025-06-06T14:00Z,2025-06-06 16:00,24523.540,3794.637,27206.612
2025-06-06T15:00Z,2025-06-06 17:00,19262.747,4838.398,26490.955
2025-06-06T16:00Z,2025-06-06 18:00,12347.675,5044.792,23225.283
2025-06-06T17:00Z,2025-06-06 19:00,5930.710,5103.800,19059.480
2025-06-06T18:00Z,2025-06-06 20:00,1824.035,4807.580,16122.198
2025-06-06T19:00Z,2025-06-06 21:00,133.948,4345.600,14868.548
2025-06-06T20:00Z,2025-06-06 22:00,0.743,3760.360,14074.267
2025-06-06T21:00Z,2025-06-06 23:00,0.000,3191.600,13741.952
2025-06-06T22:00Z,2025-06-07 00:00,0.000,1708.315,13725.075
2025-06-06T23:00Z,2025-06-07 01:00,0.000,1575.225,13609.125
2025-06-07T00:00Z,2025-06-07 02:00,0.000,1455.060,13414.190
2025-06-07T01:00Z,2025-06-07 03:00,0.000,1288.493,12948.638
2025-06-07T02:00Z,2025-06-07 04:00,8.385,1120.013,12311.295
2025-06-07T03:00Z,2025-06-07 05:00,501.173,1006.692,11616.920
2025-06-07T04:00Z,2025-06-07 06:00,2826.325,958.337,10788.345
2025-06-07T05:00Z,2025-06-07 07:00,7163.917,969.725,9743.415
2025-06-07T06:00Z,2025-06-07 08:00,12120.940,991.780,9573.603
2025-06-07T07:00Z,2025-06-07 09:00,16569.795,1055.422,10711.177
2025-06-07T08:00Z,2025-06-07 10:00,20053.647,1123.182,12251.042
2025-06-07T09:00Z,2025-06-07 11:00,22414.555,1101.993,13584.105
2025-06-07T10:00Z,2025-06-07 12:00,23740.778,1066.827,14965.983
2025-06-07T11:00Z,2025-06-07 13:00,24335.935,992.690,16418.780
2025-06-07T12:00Z,2025-06-07 14:00,24266.118,852.128,17882.252
2025-06-07T13:00Z,2025-06-07 15:00,23403.618,659.435,18921.728
2025-06-07T14:00Z,2025-06-07 16:00,21133.840,578.342,19326.507
2025-06-07T15:00Z,2025-06-07 17:00,17042.735,584.530,18865.825
2025-06-07T16:00Z,2025-06-07 18:00,11540.785,666.962,17619.395
2025-06-07T17:00Z,2025-06-07 19:00,5773.382,850.317,16016.198
2025-06-07T18:00Z,2025-06-07 20:00,1803.108,1032.487,15004.500
2025-06-07T19:00Z,2025-06-07 21:00,139.135,1131.965,15228.980
2025-06-07T20:00Z,2025-06-07 22:00,1.788,1268.608,16060.490
2025-06-07T21:00Z,2025-06-07 23:00,0.000,1401.023,17073.373
2025-06-07T22:00Z,2025-06-08 00:00,0.000,684.735,16147.142
2025-06-07T23:00Z,2025-06-08 01:00,0.000,758.825,16880.335
2025-06-08T00:00Z,2025-06-08 02:00,0.000,803.503,17536.620
2025-06-08T01:00Z,2025-06-08 03:00,0.000,810.658,18413.347
2025-06-08T02:00Z,2025-06-08 04:00,5.967,792.995,19221.858
2025-06-08T03:00Z,2025-06-08 05:00,455.837,784.722,19845.438
2025-06-08T04:00Z,2025-06-08 06:00,2752.460,775.452,20588.185
2025-06-08T05:00Z,2025-06-08 07:00,7197.260,778.035,21268.248
2025-06-08T06:00Z,2025-06-08 08:00,12553.165,790.955,21916.158
2025-06-08T07:00Z,2025-06-08 09:00,17938.893,655.517,22552.252
2025-06-08T08:00Z,2025-06-08 10:00,22768.018,667.033,22809.665
2025-06-08T09:00Z,2025-06-08 11:00,26454.158,740.957,22318.353
2025-06-08T10:00Z,2025-06-08 12:00,28698.380,879.290,21388.905
2025-06-08T11:00Z,2025-06-08 13:00,29540.058,1060.852,21482.698
2025-06-08T12:00Z,2025-06-08 14:00,29009.478,1282.517,22407.495
2025-06-08T13:00Z,2025-06-08 15:00,27145.028,1556.048,23281.503
2025-06-08T14:00Z,2025-06-08 16:00,23789.173,1842.787,24769.495
2025-06-08T15:00Z,2025-06-08 17:00,18903.423,2167.675,26738.818
2025-06-08T16:00Z,2025-06-08 18:00,12766.977,2422.142,28171.120
2025-06-08T17:00Z,2025-06-08 19:00,6402.688,3346.125,26496.717
2025-06-08T18:00Z,2025-06-08 20:00,2052.443,3677.963,24157.552
2025-06-08T19:00Z,2025-06-08 21:00,170.795,3754.323,22806.307
2025-06-08T20:00Z,2025-06-08 22:00,2.025,3708.913,21805.482
2025-06-08T21:00Z,2025-06-08 23:00,0.000,3849.137,21577.225
2025-06-08T22:00Z,2025-06-09 00:00,0.000,4688.250,23245.932
2025-06-08T23:00Z,2025-06-09 01:00,0.000,4726.850,22755.222
2025-06-09T00:00Z,2025-06-09 02:00,0.000,4576.782,22022.280
2025-06-09T01:00Z,2025-06-09 03:00,0.000,4238.575,20963.568
2025-06-09T02:00Z,2025-06-09 04:00,6.808,3757.472,19576.530
2025-06-09T03:00Z,2025-06-09 05:00,609.905,3203.855,17940.233
2025-06-09T04:00Z,2025-06-09 06:00,3838.300,2680.168,15993.835
2025-06-09T05:00Z,2025-06-09 07:00,11384.735,2264.365,13461.410
2025-06-09T06:00Z,2025-06-09 08:00,20819.798,2008.855,11527.208
2025-06-09T07:00Z,2025-06-09 09:00,28055.405,1812.610,10932.895
2025-06-09T08:00Z,2025-06-09 10:00,32530.408,1817.385,10510.420
2025-06-09T09:00Z,2025-06-09 11:00,34527.628,1904.217,9978.142
2025-06-09T10:00Z,2025-06-09 12:00,35285.628,2092.140,9155.943
2025-06-09T11:00Z,2025-06-09 13:00,35103.115,2340.355,8710.333
2025-06-09T12:00Z,2025-06-09 14:00,34303.910,2581.453,8720.263
2025-06-09T13:00Z,2025-06-09 15:00,32425.283,2729.225,9022.347
2025-06-09T14:00Z,2025-06-09 16:00,28864.745,2703.648,9373.325
2025-06-09T15:00Z,2025-06-09 17:00,23013.740,3062.918,8689.802
2025-06-09T16:00Z,2025-06-09 18:00,14720.802,2873.810,7071.785
2025-06-09T17:00Z,2025-06-09 19:00,6941.488,2500.682,5314.930
2025-06-09T18:00Z,2025-06-09 20:00,2222.290,2109.740,4052.740
2025-06-09T19:00Z,2025-06-09 21:00,181.165,1770.340,3494.602
2025-06-09T20:00Z,2025-06-09 22:00,1.272,1516.175,3619.265
2025-06-09T21:00Z,2025-06-09 23:00,0.000,1394.293,4133.957
2025-06-09T22:00Z,2025-06-10 00:00,0.000,2319.673,5650.790
2025-06-09T23:00Z,2025-06-10 01:00,0.000,2894.165,7470.462
2025-06-10T00:00Z,2025-06-10 02:00,0.000,3506.040,9433.700
2025-06-10T01:00Z,2025-06-10 03:00,0.000,4029.028,11107.003
2025-06-10T02:00Z,2025-06-10 04:00,6.173,4410.080,12477.395
2025-06-10T03:00Z,2025-06-10 05:00,511.640,4630.392,13552.093
2025-06-10T04:00Z,2025-06-10 06:00,3186.395,4638.470,14342.190
2025-06-10T05:00Z,2025-06-10 07:00,8633.925,4600.205,14300.548
2025-06-10T06:00Z,2025-06-10 08:00,15032.155,4597.427,13828.122
2025-06-10T07:00Z,2025-06-10 09:00,20876.897,4547.498,14595.007
2025-06-10T08:00Z,2025-06-10 10:00,25339.893,4615.802,17215.188
2025-06-10T09:00Z,2025-06-10 11:00,27775.423,4590.913,20528.090
2025-06-10T10:00Z,2025-06-10 12:00,28593.298,4536.427,22765.093
2025-06-10T11:00Z,2025-06-10 13:00,28053.103,4526.980,23767.702
2025-06-10T12:00Z,2025-06-10 14:00,26603.393,4492.073,25211.897
2025-06-10T13:00Z,2025-06-10 15:00,24285.698,4369.323,26452.807
2025-06-10T14:00Z,2025-06-10 16:00,21218.013,4313.235,28112.952
2025-06-10T15:00Z,2025-06-10 17:00,16487.217,4276.995,29039.688
2025-06-10T16:00Z,2025-06-10 18:00,10822.880,4269.038,28555.010
2025-06-10T17:00Z,2025-06-10 19:00,5391.095,4304.148,27196.500
2025-06-10T18:00Z,2025-06-10 20:00,1779.528,4373.003,25711.478
2025-06-10T19:00Z,2025-06-10 21:00,161.493,4391.148,24649.972
2025-06-10T20:00Z,2025-06-10 22:00,2.627,4343.110,23068.912
2025-06-10T21:00Z,2025-06-10 23:00,0.000,4215.685,22013.450
2025-06-10T22:00Z,2025-06-11 00:00,0.000,3878.705,24032.360
2025-06-10T23:00Z,2025-06-11 01:00,0.000,3565.908,22539.330
2025-06-11T00:00Z,2025-06-11 02:00,0.000,3506.202,20665.123
2025-06-11T01:00Z,2025-06-11 03:00,0.000,3545.710,18894.935
2025-06-11T02:00Z,2025-06-11 04:00,7.145,3522.435,17254.130
2025-06-11T03:00Z,2025-06-11 05:00,560.303,3439.347,15404.407
2025-06-11T04:00Z,2025-06-11 06:00,3474.145,3293.175,13574.050
2025-06-11T05:00Z,2025-06-11 07:00,9637.403,3032.592,12290.798
2025-06-11T06:00Z,2025-06-11 08:00,17499.952,2698.955,11196.210
2025-06-11T07:00Z,2025-06-11 09:00,25234.750,2312.140,9881.443
2025-06-11T08:00Z,2025-06-11 10:00,31759.182,1935.955,8725.050
2025-06-11T09:00Z,2025-06-11 11:00,36850.435,1713.322,7814.250
2025-06-11T10:00Z,2025-06-11 12:00,40128.575,1574.555,7125.335
2025-06-11T11:00Z,2025-06-11 13:00,41535.320,1503.765,6713.688
2025-06-11T12:00Z,2025-06-11 14:00,41220.427,1465.977,6506.340
2025-06-11T13:00Z,2025-06-11 15:00,39028.400,1425.757,6395.653
2025-06-11T14:00Z,2025-06-11 16:00,34248.120,1370.900,6359.135
2025-06-11T15:00Z,2025-06-11 17:00,26425.862,1300.825,6237.453
2025-06-11T16:00Z,2025-06-11 18:00,16309.845,1191.372,5834.943
2025-06-11T17:00Z,2025-06-11 19:00,7225.170,1060.045,5619.762
2025-06-11T18:00Z,2025-06-11 20:00,2193.968,968.175,6008.497
2025-06-11T19:00Z,2025-06-11 21:00,207.998,890.842,7251.833
2025-06-11T20:00Z,2025-06-11 22:00,1.202,810.160,8538.425
2025-06-11T21:00Z,2025-06-11 23:00,0.000,732.322,9125.000
2025-06-11T22:00Z,2025-06-12 00:00,0.000,696.550,9656.943
2025-06-11T23:00Z,2025-06-12 01:00,0.000,689.045,9573.375
2025-06-12T00:00Z,2025-06-12 02:00,0.000,692.852,9499.062
2025-06-12T01:00Z,2025-06-12 03:00,0.000,716.957,9517.097
2025-06-12T02:00Z,2025-06-12 04:00,14.453,769.293,9701.438
2025-06-12T03:00Z,2025-06-12 05:00,769.490,859.857,9982.960
2025-06-12T04:00Z,2025-06-12 06:00,4112.122,1016.055,9854.995
2025-06-12T05:00Z,2025-06-12 07:00,12445.375,1209.650,8149.145
2025-06-12T06:00Z,2025-06-12 08:00,23615.950,1316.285,6002.062
2025-06-12T07:00Z,2025-06-12 09:00,33709.312,1285.725,5076.597
2025-06-12T08:00Z,2025-06-12 10:00,41124.662,1318.632,5370.573
2025-06-12T09:00Z,2025-06-12 11:00,45413.980,878.810,5998.875
2025-06-12T10:00Z,2025-06-12 12:00,46765.595,1028.495,6540.890
2025-06-12T11:00Z,2025-06-12 13:00,46456.330,1268.287,7198.565
2025-06-12T12:00Z,2025-06-12 14:00,44826.320,1544.642,8137.517
2025-06-12T13:00Z,2025-06-12 15:00,41455.660,1780.332,9216.878
2025-06-12T14:00Z,2025-06-12 16:00,36164.125,1996.858,10642.945
2025-06-12T15:00Z,2025-06-12 17:00,27495.993,3671.727,12336.318
2025-06-12T16:00Z,2025-06-12 18:00,16434.697,4148.507,13290.240
2025-06-12T17:00Z,2025-06-12 19:00,6920.012,4559.333,14036.825
2025-06-12T18:00Z,2025-06-12 20:00,2190.570,4720.045,16417.818
2025-06-12T19:00Z,2025-06-12 21:00,213.868,4751.365,20134.365
2025-06-12T20:00Z,2025-06-12 22:00,2.217,4607.635,22317.463
2025-06-12T21:00Z,2025-06-12 23:00,0.000,4564.083,23200.825
2025-06-12T22:00Z,2025-06-13 00:00,0.000,3834.572,25081.375
2025-06-12T23:00Z,2025-06-13 01:00,0.000,3887.423,24550.158
2025-06-13T00:00Z,2025-06-13 02:00,0.000,3913.100,23751.250
2025-06-13T01:00Z,2025-06-13 03:00,0.000,3942.592,23010.990
2025-06-13T02:00Z,2025-06-13 04:00,14.877,3978.135,22246.427
2025-06-13T03:00Z,2025-06-13 05:00,735.082,4056.057,21333.225
2025-06-13T04:00Z,2025-06-13 06:00,4165.595,4102.627,20234.430
2025-06-13T05:00Z,2025-06-13 07:00,12244.450,4086.885,17361.720
2025-06-13T06:00Z,2025-06-13 08:00,22710.393,4570.443,13962.772
2025-06-13T07:00Z,2025-06-13 09:00,32455.660,4256.575,11848.853
2025-06-13T08:00Z,2025-06-13 10:00,39613.830,3858.533,11128.487
2025-06-13T09:00Z,2025-06-13 11:00,43915.853,2288.320,10725.093
2025-06-13T10:00Z,2025-06-13 12:00,45350.378,2169.523,10306.237
2025-06-13T11:00Z,2025-06-13 13:00,45002.460,2125.382,9958.460
2025-06-13T12:00Z,2025-06-13 14:00,43339.823,2154.368,9959.800
2025-06-13T13:00Z,2025-06-13 15:00,39994.850,2275.767,10408.880
2025-06-13T14:00Z,2025-06-13 16:00,34865.220,2470.925,11550.670
2025-06-13T15:00Z,2025-06-13 17:00,26987.373,3841.727,12462.640
2025-06-13T16:00Z,2025-06-13 18:00,16368.352,4303.458,13360.650
2025-06-13T17:00Z,2025-06-13 19:00,7171.210,4631.345,14901.745
2025-06-13T18:00Z,2025-06-13 20:00,2262.515,4903.270,18041.845
2025-06-13T19:00Z,2025-06-13 21:00,216.245,5147.865,21909.920
2025-06-13T20:00Z,2025-06-13 22:00,2.115,5279.958,23731.535
2025-06-13T21:00Z,2025-06-13 23:00,0.000,5359.288,24339.420
2025-06-13T22:00Z,2025-06-14 00:00,0.000,5112.960,23881.188
2025-06-13T23:00Z,2025-06-14 01:00,0.000,5228.327,22965.783
2025-06-14T00:00Z,2025-06-14 02:00,0.000,5361.270,22050.310
2025-06-14T01:00Z,2025-06-14 03:00,0.000,5432.032,21349.385
2025-06-14T02:00Z,2025-06-14 04:00,15.280,5385.565,20991.333
2025-06-14T03:00Z,2025-06-14 05:00,733.132,5252.118,20741.395
2025-06-14T04:00Z,2025-06-14 06:00,4147.427,5130.177,19978.385
2025-06-14T05:00Z,2025-06-14 07:00,12238.620,5011.227,17269.035
2025-06-14T06:00Z,2025-06-14 08:00,22806.123,4548.318,14373.735
2025-06-14T07:00Z,2025-06-14 09:00,32178.245,4254.812,12694.740
2025-06-14T08:00Z,2025-06-14 10:00,38982.228,2716.753,11873.573
2025-06-14T09:00Z,2025-06-14 11:00,42860.995,2689.420,11208.032
2025-06-14T10:00Z,2025-06-14 12:00,43826.893,2621.945,10215.997
2025-06-14T11:00Z,2025-06-14 13:00,43227.525,2482.715,9153.820
2025-06-14T12:00Z,2025-06-14 14:00,41080.925,2289.468,8528.580
2025-06-14T13:00Z,2025-06-14 15:00,37399.400,1996.523,8295.907
2025-06-14T14:00Z,2025-06-14 16:00,31877.513,1868.035,8234.870
2025-06-14T15:00Z,2025-06-14 17:00,24123.562,2447.898,8294.900
2025-06-14T16:00Z,2025-06-14 18:00,14548.073,2564.100,8060.767
2025-06-14T17:00Z,2025-06-14 19:00,6507.065,2818.387,8526.788
2025-06-14T18:00Z,2025-06-14 20:00,2162.045,2808.678,10326.323
2025-06-14T19:00Z,2025-06-14 21:00,204.172,2844.827,12566.753
2025-06-14T20:00Z,2025-06-14 22:00,1.877,2889.020,13634.733
2025-06-14T21:00Z,2025-06-14 23:00,0.000,2832.968,13475.450
2025-06-14T22:00Z,2025-06-15 00:00,0.000,2501.903,11991.905
2025-06-14T23:00Z,2025-06-15 01:00,0.000,2363.440,10869.375
2025-06-15T00:00Z,2025-06-15 02:00,0.000,2117.960,9654.778
2025-06-15T01:00Z,2025-06-15 03:00,0.000,1887.283,8503.305
2025-06-15T02:00Z,2025-06-15 04:00,13.870,1761.858,7560.677
2025-06-15T03:00Z,2025-06-15 05:00,723.580,1727.850,6773.970
2025-06-15T04:00Z,2025-06-15 06:00,3785.432,1698.742,6009.995
2025-06-15T05:00Z,2025-06-15 07:00,10181.698,1697.950,4977.245
2025-06-15T06:00Z,2025-06-15 08:00,17940.647,1659.535,3943.875
2025-06-15T07:00Z,2025-06-15 09:00,24670.838,1574.678,3623.923
2025-06-15T08:00Z,2025-06-15 10:00,29262.490,1455.217,3780.375
2025-06-15T09:00Z,2025-06-15 11:00,31818.272,910.575,4092.327
2025-06-15T10:00Z,2025-06-15 12:00,32331.757,863.683,4698.180
2025-06-15T11:00Z,2025-06-15 13:00,30959.610,876.395,5653.477
2025-06-15T12:00Z,2025-06-15 14:00,28787.310,957.225,7019.642
2025-06-15T13:00Z,2025-06-15 15:00,25329.630,1046.705,8507.775
2025-06-15T14:00Z,2025-06-15 16:00,20706.495,1079.217,10142.260
2025-06-15T15:00Z,2025-06-15 17:00,15000.790,1623.553,11803.138
2025-06-15T16:00Z,2025-06-15 18:00,9369.772,1774.132,12976.403
2025-06-15T17:00Z,2025-06-15 19:00,4687.403,1945.250,13598.220
2025-06-15T18:00Z,2025-06-15 20:00,1646.922,2114.345,13776.630
2025-06-15T19:00Z,2025-06-15 21:00,249.183,2275.547,13795.632
2025-06-15T20:00Z,2025-06-15 22:00,5.595,2438.510,13592.267
2025-06-15T21:00Z,2025-06-15 23:00,0.000,2580.135,13666.353
2025-06-15T22:00Z,2025-06-16 00:00,0.000,2666.077,12982.722
2025-06-15T23:00Z,2025-06-16 01:00,0.000,2769.330,12863.467
2025-06-16T00:00Z,2025-06-16 02:00,0.000,2691.080,12929.045
2025-06-16T01:00Z,2025-06-16 03:00,0.000,2535.082,13145.388
2025-06-16T02:00Z,2025-06-16 04:00,13.555,2387.302,13069.788
2025-06-16T03:00Z,2025-06-16 05:00,624.592,2186.315,12400.195
2025-06-16T04:00Z,2025-06-16 06:00,3322.497,1978.267,11261.165
2025-06-16T05:00Z,2025-06-16 07:00,9417.810,1832.525,9878.565
2025-06-16T06:00Z,2025-06-16 08:00,17661.660,1760.717,8748.970
2025-06-16T07:00Z,2025-06-16 09:00,25525.037,1766.850,8225.835
2025-06-16T08:00Z,2025-06-16 10:00,31515.565,1859.283,8348.320
2025-06-16T09:00Z,2025-06-16 11:00,35142.630,2029.505,9086.800
2025-06-16T10:00Z,2025-06-16 12:00,36641.473,2185.662,9942.798
2025-06-16T11:00Z,2025-06-16 13:00,36290.725,2300.062,10469.130
2025-06-16T12:00Z,2025-06-16 14:00,34946.997,2438.380,11178.915
2025-06-16T13:00Z,2025-06-16 15:00,32496.105,2555.238,11672.615
2025-06-16T14:00Z,2025-06-16 16:00,28348.452,2616.105,11903.673
2025-06-16T15:00Z,2025-06-16 17:00,22378.885,2665.115,11439.878
2025-06-16T16:00Z,2025-06-16 18:00,14918.323,2640.497,10408.230
2025-06-16T17:00Z,2025-06-16 19:00,7403.752,2463.180,8956.323
2025-06-16T18:00Z,2025-06-16 20:00,2466.480,2245.818,7640.158
2025-06-16T19:00Z,2025-06-16 21:00,267.233,2091.810,7042.985
2025-06-16T20:00Z,2025-06-16 22:00,3.507,1989.888,6933.762
2025-06-16T21:00Z,2025-06-16 23:00,0.000,1957.743,6906.323
2025-06-16T22:00Z,2025-06-17 00:00,0.000,2009.745,5956.693
2025-06-16T23:00Z,2025-06-17 01:00,0.000,2134.690,5446.275
2025-06-17T00:00Z,2025-06-17 02:00,0.000,2275.213,5015.568
2025-06-17T01:00Z,2025-06-17 03:00,0.000,2385.435,4532.062
2025-06-17T02:00Z,2025-06-17 04:00,20.070,2466.818,3972.515
2025-06-17T03:00Z,2025-06-17 05:00,807.920,2529.278,3409.125
2025-06-17T04:00Z,2025-06-17 06:00,4233.415,2588.352,2746.990
2025-06-17T05:00Z,2025-06-17 07:00,12433.868,2699.540,2108.367
2025-06-17T06:00Z,2025-06-17 08:00,23119.365,2871.780,1743.105
2025-06-17T07:00Z,2025-06-17 09:00,32713.167,2997.900,1752.580
2025-06-17T08:00Z,2025-06-17 10:00,39884.290,3089.910,2003.955
2025-06-17T09:00Z,2025-06-17 11:00,44138.478,3168.700,2195.142
2025-06-17T10:00Z,2025-06-17 12:00,46038.402,3186.985,2440.210
2025-06-17T11:00Z,2025-06-17 13:00,45984.137,3115.995,2792.037
2025-06-17T12:00Z,2025-06-17 14:00,44461.810,3056.735,3301.525
2025-06-17T13:00Z,2025-06-17 15:00,40904.680,3002.918,3709.898
2025-06-17T14:00Z,2025-06-17 16:00,35080.257,2929.575,4019.635
2025-06-17T15:00Z,2025-06-17 17:00,26723.140,2882.500,4110.148
2025-06-17T16:00Z,2025-06-17 18:00,16504.263,2800.495,3990.760
2025-06-17T17:00Z,2025-06-17 19:00,7533.000,2636.278,3826.495
2025-06-17T18:00Z,2025-06-17 20:00,2473.735,2440.495,3831.128
2025-06-17T19:00Z,2025-06-17 21:00,266.830,2216.755,3925.740
2025-06-17T20:00Z,2025-06-17 22:00,2.788,2020.488,4029.963
2025-06-17T21:00Z,2025-06-17 23:00,0.000,1872.890,4076.280
2025-06-17T22:00Z,2025-06-18 00:00,0.000,2039.668,3631.367
2025-06-17T23:00Z,2025-06-18 01:00,0.000,2039.338,3714.503
2025-06-18T00:00Z,2025-06-18 02:00,0.000,2069.505,4000.672
2025-06-18T01:00Z,2025-06-18 03:00,0.000,2076.305,4218.335
2025-06-18T02:00Z,2025-06-18 04:00,23.060,2040.910,4383.167
2025-06-18T03:00Z,2025-06-18 05:00,807.595,1961.807,4543.290
2025-06-18T04:00Z,2025-06-18 06:00,4190.557,1844.638,4426.405
2025-06-18T05:00Z,2025-06-18 07:00,11905.370,1710.062,3526.693
2025-06-18T06:00Z,2025-06-18 08:00,22022.470,1628.332,2803.260
2025-06-18T07:00Z,2025-06-18 09:00,31586.050,1608.452,2961.500
2025-06-18T08:00Z,2025-06-18 10:00,39167.630,1639.395,3713.302
2025-06-18T09:00Z,2025-06-18 11:00,43505.695,1747.178,4758.468
2025-06-18T10:00Z,2025-06-18 12:00,45074.003,1983.900,5962.887
2025-06-18T11:00Z,2025-06-18 13:00,44488.780,2293.460,7271.788
2025-06-18T12:00Z,2025-06-18 14:00,42320.160,2583.213,8567.568
2025-06-18T13:00Z,2025-06-18 15:00,38508.382,2763.483,9689.542
2025-06-18T14:00Z,2025-06-18 16:00,32845.975,2894.948,10721.783
2025-06-18T15:00Z,2025-06-18 17:00,24930.585,2993.390,11586.510
2025-06-18T16:00Z,2025-06-18 18:00,15738.995,3124.832,11940.478
2025-06-18T17:00Z,2025-06-18 19:00,7448.385,3266.715,11754.060
2025-06-18T18:00Z,2025-06-18 20:00,2465.293,3273.967,11508.048
2025-06-18T19:00Z,2025-06-18 21:00,267.337,3169.852,11797.665
2025-06-18T20:00Z,2025-06-18 22:00,1.465,2992.537,11849.235
2025-06-18T21:00Z,2025-06-18 23:00,0.000,2807.957,11788.645
2025-06-18T22:00Z,2025-06-19 00:00,0.000,2463.585,8714.600
2025-06-18T23:00Z,2025-06-19 01:00,0.000,2593.523,8963.370
2025-06-19T00:00Z,2025-06-19 02:00,0.000,2807.677,9511.077
2025-06-19T01:00Z,2025-06-19 03:00,0.000,3060.727,10151.587
2025-06-19T02:00Z,2025-06-19 04:00,21.320,3247.740,10559.840
2025-06-19T03:00Z,2025-06-19 05:00,776.212,3312.140,10510.520
2025-06-19T04:00Z,2025-06-19 06:00,4168.855,3269.065,9990.150
2025-06-19T05:00Z,2025-06-19 07:00,12102.785,3097.085,9590.282
2025-06-19T06:00Z,2025-06-19 08:00,22375.495,2805.995,9653.545
2025-06-19T07:00Z,2025-06-19 09:00,31852.580,2526.835,10121.442
2025-06-19T08:00Z,2025-06-19 10:00,39002.493,1989.735,10621.385
2025-06-19T09:00Z,2025-06-19 11:00,43713.370,1805.460,10603.378
2025-06-19T10:00Z,2025-06-19 12:00,45962.585,1665.138,10858.608
2025-06-19T11:00Z,2025-06-19 13:00,46250.162,1571.098,11254.222
2025-06-19T12:00Z,2025-06-19 14:00,44666.670,1479.430,11998.628
2025-06-19T13:00Z,2025-06-19 15:00,41072.667,1395.108,12694.715
2025-06-19T14:00Z,2025-06-19 16:00,35501.495,1346.858,13304.427
2025-06-19T15:00Z,2025-06-19 17:00,27629.732,1455.717,13788.403
2025-06-19T16:00Z,2025-06-19 18:00,17286.143,1469.245,13458.075
2025-06-19T17:00Z,2025-06-19 19:00,7786.215,1434.330,12302.827
2025-06-19T18:00Z,2025-06-19 20:00,2491.675,1363.065,11268.955
2025-06-19T19:00Z,2025-06-19 21:00,310.750,1297.298,11405.702
2025-06-19T20:00Z,2025-06-19 22:00,3.160,1273.040,11643.927
2025-06-19T21:00Z,2025-06-19 23:00,0.000,1283.105,11275.670
2025-06-19T22:00Z,2025-06-20 00:00,0.000,1235.422,10199.227
2025-06-19T23:00Z,2025-06-20 01:00,0.000,1208.017,9006.420
2025-06-20T00:00Z,2025-06-20 02:00,0.000,1147.555,7926.995
2025-06-20T01:00Z,2025-06-20 03:00,0.000,1047.590,6888.542
2025-06-20T02:00Z,2025-06-20 04:00,17.450,920.560,5985.948
2025-06-20T03:00Z,2025-06-20 05:00,772.525,807.710,5242.655
2025-06-20T04:00Z,2025-06-20 06:00,4170.773,719.410,4164.703
2025-06-20T05:00Z,2025-06-20 07:00,12679.587,640.702,2692.160
2025-06-20T06:00Z,2025-06-20 08:00,23989.833,550.257,1689.023
2025-06-20T07:00Z,2025-06-20 09:00,34203.520,466.285,1403.838
2025-06-20T08:00Z,2025-06-20 10:00,42102.930,399.488,1359.423
2025-06-20T09:00Z,2025-06-20 11:00,47353.842,365.312,1383.888
2025-06-20T10:00Z,2025-06-20 12:00,50090.357,365.935,1264.118
2025-06-20T11:00Z,2025-06-20 13:00,50411.192,388.918,1270.690
2025-06-20T12:00Z,2025-06-20 14:00,48650.385,420.283,1484.767
2025-06-20T13:00Z,2025-06-20 15:00,44675.950,449.108,1839.827
2025-06-20T14:00Z,2025-06-20 16:00,38399.418,464.910,2091.918
2025-06-20T15:00Z,2025-06-20 17:00,28923.167,454.793,2270.360
2025-06-20T16:00Z,2025-06-20 18:00,17437.385,422.637,2352.507
2025-06-20T17:00Z,2025-06-20 19:00,7492.403,400.562,2470.980
2025-06-20T18:00Z,2025-06-20 20:00,2425.440,404.000,3135.533
2025-06-20T19:00Z,2025-06-20 21:00,307.625,427.360,4302.770
2025-06-20T20:00Z,2025-06-20 22:00,2.795,449.303,5165.525
2025-06-20T21:00Z,2025-06-20 23:00,0.000,450.125,5505.250
2025-06-20T22:00Z,2025-06-21 00:00,0.000,508.175,5411.037
2025-06-20T23:00Z,2025-06-21 01:00,0.000,533.365,5112.710
2025-06-21T00:00Z,2025-06-21 02:00,0.000,581.025,4944.533
2025-06-21T01:00Z,2025-06-21 03:00,0.000,605.550,4817.805
2025-06-21T02:00Z,2025-06-21 04:00,19.082,621.987,4760.038
2025-06-21T03:00Z,2025-06-21 05:00,791.408,636.577,4687.038
2025-06-21T04:00Z,2025-06-21 06:00,4213.210,631.075,4432.960
2025-06-21T05:00Z,2025-06-21 07:00,12343.905,599.795,3604.335
2025-06-21T06:00Z,2025-06-21 08:00,23209.415,584.460,2273.247
2025-06-21T07:00Z,2025-06-21 09:00,33519.645,622.847,1252.543
2025-06-21T08:00Z,2025-06-21 10:00,41526.025,707.140,935.362
2025-06-21T09:00Z,2025-06-21 11:00,46642.948,809.915,929.510
2025-06-21T10:00Z,2025-06-21 12:00,49179.382,898.097,942.543
2025-06-21T11:00Z,2025-06-21 13:00,49563.245,979.298,958.870
2025-06-21T12:00Z,2025-06-21 14:00,47862.438,1062.210,1014.598
2025-06-21T13:00Z,2025-06-21 15:00,43931.240,1148.408,1060.385
2025-06-21T14:00Z,2025-06-21 16:00,37811.363,1238.185,1109.880
2025-06-21T15:00Z,2025-06-21 17:00,28652.708,1319.910,1087.965
2025-06-21T16:00Z,2025-06-21 18:00,17416.757,1386.642,1114.097
2025-06-21T17:00Z,2025-06-21 19:00,7464.435,1397.860,1319.900
2025-06-21T18:00Z,2025-06-21 20:00,2386.997,1414.412,1962.770
2025-06-21T19:00Z,2025-06-21 21:00,288.785,1487.385,3069.450
2025-06-21T20:00Z,2025-06-21 22:00,3.550,1646.405,4339.532
2025-06-21T21:00Z,2025-06-21 23:00,0.000,1872.298,5516.637
2025-06-21T22:00Z,2025-06-22 00:00,0.000,1728.043,6250.417
2025-06-21T23:00Z,2025-06-22 01:00,0.000,1891.595,7210.722
2025-06-22T00:00Z,2025-06-22 02:00,0.000,2097.695,8134.255
2025-06-22T01:00Z,2025-06-22 03:00,0.000,2238.765,8820.770
2025-06-22T02:00Z,2025-06-22 04:00,13.680,2296.967,9327.028
2025-06-22T03:00Z,2025-06-22 05:00,747.880,2260.722,9683.840
2025-06-22T04:00Z,2025-06-22 06:00,4139.653,2223.832,9712.698
2025-06-22T05:00Z,2025-06-22 07:00,12435.017,2155.030,8678.772
2025-06-22T06:00Z,2025-06-22 08:00,23565.100,2168.783,6490.688
2025-06-22T07:00Z,2025-06-22 09:00,33437.232,1356.835,4405.783
2025-06-22T08:00Z,2025-06-22 10:00,40290.188,1452.957,3463.403
2025-06-22T09:00Z,2025-06-22 11:00,44721.020,1627.525,3749.615
2025-06-22T10:00Z,2025-06-22 12:00,46710.958,1829.722,4326.863
2025-06-22T11:00Z,2025-06-22 13:00,46340.765,2053.960,5005.688
2025-06-22T12:00Z,2025-06-22 14:00,43797.915,2247.990,5826.113
2025-06-22T13:00Z,2025-06-22 15:00,39040.025,2451.465,6654.913
2025-06-22T14:00Z,2025-06-22 16:00,32537.420,2643.408,7522.480
2025-06-22T15:00Z,2025-06-22 17:00,24210.917,2785.665,8595.562
2025-06-22T16:00Z,2025-06-22 18:00,14740.263,3751.020,9241.835
2025-06-22T17:00Z,2025-06-22 19:00,6768.012,3368.330,9512.658
2025-06-22T18:00Z,2025-06-22 20:00,2305.727,3068.345,10148.847
2025-06-22T19:00Z,2025-06-22 21:00,249.868,3042.905,11288.425
2025-06-22T20:00Z,2025-06-22 22:00,5.715,3357.968,12442.042
2025-06-22T21:00Z,2025-06-22 23:00,0.000,3806.370,13412.677
2025-06-22T22:00Z,2025-06-23 00:00,0.000,4945.610,16348.945
2025-06-22T23:00Z,2025-06-23 01:00,0.000,4955.012,16459.940
2025-06-23T00:00Z,2025-06-23 02:00,0.000,4723.962,16106.942
2025-06-23T01:00Z,2025-06-23 03:00,0.000,4366.182,15405.540
2025-06-23T02:00Z,2025-06-23 04:00,10.193,4186.315,14874.360
2025-06-23T03:00Z,2025-06-23 05:00,610.858,4241.938,14895.050
2025-06-23T04:00Z,2025-06-23 06:00,3491.095,4388.667,15701.705
2025-06-23T05:00Z,2025-06-23 07:00,9220.718,4374.557,16860.162
2025-06-23T06:00Z,2025-06-23 08:00,16024.478,4373.380,19431.905
2025-06-23T07:00Z,2025-06-23 09:00,21474.138,4490.047,23717.917
2025-06-23T08:00Z,2025-06-23 10:00,25084.452,2997.858,27667.145
2025-06-23T09:00Z,2025-06-23 11:00,27399.420,3098.062,29676.222
2025-06-23T10:00Z,2025-06-23 12:00,29223.243,3111.750,31346.432
2025-06-23T11:00Z,2025-06-23 13:00,30367.600,2994.177,32601.083
2025-06-23T12:00Z,2025-06-23 14:00,30727.938,2996.778,33660.220
2025-06-23T13:00Z,2025-06-23 15:00,29406.143,3060.972,34788.710
2025-06-23T14:00Z,2025-06-23 16:00,26406.330,3078.925,36126.045
2025-06-23T15:00Z,2025-06-23 17:00,21504.507,3148.452,37912.518
2025-06-23T16:00Z,2025-06-23 18:00,14451.718,3216.495,38710.250
2025-06-23T17:00Z,2025-06-23 19:00,7269.198,4735.267,36328.467
2025-06-23T18:00Z,2025-06-23 20:00,2454.320,5018.622,31538.603
2025-06-23T19:00Z,2025-06-23 21:00,268.283,5197.460,27304.155
2025-06-23T20:00Z,2025-06-23 22:00,3.277,5257.490,23939.022
2025-06-23T21:00Z,2025-06-23 23:00,0.000,5269.118,22567.000
2025-06-23T22:00Z,2025-06-24 00:00,0.000,5197.988,22053.625
2025-06-23T23:00Z,2025-06-24 01:00,0.000,5258.635,21960.197
2025-06-24T00:00Z,2025-06-24 02:00,0.000,5331.185,21998.985
2025-06-24T01:00Z,2025-06-24 03:00,0.000,5397.137,22334.092
2025-06-24T02:00Z,2025-06-24 04:00,11.515,5483.153,22779.840
2025-06-24T03:00Z,2025-06-24 05:00,654.923,5544.910,22991.075
2025-06-24T04:00Z,2025-06-24 06:00,3946.490,5527.743,22785.190
2025-06-24T05:00Z,2025-06-24 07:00,11436.972,5211.413,21238.595
2025-06-24T06:00Z,2025-06-24 08:00,21038.795,5005.595,21765.290
2025-06-24T07:00Z,2025-06-24 09:00,28934.465,3488.557,24430.995
2025-06-24T08:00Z,2025-06-24 10:00,33428.190,3346.765,25961.725
2025-06-24T09:00Z,2025-06-24 11:00,36213.935,3071.438,25962.300
2025-06-24T10:00Z,2025-06-24 12:00,37599.575,3053.330,25116.115
2025-06-24T11:00Z,2025-06-24 13:00,37148.732,3057.898,25039.990
2025-06-24T12:00Z,2025-06-24 14:00,35205.010,3046.935,25314.478
2025-06-24T13:00Z,2025-06-24 15:00,31999.520,3155.907,26135.890
2025-06-24T14:00Z,2025-06-24 16:00,27498.627,3635.845,27194.045
2025-06-24T15:00Z,2025-06-24 17:00,21375.370,5271.020,27389.537
2025-06-24T16:00Z,2025-06-24 18:00,13439.635,5476.083,25522.380
2025-06-24T17:00Z,2025-06-24 19:00,6323.432,5604.887,22834.020
2025-06-24T18:00Z,2025-06-24 20:00,2062.048,5676.150,21243.610
2025-06-24T19:00Z,2025-06-24 21:00,193.700,5730.807,21095.893
2025-06-24T20:00Z,2025-06-24 22:00,2.530,5674.212,21168.505
2025-06-24T21:00Z,2025-06-24 23:00,0.000,5600.410,21825.312
2025-06-24T22:00Z,2025-06-25 00:00,0.000,4779.123,24822.735
2025-06-24T23:00Z,2025-06-25 01:00,0.000,4607.700,24828.342
2025-06-25T00:00Z,2025-06-25 02:00,0.000,4468.122,24440.670
2025-06-25T01:00Z,2025-06-25 03:00,0.000,4370.655,23804.165
2025-06-25T02:00Z,2025-06-25 04:00,8.857,4350.435,22935.193
2025-06-25T03:00Z,2025-06-25 05:00,581.305,4216.440,21969.470
2025-06-25T04:00Z,2025-06-25 06:00,3623.160,3947.120,21295.372
2025-06-25T05:00Z,2025-06-25 07:00,10323.885,3622.898,20438.963
2025-06-25T06:00Z,2025-06-25 08:00,18843.590,3308.852,20012.662
2025-06-25T07:00Z,2025-06-25 09:00,26938.075,3042.720,20120.862
2025-06-25T08:00Z,2025-06-25 10:00,33079.982,2779.315,20308.278
2025-06-25T09:00Z,2025-06-25 11:00,37323.725,2483.245,20181.915
2025-06-25T10:00Z,2025-06-25 12:00,39850.132,2216.153,20119.323
2025-06-25T11:00Z,2025-06-25 13:00,40552.725,1989.827,19978.938
2025-06-25T12:00Z,2025-06-25 14:00,39685.363,1804.243,19659.787
2025-06-25T13:00Z,2025-06-25 15:00,36878.795,1642.120,18938.858
2025-06-25T14:00Z,2025-06-25 16:00,32091.890,1488.020,17151.880
2025-06-25T15:00Z,2025-06-25 17:00,25147.710,1344.977,14604.432
2025-06-25T16:00Z,2025-06-25 18:00,16010.330,1189.648,11089.505
2025-06-25T17:00Z,2025-06-25 19:00,7528.188,990.418,7436.605
2025-06-25T18:00Z,2025-06-25 20:00,2501.380,794.505,4593.185
2025-06-25T19:00Z,2025-06-25 21:00,269.170,640.877,3129.440
2025-06-25T20:00Z,2025-06-25 22:00,2.925,532.207,2538.765
2025-06-25T21:00Z,2025-06-25 23:00,0.000,465.438,2494.565
2025-06-25T22:00Z,2025-06-26 00:00,0.000,366.853,2633.605
2025-06-25T23:00Z,2025-06-26 01:00,0.000,396.465,3352.628
2025-06-26T00:00Z,2025-06-26 02:00,0.000,433.255,4281.382
2025-06-26T01:00Z,2025-06-26 03:00,0.000,513.065,5339.750
2025-06-26T02:00Z,2025-06-26 04:00,12.300,660.920,6295.720
2025-06-26T03:00Z,2025-06-26 05:00,675.678,816.435,7170.310
2025-06-26T04:00Z,2025-06-26 06:00,3625.028,931.298,8015.642
2025-06-26T05:00Z,2025-06-26 07:00,9598.110,935.940,7867.292
2025-06-26T06:00Z,2025-06-26 08:00,16610.302,871.360,7316.927
2025-06-26T07:00Z,2025-06-26 09:00,23038.978,794.438,7462.573
2025-06-26T08:00Z,2025-06-26 10:00,27669.283,754.243,8183.587
2025-06-26T09:00Z,2025-06-26 11:00,29991.185,678.125,9149.535
2025-06-26T10:00Z,2025-06-26 12:00,30464.850,548.602,10335.720
2025-06-26T11:00Z,2025-06-26 13:00,29371.450,457.870,11807.778
2025-06-26T12:00Z,2025-06-26 14:00,26911.893,475.418,13396.990
2025-06-26T13:00Z,2025-06-26 15:00,23892.355,661.860,14997.042
2025-06-26T14:00Z,2025-06-26 16:00,20291.887,1109.095,16918.145
2025-06-26T15:00Z,2025-06-26 17:00,16083.725,1739.812,18554.235
2025-06-26T16:00Z,2025-06-26 18:00,11141.858,2296.168,19367.630
2025-06-26T17:00Z,2025-06-26 19:00,6088.485,2675.503,19755.592
2025-06-26T18:00Z,2025-06-26 20:00,2130.180,2906.155,19930.327
2025-06-26T19:00Z,2025-06-26 21:00,202.485,3149.920,20218.327
2025-06-26T20:00Z,2025-06-26 22:00,1.780,3500.875,20615.585
2025-06-26T21:00Z,2025-06-26 23:00,0.000,3792.668,21366.372
2025-06-26T22:00Z,2025-06-27 00:00,0.000,4709.352,23292.220
2025-06-26T23:00Z,2025-06-27 01:00,0.000,4846.580,23134.583
2025-06-27T00:00Z,2025-06-27 02:00,0.000,4873.370,22473.140
2025-06-27T01:00Z,2025-06-27 03:00,0.000,4737.790,21447.472
2025-06-27T02:00Z,2025-06-27 04:00,12.045,4541.860,20272.823
2025-06-27T03:00Z,2025-06-27 05:00,553.590,4351.365,19227.472
2025-06-27T04:00Z,2025-06-27 06:00,3174.595,4121.882,18533.222
2025-06-27T05:00Z,2025-06-27 07:00,7969.760,3844.062,17671.838
2025-06-27T06:00Z,2025-06-27 08:00,13139.070,3616.233,16865.345
2025-06-27T07:00Z,2025-06-27 09:00,17962.002,3368.512,16712.542
2025-06-27T08:00Z,2025-06-27 10:00,21764.105,3258.312,16834.315
2025-06-27T09:00Z,2025-06-27 11:00,24763.005,3209.025,16524.025
2025-06-27T10:00Z,2025-06-27 12:00,26626.440,3214.847,16503.160
2025-06-27T11:00Z,2025-06-27 13:00,27204.425,3239.215,16845.077
2025-06-27T12:00Z,2025-06-27 14:00,27032.208,3268.045,17014.028
2025-06-27T13:00Z,2025-06-27 15:00,25670.905,3153.622,17118.857
2025-06-27T14:00Z,2025-06-27 16:00,22808.448,3241.675,16839.542
2025-06-27T15:00Z,2025-06-27 17:00,18442.830,3461.675,15836.790
2025-06-27T16:00Z,2025-06-27 18:00,12846.878,3715.613,13809.562
2025-06-27T17:00Z,2025-06-27 19:00,6848.445,3752.832,10941.335
2025-06-27T18:00Z,2025-06-27 20:00,2361.963,3830.533,8251.905
2025-06-27T19:00Z,2025-06-27 21:00,235.870,3901.613,6728.738
2025-06-27T20:00Z,2025-06-27 22:00,1.435,4061.488,5980.988
2025-06-27T21:00Z,2025-06-27 23:00,0.000,4357.615,5774.347
2025-06-27T22:00Z,2025-06-28 00:00,0.000,4775.898,6722.233
2025-06-27T23:00Z,2025-06-28 01:00,0.000,5206.247,7718.007
2025-06-28T00:00Z,2025-06-28 02:00,0.000,5523.430,9073.868
2025-06-28T01:00Z,2025-06-28 03:00,0.000,5526.075,10376.862
2025-06-28T02:00Z,2025-06-28 04:00,7.617,5306.472,11441.795
2025-06-28T03:00Z,2025-06-28 05:00,600.580,5068.600,12228.125
2025-06-28T04:00Z,2025-06-28 06:00,3767.895,4853.887,12412.285
2025-06-28T05:00Z,2025-06-28 07:00,10804.595,4587.238,11013.483
2025-06-28T06:00Z,2025-06-28 08:00,19853.798,4189.185,10093.710
2025-06-28T07:00Z,2025-06-28 09:00,27855.155,3951.550,10736.118
2025-06-28T08:00Z,2025-06-28 10:00,33044.855,3927.742,11631.858
2025-06-28T09:00Z,2025-06-28 11:00,36252.915,2452.032,12008.055
2025-06-28T10:00Z,2025-06-28 12:00,37728.530,2486.323,12126.210
2025-06-28T11:00Z,2025-06-28 13:00,37694.370,2592.602,12312.228
2025-06-28T12:00Z,2025-06-28 14:00,36276.473,2739.668,12749.108
2025-06-28T13:00Z,2025-06-28 15:00,33384.842,2874.120,13331.690
2025-06-28T14:00Z,2025-06-28 16:00,28849.978,3209.092,14225.343
2025-06-28T15:00Z,2025-06-28 17:00,22661.482,4560.720,14610.147
2025-06-28T16:00Z,2025-06-28 18:00,14682.280,4629.685,13515.445
2025-06-28T17:00Z,2025-06-28 19:00,7204.842,4702.760,11935.972
2025-06-28T18:00Z,2025-06-28 20:00,2382.533,4779.130,10613.862
2025-06-28T19:00Z,2025-06-28 21:00,223.200,4818.675,10046.743
2025-06-28T20:00Z,2025-06-28 22:00,2.610,4820.622,9669.790
2025-06-28T21:00Z,2025-06-28 23:00,0.000,4737.998,9523.470
2025-06-28T22:00Z,2025-06-29 00:00,0.000,4339.000,10829.097
2025-06-28T23:00Z,2025-06-29 01:00,0.000,4301.585,10878.880
2025-06-29T00:00Z,2025-06-29 02:00,0.000,4190.580,10909.003
2025-06-29T01:00Z,2025-06-29 03:00,0.000,3984.575,10859.935
2025-06-29T02:00Z,2025-06-29 04:00,10.505,3751.515,10606.125
2025-06-29T03:00Z,2025-06-29 05:00,623.748,3426.765,9969.722
2025-06-29T04:00Z,2025-06-29 06:00,3730.490,3060.923,8538.308
2025-06-29T05:00Z,2025-06-29 07:00,10836.520,2698.773,6803.240
2025-06-29T06:00Z,2025-06-29 08:00,20222.235,2398.122,6206.560
2025-06-29T07:00Z,2025-06-29 09:00,28895.245,2188.122,6563.100
2025-06-29T08:00Z,2025-06-29 10:00,35225.860,1994.503,7170.270
2025-06-29T09:00Z,2025-06-29 11:00,39754.917,1698.622,7798.078
2025-06-29T10:00Z,2025-06-29 12:00,41771.090,1666.267,8364.577
2025-06-29T11:00Z,2025-06-29 13:00,41793.522,1660.503,8950.535
2025-06-29T12:00Z,2025-06-29 14:00,40623.480,1658.457,9640.803
2025-06-29T13:00Z,2025-06-29 15:00,37771.125,1628.533,10422.440
2025-06-29T14:00Z,2025-06-29 16:00,32985.107,1645.410,11807.890
2025-06-29T15:00Z,2025-06-29 17:00,25774.280,1924.342,12900.815
2025-06-29T16:00Z,2025-06-29 18:00,16416.035,1941.088,12595.153
2025-06-29T17:00Z,2025-06-29 19:00,7693.465,1929.295,11601.260
2025-06-29T18:00Z,2025-06-29 20:00,2575.100,1856.717,10735.837
2025-06-29T19:00Z,2025-06-29 21:00,298.153,1752.735,10846.370
2025-06-29T20:00Z,2025-06-29 22:00,2.760,1663.810,10685.785
2025-06-29T21:00Z,2025-06-29 23:00,0.000,1631.523,10047.320
2025-06-29T22:00Z,2025-06-30 00:00,0.000,1746.325,10284.660
2025-06-29T23:00Z,2025-06-30 01:00,0.000,1723.868,9081.675
2025-06-30T00:00Z,2025-06-30 02:00,0.000,1694.822,8175.307
2025-06-30T01:00Z,2025-06-30 03:00,0.000,1640.005,7431.520
2025-06-30T02:00Z,2025-06-30 04:00,8.715,1542.395,6784.688
2025-06-30T03:00Z,2025-06-30 05:00,677.408,1440.195,6229.310
2025-06-30T04:00Z,2025-06-30 06:00,3884.220,1361.868,5382.390
2025-06-30T05:00Z,2025-06-30 07:00,11877.115,1221.565,3835.670
2025-06-30T06:00Z,2025-06-30 08:00,22675.248,1030.255,2366.832
2025-06-30T07:00Z,2025-06-30 09:00,32800.772,860.842,1738.100
2025-06-30T08:00Z,2025-06-30 10:00,40666.515,723.600,1488.190
2025-06-30T09:00Z,2025-06-30 11:00,45947.050,627.092,1371.345
2025-06-30T10:00Z,2025-06-30 12:00,49049.658,587.060,1283.763
2025-06-30T11:00Z,2025-06-30 13:00,49542.880,579.977,1232.065
2025-06-30T12:00Z,2025-06-30 14:00,47473.512,571.045,1214.405
2025-06-30T13:00Z,2025-06-30 15:00,43173.355,558.447,1215.025
2025-06-30T14:00Z,2025-06-30 16:00,36810.527,608.065,1244.908
2025-06-30T15:00Z,2025-06-30 17:00,27678.155,723.293,1313.905
2025-06-30T16:00Z,2025-06-30 18:00,16833.153,829.003,1474.293
2025-06-30T17:00Z,2025-06-30 19:00,7353.097,965.480,1919.727
2025-06-30T18:00Z,2025-06-30 20:00,2375.500,1132.875,3161.120
2025-06-30T19:00Z,2025-06-30 21:00,282.882,1306.047,5335.805
2025-06-30T20:00Z,2025-06-30 22:00,2.905,1459.210,7600.655
2025-06-30T21:00Z,2025-06-30 23:00,0.000,1577.588,9175.208
2025-06-30T22:00Z,2025-07-01 00:00,0.000,2201.235,11222.760
2025-06-30T23:00Z,2025-07-01 01:00,0.000,2413.427,11854.667
2025-07-01T00:00Z,2025-07-01 02:00,0.000,2643.088,11978.845
2025-07-01T01:00Z,2025-07-01 03:00,0.000,2849.882,11796.978
2025-07-01T02:00Z,2025-07-01 04:00,8.527,2950.148,11475.390
2025-07-01T03:00Z,2025-07-01 05:00,675.595,2831.093,10865.940
2025-07-01T04:00Z,2025-07-01 06:00,3878.275,2546.952,9581.025
2025-07-01T05:00Z,2025-07-01 07:00,11958.817,2220.138,6910.265
2025-07-01T06:00Z,2025-07-01 08:00,22830.150,1830.243,3824.370
2025-07-01T07:00Z,2025-07-01 09:00,32873.500,1428.290,2031.595
2025-07-01T08:00Z,2025-07-01 10:00,40604.603,1051.062,1209.960
2025-07-01T09:00Z,2025-07-01 11:00,45715.345,790.585,845.327
2025-07-01T10:00Z,2025-07-01 12:00,48361.535,607.320,639.043
2025-07-01T11:00Z,2025-07-01 13:00,48416.853,485.830,510.683
2025-07-01T12:00Z,2025-07-01 14:00,45826.643,419.605,443.760
2025-07-01T13:00Z,2025-07-01 15:00,41365.607,389.548,437.520
2025-07-01T14:00Z,2025-07-01 16:00,35139.652,399.320,472.750
2025-07-01T15:00Z,2025-07-01 17:00,26701.143,442.865,539.315
2025-07-01T16:00Z,2025-07-01 18:00,16458.688,520.875,744.355
2025-07-01T17:00Z,2025-07-01 19:00,7277.837,613.852,1370.460
2025-07-01T18:00Z,2025-07-01 20:00,2413.338,743.758,2764.700
2025-07-01T19:00Z,2025-07-01 21:00,291.385,917.643,4898.792
2025-07-01T20:00Z,2025-07-01 22:00,3.040,1115.830,7530.653
2025-07-01T21:00Z,2025-07-01 23:00,0.000,1282.985,9790.910
2025-07-01T22:00Z,2025-07-02 00:00,0.000,3643.875,11273.580
2025-07-01T23:00Z,2025-07-02 01:00,0.000,3572.605,12506.660
2025-07-02T00:00Z,2025-07-02 02:00,0.000,3241.582,13078.512
2025-07-02T01:00Z,2025-07-02 03:00,0.000,2815.658,12991.062
2025-07-02T02:00Z,2025-07-02 04:00,6.048,2460.037,12385.153
2025-07-02T03:00Z,2025-07-02 05:00,647.465,2189.738,11402.112
2025-07-02T04:00Z,2025-07-02 06:00,3877.438,1892.797,10082.200
2025-07-02T05:00Z,2025-07-02 07:00,11760.247,1548.545,7396.400
2025-07-02T06:00Z,2025-07-02 08:00,22603.903,1298.735,4451.545
2025-07-02T07:00Z,2025-07-02 09:00,32818.448,1165.217,2435.562
2025-07-02T08:00Z,2025-07-02 10:00,40602.838,1100.675,1470.415
2025-07-02T09:00Z,2025-07-02 11:00,45654.680,1134.020,1289.702
2025-07-02T10:00Z,2025-07-02 12:00,48128.255,1183.572,1380.247
2025-07-02T11:00Z,2025-07-02 13:00,48241.810,1242.162,1462.375
2025-07-02T12:00Z,2025-07-02 14:00,45959.807,1311.175,1502.322
2025-07-02T13:00Z,2025-07-02 15:00,41538.243,1401.830,1849.648
2025-07-02T14:00Z,2025-07-02 16:00,34836.812,1524.217,2665.370
2025-07-02T15:00Z,2025-07-02 17:00,25853.785,1636.017,4186.125
2025-07-02T16:00Z,2025-07-02 18:00,15630.388,1751.347,6979.443
2025-07-02T17:00Z,2025-07-02 19:00,7009.042,1836.185,9704.430
2025-07-02T18:00Z,2025-07-02 20:00,2273.088,1864.415,11474.577
2025-07-02T19:00Z,2025-07-02 21:00,268.420,1771.250,13289.892
2025-07-02T20:00Z,2025-07-02 22:00,5.135,1771.115,14089.958
2025-07-02T21:00Z,2025-07-02 23:00,0.000,2039.670,14963.812
2025-07-02T22:00Z,2025-07-03 00:00,0.000,3969.850,19149.275
2025-07-02T23:00Z,2025-07-03 01:00,0.000,3819.347,19751.322
2025-07-03T00:00Z,2025-07-03 02:00,0.000,3808.880,20220.908
2025-07-03T01:00Z,2025-07-03 03:00,0.000,3868.585,20385.475
2025-07-03T02:00Z,2025-07-03 04:00,2.865,3916.970,20136.302
2025-07-03T03:00Z,2025-07-03 05:00,505.570,3992.510,19552.380
2025-07-03T04:00Z,2025-07-03 06:00,3219.750,3953.640,18941.088
2025-07-03T05:00Z,2025-07-03 07:00,8627.132,3868.528,17918.972
2025-07-03T06:00Z,2025-07-03 08:00,15319.135,3609.150,16789.225
2025-07-03T07:00Z,2025-07-03 09:00,21615.667,3254.335,16026.440
2025-07-03T08:00Z,2025-07-03 10:00,26974.738,2949.750,15292.800
2025-07-03T09:00Z,2025-07-03 11:00,31284.917,2697.465,14564.385
2025-07-03T10:00Z,2025-07-03 12:00,34096.043,2498.770,14027.962
2025-07-03T11:00Z,2025-07-03 13:00,35518.660,2375.347,13622.595
2025-07-03T12:00Z,2025-07-03 14:00,35336.930,2326.738,13546.220
2025-07-03T13:00Z,2025-07-03 15:00,33488.840,2339.680,13312.995
2025-07-03T14:00Z,2025-07-03 16:00,29469.237,2411.430,12759.115
2025-07-03T15:00Z,2025-07-03 17:00,23239.820,2478.517,11952.155
2025-07-03T16:00Z,2025-07-03 18:00,15233.368,2513.175,10841.038
2025-07-03T17:00Z,2025-07-03 19:00,7197.280,2464.927,9523.737
2025-07-03T18:00Z,2025-07-03 20:00,2326.170,2349.802,8436.705
2025-07-03T19:00Z,2025-07-03 21:00,264.793,2169.427,8227.800
2025-07-03T20:00Z,2025-07-03 22:00,0.253,1971.405,8096.847
2025-07-03T21:00Z,2025-07-03 23:00,0.000,1851.860,7654.257
2025-07-03T22:00Z,2025-07-04 00:00,0.000,1561.217,7234.870
2025-07-03T23:00Z,2025-07-04 01:00,0.000,1617.162,6453.802
2025-07-04T00:00Z,2025-07-04 02:00,0.000,1760.155,5820.930
2025-07-04T01:00Z,2025-07-04 03:00,0.000,1913.932,5239.090
2025-07-04T02:00Z,2025-07-04 04:00,7.253,2074.240,4727.012
2025-07-04T03:00Z,2025-07-04 05:00,581.773,2292.057,4339.382
2025-07-04T04:00Z,2025-07-04 06:00,3381.198,2494.398,3905.443
2025-07-04T05:00Z,2025-07-04 07:00,9961.837,2648.213,3162.903
2025-07-04T06:00Z,2025-07-04 08:00,19445.695,2860.207,2683.925
2025-07-04T07:00Z,2025-07-04 09:00,28955.900,3133.432,3071.182
2025-07-04T08:00Z,2025-07-04 10:00,36537.490,3168.182,4077.995
2025-07-04T09:00Z,2025-07-04 11:00,41474.795,3028.577,5375.417
2025-07-04T10:00Z,2025-07-04 12:00,43853.113,2958.700,6349.378
2025-07-04T11:00Z,2025-07-04 13:00,44105.618,2965.095,7147.257
2025-07-04T12:00Z,2025-07-04 14:00,42812.003,3107.233,7733.180
2025-07-04T13:00Z,2025-07-04 15:00,39737.745,3321.275,8029.847
2025-07-04T14:00Z,2025-07-04 16:00,34273.175,3606.367,8044.528
2025-07-04T15:00Z,2025-07-04 17:00,26481.448,3912.745,7584.065
2025-07-04T16:00Z,2025-07-04 18:00,16794.065,4058.330,6781.210
2025-07-04T17:00Z,2025-07-04 19:00,7725.057,4072.273,5641.913
2025-07-04T18:00Z,2025-07-04 20:00,2564.342,3992.377,4560.913
2025-07-04T19:00Z,2025-07-04 21:00,262.030,3997.068,3857.988
2025-07-04T20:00Z,2025-07-04 22:00,1.058,4198.488,3474.025
2025-07-04T21:00Z,2025-07-04 23:00,0.000,4618.283,3385.585
2025-07-04T22:00Z,2025-07-05 00:00,0.000,5164.475,5598.628
2025-07-04T23:00Z,2025-07-05 01:00,0.000,4955.017,7307.155
2025-07-05T00:00Z,2025-07-05 02:00,0.000,4735.565,9217.975
2025-07-05T01:00Z,2025-07-05 03:00,0.000,4380.320,10812.397
2025-07-05T02:00Z,2025-07-05 04:00,5.003,4167.042,12023.653
2025-07-05T03:00Z,2025-07-05 05:00,561.135,4169.380,12829.730
2025-07-05T04:00Z,2025-07-05 06:00,3521.233,4358.220,13223.730
2025-07-05T05:00Z,2025-07-05 07:00,10342.595,4693.012,12189.042
2025-07-05T06:00Z,2025-07-05 08:00,19037.778,4939.175,10483.675
2025-07-05T07:00Z,2025-07-05 09:00,26790.518,4962.570,10045.960
2025-07-05T08:00Z,2025-07-05 10:00,32196.535,4720.573,11035.515
2025-07-05T09:00Z,2025-07-05 11:00,35541.655,2954.293,12049.945
2025-07-05T10:00Z,2025-07-05 12:00,37000.988,2881.068,12711.615
2025-07-05T11:00Z,2025-07-05 13:00,37133.725,2818.890,14003.870
2025-07-05T12:00Z,2025-07-05 14:00,36018.435,2757.865,15392.568
2025-07-05T13:00Z,2025-07-05 15:00,33327.685,2783.360,16391.135
2025-07-05T14:00Z,2025-07-05 16:00,28835.870,2844.845,16922.632
2025-07-05T15:00Z,2025-07-05 17:00,22596.450,4682.825,17235.518
2025-07-05T16:00Z,2025-07-05 18:00,14527.650,4850.082,16328.680
2025-07-05T17:00Z,2025-07-05 19:00,6942.422,5085.995,13949.283
2025-07-05T18:00Z,2025-07-05 20:00,2330.740,5244.730,11266.870
2025-07-05T19:00Z,2025-07-05 21:00,221.780,5150.525,10011.865
2025-07-05T20:00Z,2025-07-05 22:00,1.913,4982.667,9427.215
2025-07-05T21:00Z,2025-07-05 23:00,0.000,4837.655,9177.647
2025-07-05T22:00Z,2025-07-06 00:00,0.000,5061.663,9788.347
2025-07-05T23:00Z,2025-07-06 01:00,0.000,4818.790,10271.548
2025-07-06T00:00Z,2025-07-06 02:00,0.000,4546.385,10964.642
2025-07-06T01:00Z,2025-07-06 03:00,0.000,4176.895,11650.217
2025-07-06T02:00Z,2025-07-06 04:00,3.510,3677.370,12231.468
2025-07-06T03:00Z,2025-07-06 05:00,415.418,3167.070,12589.215
2025-07-06T04:00Z,2025-07-06 06:00,2792.043,2786.945,12773.310
2025-07-06T05:00Z,2025-07-06 07:00,7612.038,2452.745,12145.040
2025-07-06T06:00Z,2025-07-06 08:00,13782.323,2122.202,11464.460
2025-07-06T07:00Z,2025-07-06 09:00,19856.243,1818.325,11519.427
2025-07-06T08:00Z,2025-07-06 10:00,24167.180,1599.273,12028.015
2025-07-06T09:00Z,2025-07-06 11:00,26553.603,1357.975,12499.455
2025-07-06T10:00Z,2025-07-06 12:00,27312.688,1175.392,13054.840
2025-07-06T11:00Z,2025-07-06 13:00,26204.443,997.342,13594.110
2025-07-06T12:00Z,2025-07-06 14:00,23541.370,811.540,14080.503
2025-07-06T13:00Z,2025-07-06 15:00,19910.388,638.628,14304.567
2025-07-06T14:00Z,2025-07-06 16:00,15582.682,492.697,13906.785
2025-07-06T15:00Z,2025-07-06 17:00,11343.075,387.197,13041.300
2025-07-06T16:00Z,2025-07-06 18:00,7273.042,314.457,11801.815
2025-07-06T17:00Z,2025-07-06 19:00,3733.475,276.173,10431.087
2025-07-06T18:00Z,2025-07-06 20:00,1238.713,250.738,9520.155
2025-07-06T19:00Z,2025-07-06 21:00,139.575,229.393,9375.048
2025-07-06T20:00Z,2025-07-06 22:00,1.897,231.528,9494.243
2025-07-06T21:00Z,2025-07-06 23:00,0.000,286.783,9803.917
2025-07-06T22:00Z,2025-07-07 00:00,0.000,630.707,8841.452
2025-07-06T23:00Z,2025-07-07 01:00,0.000,673.082,8483.412
2025-07-07T00:00Z,2025-07-07 02:00,0.000,705.053,8231.090
2025-07-07T01:00Z,2025-07-07 03:00,0.000,777.053,7829.940
2025-07-07T02:00Z,2025-07-07 04:00,3.527,903.155,7346.775
2025-07-07T03:00Z,2025-07-07 05:00,319.308,1066.070,6948.005
2025-07-07T04:00Z,2025-07-07 06:00,2058.352,1255.195,6610.648
2025-07-07T05:00Z,2025-07-07 07:00,5483.615,1414.310,6327.962
2025-07-07T06:00Z,2025-07-07 08:00,10185.743,1523.798,5920.852
2025-07-07T07:00Z,2025-07-07 09:00,15289.927,1644.487,5741.062
2025-07-07T08:00Z,2025-07-07 10:00,20185.680,1800.463,5549.452
2025-07-07T09:00Z,2025-07-07 11:00,24006.575,2108.898,5553.167
2025-07-07T10:00Z,2025-07-07 12:00,26886.518,2496.065,6066.225
2025-07-07T11:00Z,2025-07-07 13:00,28492.355,2863.975,7045.083
2025-07-07T12:00Z,2025-07-07 14:00,28322.720,3259.795,8166.100
2025-07-07T13:00Z,2025-07-07 15:00,26251.150,3589.095,9423.345
2025-07-07T14:00Z,2025-07-07 16:00,22322.557,3915.410,10678.405
2025-07-07T15:00Z,2025-07-07 17:00,17135.075,4309.105,11743.100
2025-07-07T16:00Z,2025-07-07 18:00,11042.485,4491.525,12424.892
2025-07-07T17:00Z,2025-07-07 19:00,5543.097,4642.773,12571.623
2025-07-07T18:00Z,2025-07-07 20:00,1923.043,4747.542,12541.318
2025-07-07T19:00Z,2025-07-07 21:00,223.450,4765.363,12971.550
2025-07-07T20:00Z,2025-07-07 22:00,2.915,4626.060,13447.267
2025-07-07T21:00Z,2025-07-07 23:00,0.000,4429.443,14195.523
2025-07-07T22:00Z,2025-07-08 00:00,0.000,2986.360,13006.835
2025-07-07T23:00Z,2025-07-08 01:00,0.000,3001.887,12750.022
2025-07-08T00:00Z,2025-07-08 02:00,0.000,3133.297,12869.587
2025-07-08T01:00Z,2025-07-08 03:00,0.000,3259.242,13033.340
2025-07-08T02:00Z,2025-07-08 04:00,2.930,3310.430,13140.362
2025-07-08T03:00Z,2025-07-08 05:00,381.520,3280.062,12734.798
2025-07-08T04:00Z,2025-07-08 06:00,2483.600,3183.405,11739.962
2025-07-08T05:00Z,2025-07-08 07:00,6877.273,3056.222,10199.400
2025-07-08T06:00Z,2025-07-08 08:00,12864.193,2872.898,8904.557
2025-07-08T07:00Z,2025-07-08 09:00,19047.800,2737.870,8398.330
2025-07-08T08:00Z,2025-07-08 10:00,24190.310,2626.970,8364.923
2025-07-08T09:00Z,2025-07-08 11:00,27594.680,2539.690,8642.878
2025-07-08T10:00Z,2025-07-08 12:00,29468.310,2434.915,9261.377
2025-07-08T11:00Z,2025-07-08 13:00,30160.695,2300.097,10055.225
2025-07-08T12:00Z,2025-07-08 14:00,29484.987,2148.993,10887.850
2025-07-08T13:00Z,2025-07-08 15:00,27643.935,2055.655,11647.430
2025-07-08T14:00Z,2025-07-08 16:00,24273.072,2086.653,12307.743
2025-07-08T15:00Z,2025-07-08 17:00,19383.347,2173.573,12702.772
2025-07-08T16:00Z,2025-07-08 18:00,13127.323,2324.622,12586.310
2025-07-08T17:00Z,2025-07-08 19:00,6834.705,2400.247,11849.837
2025-07-08T18:00Z,2025-07-08 20:00,2385.177,2420.985,11008.535
2025-07-08T19:00Z,2025-07-08 21:00,234.600,2399.710,11278.753
2025-07-08T20:00Z,2025-07-08 22:00,2.058,2361.820,11819.340
2025-07-08T21:00Z,2025-07-08 23:00,0.000,2245.960,12293.090
2025-07-08T22:00Z,2025-07-09 00:00,0.000,1829.543,12921.155
2025-07-08T23:00Z,2025-07-09 01:00,0.000,1475.165,12925.745
2025-07-09T00:00Z,2025-07-09 02:00,0.000,1148.140,12781.577
2025-07-09T01:00Z,2025-07-09 03:00,0.000,923.995,12470.917
2025-07-09T02:00Z,2025-07-09 04:00,2.333,790.085,12036.807
2025-07-09T03:00Z,2025-07-09 05:00,409.375,717.903,11397.985
2025-07-09T04:00Z,2025-07-09 06:00,2938.342,682.890,10529.305
2025-07-09T05:00Z,2025-07-09 07:00,8195.182,691.597,9558.565
2025-07-09T06:00Z,2025-07-09 08:00,14933.845,758.095,9035.435
2025-07-09T07:00Z,2025-07-09 09:00,21271.700,815.635,9254.458
2025-07-09T08:00Z,2025-07-09 10:00,26312.585,820.965,9620.807
2025-07-09T09:00Z,2025-07-09 11:00,29729.835,790.778,9901.090
2025-07-09T10:00Z,2025-07-09 12:00,31598.405,741.317,10260.775
2025-07-09T11:00Z,2025-07-09 13:00,32327.815,702.977,10726.745
2025-07-09T12:00Z,2025-07-09 14:00,31924.702,670.950,11251.125
2025-07-09T13:00Z,2025-07-09 15:00,29970.905,667.070,11620.000
2025-07-09T14:00Z,2025-07-09 16:00,26424.393,672.410,11759.327
2025-07-09T15:00Z,2025-07-09 17:00,21198.885,665.913,11397.717
2025-07-09T16:00Z,2025-07-09 18:00,14338.735,645.210,10455.708
2025-07-09T17:00Z,2025-07-09 19:00,7225.462,619.695,9016.177
2025-07-09T18:00Z,2025-07-09 20:00,2456.565,596.918,7650.540
2025-07-09T19:00Z,2025-07-09 21:00,230.255,572.925,7300.363
2025-07-09T20:00Z,2025-07-09 22:00,0.175,551.793,7307.120
2025-07-09T21:00Z,2025-07-09 23:00,0.000,537.872,7105.068
2025-07-09T22:00Z,2025-07-10 00:00,0.000,409.038,5841.083
2025-07-09T23:00Z,2025-07-10 01:00,0.000,476.820,5370.132
2025-07-10T00:00Z,2025-07-10 02:00,0.000,535.378,4965.220
2025-07-10T01:00Z,2025-07-10 03:00,0.000,588.283,4626.110
2025-07-10T02:00Z,2025-07-10 04:00,2.922,629.860,4292.860
2025-07-10T03:00Z,2025-07-10 05:00,458.758,648.898,3911.860
2025-07-10T04:00Z,2025-07-10 06:00,3349.838,638.475,3276.503
2025-07-10T05:00Z,2025-07-10 07:00,9705.513,594.418,2323.085
2025-07-10T06:00Z,2025-07-10 08:00,18567.960,525.805,1685.648
2025-07-10T07:00Z,2025-07-10 09:00,27049.162,463.592,1604.727
2025-07-10T08:00Z,2025-07-10 10:00,33081.555,429.158,1879.305
2025-07-10T09:00Z,2025-07-10 11:00,36884.312,434.627,2348.890
2025-07-10T10:00Z,2025-07-10 12:00,38674.360,484.618,2917.642
2025-07-10T11:00Z,2025-07-10 13:00,38211.620,586.425,3663.935
2025-07-10T12:00Z,2025-07-10 14:00,36032.993,704.300,4564.877
2025-07-10T13:00Z,2025-07-10 15:00,32890.430,828.308,5586.330
2025-07-10T14:00Z,2025-07-10 16:00,28146.410,939.242,6614.783
2025-07-10T15:00Z,2025-07-10 17:00,21910.997,1000.393,7324.095
2025-07-10T16:00Z,2025-07-10 18:00,14412.365,1006.663,7408.517
2025-07-10T17:00Z,2025-07-10 19:00,7121.580,978.947,6900.785
2025-07-10T18:00Z,2025-07-10 20:00,2411.310,959.842,6324.725
2025-07-10T19:00Z,2025-07-10 21:00,212.632,978.510,6249.113
2025-07-10T20:00Z,2025-07-10 22:00,0.278,1024.835,6232.667
2025-07-10T21:00Z,2025-07-10 23:00,0.000,1049.433,6076.507
2025-07-10T22:00Z,2025-07-11 00:00,0.000,1370.155,6267.765
2025-07-10T23:00Z,2025-07-11 01:00,0.000,1333.312,6056.583
2025-07-11T00:00Z,2025-07-11 02:00,0.000,1330.220,5956.903
2025-07-11T01:00Z,2025-07-11 03:00,0.000,1346.452,5884.460
2025-07-11T02:00Z,2025-07-11 04:00,1.785,1356.338,5879.550
2025-07-11T03:00Z,2025-07-11 05:00,441.192,1347.430,6005.243
2025-07-11T04:00Z,2025-07-11 06:00,3109.182,1314.215,5809.693
2025-07-11T05:00Z,2025-07-11 07:00,8744.048,1285.705,4668.198
2025-07-11T06:00Z,2025-07-11 08:00,16289.080,1250.860,3814.160
2025-07-11T07:00Z,2025-07-11 09:00,23528.485,1202.225,4315.695
2025-07-11T08:00Z,2025-07-11 10:00,29103.427,1128.822,5433.215
2025-07-11T09:00Z,2025-07-11 11:00,32698.287,1053.285,6423.725
2025-07-11T10:00Z,2025-07-11 12:00,34924.245,1012.360,7209.488
2025-07-11T11:00Z,2025-07-11 13:00,35436.702,1023.438,8010.190
2025-07-11T12:00Z,2025-07-11 14:00,34376.082,1075.540,9079.375
2025-07-11T13:00Z,2025-07-11 15:00,31737.850,1220.395,10253.415
2025-07-11T14:00Z,2025-07-11 16:00,27322.903,1495.053,11292.600
2025-07-11T15:00Z,2025-07-11 17:00,21243.683,1796.155,12019.930
2025-07-11T16:00Z,2025-07-11 18:00,13725.635,2082.497,12211.390
2025-07-11T17:00Z,2025-07-11 19:00,6625.930,2342.023,11780.055
2025-07-11T18:00Z,2025-07-11 20:00,2230.090,2580.492,11326.128
2025-07-11T19:00Z,2025-07-11 21:00,225.495,2739.425,11568.462
2025-07-11T20:00Z,2025-07-11 22:00,2.078,2820.210,11614.307
2025-07-11T21:00Z,2025-07-11 23:00,0.000,2856.990,11570.940
2025-07-11T22:00Z,2025-07-12 00:00,0.000,2533.193,8741.935
2025-07-11T23:00Z,2025-07-12 01:00,0.000,2492.463,8641.210
2025-07-12T00:00Z,2025-07-12 02:00,0.000,2530.267,8923.855
2025-07-12T01:00Z,2025-07-12 03:00,0.000,2639.207,9219.740
2025-07-12T02:00Z,2025-07-12 04:00,0.010,2919.025,9448.397
2025-07-12T03:00Z,2025-07-12 05:00,291.933,3262.798,9695.798
2025-07-12T04:00Z,2025-07-12 06:00,2330.540,3567.148,9884.950
2025-07-12T05:00Z,2025-07-12 07:00,6518.210,3701.688,9394.252
2025-07-12T06:00Z,2025-07-12 08:00,12280.685,3676.515,8531.690
2025-07-12T07:00Z,2025-07-12 09:00,18396.985,3542.757,8419.470
2025-07-12T08:00Z,2025-07-12 10:00,23495.835,3340.405,8864.827
2025-07-12T09:00Z,2025-07-12 11:00,26935.715,3093.545,9268.725
2025-07-12T10:00Z,2025-07-12 12:00,28486.965,2989.495,9555.375
2025-07-12T11:00Z,2025-07-12 13:00,28254.945,3055.233,9697.343
2025-07-12T12:00Z,2025-07-12 14:00,26847.210,3204.582,9788.993
2025-07-12T13:00Z,2025-07-12 15:00,24158.408,3308.863,9710.365
2025-07-12T14:00Z,2025-07-12 16:00,20325.452,3382.045,9532.225
2025-07-12T15:00Z,2025-07-12 17:00,15853.988,3443.693,9218.017
2025-07-12T16:00Z,2025-07-12 18:00,10624.382,3530.190,8608.612
2025-07-12T17:00Z,2025-07-12 19:00,5536.087,3593.890,7686.842
2025-07-12T18:00Z,2025-07-12 20:00,1861.205,3627.217,6857.465
2025-07-12T19:00Z,2025-07-12 21:00,165.457,3576.630,6538.670
2025-07-12T20:00Z,2025-07-12 22:00,0.000,3366.523,6226.443
2025-07-12T21:00Z,2025-07-12 23:00,0.000,3052.200,5898.677
2025-07-12T22:00Z,2025-07-13 00:00,0.000,2817.550,5284.682
2025-07-12T23:00Z,2025-07-13 01:00,0.000,2607.548,4906.922
2025-07-13T00:00Z,2025-07-13 02:00,0.000,2268.090,4732.105
2025-07-13T01:00Z,2025-07-13 03:00,0.000,1817.878,4488.128
2025-07-13T02:00Z,2025-07-13 04:00,0.020,1460.303,4228.938
2025-07-13T03:00Z,2025-07-13 05:00,287.233,1239.497,4008.122
2025-07-13T04:00Z,2025-07-13 06:00,2468.173,1127.650,3732.060
2025-07-13T05:00Z,2025-07-13 07:00,7447.565,1100.430,3342.040
2025-07-13T06:00Z,2025-07-13 08:00,14516.868,1166.890,3001.593
2025-07-13T07:00Z,2025-07-13 09:00,21682.798,1281.257,2877.727
2025-07-13T08:00Z,2025-07-13 10:00,27773.208,1358.912,2887.830
2025-07-13T09:00Z,2025-07-13 11:00,32036.170,1355.947,3040.680
2025-07-13T10:00Z,2025-07-13 12:00,34599.320,1292.863,3232.472
2025-07-13T11:00Z,2025-07-13 13:00,35597.217,1245.925,3411.730
2025-07-13T12:00Z,2025-07-13 14:00,35211.270,1213.783,3542.720
2025-07-13T13:00Z,2025-07-13 15:00,33116.308,1216.340,3621.235
2025-07-13T14:00Z,2025-07-13 16:00,28922.807,1256.803,3605.617
2025-07-13T15:00Z,2025-07-13 17:00,22764.585,1320.985,3443.548
2025-07-13T16:00Z,2025-07-13 18:00,14789.427,1345.957,3183.950
2025-07-13T17:00Z,2025-07-13 19:00,7027.452,1345.898,2738.472
2025-07-13T18:00Z,2025-07-13 20:00,2314.602,1320.753,2271.545
2025-07-13T19:00Z,2025-07-13 21:00,189.500,1261.133,2088.710
2025-07-13T20:00Z,2025-07-13 22:00,0.000,1162.258,1954.090
2025-07-13T21:00Z,2025-07-13 23:00,0.000,1045.500,1837.670
2025-07-13T22:00Z,2025-07-14 00:00,0.000,968.515,1972.800
2025-07-13T23:00Z,2025-07-14 01:00,0.000,772.160,2083.892
2025-07-14T00:00Z,2025-07-14 02:00,0.000,552.740,2403.028
2025-07-14T01:00Z,2025-07-14 03:00,0.000,390.765,2771.790
2025-07-14T02:00Z,2025-07-14 04:00,0.013,288.683,3155.352
2025-07-14T03:00Z,2025-07-14 05:00,376.863,229.180,3535.477
2025-07-14T04:00Z,2025-07-14 06:00,3036.783,191.918,3762.875
2025-07-14T05:00Z,2025-07-14 07:00,8989.175,150.923,3636.240
2025-07-14T06:00Z,2025-07-14 08:00,16399.932,110.632,3057.980
2025-07-14T07:00Z,2025-07-14 09:00,22980.300,79.797,2783.472
2025-07-14T08:00Z,2025-07-14 10:00,27671.302,55.860,3254.637
2025-07-14T09:00Z,2025-07-14 11:00,30166.645,41.867,4063.323
2025-07-14T10:00Z,2025-07-14 12:00,31062.085,33.233,5096.998
2025-07-14T11:00Z,2025-07-14 13:00,31266.325,28.233,6189.495
2025-07-14T12:00Z,2025-07-14 14:00,30108.110,28.715,7064.230
2025-07-14T13:00Z,2025-07-14 15:00,28080.340,30.550,7657.677
2025-07-14T14:00Z,2025-07-14 16:00,24616.370,33.260,7861.810
2025-07-14T15:00Z,2025-07-14 17:00,19493.263,38.443,7499.958
2025-07-14T16:00Z,2025-07-14 18:00,13022.395,42.477,6520.872
2025-07-14T17:00Z,2025-07-14 19:00,6555.840,45.315,5194.182
2025-07-14T18:00Z,2025-07-14 20:00,2164.020,47.415,4303.882
2025-07-14T19:00Z,2025-07-14 21:00,176.053,61.055,4187.743
2025-07-14T20:00Z,2025-07-14 22:00,0.000,101.685,4155.292
2025-07-14T21:00Z,2025-07-14 23:00,0.000,181.755,4115.887
2025-07-14T22:00Z,2025-07-15 00:00,0.000,337.788,5257.712
2025-07-14T23:00Z,2025-07-15 01:00,0.000,667.908,5649.900
2025-07-15T00:00Z,2025-07-15 02:00,0.000,1092.430,6368.165
2025-07-15T01:00Z,2025-07-15 03:00,0.000,1515.783,7149.930
2025-07-15T02:00Z,2025-07-15 04:00,0.000,1840.520,7870.010
2025-07-15T03:00Z,2025-07-15 05:00,332.250,2036.855,8387.233
2025-07-15T04:00Z,2025-07-15 06:00,2744.962,2079.185,8673.228
2025-07-15T05:00Z,2025-07-15 07:00,7986.125,2072.753,8414.445
2025-07-15T06:00Z,2025-07-15 08:00,14974.593,2102.725,7809.200
2025-07-15T07:00Z,2025-07-15 09:00,21749.395,1958.635,7829.882
2025-07-15T08:00Z,2025-07-15 10:00,27062.650,1764.193,8262.750
2025-07-15T09:00Z,2025-07-15 11:00,30554.140,1686.848,8817.065
2025-07-15T10:00Z,2025-07-15 12:00,32359.830,1665.862,9694.802
2025-07-15T11:00Z,2025-07-15 13:00,32893.628,1650.128,10958.255
2025-07-15T12:00Z,2025-07-15 14:00,31926.025,1570.870,12202.850
2025-07-15T13:00Z,2025-07-15 15:00,29838.520,1521.185,12890.920
2025-07-15T14:00Z,2025-07-15 16:00,25952.173,1439.410,12721.305
2025-07-15T15:00Z,2025-07-15 17:00,20612.388,1314.092,11720.815
2025-07-15T16:00Z,2025-07-15 18:00,13576.395,1200.017,9720.432
2025-07-15T17:00Z,2025-07-15 19:00,6649.475,1109.115,7222.290
2025-07-15T18:00Z,2025-07-15 20:00,2145.695,1001.480,5245.262
2025-07-15T19:00Z,2025-07-15 21:00,173.040,906.452,4206.830
2025-07-15T20:00Z,2025-07-15 22:00,0.000,853.507,3674.405
2025-07-15T21:00Z,2025-07-15 23:00,0.000,893.033,3586.560
2025-07-15T22:00Z,2025-07-16 00:00,0.000,1087.222,5465.165
2025-07-15T23:00Z,2025-07-16 01:00,0.000,1239.382,6194.238
2025-07-16T00:00Z,2025-07-16 02:00,0.000,1383.523,7236.507
2025-07-16T01:00Z,2025-07-16 03:00,0.000,1488.878,8146.048
2025-07-16T02:00Z,2025-07-16 04:00,0.000,1597.830,8829.315
2025-07-16T03:00Z,2025-07-16 05:00,278.517,1624.185,9221.962
2025-07-16T04:00Z,2025-07-16 06:00,2370.490,1538.305,9405.915
2025-07-16T05:00Z,2025-07-16 07:00,7013.712,1415.148,8725.255
2025-07-16T06:00Z,2025-07-16 08:00,12810.555,1267.375,8006.682
2025-07-16T07:00Z,2025-07-16 09:00,18104.015,1095.235,8339.853
2025-07-16T08:00Z,2025-07-16 10:00,21941.483,925.077,9179.583
2025-07-16T09:00Z,2025-07-16 11:00,24372.660,785.755,9624.007
2025-07-16T10:00Z,2025-07-16 12:00,25972.222,698.562,9917.280
2025-07-16T11:00Z,2025-07-16 13:00,26823.783,661.143,10290.108
2025-07-16T12:00Z,2025-07-16 14:00,26437.193,649.783,10791.355
2025-07-16T13:00Z,2025-07-16 15:00,24952.768,672.390,11257.337
2025-07-16T14:00Z,2025-07-16 16:00,21958.400,740.000,11505.077
2025-07-16T15:00Z,2025-07-16 17:00,17526.020,857.160,11508.485
2025-07-16T16:00Z,2025-07-16 18:00,11796.638,1006.580,10885.567
2025-07-16T17:00Z,2025-07-16 19:00,5973.068,1164.340,9586.323
2025-07-16T18:00Z,2025-07-16 20:00,1945.743,1347.335,8364.202
2025-07-16T19:00Z,2025-07-16 21:00,151.007,1520.845,7955.160
2025-07-16T20:00Z,2025-07-16 22:00,0.000,1663.845,8128.165
2025-07-16T21:00Z,2025-07-16 23:00,0.000,1810.443,8465.855
2025-07-16T22:00Z,2025-07-17 00:00,0.000,2138.565,8325.028
2025-07-16T23:00Z,2025-07-17 01:00,0.000,2301.025,8591.980
2025-07-17T00:00Z,2025-07-17 02:00,0.000,2357.685,9112.060
2025-07-17T01:00Z,2025-07-17 03:00,0.000,2340.938,9539.545
2025-07-17T02:00Z,2025-07-17 04:00,0.000,2327.715,9846.635
2025-07-17T03:00Z,2025-07-17 05:00,255.105,2451.878,10116.550
2025-07-17T04:00Z,2025-07-17 06:00,2485.963,2664.410,10147.185
2025-07-17T05:00Z,2025-07-17 07:00,7324.810,2787.832,9635.597
2025-07-17T06:00Z,2025-07-17 08:00,13883.410,2647.412,9573.253
2025-07-17T07:00Z,2025-07-17 09:00,20527.397,2383.835,10458.858
2025-07-17T08:00Z,2025-07-17 10:00,25882.018,2192.823,11548.435
2025-07-17T09:00Z,2025-07-17 11:00,29251.323,2030.023,12212.725
2025-07-17T10:00Z,2025-07-17 12:00,31019.228,1975.602,12661.432
2025-07-17T11:00Z,2025-07-17 13:00,31171.235,1977.280,13059.445
2025-07-17T12:00Z,2025-07-17 14:00,29920.732,2015.423,13538.388
2025-07-17T13:00Z,2025-07-17 15:00,27443.272,2034.880,13702.955
2025-07-17T14:00Z,2025-07-17 16:00,23457.357,2003.658,13442.105
2025-07-17T15:00Z,2025-07-17 17:00,18241.542,1940.120,12805.442
2025-07-17T16:00Z,2025-07-17 18:00,11951.055,1824.503,11720.445
2025-07-17T17:00Z,2025-07-17 19:00,5878.812,1669.595,10251.515
2025-07-17T18:00Z,2025-07-17 20:00,1900.112,1470.680,9051.115
2025-07-17T19:00Z,2025-07-17 21:00,166.925,1222.048,8378.218
2025-07-17T20:00Z,2025-07-17 22:00,0.000,964.413,7730.260
2025-07-17T21:00Z,2025-07-17 23:00,0.000,758.788,6922.163
2025-07-17T22:00Z,2025-07-18 00:00,0.000,767.518,5657.878
2025-07-17T23:00Z,2025-07-18 01:00,0.000,599.163,4768.887
2025-07-18T00:00Z,2025-07-18 02:00,0.000,465.337,3989.688
2025-07-18T01:00Z,2025-07-18 03:00,0.000,364.702,3236.850
2025-07-18T02:00Z,2025-07-18 04:00,0.000,294.188,2538.820
2025-07-18T03:00Z,2025-07-18 05:00,207.748,241.977,1978.832
2025-07-18T04:00Z,2025-07-18 06:00,2280.245,194.300,1496.662
2025-07-18T05:00Z,2025-07-18 07:00,7497.915,142.523,1063.525
2025-07-18T06:00Z,2025-07-18 08:00,15115.972,100.820,777.170
2025-07-18T07:00Z,2025-07-18 09:00,22901.232,62.252,633.592
2025-07-18T08:00Z,2025-07-18 10:00,29286.900,37.093,580.852
2025-07-18T09:00Z,2025-07-18 11:00,33728.982,26.462,585.225
2025-07-18T10:00Z,2025-07-18 12:00,36268.615,21.130,601.202
2025-07-18T11:00Z,2025-07-18 13:00,37283.345,19.490,621.155
2025-07-18T12:00Z,2025-07-18 14:00,36622.505,21.420,635.835
2025-07-18T13:00Z,2025-07-18 15:00,34177.418,23.985,654.977
2025-07-18T14:00Z,2025-07-18 16:00,29678.928,27.133,663.678
2025-07-18T15:00Z,2025-07-18 17:00,23202.838,30.150,680.513
2025-07-18T16:00Z,2025-07-18 18:00,14907.205,29.860,710.723
2025-07-18T17:00Z,2025-07-18 19:00,6888.410,31.828,766.870
2025-07-18T18:00Z,2025-07-18 20:00,2135.983,37.090,932.655
2025-07-18T19:00Z,2025-07-18 21:00,140.705,42.145,1216.525
2025-07-18T20:00Z,2025-07-18 22:00,0.000,54.220,1494.138
2025-07-18T21:00Z,2025-07-18 23:00,0.000,65.945,1708.442
2025-07-18T22:00Z,2025-07-19 00:00,0.000,71.280,1620.770
2025-07-18T23:00Z,2025-07-19 01:00,0.000,96.095,1809.565
2025-07-19T00:00Z,2025-07-19 02:00,0.000,106.347,2103.805
2025-07-19T01:00Z,2025-07-19 03:00,0.000,106.230,2319.602
2025-07-19T02:00Z,2025-07-19 04:00,0.000,104.248,2544.515
2025-07-19T03:00Z,2025-07-19 05:00,299.317,115.400,2845.800
2025-07-19T04:00Z,2025-07-19 06:00,2860.770,135.827,3099.600
2025-07-19T05:00Z,2025-07-19 07:00,9902.800,154.650,3037.967
2025-07-19T06:00Z,2025-07-19 08:00,20441.435,183.500,2445.682
2025-07-19T07:00Z,2025-07-19 09:00,30640.980,216.507,1845.995
2025-07-19T08:00Z,2025-07-19 10:00,38202.762,259.115,1826.170
2025-07-19T09:00Z,2025-07-19 11:00,42912.335,348.678,2218.430
2025-07-19T10:00Z,2025-07-19 12:00,45204.440,472.925,2591.093
2025-07-19T11:00Z,2025-07-19 13:00,44984.060,597.555,2859.460
2025-07-19T12:00Z,2025-07-19 14:00,42357.753,737.317,3132.903
2025-07-19T13:00Z,2025-07-19 15:00,37608.277,893.035,3581.003
2025-07-19T14:00Z,2025-07-19 16:00,30789.845,1215.963,4150.750
2025-07-19T15:00Z,2025-07-19 17:00,22256.580,1459.523,4524.460
2025-07-19T16:00Z,2025-07-19 18:00,13245.585,1788.550,4844.842
2025-07-19T17:00Z,2025-07-19 19:00,5834.080,2147.080,5685.967
2025-07-19T18:00Z,2025-07-19 20:00,1743.192,2534.717,7673.470
2025-07-19T19:00Z,2025-07-19 21:00,114.127,2951.515,10305.688
2025-07-19T20:00Z,2025-07-19 22:00,0.000,3363.555,11903.237
2025-07-19T21:00Z,2025-07-19 23:00,0.000,3702.722,12213.980
2025-07-19T22:00Z,2025-07-20 00:00,0.000,4195.033,12638.142
2025-07-19T23:00Z,2025-07-20 01:00,0.000,4126.007,11555.875
2025-07-20T00:00Z,2025-07-20 02:00,0.000,3880.720,10486.377
2025-07-20T01:00Z,2025-07-20 03:00,0.000,3526.850,9549.907
2025-07-20T02:00Z,2025-07-20 04:00,0.000,3126.613,8769.910
2025-07-20T03:00Z,2025-07-20 05:00,272.385,2731.992,8089.890
2025-07-20T04:00Z,2025-07-20 06:00,2705.068,2313.785,7233.122
2025-07-20T05:00Z,2025-07-20 07:00,8695.935,2017.877,5586.922
2025-07-20T06:00Z,2025-07-20 08:00,17224.950,1771.812,3874.405
2025-07-20T07:00Z,2025-07-20 09:00,25598.497,1524.170,2946.662
2025-07-20T08:00Z,2025-07-20 10:00,32154.480,1368.950,2782.463
2025-07-20T09:00Z,2025-07-20 11:00,36376.430,1201.628,2956.905
2025-07-20T10:00Z,2025-07-20 12:00,38387.792,1029.350,3107.543
2025-07-20T11:00Z,2025-07-20 13:00,37924.753,847.820,3028.293
2025-07-20T12:00Z,2025-07-20 14:00,35699.540,741.330,2771.525
2025-07-20T13:00Z,2025-07-20 15:00,31744.455,674.000,2566.278
2025-07-20T14:00Z,2025-07-20 16:00,26031.732,641.692,2655.273
2025-07-20T15:00Z,2025-07-20 17:00,19076.928,709.985,3027.790
2025-07-20T16:00Z,2025-07-20 18:00,11701.892,830.780,3200.530
2025-07-20T17:00Z,2025-07-20 19:00,5538.995,988.495,3689.952
2025-07-20T18:00Z,2025-07-20 20:00,1704.030,1118.578,4668.363
2025-07-20T19:00Z,2025-07-20 21:00,212.028,1150.592,5910.545
2025-07-20T20:00Z,2025-07-20 22:00,0.000,1159.895,7153.012
2025-07-20T21:00Z,2025-07-20 23:00,0.000,1125.428,7911.860
2025-07-20T22:00Z,2025-07-21 00:00,0.000,1503.322,10286.105
2025-07-20T23:00Z,2025-07-21 01:00,0.000,1359.892,9950.962
2025-07-21T00:00Z,2025-07-21 02:00,0.000,1284.785,9635.990
2025-07-21T01:00Z,2025-07-21 03:00,0.000,1286.475,9180.368
2025-07-21T02:00Z,2025-07-21 04:00,0.000,1335.900,8546.555
2025-07-21T03:00Z,2025-07-21 05:00,197.597,1345.568,7810.695
2025-07-21T04:00Z,2025-07-21 06:00,1543.428,1281.440,6911.708
2025-07-21T05:00Z,2025-07-21 07:00,4332.760,1189.217,5610.725
2025-07-21T06:00Z,2025-07-21 08:00,7758.362,1096.953,4465.640
2025-07-21T07:00Z,2025-07-21 09:00,11329.130,1024.210,3882.690
2025-07-21T08:00Z,2025-07-21 10:00,14399.958,929.050,3853.062
2025-07-21T09:00Z,2025-07-21 11:00,16799.150,802.678,4214.875
2025-07-21T10:00Z,2025-07-21 12:00,18597.493,679.215,4884.297
2025-07-21T11:00Z,2025-07-21 13:00,19867.377,598.467,5724.653
2025-07-21T12:00Z,2025-07-21 14:00,20368.815,598.175,6646.275
2025-07-21T13:00Z,2025-07-21 15:00,19828.980,654.525,7466.085
2025-07-21T14:00Z,2025-07-21 16:00,17770.060,790.913,8017.988
2025-07-21T15:00Z,2025-07-21 17:00,14611.070,986.720,8150.870
2025-07-21T16:00Z,2025-07-21 18:00,10020.210,1184.780,8170.637
2025-07-21T17:00Z,2025-07-21 19:00,5037.007,1359.670,8269.382
2025-07-21T18:00Z,2025-07-21 20:00,1619.797,1431.320,8698.435
2025-07-21T19:00Z,2025-07-21 21:00,153.572,1428.497,9411.025
2025-07-21T20:00Z,2025-07-21 22:00,0.000,1366.793,10128.997
2025-07-21T21:00Z,2025-07-21 23:00,0.000,1244.077,10838.460
2025-07-21T22:00Z,2025-07-22 00:00,0.000,871.785,11507.275
2025-07-21T23:00Z,2025-07-22 01:00,0.000,764.928,11895.695
2025-07-22T00:00Z,2025-07-22 02:00,0.000,660.007,12434.628
2025-07-22T01:00Z,2025-07-22 03:00,0.000,575.398,12795.125
2025-07-22T02:00Z,2025-07-22 04:00,0.000,539.317,12998.340
2025-07-22T03:00Z,2025-07-22 05:00,172.150,522.470,13171.560
2025-07-22T04:00Z,2025-07-22 06:00,2030.662,540.747,13449.612
2025-07-22T05:00Z,2025-07-22 07:00,6555.540,580.375,13431.812
2025-07-22T06:00Z,2025-07-22 08:00,12509.995,629.065,13895.500
2025-07-22T07:00Z,2025-07-22 09:00,18098.263,657.385,14748.878
2025-07-22T08:00Z,2025-07-22 10:00,22944.077,657.080,15415.040
2025-07-22T09:00Z,2025-07-22 11:00,26910.943,656.280,16100.915
2025-07-22T10:00Z,2025-07-22 12:00,29833.830,681.925,16995.275
2025-07-22T11:00Z,2025-07-22 13:00,30931.667,781.503,18052.095
2025-07-22T12:00Z,2025-07-22 14:00,30799.728,920.820,19260.317
2025-07-22T13:00Z,2025-07-22 15:00,28914.013,1005.625,19687.800
2025-07-22T14:00Z,2025-07-22 16:00,25069.802,1077.717,19226.425
2025-07-22T15:00Z,2025-07-22 17:00,19711.295,1196.530,18017.325
2025-07-22T16:00Z,2025-07-22 18:00,12692.095,1317.485,16214.915
2025-07-22T17:00Z,2025-07-22 19:00,5880.443,1428.965,14434.632
2025-07-22T18:00Z,2025-07-22 20:00,1743.273,1510.645,13613.250
2025-07-22T19:00Z,2025-07-22 21:00,99.695,1586.662,13889.417
2025-07-22T20:00Z,2025-07-22 22:00,0.000,1752.112,14698.497
2025-07-22T21:00Z,2025-07-22 23:00,0.000,1990.783,15823.352
2025-07-22T22:00Z,2025-07-23 00:00,0.000,2710.338,19987.515
2025-07-22T23:00Z,2025-07-23 01:00,0.000,2864.795,20682.670
2025-07-23T00:00Z,2025-07-23 02:00,0.000,3004.543,20887.675
2025-07-23T01:00Z,2025-07-23 03:00,0.000,3036.472,20749.188
2025-07-23T02:00Z,2025-07-23 04:00,0.000,2952.690,20403.803
2025-07-23T03:00Z,2025-07-23 05:00,131.285,2857.258,20005.450
2025-07-23T04:00Z,2025-07-23 06:00,1941.868,2819.605,20026.908
2025-07-23T05:00Z,2025-07-23 07:00,7011.475,2736.202,19421.432
2025-07-23T06:00Z,2025-07-23 08:00,14631.985,2795.287,19179.732
2025-07-23T07:00Z,2025-07-23 09:00,22035.255,2816.658,19622.647
2025-07-23T08:00Z,2025-07-23 10:00,27462.138,2740.293,20154.495
2025-07-23T09:00Z,2025-07-23 11:00,31069.130,2647.190,20387.583
2025-07-23T10:00Z,2025-07-23 12:00,33122.995,2610.878,20305.725
2025-07-23T11:00Z,2025-07-23 13:00,33472.350,2610.715,19934.235
2025-07-23T12:00Z,2025-07-23 14:00,32532.620,2612.468,19737.253
2025-07-23T13:00Z,2025-07-23 15:00,30358.865,2638.483,18919.193
2025-07-23T14:00Z,2025-07-23 16:00,26228.120,2654.037,17406.822
2025-07-23T15:00Z,2025-07-23 17:00,20436.982,2719.757,15442.847
2025-07-23T16:00Z,2025-07-23 18:00,12934.285,2754.520,13348.108
2025-07-23T17:00Z,2025-07-23 19:00,5730.280,2848.243,11369.000
2025-07-23T18:00Z,2025-07-23 20:00,1628.950,2703.150,9819.765
2025-07-23T19:00Z,2025-07-23 21:00,76.825,2481.220,8855.375
2025-07-23T20:00Z,2025-07-23 22:00,0.000,2263.280,8099.365
2025-07-23T21:00Z,2025-07-23 23:00,0.000,2043.283,7533.240
2025-07-23T22:00Z,2025-07-24 00:00,0.000,1405.125,6528.335
2025-07-23T23:00Z,2025-07-24 01:00,0.000,1125.358,6028.422
2025-07-24T00:00Z,2025-07-24 02:00,0.000,943.390,5703.585
2025-07-24T01:00Z,2025-07-24 03:00,0.000,836.445,5234.127
2025-07-24T02:00Z,2025-07-24 04:00,0.000,752.440,4670.917
2025-07-24T03:00Z,2025-07-24 05:00,145.285,653.690,4153.460
2025-07-24T04:00Z,2025-07-24 06:00,1798.390,554.485,3621.505
2025-07-24T05:00Z,2025-07-24 07:00,5978.320,477.983,2936.338
2025-07-24T06:00Z,2025-07-24 08:00,11840.725,442.920,2451.912
2025-07-24T07:00Z,2025-07-24 09:00,18003.713,419.355,2265.842
2025-07-24T08:00Z,2025-07-24 10:00,23264.518,383.200,2263.395
2025-07-24T09:00Z,2025-07-24 11:00,27078.550,356.500,2375.820
2025-07-24T10:00Z,2025-07-24 12:00,29329.487,338.125,2533.115
2025-07-24T11:00Z,2025-07-24 13:00,29668.815,337.735,2687.965
2025-07-24T12:00Z,2025-07-24 14:00,28867.240,377.288,2903.775
2025-07-24T13:00Z,2025-07-24 15:00,26468.045,491.462,2985.068
2025-07-24T14:00Z,2025-07-24 16:00,22322.835,698.865,2973.715
2025-07-24T15:00Z,2025-07-24 17:00,17064.173,990.855,2921.075
2025-07-24T16:00Z,2025-07-24 18:00,11010.085,1274.615,2788.222
2025-07-24T17:00Z,2025-07-24 19:00,5316.698,1465.457,2548.135
2025-07-24T18:00Z,2025-07-24 20:00,1476.767,1549.185,2404.475
2025-07-24T19:00Z,2025-07-24 21:00,69.537,1590.345,2331.000
2025-07-24T20:00Z,2025-07-24 22:00,0.000,1647.952,2412.980
2025-07-24T21:00Z,2025-07-24 23:00,0.000,1721.140,2562.235
2025-07-24T22:00Z,2025-07-25 00:00,0.000,1603.473,2283.738
2025-07-24T23:00Z,2025-07-25 01:00,0.000,1609.525,2443.423
2025-07-25T00:00Z,2025-07-25 02:00,0.000,1615.025,2725.325
2025-07-25T01:00Z,2025-07-25 03:00,0.000,1668.420,2814.012
2025-07-25T02:00Z,2025-07-25 04:00,0.000,1720.827,2815.787
2025-07-25T03:00Z,2025-07-25 05:00,121.488,1600.440,2893.323
2025-07-25T04:00Z,2025-07-25 06:00,1760.975,1375.162,2872.785
2025-07-25T05:00Z,2025-07-25 07:00,6031.720,1252.290,2575.035
2025-07-25T06:00Z,2025-07-25 08:00,12471.240,1108.808,2405.015
2025-07-25T07:00Z,2025-07-25 09:00,19168.042,960.825,2580.890
2025-07-25T08:00Z,2025-07-25 10:00,24582.068,881.232,2932.972
2025-07-25T09:00Z,2025-07-25 11:00,28207.963,848.230,3222.230
2025-07-25T10:00Z,2025-07-25 12:00,30363.170,822.898,3499.628
2025-07-25T11:00Z,2025-07-25 13:00,31277.200,791.362,3847.285
2025-07-25T12:00Z,2025-07-25 14:00,30210.845,764.570,4356.060
2025-07-25T13:00Z,2025-07-25 15:00,28211.480,808.365,4890.840
2025-07-25T14:00Z,2025-07-25 16:00,24522.125,900.655,5382.600
2025-07-25T15:00Z,2025-07-25 17:00,18910.243,997.588,5697.020
2025-07-25T16:00Z,2025-07-25 18:00,12089.680,1045.227,5756.688
2025-07-25T17:00Z,2025-07-25 19:00,5681.685,1025.638,5554.870
2025-07-25T18:00Z,2025-07-25 20:00,1579.408,937.783,5239.812
2025-07-25T19:00Z,2025-07-25 21:00,75.108,798.685,4954.517
2025-07-25T20:00Z,2025-07-25 22:00,0.000,664.153,4874.248
2025-07-25T21:00Z,2025-07-25 23:00,0.000,607.788,4887.895
2025-07-25T22:00Z,2025-07-26 00:00,0.000,700.007,4402.905
2025-07-25T23:00Z,2025-07-26 01:00,0.000,899.898,4025.385
2025-07-26T00:00Z,2025-07-26 02:00,0.000,1144.588,3723.432
2025-07-26T01:00Z,2025-07-26 03:00,0.000,1302.560,3472.700
2025-07-26T02:00Z,2025-07-26 04:00,0.000,1353.210,3227.483
2025-07-26T03:00Z,2025-07-26 05:00,114.830,1271.818,2935.410
2025-07-26T04:00Z,2025-07-26 06:00,1789.310,1078.775,2558.920
2025-07-26T05:00Z,2025-07-26 07:00,6344.892,823.610,2025.787
2025-07-26T06:00Z,2025-07-26 08:00,13008.278,592.450,1638.452
2025-07-26T07:00Z,2025-07-26 09:00,19544.420,432.370,1479.585
2025-07-26T08:00Z,2025-07-26 10:00,24580.350,343.498,1358.735
2025-07-26T09:00Z,2025-07-26 11:00,28110.110,322.773,1285.980
2025-07-26T10:00Z,2025-07-26 12:00,30497.987,366.110,1391.865
2025-07-26T11:00Z,2025-07-26 13:00,31258.620,464.865,1654.653
2025-07-26T12:00Z,2025-07-26 14:00,30366.537,592.785,2008.088
2025-07-26T13:00Z,2025-07-26 15:00,27841.290,709.415,2297.010
2025-07-26T14:00Z,2025-07-26 16:00,23606.697,781.035,2547.370
2025-07-26T15:00Z,2025-07-26 17:00,17905.493,800.285,2642.988
2025-07-26T16:00Z,2025-07-26 18:00,11062.885,779.405,2441.620
2025-07-26T17:00Z,2025-07-26 19:00,5021.530,741.862,2085.378
2025-07-26T18:00Z,2025-07-26 20:00,1341.420,680.395,1770.862
2025-07-26T19:00Z,2025-07-26 21:00,59.395,651.523,1536.005
2025-07-26T20:00Z,2025-07-26 22:00,0.000,656.227,1440.678
2025-07-26T21:00Z,2025-07-26 23:00,0.000,683.962,1431.428
2025-07-26T22:00Z,2025-07-27 00:00,0.000,578.663,1147.152
2025-07-26T23:00Z,2025-07-27 01:00,0.000,708.717,1258.197
2025-07-27T00:00Z,2025-07-27 02:00,0.000,882.040,1532.025
2025-07-27T01:00Z,2025-07-27 03:00,0.000,1095.908,1722.380
2025-07-27T02:00Z,2025-07-27 04:00,0.000,1346.517,1830.142
2025-07-27T03:00Z,2025-07-27 05:00,105.095,1517.983,1927.345
2025-07-27T04:00Z,2025-07-27 06:00,1531.155,1492.923,2082.597
2025-07-27T05:00Z,2025-07-27 07:00,5327.667,1302.320,2159.113
2025-07-27T06:00Z,2025-07-27 08:00,11075.538,1081.930,2034.050
2025-07-27T07:00Z,2025-07-27 09:00,17304.285,887.390,1906.110
2025-07-27T08:00Z,2025-07-27 10:00,22436.847,724.340,1965.015
2025-07-27T09:00Z,2025-07-27 11:00,25835.028,617.788,2247.280
2025-07-27T10:00Z,2025-07-27 12:00,28225.818,555.247,2728.815
2025-07-27T11:00Z,2025-07-27 13:00,29078.507,535.990,3382.135
2025-07-27T12:00Z,2025-07-27 14:00,27994.978,571.023,4216.135
2025-07-27T13:00Z,2025-07-27 15:00,25547.180,677.743,5064.908
2025-07-27T14:00Z,2025-07-27 16:00,21121.263,801.380,5868.325
2025-07-27T15:00Z,2025-07-27 17:00,15798.225,920.312,6452.725
2025-07-27T16:00Z,2025-07-27 18:00,9813.165,1006.903,6685.955
2025-07-27T17:00Z,2025-07-27 19:00,4595.922,1023.015,6615.175
2025-07-27T18:00Z,2025-07-27 20:00,1196.267,1020.778,6381.695
2025-07-27T19:00Z,2025-07-27 21:00,58.900,1024.615,6096.153
2025-07-27T20:00Z,2025-07-27 22:00,0.000,1039.447,6124.065
2025-07-27T21:00Z,2025-07-27 23:00,0.000,1118.408,6334.795
2025-07-27T22:00Z,2025-07-28 00:00,0.000,867.185,5832.175
2025-07-27T23:00Z,2025-07-28 01:00,0.000,1028.882,6467.300
2025-07-28T00:00Z,2025-07-28 02:00,0.000,1181.015,7349.823
2025-07-28T01:00Z,2025-07-28 03:00,0.000,1343.588,8078.948
2025-07-28T02:00Z,2025-07-28 04:00,0.000,1489.517,8504.858
2025-07-28T03:00Z,2025-07-28 05:00,99.265,1577.432,8632.907
2025-07-28T04:00Z,2025-07-28 06:00,1250.540,1604.290,8619.212
2025-07-28T05:00Z,2025-07-28 07:00,4268.927,1536.993,8242.712
2025-07-28T06:00Z,2025-07-28 08:00,8974.503,1355.053,7909.600
2025-07-28T07:00Z,2025-07-28 09:00,14278.585,1143.402,8180.067
2025-07-28T08:00Z,2025-07-28 10:00,19068.225,1002.360,8778.903
2025-07-28T09:00Z,2025-07-28 11:00,22649.717,1011.410,9443.865
2025-07-28T10:00Z,2025-07-28 12:00,24747.965,1120.562,10445.573
2025-07-28T11:00Z,2025-07-28 13:00,25476.312,1242.888,11774.935
2025-07-28T12:00Z,2025-07-28 14:00,25158.603,1409.590,13164.757
2025-07-28T13:00Z,2025-07-28 15:00,23918.783,1639.255,14150.997
2025-07-28T14:00Z,2025-07-28 16:00,21008.342,1898.793,14724.202
2025-07-28T15:00Z,2025-07-28 17:00,16657.077,2171.630,14800.038
2025-07-28T16:00Z,2025-07-28 18:00,10683.450,2484.070,14077.985
2025-07-28T17:00Z,2025-07-28 19:00,5016.417,2735.250,12611.403
2025-07-28T18:00Z,2025-07-28 20:00,1339.538,2855.068,11722.208
2025-07-28T19:00Z,2025-07-28 21:00,77.442,2951.097,11620.733
2025-07-28T20:00Z,2025-07-28 22:00,0.000,3030.188,11787.993
2025-07-28T21:00Z,2025-07-28 23:00,0.000,3141.680,12152.102
2025-07-28T22:00Z,2025-07-29 00:00,0.000,3677.093,13254.123
2025-07-28T23:00Z,2025-07-29 01:00,0.000,3723.280,13340.250
2025-07-29T00:00Z,2025-07-29 02:00,0.000,3768.165,13340.493
2025-07-29T01:00Z,2025-07-29 03:00,0.000,3941.182,12922.452
2025-07-29T02:00Z,2025-07-29 04:00,0.000,4217.930,12196.917
2025-07-29T03:00Z,2025-07-29 05:00,104.220,4514.068,11417.035
2025-07-29T04:00Z,2025-07-29 06:00,1729.645,4727.030,10554.327
2025-07-29T05:00Z,2025-07-29 07:00,6356.915,4786.515,9385.662
2025-07-29T06:00Z,2025-07-29 08:00,13416.825,4624.650,8904.057
2025-07-29T07:00Z,2025-07-29 09:00,20974.028,4180.943,8993.970
2025-07-29T08:00Z,2025-07-29 10:00,27729.972,3826.713,9356.068
2025-07-29T09:00Z,2025-07-29 11:00,32525.397,3574.028,9914.660
2025-07-29T10:00Z,2025-07-29 12:00,35349.735,3455.620,10577.042
2025-07-29T11:00Z,2025-07-29 13:00,36255.135,3396.628,11263.155
2025-07-29T12:00Z,2025-07-29 14:00,35452.220,3388.202,12054.430
2025-07-29T13:00Z,2025-07-29 15:00,32930.052,3401.828,12225.562
2025-07-29T14:00Z,2025-07-29 16:00,28174.570,3622.195,11898.128
2025-07-29T15:00Z,2025-07-29 17:00,21409.345,3862.003,11187.483
2025-07-29T16:00Z,2025-07-29 18:00,13066.220,4128.307,9932.185
2025-07-29T17:00Z,2025-07-29 19:00,5462.007,4305.105,8314.833
2025-07-29T18:00Z,2025-07-29 20:00,1334.190,4306.882,7043.528
2025-07-29T19:00Z,2025-07-29 21:00,43.585,4278.233,6517.273
2025-07-29T20:00Z,2025-07-29 22:00,0.000,4223.400,6526.725
2025-07-29T21:00Z,2025-07-29 23:00,0.000,4209.722,6833.610
2025-07-29T22:00Z,2025-07-30 00:00,0.000,4482.805,7648.548
2025-07-29T23:00Z,2025-07-30 01:00,0.000,4512.050,8020.077
2025-07-30T00:00Z,2025-07-30 02:00,0.000,4627.252,8559.295
2025-07-30T01:00Z,2025-07-30 03:00,0.000,4811.102,9013.952
2025-07-30T02:00Z,2025-07-30 04:00,0.000,4878.375,9324.055
2025-07-30T03:00Z,2025-07-30 05:00,108.058,4894.453,9530.700
2025-07-30T04:00Z,2025-07-30 06:00,1688.340,4890.150,9731.827
2025-07-30T05:00Z,2025-07-30 07:00,6498.300,4857.092,9215.998
2025-07-30T06:00Z,2025-07-30 08:00,13637.948,4727.802,8770.890
2025-07-30T07:00Z,2025-07-30 09:00,20477.915,4483.128,9329.353
2025-07-30T08:00Z,2025-07-30 10:00,24939.075,4301.483,10355.507
2025-07-30T09:00Z,2025-07-30 11:00,27281.205,4072.090,11324.577
2025-07-30T10:00Z,2025-07-30 12:00,28472.083,3930.867,12464.295
2025-07-30T11:00Z,2025-07-30 13:00,28577.460,3834.148,13663.820
2025-07-30T12:00Z,2025-07-30 14:00,27676.530,3741.365,15074.305
2025-07-30T13:00Z,2025-07-30 15:00,25580.268,3680.460,16112.780
2025-07-30T14:00Z,2025-07-30 16:00,21879.330,3789.225,16544.865
2025-07-30T15:00Z,2025-07-30 17:00,16856.562,3953.688,16206.618
2025-07-30T16:00Z,2025-07-30 18:00,10650.788,4086.135,15319.812
2025-07-30T17:00Z,2025-07-30 19:00,4799.155,4187.895,14059.243
2025-07-30T18:00Z,2025-07-30 20:00,1150.665,4318.705,13242.483
2025-07-30T19:00Z,2025-07-30 21:00,38.245,4520.865,12977.372
2025-07-30T20:00Z,2025-07-30 22:00,0.000,4580.413,13003.663
2025-07-30T21:00Z,2025-07-30 23:00,0.000,4588.850,13590.840
2025-07-30T22:00Z,2025-07-31 00:00,0.000,4991.510,13922.523
2025-07-30T23:00Z,2025-07-31 01:00,0.000,5018.247,14525.597
2025-07-31T00:00Z,2025-07-31 02:00,0.000,5064.903,15050.263
2025-07-31T01:00Z,2025-07-31 03:00,0.000,5059.895,15407.510
2025-07-31T02:00Z,2025-07-31 04:00,0.000,5066.372,15519.285
2025-07-31T03:00Z,2025-07-31 05:00,57.515,5039.335,15419.302
2025-07-31T04:00Z,2025-07-31 06:00,1324.680,4923.372,15327.667
2025-07-31T05:00Z,2025-07-31 07:00,5135.480,4722.690,14534.255
2025-07-31T06:00Z,2025-07-31 08:00,10700.007,4460.850,13833.385
2025-07-31T07:00Z,2025-07-31 09:00,16130.980,4189.740,13934.288
2025-07-31T08:00Z,2025-07-31 10:00,20444.715,3839.453,14442.583
2025-07-31T09:00Z,2025-07-31 11:00,23460.087,3593.070,15031.920
2025-07-31T10:00Z,2025-07-31 12:00,25119.432,3395.800,15689.673
2025-07-31T11:00Z,2025-07-31 13:00,25583.397,3226.855,16528.263
2025-07-31T12:00Z,2025-07-31 14:00,24875.522,3039.965,17590.743
2025-07-31T13:00Z,2025-07-31 15:00,23209.658,2767.082,17911.118
2025-07-31T14:00Z,2025-07-31 16:00,20102.430,2530.160,17418.267
2025-07-31T15:00Z,2025-07-31 17:00,15387.325,2375.948,16229.820
2025-07-31T16:00Z,2025-07-31 18:00,9686.688,2252.930,14381.677
2025-07-31T17:00Z,2025-07-31 19:00,4341.568,2083.188,12376.915
2025-07-31T18:00Z,2025-07-31 20:00,980.150,1959.785,11289.908
2025-07-31T19:00Z,2025-07-31 21:00,24.067,1850.635,10849.827
2025-07-31T20:00Z,2025-07-31 22:00,0.000,1725.618,10628.655
2025-07-31T21:00Z,2025-07-31 23:00,0.000,1664.952,10529.380
2025-07-31T22:00Z,2025-08-01 00:00,0.000,1359.995,8114.400
2025-07-31T23:00Z,2025-08-01 01:00,0.000,1375.942,8046.390
2025-08-01T00:00Z,2025-08-01 02:00,0.000,1412.173,8180.405
2025-08-01T01:00Z,2025-08-01 03:00,0.000,1462.495,8080.493
2025-08-01T02:00Z,2025-08-01 04:00,0.000,1493.845,7923.847
2025-08-01T03:00Z,2025-08-01 05:00,55.008,1500.150,7841.403
2025-08-01T04:00Z,2025-08-01 06:00,1147.635,1482.487,7619.158
2025-08-01T05:00Z,2025-08-01 07:00,4315.587,1417.350,6971.165
2025-08-01T06:00Z,2025-08-01 08:00,8899.462,1362.275,6374.475
2025-08-01T07:00Z,2025-08-01 09:00,14200.577,1284.297,6122.573
2025-08-01T08:00Z,2025-08-01 10:00,19294.673,1206.390,6175.510
2025-08-01T09:00Z,2025-08-01 11:00,23681.840,1171.310,6432.690
2025-08-01T10:00Z,2025-08-01 12:00,26863.083,1194.800,6849.002
2025-08-01T11:00Z,2025-08-01 13:00,28281.810,1301.475,7461.680
2025-08-01T12:00Z,2025-08-01 14:00,28508.670,1490.247,8372.587
2025-08-01T13:00Z,2025-08-01 15:00,26987.620,1655.815,9080.568
2025-08-01T14:00Z,2025-08-01 16:00,23324.967,1812.622,9397.597
2025-08-01T15:00Z,2025-08-01 17:00,18085.162,1895.342,9164.995
2025-08-01T16:00Z,2025-08-01 18:00,11262.750,1778.100,8561.493
2025-08-01T17:00Z,2025-08-01 19:00,4842.890,1521.642,7567.390
2025-08-01T18:00Z,2025-08-01 20:00,1095.207,1270.737,6860.708
2025-08-01T19:00Z,2025-08-01 21:00,35.530,1079.192,6605.485
2025-08-01T20:00Z,2025-08-01 22:00,0.000,972.033,6917.628
2025-08-01T21:00Z,2025-08-01 23:00,0.000,1021.212,7494.950
2025-08-01T22:00Z,2025-08-02 00:00,0.000,1284.625,7103.493
2025-08-01T23:00Z,2025-08-02 01:00,0.000,1507.455,7154.225
2025-08-02T00:00Z,2025-08-02 02:00,0.000,1889.102,7251.023
2025-08-02T01:00Z,2025-08-02 03:00,0.000,2348.753,7176.087
2025-08-02T02:00Z,2025-08-02 04:00,0.000,2751.995,6958.962
2025-08-02T03:00Z,2025-08-02 05:00,48.347,3091.880,6650.818
2025-08-02T04:00Z,2025-08-02 06:00,1201.930,3379.505,6176.360
2025-08-02T05:00Z,2025-08-02 07:00,4661.955,3491.297,5376.252
2025-08-02T06:00Z,2025-08-02 08:00,9718.395,3518.105,4840.765
2025-08-02T07:00Z,2025-08-02 09:00,15347.280,3521.840,4666.760
2025-08-02T08:00Z,2025-08-02 10:00,20564.780,3583.137,4626.977
2025-08-02T09:00Z,2025-08-02 11:00,24800.612,3685.015,4656.593
2025-08-02T10:00Z,2025-08-02 12:00,27463.625,3811.007,5022.783
2025-08-02T11:00Z,2025-08-02 13:00,28452.458,3924.822,5839.818
2025-08-02T12:00Z,2025-08-02 14:00,27687.388,4128.352,7115.613
2025-08-02T13:00Z,2025-08-02 15:00,25392.938,4301.363,8201.435
2025-08-02T14:00Z,2025-08-02 16:00,21673.088,4425.677,8986.038
2025-08-02T15:00Z,2025-08-02 17:00,16408.963,4622.898,9496.757
2025-08-02T16:00Z,2025-08-02 18:00,10125.095,4734.592,9639.123
2025-08-02T17:00Z,2025-08-02 19:00,4365.613,4793.613,9371.208
2025-08-02T18:00Z,2025-08-02 20:00,937.263,4741.455,9087.030
2025-08-02T19:00Z,2025-08-02 21:00,21.322,4668.347,9134.923
2025-08-02T20:00Z,2025-08-02 22:00,0.000,4588.355,9479.967
2025-08-02T21:00Z,2025-08-02 23:00,0.000,4526.243,9989.653
2025-08-02T22:00Z,2025-08-03 00:00,0.000,4633.400,11320.698
2025-08-02T23:00Z,2025-08-03 01:00,0.000,4684.430,11819.975
2025-08-03T00:00Z,2025-08-03 02:00,0.000,4719.592,12205.635
2025-08-03T01:00Z,2025-08-03 03:00,0.000,4736.595,12497.690
2025-08-03T02:00Z,2025-08-03 04:00,0.000,4763.172,12585.345
2025-08-03T03:00Z,2025-08-03 05:00,34.640,4761.627,12424.575
2025-08-03T04:00Z,2025-08-03 06:00,1036.108,4781.113,12422.375
2025-08-03T05:00Z,2025-08-03 07:00,4292.905,4694.675,12158.263
2025-08-03T06:00Z,2025-08-03 08:00,9345.415,4497.873,12028.715
2025-08-03T07:00Z,2025-08-03 09:00,15177.465,4223.640,11983.327
2025-08-03T08:00Z,2025-08-03 10:00,20616.775,2551.312,11818.138
2025-08-03T09:00Z,2025-08-03 11:00,24808.618,2320.318,12032.745
2025-08-03T10:00Z,2025-08-03 12:00,26841.357,2196.310,12648.070
2025-08-03T11:00Z,2025-08-03 13:00,27068.105,2241.153,13274.260
2025-08-03T12:00Z,2025-08-03 14:00,26555.733,2358.672,13795.948
2025-08-03T13:00Z,2025-08-03 15:00,24990.673,2495.780,14698.448
2025-08-03T14:00Z,2025-08-03 16:00,21533.130,2651.818,15196.325
2025-08-03T15:00Z,2025-08-03 17:00,16451.033,4315.148,15116.925
2025-08-03T16:00Z,2025-08-03 18:00,10201.255,4585.092,13920.573
2025-08-03T17:00Z,2025-08-03 19:00,4194.415,4671.252,12323.017
2025-08-03T18:00Z,2025-08-03 20:00,780.212,4713.115,11706.035
2025-08-03T19:00Z,2025-08-03 21:00,22.907,4749.738,12060.735
2025-08-03T20:00Z,2025-08-03 22:00,0.000,4765.200,12910.157
2025-08-03T21:00Z,2025-08-03 23:00,0.000,4794.048,14249.375
2025-08-03T22:00Z,2025-08-04 00:00,0.000,5295.062,16760.315
2025-08-03T23:00Z,2025-08-04 01:00,0.000,5368.825,18272.180
2025-08-04T00:00Z,2025-08-04 02:00,0.000,5308.645,18968.495
2025-08-04T01:00Z,2025-08-04 03:00,0.000,5129.382,18796.623
2025-08-04T02:00Z,2025-08-04 04:00,0.000,4878.392,18191.058
2025-08-04T03:00Z,2025-08-04 05:00,20.268,4466.403,17413.732
2025-08-04T04:00Z,2025-08-04 06:00,692.145,3888.778,16966.230
2025-08-04T05:00Z,2025-08-04 07:00,2848.372,3163.200,16074.048
2025-08-04T06:00Z,2025-08-04 08:00,6418.483,2378.385,14436.158
2025-08-04T07:00Z,2025-08-04 09:00,10927.905,1720.688,13188.847
2025-08-04T08:00Z,2025-08-04 10:00,15989.800,1325.430,12454.552
2025-08-04T09:00Z,2025-08-04 11:00,20733.683,1325.920,12182.958
2025-08-04T10:00Z,2025-08-04 12:00,24196.982,1889.057,12291.073
2025-08-04T11:00Z,2025-08-04 13:00,25999.445,2988.352,12963.345
2025-08-04T12:00Z,2025-08-04 14:00,26418.585,4085.815,14130.505
2025-08-04T13:00Z,2025-08-04 15:00,24640.610,4880.270,14844.720
2025-08-04T14:00Z,2025-08-04 16:00,20581.353,5279.307,15041.253
2025-08-04T15:00Z,2025-08-04 17:00,15025.535,5467.007,14927.778
2025-08-04T16:00Z,2025-08-04 18:00,8815.080,5529.292,14873.542
2025-08-04T17:00Z,2025-08-04 19:00,3490.562,5318.358,15340.085
2025-08-04T18:00Z,2025-08-04 20:00,601.007,4924.010,17083.170
2025-08-04T19:00Z,2025-08-04 21:00,13.430,4422.092,19967.340
2025-08-04T20:00Z,2025-08-04 22:00,0.000,4290.670,22246.320
2025-08-04T21:00Z,2025-08-04 23:00,0.000,4498.932,23978.540
2025-08-04T22:00Z,2025-08-05 00:00,0.000,4989.043,24144.018
2025-08-04T23:00Z,2025-08-05 01:00,0.000,5487.202,23455.445
2025-08-05T00:00Z,2025-08-05 02:00,0.000,5740.730,22195.605
2025-08-05T01:00Z,2025-08-05 03:00,0.000,5782.365,20632.182
2025-08-05T02:00Z,2025-08-05 04:00,0.000,5754.807,18909.013
2025-08-05T03:00Z,2025-08-05 05:00,21.005,5699.835,17252.928
2025-08-05T04:00Z,2025-08-05 06:00,1125.033,5607.990,16063.240
2025-08-05T05:00Z,2025-08-05 07:00,5206.680,5487.222,14634.397
2025-08-05T06:00Z,2025-08-05 08:00,11791.375,5249.105,13339.155
2025-08-05T07:00Z,2025-08-05 09:00,18723.862,4904.028,13615.407
2025-08-05T08:00Z,2025-08-05 10:00,23990.265,3001.577,14691.825
2025-08-05T09:00Z,2025-08-05 11:00,27361.185,2962.673,15917.802
2025-08-05T10:00Z,2025-08-05 12:00,28759.740,2983.602,17609.998
2025-08-05T11:00Z,2025-08-05 13:00,28673.103,3019.823,19046.482
2025-08-05T12:00Z,2025-08-05 14:00,27996.090,3044.580,20981.807
2025-08-05T13:00Z,2025-08-05 15:00,26734.323,3081.492,22494.860
2025-08-05T14:00Z,2025-08-05 16:00,23821.153,3138.345,23749.807
2025-08-05T15:00Z,2025-08-05 17:00,19071.485,3266.948,24553.145
2025-08-05T16:00Z,2025-08-05 18:00,12066.130,5292.890,24402.752
2025-08-05T17:00Z,2025-08-05 19:00,4845.663,5570.653,22710.653
2025-08-05T18:00Z,2025-08-05 20:00,925.740,5730.198,20876.638
2025-08-05T19:00Z,2025-08-05 21:00,15.763,5862.040,19637.432
2025-08-05T20:00Z,2025-08-05 22:00,0.000,5947.852,18726.618
2025-08-05T21:00Z,2025-08-05 23:00,0.000,5950.325,18578.778
2025-08-05T22:00Z,2025-08-06 00:00,0.000,6206.903,18604.998
2025-08-05T23:00Z,2025-08-06 01:00,0.000,6168.355,18405.632
2025-08-06T00:00Z,2025-08-06 02:00,0.000,6052.913,18060.807
2025-08-06T01:00Z,2025-08-06 03:00,0.000,5965.977,17708.735
2025-08-06T02:00Z,2025-08-06 04:00,0.000,5980.375,17352.685
2025-08-06T03:00Z,2025-08-06 05:00,40.190,5952.005,16845.903
2025-08-06T04:00Z,2025-08-06 06:00,1690.013,5957.238,16031.763
2025-08-06T05:00Z,2025-08-06 07:00,8190.040,5898.210,14102.093
2025-08-06T06:00Z,2025-08-06 08:00,19183.875,5688.005,12716.092
2025-08-06T07:00Z,2025-08-06 09:00,29805.610,5315.163,12989.865
2025-08-06T08:00Z,2025-08-06 10:00,36844.217,3616.637,13970.785
2025-08-06T09:00Z,2025-08-06 11:00,41235.247,3459.420,14105.405
2025-08-06T10:00Z,2025-08-06 12:00,42828.757,3412.242,13622.705
2025-08-06T11:00Z,2025-08-06 13:00,42201.770,3424.287,13463.315
2025-08-06T12:00Z,2025-08-06 14:00,40138.995,3414.230,13443.392
2025-08-06T13:00Z,2025-08-06 15:00,36269.753,3378.365,13132.807
2025-08-06T14:00Z,2025-08-06 16:00,30548.445,3390.117,12669.342
2025-08-06T15:00Z,2025-08-06 17:00,22910.548,4646.542,11436.060
2025-08-06T16:00Z,2025-08-06 18:00,13557.340,4615.068,9353.978
2025-08-06T17:00Z,2025-08-06 19:00,5051.495,4354.120,7216.400
2025-08-06T18:00Z,2025-08-06 20:00,891.800,3891.587,5733.302
2025-08-06T19:00Z,2025-08-06 21:00,15.885,3276.490,4432.470
2025-08-06T20:00Z,2025-08-06 22:00,0.000,2711.405,3635.898
2025-08-06T21:00Z,2025-08-06 23:00,0.000,2369.923,3160.378
2025-08-06T22:00Z,2025-08-07 00:00,0.000,2276.385,2794.863
2025-08-06T23:00Z,2025-08-07 01:00,0.000,2195.030,2753.097
2025-08-07T00:00Z,2025-08-07 02:00,0.000,2217.875,2966.778
2025-08-07T01:00Z,2025-08-07 03:00,0.000,2283.972,3438.285
2025-08-07T02:00Z,2025-08-07 04:00,0.000,2366.825,4021.137
2025-08-07T03:00Z,2025-08-07 05:00,29.475,2421.980,4488.108
2025-08-07T04:00Z,2025-08-07 06:00,1514.540,2485.137,4757.532
2025-08-07T05:00Z,2025-08-07 07:00,7357.925,2644.870,4729.520
2025-08-07T06:00Z,2025-08-07 08:00,17695.467,2848.525,4179.972
2025-08-07T07:00Z,2025-08-07 09:00,28732.607,2993.480,3114.648
2025-08-07T08:00Z,2025-08-07 10:00,37700.560,3040.773,2664.497
2025-08-07T09:00Z,2025-08-07 11:00,43664.363,3031.015,3127.322
2025-08-07T10:00Z,2025-08-07 12:00,46213.135,3132.448,3877.622
2025-08-07T11:00Z,2025-08-07 13:00,46338.177,3257.133,4863.485
2025-08-07T12:00Z,2025-08-07 14:00,44126.760,3242.347,6068.620
2025-08-07T13:00Z,2025-08-07 15:00,39921.272,3183.245,6889.300
2025-08-07T14:00Z,2025-08-07 16:00,33453.495,3352.455,7258.340
2025-08-07T15:00Z,2025-08-07 17:00,23974.167,3746.963,6998.222
2025-08-07T16:00Z,2025-08-07 18:00,13156.278,3921.633,6163.368
2025-08-07T17:00Z,2025-08-07 19:00,4536.070,3785.915,5423.035
2025-08-07T18:00Z,2025-08-07 20:00,760.888,3523.962,5304.057
2025-08-07T19:00Z,2025-08-07 21:00,8.200,3195.860,4980.948
2025-08-07T20:00Z,2025-08-07 22:00,0.000,2948.845,5002.977
2025-08-07T21:00Z,2025-08-07 23:00,0.000,2909.815,5318.960
2025-08-07T22:00Z,2025-08-08 00:00,0.000,2616.807,5451.783
2025-08-07T23:00Z,2025-08-08 01:00,0.000,2672.915,5952.042
2025-08-08T00:00Z,2025-08-08 02:00,0.000,2783.762,6734.413
2025-08-08T01:00Z,2025-08-08 03:00,0.000,2909.503,7519.625
2025-08-08T02:00Z,2025-08-08 04:00,0.000,2884.505,8083.185
2025-08-08T03:00Z,2025-08-08 05:00,21.152,2714.343,8354.610
2025-08-08T04:00Z,2025-08-08 06:00,1242.010,2442.363,8507.003
2025-08-08T05:00Z,2025-08-08 07:00,6259.368,2136.238,8081.305
2025-08-08T06:00Z,2025-08-08 08:00,15199.915,1921.013,7134.650
2025-08-08T07:00Z,2025-08-08 09:00,24643.568,1822.030,6013.127
2025-08-08T08:00Z,2025-08-08 10:00,32517.220,1792.930,5910.610
2025-08-08T09:00Z,2025-08-08 11:00,38305.195,1749.827,6841.988
2025-08-08T10:00Z,2025-08-08 12:00,41770.982,1696.645,7897.005
2025-08-08T11:00Z,2025-08-08 13:00,42854.595,1693.895,8801.212
2025-08-08T12:00Z,2025-08-08 14:00,42072.857,1763.318,9411.237
2025-08-08T13:00Z,2025-08-08 15:00,39021.083,1854.572,9312.185
2025-08-08T14:00Z,2025-08-08 16:00,33216.342,1901.747,8579.042
2025-08-08T15:00Z,2025-08-08 17:00,24305.210,1931.095,7331.760
2025-08-08T16:00Z,2025-08-08 18:00,13585.932,1911.003,5877.377
2025-08-08T17:00Z,2025-08-08 19:00,4659.900,1803.418,4574.440
2025-08-08T18:00Z,2025-08-08 20:00,763.882,1605.630,3851.122
2025-08-08T19:00Z,2025-08-08 21:00,9.782,1383.267,3026.943
2025-08-08T20:00Z,2025-08-08 22:00,0.000,1183.905,2523.338
2025-08-08T21:00Z,2025-08-08 23:00,0.000,1009.090,2152.540
2025-08-08T22:00Z,2025-08-09 00:00,0.000,807.795,1660.150
2025-08-08T23:00Z,2025-08-09 01:00,0.000,705.805,1354.783
2025-08-09T00:00Z,2025-08-09 02:00,0.000,625.207,1221.467
2025-08-09T01:00Z,2025-08-09 03:00,0.000,595.513,1160.027
2025-08-09T02:00Z,2025-08-09 04:00,0.000,620.810,1124.535
2025-08-09T03:00Z,2025-08-09 05:00,18.935,735.740,1137.057
2025-08-09T04:00Z,2025-08-09 06:00,1298.000,982.025,1217.753
2025-08-09T05:00Z,2025-08-09 07:00,7211.797,1354.540,1299.895
2025-08-09T06:00Z,2025-08-09 08:00,17705.255,1744.365,1202.345
2025-08-09T07:00Z,2025-08-09 09:00,28632.715,1986.120,881.352
2025-08-09T08:00Z,2025-08-09 10:00,37092.143,1346.622,651.597
2025-08-09T09:00Z,2025-08-09 11:00,42899.450,1285.760,746.820
2025-08-09T10:00Z,2025-08-09 12:00,45977.113,1178.965,1066.162
2025-08-09T11:00Z,2025-08-09 13:00,46438.350,1054.120,1565.960
2025-08-09T12:00Z,2025-08-09 14:00,44603.318,993.683,2654.517
2025-08-09T13:00Z,2025-08-09 15:00,40604.100,1022.947,3736.900
2025-08-09T14:00Z,2025-08-09 16:00,34163.618,1154.832,4744.655
2025-08-09T15:00Z,2025-08-09 17:00,25068.427,2337.925,5922.127
2025-08-09T16:00Z,2025-08-09 18:00,13856.602,2637.767,6626.653
2025-08-09T17:00Z,2025-08-09 19:00,4677.668,2624.715,7418.130
2025-08-09T18:00Z,2025-08-09 20:00,712.628,2322.275,8462.825
2025-08-09T19:00Z,2025-08-09 21:00,5.685,2098.130,9269.210
2025-08-09T20:00Z,2025-08-09 22:00,0.000,2070.295,9956.965
2025-08-09T21:00Z,2025-08-09 23:00,0.000,2229.267,10599.785
2025-08-09T22:00Z,2025-08-10 00:00,0.000,2611.427,11253.410
2025-08-09T23:00Z,2025-08-10 01:00,0.000,2751.472,11683.807
2025-08-10T00:00Z,2025-08-10 02:00,0.000,2744.267,12019.483
2025-08-10T01:00Z,2025-08-10 03:00,0.000,2737.693,12100.450
2025-08-10T02:00Z,2025-08-10 04:00,0.000,2800.547,11687.347
2025-08-10T03:00Z,2025-08-10 05:00,18.092,2796.385,10668.048
2025-08-10T04:00Z,2025-08-10 06:00,1376.495,2679.602,9401.792
2025-08-10T05:00Z,2025-08-10 07:00,7665.682,2440.605,7517.233
2025-08-10T06:00Z,2025-08-10 08:00,19387.842,2181.467,6115.245
2025-08-10T07:00Z,2025-08-10 09:00,31160.195,1568.508,5622.050
2025-08-10T08:00Z,2025-08-10 10:00,39440.285,1489.700,5850.335
2025-08-10T09:00Z,2025-08-10 11:00,44222.880,1454.785,5880.015
2025-08-10T10:00Z,2025-08-10 12:00,46582.750,1457.322,6132.470
2025-08-10T11:00Z,2025-08-10 13:00,46599.790,1448.045,6721.562
2025-08-10T12:00Z,2025-08-10 14:00,44609.488,1415.310,7182.525
2025-08-10T13:00Z,2025-08-10 15:00,40928.625,1338.555,7470.535
2025-08-10T14:00Z,2025-08-10 16:00,35582.232,1249.798,7750.280
2025-08-10T15:00Z,2025-08-10 17:00,26613.987,1331.290,7949.300
2025-08-10T16:00Z,2025-08-10 18:00,14616.255,1146.398,7128.535
2025-08-10T17:00Z,2025-08-10 19:00,4638.895,956.337,6275.295
2025-08-10T18:00Z,2025-08-10 20:00,741.100,788.340,6013.885
2025-08-10T19:00Z,2025-08-10 21:00,7.380,664.513,5840.578
2025-08-10T20:00Z,2025-08-10 22:00,0.000,575.033,5775.265
2025-08-10T21:00Z,2025-08-10 23:00,0.000,527.087,5669.010
2025-08-10T22:00Z,2025-08-11 00:00,0.000,408.925,5373.780
2025-08-10T23:00Z,2025-08-11 01:00,0.000,366.145,4959.363
2025-08-11T00:00Z,2025-08-11 02:00,0.000,328.993,4589.462
2025-08-11T01:00Z,2025-08-11 03:00,0.000,305.587,4199.092
2025-08-11T02:00Z,2025-08-11 04:00,0.000,294.945,3877.460
2025-08-11T03:00Z,2025-08-11 05:00,15.013,300.033,3772.760
2025-08-11T04:00Z,2025-08-11 06:00,1305.068,310.295,3730.725
2025-08-11T05:00Z,2025-08-11 07:00,7720.333,323.385,3479.903
2025-08-11T06:00Z,2025-08-11 08:00,19861.888,412.038,2676.870
2025-08-11T07:00Z,2025-08-11 09:00,32063.090,499.565,1574.760
2025-08-11T08:00Z,2025-08-11 10:00,41433.628,571.337,1286.590
2025-08-11T09:00Z,2025-08-11 11:00,47112.158,631.205,1357.290
2025-08-11T10:00Z,2025-08-11 12:00,50228.842,672.207,1385.930
2025-08-11T11:00Z,2025-08-11 13:00,50917.715,689.870,1369.130
2025-08-11T12:00Z,2025-08-11 14:00,49043.312,666.043,1358.613
2025-08-11T13:00Z,2025-08-11 15:00,44842.515,614.602,1324.295
2025-08-11T14:00Z,2025-08-11 16:00,37740.868,542.925,1316.648
2025-08-11T15:00Z,2025-08-11 17:00,27325.845,470.885,1380.717
2025-08-11T16:00Z,2025-08-11 18:00,14455.097,396.195,1554.638
2025-08-11T17:00Z,2025-08-11 19:00,4387.497,332.445,2173.595
2025-08-11T18:00Z,2025-08-11 20:00,655.702,280.743,3439.957
2025-08-11T19:00Z,2025-08-11 21:00,5.655,238.155,4544.202
2025-08-11T20:00Z,2025-08-11 22:00,0.000,223.977,5498.417
2025-08-11T21:00Z,2025-08-11 23:00,0.000,222.060,5972.995
2025-08-11T22:00Z,2025-08-12 00:00,0.000,106.555,6452.977
2025-08-11T23:00Z,2025-08-12 01:00,0.000,99.948,6213.512
2025-08-12T00:00Z,2025-08-12 02:00,0.000,97.203,5922.778
2025-08-12T01:00Z,2025-08-12 03:00,0.000,97.293,5574.547
2025-08-12T02:00Z,2025-08-12 04:00,0.000,102.483,5228.608
2025-08-12T03:00Z,2025-08-12 05:00,17.113,108.023,5036.208
2025-08-12T04:00Z,2025-08-12 06:00,1451.852,136.127,5055.932
2025-08-12T05:00Z,2025-08-12 07:00,7643.157,185.395,4934.025
2025-08-12T06:00Z,2025-08-12 08:00,18671.295,270.900,4263.305
2025-08-12T07:00Z,2025-08-12 09:00,30106.428,390.447,2851.500
2025-08-12T08:00Z,2025-08-12 10:00,39059.537,487.267,2255.830
2025-08-12T09:00Z,2025-08-12 11:00,45172.198,530.710,2499.547
2025-08-12T10:00Z,2025-08-12 12:00,48388.575,554.967,2757.515
2025-08-12T11:00Z,2025-08-12 13:00,48974.113,592.153,2920.372
2025-08-12T12:00Z,2025-08-12 14:00,46968.415,648.475,3119.082
2025-08-12T13:00Z,2025-08-12 15:00,42471.948,780.080,3077.517
2025-08-12T14:00Z,2025-08-12 16:00,35295.147,1004.500,3097.133
2025-08-12T15:00Z,2025-08-12 17:00,25513.417,1263.562,3535.085
2025-08-12T16:00Z,2025-08-12 18:00,14033.128,1536.783,4490.445
2025-08-12T17:00Z,2025-08-12 19:00,4818.578,1797.513,6386.782
2025-08-12T18:00Z,2025-08-12 20:00,591.788,2087.293,9308.970
2025-08-12T19:00Z,2025-08-12 21:00,2.560,2368.642,11816.115
2025-08-12T20:00Z,2025-08-12 22:00,0.000,2544.713,13228.272
2025-08-12T21:00Z,2025-08-12 23:00,0.000,2581.062,13770.075
2025-08-12T22:00Z,2025-08-13 00:00,0.000,2695.760,12896.525
2025-08-12T23:00Z,2025-08-13 01:00,0.000,2450.055,12106.283
2025-08-13T00:00Z,2025-08-13 02:00,0.000,2185.672,11222.230
2025-08-13T01:00Z,2025-08-13 03:00,0.000,1900.240,10269.645
2025-08-13T02:00Z,2025-08-13 04:00,0.000,1633.723,9373.755
2025-08-13T03:00Z,2025-08-13 05:00,9.925,1442.818,8670.590
2025-08-13T04:00Z,2025-08-13 06:00,1317.783,1331.065,8087.315
2025-08-13T05:00Z,2025-08-13 07:00,7334.105,1249.680,6933.645
2025-08-13T06:00Z,2025-08-13 08:00,18207.057,1200.668,4757.843
2025-08-13T07:00Z,2025-08-13 09:00,29710.167,1119.580,2624.592
2025-08-13T08:00Z,2025-08-13 10:00,38964.423,1011.227,1754.957
2025-08-13T09:00Z,2025-08-13 11:00,45450.662,897.580,1702.770
2025-08-13T10:00Z,2025-08-13 12:00,48929.342,812.862,1790.380
2025-08-13T11:00Z,2025-08-13 13:00,49630.040,818.225,1857.793
2025-08-13T12:00Z,2025-08-13 14:00,47657.485,871.550,2005.312
2025-08-13T13:00Z,2025-08-13 15:00,42982.042,948.020,2076.950
2025-08-13T14:00Z,2025-08-13 16:00,35753.070,1025.358,2163.568
2025-08-13T15:00Z,2025-08-13 17:00,25902.780,1099.138,2384.845
2025-08-13T16:00Z,2025-08-13 18:00,14295.042,1177.432,2905.823
2025-08-13T17:00Z,2025-08-13 19:00,4715.795,1289.215,4051.355
2025-08-13T18:00Z,2025-08-13 20:00,558.470,1463.735,5679.528
2025-08-13T19:00Z,2025-08-13 21:00,3.397,1642.013,6877.395
2025-08-13T20:00Z,2025-08-13 22:00,0.000,1745.197,7488.812
2025-08-13T21:00Z,2025-08-13 23:00,0.000,1713.703,7596.565
2025-08-13T22:00Z,2025-08-14 00:00,0.000,1585.473,6100.455
2025-08-13T23:00Z,2025-08-14 01:00,0.000,1366.973,5459.453
2025-08-14T00:00Z,2025-08-14 02:00,0.000,1116.550,4910.005
2025-08-14T01:00Z,2025-08-14 03:00,0.000,882.452,4444.047
2025-08-14T02:00Z,2025-08-14 04:00,0.000,764.010,4116.105
2025-08-14T03:00Z,2025-08-14 05:00,7.327,765.095,3912.015
2025-08-14T04:00Z,2025-08-14 06:00,1197.540,808.000,3764.533
2025-08-14T05:00Z,2025-08-14 07:00,6952.290,851.862,3252.850
2025-08-14T06:00Z,2025-08-14 08:00,17341.990,758.430,2358.505
2025-08-14T07:00Z,2025-08-14 09:00,28315.730,585.567,1475.787
2025-08-14T08:00Z,2025-08-14 10:00,37037.033,507.985,1053.525
2025-08-14T09:00Z,2025-08-14 11:00,43108.175,505.543,1087.345
2025-08-14T10:00Z,2025-08-14 12:00,46347.070,539.140,1246.255
2025-08-14T11:00Z,2025-08-14 13:00,46850.230,599.810,1325.743
2025-08-14T12:00Z,2025-08-14 14:00,44597.865,638.285,1316.715
2025-08-14T13:00Z,2025-08-14 15:00,39782.167,628.735,1209.457
2025-08-14T14:00Z,2025-08-14 16:00,32327.565,622.868,1132.805
2025-08-14T15:00Z,2025-08-14 17:00,22742.557,658.895,1232.287
2025-08-14T16:00Z,2025-08-14 18:00,12204.798,715.808,1606.280
2025-08-14T17:00Z,2025-08-14 19:00,4083.057,760.803,2570.207
2025-08-14T18:00Z,2025-08-14 20:00,436.370,802.485,3942.940
2025-08-14T19:00Z,2025-08-14 21:00,3.480,809.485,4645.148
2025-08-14T20:00Z,2025-08-14 22:00,0.000,770.600,4995.387
2025-08-14T21:00Z,2025-08-14 23:00,0.000,730.848,5021.342
2025-08-14T22:00Z,2025-08-15 00:00,0.000,1478.017,5166.500
2025-08-14T23:00Z,2025-08-15 01:00,0.000,1604.910,5196.763
2025-08-15T00:00Z,2025-08-15 02:00,0.000,1672.080,5528.212
2025-08-15T01:00Z,2025-08-15 03:00,0.000,1659.858,5737.895
2025-08-15T02:00Z,2025-08-15 04:00,0.000,1524.955,5822.387
2025-08-15T03:00Z,2025-08-15 05:00,6.255,1351.977,5740.525
2025-08-15T04:00Z,2025-08-15 06:00,1091.750,1188.918,5469.095
2025-08-15T05:00Z,2025-08-15 07:00,6641.092,1081.098,4781.565
2025-08-15T06:00Z,2025-08-15 08:00,17078.272,1035.467,3741.793
2025-08-15T07:00Z,2025-08-15 09:00,28267.310,1056.870,2907.045
2025-08-15T08:00Z,2025-08-15 10:00,37016.220,1124.510,2819.025
2025-08-15T09:00Z,2025-08-15 11:00,42993.860,1272.040,3319.957
2025-08-15T10:00Z,2025-08-15 12:00,45967.030,1554.128,3903.472
2025-08-15T11:00Z,2025-08-15 13:00,45709.438,1922.990,4766.610
2025-08-15T12:00Z,2025-08-15 14:00,42417.723,2285.195,6098.038
2025-08-15T13:00Z,2025-08-15 15:00,37015.740,2609.975,7587.523
2025-08-15T14:00Z,2025-08-15 16:00,29825.995,2791.245,9083.083
2025-08-15T15:00Z,2025-08-15 17:00,20810.420,2897.993,10220.260
2025-08-15T16:00Z,2025-08-15 18:00,11210.458,2987.645,10994.208
2025-08-15T17:00Z,2025-08-15 19:00,3799.700,3152.047,11734.587
2025-08-15T18:00Z,2025-08-15 20:00,401.053,3418.088,12714.780
2025-08-15T19:00Z,2025-08-15 21:00,1.120,3620.927,13521.980
2025-08-15T20:00Z,2025-08-15 22:00,0.000,3761.793,13538.812
2025-08-15T21:00Z,2025-08-15 23:00,0.000,3866.105,13041.965
2025-08-15T22:00Z,2025-08-16 00:00,0.000,3329.415,10610.450
2025-08-15T23:00Z,2025-08-16 01:00,0.000,3438.590,9799.722
2025-08-16T00:00Z,2025-08-16 02:00,0.000,3761.350,9393.125
2025-08-16T01:00Z,2025-08-16 03:00,0.000,4156.815,9084.757
2025-08-16T02:00Z,2025-08-16 04:00,0.000,4436.800,8818.140
2025-08-16T03:00Z,2025-08-16 05:00,3.930,4537.203,8589.185
2025-08-16T04:00Z,2025-08-16 06:00,716.612,4451.337,8339.170
2025-08-16T05:00Z,2025-08-16 07:00,4611.993,4159.118,7939.010
2025-08-16T06:00Z,2025-08-16 08:00,11440.507,3808.810,7743.328
2025-08-16T07:00Z,2025-08-16 09:00,18923.765,3531.950,7541.222
2025-08-16T08:00Z,2025-08-16 10:00,25924.845,3364.225,7490.105
2025-08-16T09:00Z,2025-08-16 11:00,31654.668,3180.017,7777.720
2025-08-16T10:00Z,2025-08-16 12:00,35631.540,3090.722,8299.028
2025-08-16T11:00Z,2025-08-16 13:00,37237.717,3106.287,9211.443
2025-08-16T12:00Z,2025-08-16 14:00,36462.607,3181.082,10695.405
2025-08-16T13:00Z,2025-08-16 15:00,33504.200,3316.880,12304.247
2025-08-16T14:00Z,2025-08-16 16:00,28357.222,3525.082,13912.345
2025-08-16T15:00Z,2025-08-16 17:00,20894.560,3824.920,15326.440
2025-08-16T16:00Z,2025-08-16 18:00,11314.560,4375.575,16177.170
2025-08-16T17:00Z,2025-08-16 19:00,3567.015,4670.052,16122.030
2025-08-16T18:00Z,2025-08-16 20:00,378.185,4855.460,15766.507
2025-08-16T19:00Z,2025-08-16 21:00,0.000,4863.000,15359.645
2025-08-16T20:00Z,2025-08-16 22:00,0.000,4763.318,14366.445
2025-08-16T21:00Z,2025-08-16 23:00,0.000,4664.850,13315.745
2025-08-16T22:00Z,2025-08-17 00:00,0.000,4335.712,11496.590
2025-08-16T23:00Z,2025-08-17 01:00,0.000,4204.828,10228.995
2025-08-17T00:00Z,2025-08-17 02:00,0.000,4015.590,9303.145
2025-08-17T01:00Z,2025-08-17 03:00,0.000,3793.960,8533.365
2025-08-17T02:00Z,2025-08-17 04:00,0.000,3613.370,7747.085
2025-08-17T03:00Z,2025-08-17 05:00,1.387,3478.545,6887.425
2025-08-17T04:00Z,2025-08-17 06:00,797.913,3287.818,5984.068
2025-08-17T05:00Z,2025-08-17 07:00,5712.645,3029.903,4722.105
2025-08-17T06:00Z,2025-08-17 08:00,15018.333,2698.622,3574.835
2025-08-17T07:00Z,2025-08-17 09:00,24157.890,2313.993,2960.847
2025-08-17T08:00Z,2025-08-17 10:00,30864.748,1857.217,2598.367
2025-08-17T09:00Z,2025-08-17 11:00,35859.235,1418.080,2304.375
2025-08-17T10:00Z,2025-08-17 12:00,38882.645,1057.930,2145.452
2025-08-17T11:00Z,2025-08-17 13:00,40177.885,841.365,2292.465
2025-08-17T12:00Z,2025-08-17 14:00,39256.783,758.385,2768.807
2025-08-17T13:00Z,2025-08-17 15:00,35944.753,747.227,3194.685
2025-08-17T14:00Z,2025-08-17 16:00,30209.305,758.040,3648.423
2025-08-17T15:00Z,2025-08-17 17:00,22132.452,780.048,4134.215
2025-08-17T16:00Z,2025-08-17 18:00,11808.528,788.600,4490.472
2025-08-17T17:00Z,2025-08-17 19:00,3495.415,794.415,4844.767
2025-08-17T18:00Z,2025-08-17 20:00,323.350,798.195,5363.025
2025-08-17T19:00Z,2025-08-17 21:00,0.000,775.773,5439.050
2025-08-17T20:00Z,2025-08-17 22:00,0.000,708.425,5328.342
2025-08-17T21:00Z,2025-08-17 23:00,0.000,607.200,5020.238
2025-08-17T22:00Z,2025-08-18 00:00,0.000,565.470,3662.435
2025-08-17T23:00Z,2025-08-18 01:00,0.000,413.785,3193.082
2025-08-18T00:00Z,2025-08-18 02:00,0.000,295.637,2919.395
2025-08-18T01:00Z,2025-08-18 03:00,0.000,218.125,2540.738
2025-08-18T02:00Z,2025-08-18 04:00,0.000,185.423,2181.920
2025-08-18T03:00Z,2025-08-18 05:00,0.730,176.740,1950.747
2025-08-18T04:00Z,2025-08-18 06:00,867.850,164.048,1852.628
2025-08-18T05:00Z,2025-08-18 07:00,6613.295,133.308,1758.515
2025-08-18T06:00Z,2025-08-18 08:00,18152.443,113.315,1440.730
2025-08-18T07:00Z,2025-08-18 09:00,30168.688,83.355,1108.825
2025-08-18T08:00Z,2025-08-18 10:00,39474.312,60.260,1115.345
2025-08-18T09:00Z,2025-08-18 11:00,45500.375,47.330,1269.908
2025-08-18T10:00Z,2025-08-18 12:00,48260.802,40.875,1360.312
2025-08-18T11:00Z,2025-08-18 13:00,48350.632,38.553,1403.057
2025-08-18T12:00Z,2025-08-18 14:00,46257.417,44.312,1533.707
2025-08-18T13:00Z,2025-08-18 15:00,41970.652,61.087,1641.612
2025-08-18T14:00Z,2025-08-18 16:00,34995.833,87.987,1717.892
2025-08-18T15:00Z,2025-08-18 17:00,25024.815,121.665,1824.805
2025-08-18T16:00Z,2025-08-18 18:00,12953.400,157.050,2046.960
2025-08-18T17:00Z,2025-08-18 19:00,3600.190,201.065,2665.180
2025-08-18T18:00Z,2025-08-18 20:00,295.145,240.327,3773.345
2025-08-18T19:00Z,2025-08-18 21:00,0.000,260.700,4504.818
2025-08-18T20:00Z,2025-08-18 22:00,0.000,270.962,5050.160
2025-08-18T21:00Z,2025-08-18 23:00,0.000,274.350,5217.455
2025-08-18T22:00Z,2025-08-19 00:00,0.000,211.243,4911.860
2025-08-18T23:00Z,2025-08-19 01:00,0.000,207.445,4418.755
2025-08-19T00:00Z,2025-08-19 02:00,0.000,230.368,4059.517
2025-08-19T01:00Z,2025-08-19 03:00,0.000,265.748,3581.863
2025-08-19T02:00Z,2025-08-19 04:00,0.000,305.385,3096.055
2025-08-19T03:00Z,2025-08-19 05:00,0.263,345.625,2722.347
2025-08-19T04:00Z,2025-08-19 06:00,840.252,386.160,2460.410
2025-08-19T05:00Z,2025-08-19 07:00,6600.542,443.340,2192.222
2025-08-19T06:00Z,2025-08-19 08:00,18226.075,520.630,1803.565
2025-08-19T07:00Z,2025-08-19 09:00,30176.525,608.878,1225.575
2025-08-19T08:00Z,2025-08-19 10:00,39449.173,697.868,1073.173
2025-08-19T09:00Z,2025-08-19 11:00,45796.950,785.872,1328.070
2025-08-19T10:00Z,2025-08-19 12:00,49140.340,885.217,1581.190
2025-08-19T11:00Z,2025-08-19 13:00,49630.338,1027.985,1803.487
2025-08-19T12:00Z,2025-08-19 14:00,47372.210,1227.362,2211.742
2025-08-19T13:00Z,2025-08-19 15:00,42484.083,1467.237,2614.582
2025-08-19T14:00Z,2025-08-19 16:00,34836.667,1759.207,3058.980
2025-08-19T15:00Z,2025-08-19 17:00,24384.970,2083.622,3586.503
2025-08-19T16:00Z,2025-08-19 18:00,12298.927,2331.822,4229.472
2025-08-19T17:00Z,2025-08-19 19:00,3319.490,2505.320,4978.042
2025-08-19T18:00Z,2025-08-19 20:00,245.032,2601.930,5797.995
2025-08-19T19:00Z,2025-08-19 21:00,0.000,2607.830,6125.465
2025-08-19T20:00Z,2025-08-19 22:00,0.000,2517.122,6189.260
2025-08-19T21:00Z,2025-08-19 23:00,0.000,2380.707,5865.485
2025-08-19T22:00Z,2025-08-20 00:00,0.000,2239.608,5280.520
2025-08-19T23:00Z,2025-08-20 01:00,0.000,2211.773,4617.370
2025-08-20T00:00Z,2025-08-20 02:00,0.000,2300.887,4410.328
2025-08-20T01:00Z,2025-08-20 03:00,0.000,2480.017,4357.983
2025-08-20T02:00Z,2025-08-20 04:00,0.000,2748.457,4523.592
2025-08-20T03:00Z,2025-08-20 05:00,0.040,2983.363,4788.220
2025-08-20T04:00Z,2025-08-20 06:00,705.442,3212.818,4854.943
2025-08-20T05:00Z,2025-08-20 07:00,5438.962,3370.642,4587.503
2025-08-20T06:00Z,2025-08-20 08:00,14533.520,3250.793,4146.920
2025-08-20T07:00Z,2025-08-20 09:00,23922.800,2816.185,4188.600
2025-08-20T08:00Z,2025-08-20 10:00,31113.400,2482.702,4635.380
2025-08-20T09:00Z,2025-08-20 11:00,36001.768,2141.895,4923.850
2025-08-20T10:00Z,2025-08-20 12:00,38402.803,1800.215,5142.858
2025-08-20T11:00Z,2025-08-20 13:00,38364.908,1553.447,5315.047
2025-08-20T12:00Z,2025-08-20 14:00,36305.405,1377.943,5540.818
2025-08-20T13:00Z,2025-08-20 15:00,32326.143,1289.910,5863.195
2025-08-20T14:00Z,2025-08-20 16:00,26193.480,1340.060,6381.307
2025-08-20T15:00Z,2025-08-20 17:00,18015.312,1459.023,7071.038
2025-08-20T16:00Z,2025-08-20 18:00,9067.195,1638.003,7887.415
2025-08-20T17:00Z,2025-08-20 19:00,2576.390,1815.435,8885.245
2025-08-20T18:00Z,2025-08-20 20:00,217.240,1918.082,10326.470
2025-08-20T19:00Z,2025-08-20 21:00,0.000,1894.325,11394.925
2025-08-20T20:00Z,2025-08-20 22:00,0.000,1713.148,11396.663
2025-08-20T21:00Z,2025-08-20 23:00,0.000,1457.803,10651.280
2025-08-20T22:00Z,2025-08-21 00:00,0.000,1270.723,9059.460
2025-08-20T23:00Z,2025-08-21 01:00,0.000,1158.058,7774.852
2025-08-21T00:00Z,2025-08-21 02:00,0.000,1183.540,6744.392
2025-08-21T01:00Z,2025-08-21 03:00,0.000,1327.798,5835.010
2025-08-21T02:00Z,2025-08-21 04:00,0.000,1580.575,5215.905
2025-08-21T03:00Z,2025-08-21 05:00,0.003,1929.855,5000.932
2025-08-21T04:00Z,2025-08-21 06:00,545.898,2244.055,4991.095
2025-08-21T05:00Z,2025-08-21 07:00,4368.675,2452.595,4802.642
2025-08-21T06:00Z,2025-08-21 08:00,12053.728,2472.468,4167.485
2025-08-21T07:00Z,2025-08-21 09:00,20450.255,2372.727,3782.597
2025-08-21T08:00Z,2025-08-21 10:00,27152.200,2316.930,4350.915
2025-08-21T09:00Z,2025-08-21 11:00,31570.708,2290.088,5524.148
2025-08-21T10:00Z,2025-08-21 12:00,33305.845,2391.005,6667.550
2025-08-21T11:00Z,2025-08-21 13:00,32874.255,2574.578,7966.552
2025-08-21T12:00Z,2025-08-21 14:00,30620.465,2763.280,9831.490
2025-08-21T13:00Z,2025-08-21 15:00,26986.763,3012.618,11908.257
2025-08-21T14:00Z,2025-08-21 16:00,21881.855,3355.320,13893.062
2025-08-21T15:00Z,2025-08-21 17:00,15275.103,3655.735,15534.760
2025-08-21T16:00Z,2025-08-21 18:00,7963.420,3871.455,16521.132
2025-08-21T17:00Z,2025-08-21 19:00,2367.557,3999.270,16835.835
2025-08-21T18:00Z,2025-08-21 20:00,188.498,4005.345,16666.882
2025-08-21T19:00Z,2025-08-21 21:00,0.000,3906.037,16435.795
2025-08-21T20:00Z,2025-08-21 22:00,0.000,3749.247,15760.477
2025-08-21T21:00Z,2025-08-21 23:00,0.000,3621.363,15054.265
2025-08-21T22:00Z,2025-08-22 00:00,0.000,3777.568,12993.892
2025-08-21T23:00Z,2025-08-22 01:00,0.000,3752.435,12028.858
2025-08-22T00:00Z,2025-08-22 02:00,0.000,3809.895,11477.375
2025-08-22T01:00Z,2025-08-22 03:00,0.000,3916.980,11087.122
2025-08-22T02:00Z,2025-08-22 04:00,0.000,4050.202,10717.355
2025-08-22T03:00Z,2025-08-22 05:00,0.000,4102.583,10288.003
2025-08-22T04:00Z,2025-08-22 06:00,607.820,4112.682,9719.430
2025-08-22T05:00Z,2025-08-22 07:00,5135.525,4127.410,8839.972
2025-08-22T06:00Z,2025-08-22 08:00,14000.580,4055.128,8278.290
2025-08-22T07:00Z,2025-08-22 09:00,22977.583,3911.408,9073.090
2025-08-22T08:00Z,2025-08-22 10:00,29244.730,3674.508,10701.075
2025-08-22T09:00Z,2025-08-22 11:00,32738.142,3512.330,12042.298
2025-08-22T10:00Z,2025-08-22 12:00,34413.823,3465.597,13195.950
2025-08-22T11:00Z,2025-08-22 13:00,34758.755,3364.760,14468.032
2025-08-22T12:00Z,2025-08-22 14:00,33471.435,3362.650,16038.580
2025-08-22T13:00Z,2025-08-22 15:00,30593.552,3438.117,17259.300
2025-08-22T14:00Z,2025-08-22 16:00,25270.167,3578.530,18079.910
2025-08-22T15:00Z,2025-08-22 17:00,17837.990,3762.658,18147.505
2025-08-22T16:00Z,2025-08-22 18:00,9481.760,4078.562,17088.890
2025-08-22T17:00Z,2025-08-22 19:00,2736.230,4309.210,15080.080
2025-08-22T18:00Z,2025-08-22 20:00,156.760,4356.602,13161.315
2025-08-22T19:00Z,2025-08-22 21:00,0.000,4272.685,11651.057
2025-08-22T20:00Z,2025-08-22 22:00,0.000,4123.710,10593.420
2025-08-22T21:00Z,2025-08-22 23:00,0.000,4043.352,10014.815
2025-08-22T22:00Z,2025-08-23 00:00,0.000,4321.682,9522.730
2025-08-22T23:00Z,2025-08-23 01:00,0.000,4456.972,9556.847
2025-08-23T00:00Z,2025-08-23 02:00,0.000,4594.212,9820.795
2025-08-23T01:00Z,2025-08-23 03:00,0.000,4659.012,10061.650
2025-08-23T02:00Z,2025-08-23 04:00,0.000,4724.425,10386.942
2025-08-23T03:00Z,2025-08-23 05:00,0.000,4738.562,10933.225
2025-08-23T04:00Z,2025-08-23 06:00,458.888,4676.340,11355.373
2025-08-23T05:00Z,2025-08-23 07:00,3986.990,4579.358,11073.890
2025-08-23T06:00Z,2025-08-23 08:00,10677.767,4434.792,11229.000
2025-08-23T07:00Z,2025-08-23 09:00,18324.415,4035.238,12667.315
2025-08-23T08:00Z,2025-08-23 10:00,24828.200,3750.323,14215.722
2025-08-23T09:00Z,2025-08-23 11:00,29023.722,3570.505,14929.147
2025-08-23T10:00Z,2025-08-23 12:00,30820.022,3304.872,15379.935
2025-08-23T11:00Z,2025-08-23 13:00,30889.783,3015.515,15864.528
2025-08-23T12:00Z,2025-08-23 14:00,29692.510,2739.898,16491.385
2025-08-23T13:00Z,2025-08-23 15:00,26998.420,2583.278,16600.770
2025-08-23T14:00Z,2025-08-23 16:00,22766.272,2557.773,16243.275
2025-08-23T15:00Z,2025-08-23 17:00,16644.923,2604.990,15216.475
2025-08-23T16:00Z,2025-08-23 18:00,9042.657,2654.548,12981.522
2025-08-23T17:00Z,2025-08-23 19:00,2653.865,2654.385,10007.897
2025-08-23T18:00Z,2025-08-23 20:00,152.235,2516.682,7937.517
2025-08-23T19:00Z,2025-08-23 21:00,0.000,2279.457,6486.115
2025-08-23T20:00Z,2025-08-23 22:00,0.000,2019.652,5437.815
2025-08-23T21:00Z,2025-08-23 23:00,0.000,1797.062,4698.940
2025-08-23T22:00Z,2025-08-24 00:00,0.000,1814.960,4496.757
2025-08-23T23:00Z,2025-08-24 01:00,0.000,1774.602,4332.755
2025-08-24T00:00Z,2025-08-24 02:00,0.000,1862.058,4575.938
2025-08-24T01:00Z,2025-08-24 03:00,0.000,2009.122,4943.203
2025-08-24T02:00Z,2025-08-24 04:00,0.000,2154.938,5289.217
2025-08-24T03:00Z,2025-08-24 05:00,0.000,2255.060,5479.703
2025-08-24T04:00Z,2025-08-24 06:00,558.847,2333.120,5487.920
2025-08-24T05:00Z,2025-08-24 07:00,5621.180,2384.650,5070.100
2025-08-24T06:00Z,2025-08-24 08:00,15981.750,2411.680,4071.867
2025-08-24T07:00Z,2025-08-24 09:00,26478.142,2373.412,3552.267
2025-08-24T08:00Z,2025-08-24 10:00,33416.315,1709.660,4365.875
2025-08-24T09:00Z,2025-08-24 11:00,36573.470,1657.355,5439.840
2025-08-24T10:00Z,2025-08-24 12:00,37075.160,1628.625,6143.230
2025-08-24T11:00Z,2025-08-24 13:00,35915.948,1610.527,6850.945
2025-08-24T12:00Z,2025-08-24 14:00,33971.908,1617.967,7593.545
2025-08-24T13:00Z,2025-08-24 15:00,30904.327,1648.475,8349.233
2025-08-24T14:00Z,2025-08-24 16:00,25849.963,2122.315,8832.138
2025-08-24T15:00Z,2025-08-24 17:00,18608.333,2112.952,8810.692
2025-08-24T16:00Z,2025-08-24 18:00,9941.110,2040.487,8084.198
2025-08-24T17:00Z,2025-08-24 19:00,2745.092,1941.215,7003.250
2025-08-24T18:00Z,2025-08-24 20:00,125.430,1839.195,6481.665
2025-08-24T19:00Z,2025-08-24 21:00,0.000,1756.688,6315.837
2025-08-24T20:00Z,2025-08-24 22:00,0.000,1711.790,6437.137
2025-08-24T21:00Z,2025-08-24 23:00,0.000,1697.358,6585.130
2025-08-24T22:00Z,2025-08-25 00:00,0.000,1905.630,6128.363
2025-08-24T23:00Z,2025-08-25 01:00,0.000,1939.213,5788.557
2025-08-25T00:00Z,2025-08-25 02:00,0.000,1929.888,5578.282
2025-08-25T01:00Z,2025-08-25 03:00,0.000,1908.053,5420.778
2025-08-25T02:00Z,2025-08-25 04:00,0.000,1872.645,5237.635
2025-08-25T03:00Z,2025-08-25 05:00,0.000,1789.193,5097.462
2025-08-25T04:00Z,2025-08-25 06:00,486.422,1676.408,5077.913
2025-08-25T05:00Z,2025-08-25 07:00,5479.233,1554.943,4876.280
2025-08-25T06:00Z,2025-08-25 08:00,16143.903,1420.495,4276.968
2025-08-25T07:00Z,2025-08-25 09:00,27384.820,1262.015,4278.420
2025-08-25T08:00Z,2025-08-25 10:00,35849.022,1119.010,5388.195
2025-08-25T09:00Z,2025-08-25 11:00,41235.103,1040.025,6171.675
2025-08-25T10:00Z,2025-08-25 12:00,44180.107,1057.622,6308.903
2025-08-25T11:00Z,2025-08-25 13:00,44850.868,1135.755,6306.903
2025-08-25T12:00Z,2025-08-25 14:00,43294.335,1226.007,6406.420
2025-08-25T13:00Z,2025-08-25 15:00,39084.732,1303.450,6420.860
2025-08-25T14:00Z,2025-08-25 16:00,31791.300,1337.702,6197.635
2025-08-25T15:00Z,2025-08-25 17:00,21656.938,1289.125,5601.440
2025-08-25T16:00Z,2025-08-25 18:00,10582.910,1165.182,4556.150
2025-08-25T17:00Z,2025-08-25 19:00,2664.713,992.770,3507.660
2025-08-25T18:00Z,2025-08-25 20:00,98.160,808.273,2952.415
2025-08-25T19:00Z,2025-08-25 21:00,0.000,649.330,2511.625
2025-08-25T20:00Z,2025-08-25 22:00,0.000,516.750,2326.717
2025-08-25T21:00Z,2025-08-25 23:00,0.000,431.575,2228.945
2025-08-25T22:00Z,2025-08-26 00:00,0.000,331.940,2204.562
2025-08-25T23:00Z,2025-08-26 01:00,0.000,300.845,2162.795
2025-08-26T00:00Z,2025-08-26 02:00,0.000,288.562,2289.178
2025-08-26T01:00Z,2025-08-26 03:00,0.000,305.558,2394.060
2025-08-26T02:00Z,2025-08-26 04:00,0.000,355.845,2503.475
2025-08-26T03:00Z,2025-08-26 05:00,0.000,437.390,2655.948
2025-08-26T04:00Z,2025-08-26 06:00,447.353,553.115,2862.045
2025-08-26T05:00Z,2025-08-26 07:00,5279.642,689.995,3038.487
2025-08-26T06:00Z,2025-08-26 08:00,15953.810,797.420,2771.338
2025-08-26T07:00Z,2025-08-26 09:00,27684.895,863.835,1813.740
2025-08-26T08:00Z,2025-08-26 10:00,37005.610,905.253,1305.747
2025-08-26T09:00Z,2025-08-26 11:00,43012.113,963.207,1425.347
2025-08-26T10:00Z,2025-08-26 12:00,45824.103,1024.625,1636.435
2025-08-26T11:00Z,2025-08-26 13:00,45796.353,1090.090,1808.545
2025-08-26T12:00Z,2025-08-26 14:00,43053.092,1149.267,1892.660
2025-08-26T13:00Z,2025-08-26 15:00,37575.327,1242.085,1893.848
2025-08-26T14:00Z,2025-08-26 16:00,29193.405,1397.915,1898.683
2025-08-26T15:00Z,2025-08-26 17:00,18545.105,1593.150,1865.660
2025-08-26T16:00Z,2025-08-26 18:00,8320.468,1821.378,1946.842
2025-08-26T17:00Z,2025-08-26 19:00,2008.308,2089.710,2740.865
2025-08-26T18:00Z,2025-08-26 20:00,74.358,2364.170,4919.688
2025-08-26T19:00Z,2025-08-26 21:00,0.000,2506.887,7650.118
2025-08-26T20:00Z,2025-08-26 22:00,0.000,2501.423,10144.888
2025-08-26T21:00Z,2025-08-26 23:00,0.000,2353.405,11603.175
2025-08-26T22:00Z,2025-08-27 00:00,0.000,2132.725,11927.645
2025-08-26T23:00Z,2025-08-27 01:00,0.000,1812.160,12103.895
2025-08-27T00:00Z,2025-08-27 02:00,0.000,1528.895,11756.658
2025-08-27T01:00Z,2025-08-27 03:00,0.000,1318.838,10883.470
2025-08-27T02:00Z,2025-08-27 04:00,0.000,1128.628,9878.188
2025-08-27T03:00Z,2025-08-27 05:00,0.000,985.290,9165.535
2025-08-27T04:00Z,2025-08-27 06:00,295.600,925.835,8884.115
2025-08-27T05:00Z,2025-08-27 07:00,3449.405,987.508,8419.660
2025-08-27T06:00Z,2025-08-27 08:00,10497.897,1193.315,6910.885
2025-08-27T07:00Z,2025-08-27 09:00,19284.030,1450.898,5051.323
2025-08-27T08:00Z,2025-08-27 10:00,27747.790,1649.710,4428.892
2025-08-27T09:00Z,2025-08-27 11:00,34036.198,1763.648,4790.255
2025-08-27T10:00Z,2025-08-27 12:00,37377.568,1822.385,5409.068
2025-08-27T11:00Z,2025-08-27 13:00,37445.540,1785.570,5861.323
2025-08-27T12:00Z,2025-08-27 14:00,34753.835,1643.375,6042.637
2025-08-27T13:00Z,2025-08-27 15:00,30193.070,1468.483,5902.615
2025-08-27T14:00Z,2025-08-27 16:00,23537.540,1257.230,5422.290
2025-08-27T15:00Z,2025-08-27 17:00,15442.003,1033.808,4636.775
2025-08-27T16:00Z,2025-08-27 18:00,7375.148,816.800,3817.443
2025-08-27T17:00Z,2025-08-27 19:00,1848.648,646.122,3572.085
2025-08-27T18:00Z,2025-08-27 20:00,55.650,528.003,4006.358
2025-08-27T19:00Z,2025-08-27 21:00,0.000,492.598,4266.778
2025-08-27T20:00Z,2025-08-27 22:00,0.000,543.337,4483.802
2025-08-27T21:00Z,2025-08-27 23:00,0.000,676.237,4619.953
2025-08-27T22:00Z,2025-08-28 00:00,0.000,934.820,4341.792
2025-08-27T23:00Z,2025-08-28 01:00,0.000,1242.193,4293.880
2025-08-28T00:00Z,2025-08-28 02:00,0.000,1438.350,4364.483
2025-08-28T01:00Z,2025-08-28 03:00,0.000,1456.275,4287.438
2025-08-28T02:00Z,2025-08-28 04:00,0.000,1328.217,4200.972
2025-08-28T03:00Z,2025-08-28 05:00,0.000,1175.805,4134.430
2025-08-28T04:00Z,2025-08-28 06:00,271.790,1067.432,3936.512
2025-08-28T05:00Z,2025-08-28 07:00,2670.657,943.493,3604.965
2025-08-28T06:00Z,2025-08-28 08:00,7077.980,805.860,3181.233
2025-08-28T07:00Z,2025-08-28 09:00,11673.163,725.615,2503.595
2025-08-28T08:00Z,2025-08-28 10:00,15207.525,671.273,1971.142
2025-08-28T09:00Z,2025-08-28 11:00,17150.370,606.413,1853.920
2025-08-28T10:00Z,2025-08-28 12:00,17864.870,530.335,2164.488
2025-08-28T11:00Z,2025-08-28 13:00,17271.138,459.720,2591.150
2025-08-28T12:00Z,2025-08-28 14:00,15584.940,438.618,3002.767
2025-08-28T13:00Z,2025-08-28 15:00,13452.650,464.175,3545.620
2025-08-28T14:00Z,2025-08-28 16:00,10687.540,500.533,4250.725
2025-08-28T15:00Z,2025-08-28 17:00,7305.958,540.202,4661.988
2025-08-28T16:00Z,2025-08-28 18:00,3828.868,617.985,4613.050
2025-08-28T17:00Z,2025-08-28 19:00,1066.675,744.685,4718.717
2025-08-28T18:00Z,2025-08-28 20:00,47.155,876.290,5119.102
2025-08-28T19:00Z,2025-08-28 21:00,0.000,1004.505,5422.997
2025-08-28T20:00Z,2025-08-28 22:00,0.000,1154.307,5858.805
2025-08-28T21:00Z,2025-08-28 23:00,0.000,1296.475,6197.125
2025-08-28T22:00Z,2025-08-29 00:00,0.000,1200.355,5686.898
2025-08-28T23:00Z,2025-08-29 01:00,0.000,1252.405,5718.222
2025-08-29T00:00Z,2025-08-29 02:00,0.000,1340.360,5888.698
2025-08-29T01:00Z,2025-08-29 03:00,0.000,1491.350,6073.950
2025-08-29T02:00Z,2025-08-29 04:00,0.000,1683.100,6285.988
2025-08-29T03:00Z,2025-08-29 05:00,0.000,1957.822,6367.698
2025-08-29T04:00Z,2025-08-29 06:00,170.337,2213.230,6261.297
2025-08-29T05:00Z,2025-08-29 07:00,2355.205,2361.668,5902.023
2025-08-29T06:00Z,2025-08-29 08:00,7682.705,2373.320,5075.493
2025-08-29T07:00Z,2025-08-29 09:00,14954.942,2208.448,3921.575
2025-08-29T08:00Z,2025-08-29 10:00,22068.645,1932.460,3785.097
2025-08-29T09:00Z,2025-08-29 11:00,27463.275,1674.743,4630.060
2025-08-29T10:00Z,2025-08-29 12:00,30582.013,1493.585,5693.337
2025-08-29T11:00Z,2025-08-29 13:00,31218.830,1319.180,6476.930
2025-08-29T12:00Z,2025-08-29 14:00,29814.458,1083.188,6898.865
2025-08-29T13:00Z,2025-08-29 15:00,26598.915,804.510,6984.985
2025-08-29T14:00Z,2025-08-29 16:00,21098.132,633.350,6944.925
2025-08-29T15:00Z,2025-08-29 17:00,14048.178,636.655,6951.337
2025-08-29T16:00Z,2025-08-29 18:00,6701.170,789.392,6956.628
2025-08-29T17:00Z,2025-08-29 19:00,1562.612,1011.712,7514.830
2025-08-29T18:00Z,2025-08-29 20:00,39.910,1270.642,9035.587
2025-08-29T19:00Z,2025-08-29 21:00,0.000,1618.537,10353.833
2025-08-29T20:00Z,2025-08-29 22:00,0.000,1979.743,11123.470
2025-08-29T21:00Z,2025-08-29 23:00,0.000,2255.467,11568.535
2025-08-29T22:00Z,2025-08-30 00:00,0.000,3064.832,11037.525
2025-08-29T23:00Z,2025-08-30 01:00,0.000,3085.245,10687.397
2025-08-30T00:00Z,2025-08-30 02:00,0.000,3071.830,10433.987
2025-08-30T01:00Z,2025-08-30 03:00,0.000,3088.122,9964.948
2025-08-30T02:00Z,2025-08-30 04:00,0.000,3147.707,9441.025
2025-08-30T03:00Z,2025-08-30 05:00,0.000,3277.770,9006.270
2025-08-30T04:00Z,2025-08-30 06:00,252.853,3416.900,8742.452
2025-08-30T05:00Z,2025-08-30 07:00,3279.715,3515.997,8398.425
2025-08-30T06:00Z,2025-08-30 08:00,9653.382,3536.383,8059.250
2025-08-30T07:00Z,2025-08-30 09:00,17102.397,3497.485,8101.892
2025-08-30T08:00Z,2025-08-30 10:00,24014.222,3428.020,8069.090
2025-08-30T09:00Z,2025-08-30 11:00,29568.250,3259.250,7945.855
2025-08-30T10:00Z,2025-08-30 12:00,32670.963,3033.150,7979.182
2025-08-30T11:00Z,2025-08-30 13:00,33350.190,2807.365,7863.502
2025-08-30T12:00Z,2025-08-30 14:00,32503.382,2608.020,7796.587
2025-08-30T13:00Z,2025-08-30 15:00,30258.210,2470.233,7623.475
2025-08-30T14:00Z,2025-08-30 16:00,25547.197,2285.602,7350.485
2025-08-30T15:00Z,2025-08-30 17:00,17876.890,2009.315,6412.288
2025-08-30T16:00Z,2025-08-30 18:00,8550.955,1674.423,4986.852
2025-08-30T17:00Z,2025-08-30 19:00,1916.115,1362.010,3918.885
2025-08-30T18:00Z,2025-08-30 20:00,38.705,1179.697,3981.570
2025-08-30T19:00Z,2025-08-30 21:00,0.000,1238.600,4547.730
2025-08-30T20:00Z,2025-08-30 22:00,0.000,1495.527,5692.562
2025-08-30T21:00Z,2025-08-30 23:00,0.000,1837.092,6974.427
2025-08-30T22:00Z,2025-08-31 00:00,0.000,2700.227,8094.830
2025-08-30T23:00Z,2025-08-31 01:00,0.000,3288.807,9150.248
2025-08-31T00:00Z,2025-08-31 02:00,0.000,3783.585,10058.345
2025-08-31T01:00Z,2025-08-31 03:00,0.000,4088.310,10542.533
2025-08-31T02:00Z,2025-08-31 04:00,0.000,4244.247,10793.778
2025-08-31T03:00Z,2025-08-31 05:00,0.000,4343.030,10959.892
2025-08-31T04:00Z,2025-08-31 06:00,297.183,4417.785,11233.820
2025-08-31T05:00Z,2025-08-31 07:00,4483.950,4468.387,11062.110
2025-08-31T06:00Z,2025-08-31 08:00,13870.510,4419.908,9880.233
2025-08-31T07:00Z,2025-08-31 09:00,23543.497,4300.180,8085.587
2025-08-31T08:00Z,2025-08-31 10:00,30886.125,4078.610,7059.285
2025-08-31T09:00Z,2025-08-31 11:00,35223.092,3728.775,6554.712
2025-08-31T10:00Z,2025-08-31 12:00,36436.238,3258.135,6275.340
2025-08-31T11:00Z,2025-08-31 13:00,35598.545,2657.340,5927.870
2025-08-31T12:00Z,2025-08-31 14:00,33410.350,2077.225,5611.120
2025-08-31T13:00Z,2025-08-31 15:00,29785.552,1605.128,5327.445
2025-08-31T14:00Z,2025-08-31 16:00,24035.677,1227.447,4856.892
2025-08-31T15:00Z,2025-08-31 17:00,15674.765,965.553,4050.525
2025-08-31T16:00Z,2025-08-31 18:00,6914.825,822.535,3533.810
2025-08-31T17:00Z,2025-08-31 19:00,1432.990,798.845,3805.765
2025-08-31T18:00Z,2025-08-31 20:00,26.325,908.947,4946.712
2025-08-31T19:00Z,2025-08-31 21:00,0.000,1163.773,6201.245
2025-08-31T20:00Z,2025-08-31 22:00,0.000,1526.850,7670.790
2025-08-31T21:00Z,2025-08-31 23:00,0.000,1916.115,8909.960
2025-08-31T22:00Z,2025-09-01 00:00,0.000,3389.730,11008.062
2025-08-31T23:00Z,2025-09-01 01:00,0.000,2924.307,11483.385
2025-09-01T00:00Z,2025-09-01 02:00,0.000,2297.347,11758.040
2025-09-01T01:00Z,2025-09-01 03:00,0.000,1739.378,11577.115
2025-09-01T02:00Z,2025-09-01 04:00,0.000,1319.972,11356.808
2025-09-01T03:00Z,2025-09-01 05:00,0.000,1025.720,11342.925
2025-09-01T04:00Z,2025-09-01 06:00,249.423,879.888,11581.215
2025-09-01T05:00Z,2025-09-01 07:00,3832.213,851.940,11291.670
2025-09-01T06:00Z,2025-09-01 08:00,11616.140,906.632,9644.648
2025-09-01T07:00Z,2025-09-01 09:00,19333.640,965.298,7653.903
2025-09-01T08:00Z,2025-09-01 10:00,25151.537,996.408,6802.403
2025-09-01T09:00Z,2025-09-01 11:00,29138.365,1031.438,7035.892
2025-09-01T10:00Z,2025-09-01 12:00,31197.170,1087.710,6990.705
2025-09-01T11:00Z,2025-09-01 13:00,31113.845,1201.822,6580.227
2025-09-01T12:00Z,2025-09-01 14:00,29191.283,1344.693,6081.085
2025-09-01T13:00Z,2025-09-01 15:00,25265.590,1464.942,5441.238
2025-09-01T14:00Z,2025-09-01 16:00,19216.635,1560.528,4856.538
2025-09-01T15:00Z,2025-09-01 17:00,12083.468,1646.705,4253.562
2025-09-01T16:00Z,2025-09-01 18:00,5435.797,1700.777,3755.165
2025-09-01T17:00Z,2025-09-01 19:00,1125.470,1715.465,3762.352
2025-09-01T18:00Z,2025-09-01 20:00,23.822,1693.008,4173.182
2025-09-01T19:00Z,2025-09-01 21:00,0.000,1684.605,4315.062
2025-09-01T20:00Z,2025-09-01 22:00,0.000,1765.392,4469.285
2025-09-01T21:00Z,2025-09-01 23:00,0.000,1847.332,4610.170
2025-09-01T22:00Z,2025-09-02 00:00,0.000,2134.325,5032.055
2025-09-01T23:00Z,2025-09-02 01:00,0.000,2059.925,5048.042
2025-09-02T00:00Z,2025-09-02 02:00,0.000,1934.155,5181.325
2025-09-02T01:00Z,2025-09-02 03:00,0.000,1786.638,5084.202
2025-09-02T02:00Z,2025-09-02 04:00,0.000,1565.703,4909.427
2025-09-02T03:00Z,2025-09-02 05:00,0.000,1364.358,4765.670
2025-09-02T04:00Z,2025-09-02 06:00,102.235,1272.572,4743.097
2025-09-02T05:00Z,2025-09-02 07:00,1913.040,1275.653,4672.983
2025-09-02T06:00Z,2025-09-02 08:00,6449.055,1382.610,4176.475
2025-09-02T07:00Z,2025-09-02 09:00,12143.477,1480.645,3486.070
2025-09-02T08:00Z,2025-09-02 10:00,17555.280,1536.385,3358.405
2025-09-02T09:00Z,2025-09-02 11:00,21618.688,1543.450,3683.725
2025-09-02T10:00Z,2025-09-02 12:00,24343.205,1513.875,4036.457
2025-09-02T11:00Z,2025-09-02 13:00,26112.028,1477.898,4380.080
2025-09-02T12:00Z,2025-09-02 14:00,26357.300,1436.193,4782.307
2025-09-02T13:00Z,2025-09-02 15:00,24777.725,1387.550,4972.640
2025-09-02T14:00Z,2025-09-02 16:00,21060.155,1292.303,4810.842
2025-09-02T15:00Z,2025-09-02 17:00,14821.958,1061.007,4393.358
2025-09-02T16:00Z,2025-09-02 18:00,7093.363,756.442,3829.985
2025-09-02T17:00Z,2025-09-02 19:00,1498.890,535.965,3658.785
2025-09-02T18:00Z,2025-09-02 20:00,27.870,447.135,4511.198
2025-09-02T19:00Z,2025-09-02 21:00,0.000,504.452,5858.413
2025-09-02T20:00Z,2025-09-02 22:00,0.000,770.120,7537.830
2025-09-02T21:00Z,2025-09-02 23:00,0.000,1217.327,9278.335
2025-09-02T22:00Z,2025-09-03 00:00,0.000,2232.218,12416.202
2025-09-02T23:00Z,2025-09-03 01:00,0.000,2862.677,13997.800
2025-09-03T00:00Z,2025-09-03 02:00,0.000,3328.310,15175.968
2025-09-03T01:00Z,2025-09-03 03:00,0.000,3668.977,16019.160
2025-09-03T02:00Z,2025-09-03 04:00,0.000,3999.185,16810.460
2025-09-03T03:00Z,2025-09-03 05:00,0.000,4242.145,17505.590
2025-09-03T04:00Z,2025-09-03 06:00,214.760,4445.420,18270.708
2025-09-03T05:00Z,2025-09-03 07:00,3879.283,4581.030,18478.682
2025-09-03T06:00Z,2025-09-03 08:00,12136.337,4606.180,17458.903
2025-09-03T07:00Z,2025-09-03 09:00,21320.658,4547.325,17038.315
2025-09-03T08:00Z,2025-09-03 10:00,28557.945,4456.570,18706.695
2025-09-03T09:00Z,2025-09-03 11:00,33028.448,4298.990,21193.100
2025-09-03T10:00Z,2025-09-03 12:00,34365.950,4127.730,22542.592
2025-09-03T11:00Z,2025-09-03 13:00,33488.955,4027.023,23273.878
2025-09-03T12:00Z,2025-09-03 14:00,31161.338,4003.570,23890.900
2025-09-03T13:00Z,2025-09-03 15:00,27642.085,4040.698,24011.787
2025-09-03T14:00Z,2025-09-03 16:00,22444.780,4136.663,24309.030
2025-09-03T15:00Z,2025-09-03 17:00,15126.905,4337.515,23792.390
2025-09-03T16:00Z,2025-09-03 18:00,6867.455,4535.825,22592.430
2025-09-03T17:00Z,2025-09-03 19:00,1356.625,4655.017,22258.175
2025-09-03T18:00Z,2025-09-03 20:00,19.060,4740.335,23704.100
2025-09-03T19:00Z,2025-09-03 21:00,0.000,4873.573,25253.537
2025-09-03T20:00Z,2025-09-03 22:00,0.000,5025.453,25335.470
2025-09-03T21:00Z,2025-09-03 23:00,0.000,5123.745,25196.077
2025-09-03T22:00Z,2025-09-04 00:00,0.000,5120.520,26085.467
2025-09-03T23:00Z,2025-09-04 01:00,0.000,5195.390,25206.502
2025-09-04T00:00Z,2025-09-04 02:00,0.000,5372.155,24024.225
2025-09-04T01:00Z,2025-09-04 03:00,0.000,5546.255,22654.128
2025-09-04T02:00Z,2025-09-04 04:00,0.000,5522.782,21177.732
2025-09-04T03:00Z,2025-09-04 05:00,0.000,5412.648,19625.280
2025-09-04T04:00Z,2025-09-04 06:00,190.100,5249.477,18284.812
2025-09-04T05:00Z,2025-09-04 07:00,3884.632,5075.185,16202.915
2025-09-04T06:00Z,2025-09-04 08:00,12482.500,4867.788,13539.787
2025-09-04T07:00Z,2025-09-04 09:00,22103.695,4546.305,11837.557
2025-09-04T08:00Z,2025-09-04 10:00,29717.960,4124.722,10980.532
2025-09-04T09:00Z,2025-09-04 11:00,34334.670,3761.492,10288.917
2025-09-04T10:00Z,2025-09-04 12:00,35667.622,3388.178,10050.247
2025-09-04T11:00Z,2025-09-04 13:00,34390.875,2975.325,10013.812
2025-09-04T12:00Z,2025-09-04 14:00,31169.877,2497.600,9851.557
2025-09-04T13:00Z,2025-09-04 15:00,26344.732,1915.983,9042.798
2025-09-04T14:00Z,2025-09-04 16:00,19991.702,1353.140,7704.843
2025-09-04T15:00Z,2025-09-04 17:00,12482.362,937.023,5943.747
2025-09-04T16:00Z,2025-09-04 18:00,5444.798,765.165,4421.507
2025-09-04T17:00Z,2025-09-04 19:00,992.143,834.158,3967.480
2025-09-04T18:00Z,2025-09-04 20:00,15.720,1130.570,4404.265
2025-09-04T19:00Z,2025-09-04 21:00,0.000,1449.410,4804.390
2025-09-04T20:00Z,2025-09-04 22:00,0.000,1687.760,5565.485
2025-09-04T21:00Z,2025-09-04 23:00,0.000,1855.903,6534.608
2025-09-04T22:00Z,2025-09-05 00:00,0.000,2083.217,7019.475
2025-09-04T23:00Z,2025-09-05 01:00,0.000,2226.200,7162.283
2025-09-05T00:00Z,2025-09-05 02:00,0.000,2253.035,7325.363
2025-09-05T01:00Z,2025-09-05 03:00,0.000,2184.370,7367.762
2025-09-05T02:00Z,2025-09-05 04:00,0.000,2094.543,7529.040
2025-09-05T03:00Z,2025-09-05 05:00,0.000,1980.190,7699.222
2025-09-05T04:00Z,2025-09-05 06:00,96.415,1832.715,7747.068
2025-09-05T05:00Z,2025-09-05 07:00,1842.233,1783.185,7773.542
2025-09-05T06:00Z,2025-09-05 08:00,6211.827,1763.467,7560.060
2025-09-05T07:00Z,2025-09-05 09:00,11770.475,1742.483,7521.578
2025-09-05T08:00Z,2025-09-05 10:00,16766.897,1760.812,7952.860
2025-09-05T09:00Z,2025-09-05 11:00,20903.528,1754.852,8476.885
2025-09-05T10:00Z,2025-09-05 12:00,23776.382,1697.402,8797.778
2025-09-05T11:00Z,2025-09-05 13:00,24909.240,1654.632,9010.677
2025-09-05T12:00Z,2025-09-05 14:00,24974.415,1583.078,9198.910
2025-09-05T13:00Z,2025-09-05 15:00,23492.122,1451.892,8966.865
2025-09-05T14:00Z,2025-09-05 16:00,19637.847,1345.508,8224.538
2025-09-05T15:00Z,2025-09-05 17:00,13400.050,1311.560,7146.182
2025-09-05T16:00Z,2025-09-05 18:00,6192.917,1279.985,5844.128
2025-09-05T17:00Z,2025-09-05 19:00,1196.945,1229.420,4930.323
2025-09-05T18:00Z,2025-09-05 20:00,13.643,1223.553,4852.065
2025-09-05T19:00Z,2025-09-05 21:00,0.000,1134.997,4726.953
2025-09-05T20:00Z,2025-09-05 22:00,0.000,1008.685,4728.222
2025-09-05T21:00Z,2025-09-05 23:00,0.000,879.663,4566.130
2025-09-05T22:00Z,2025-09-06 00:00,0.000,672.560,3182.847
2025-09-05T23:00Z,2025-09-06 01:00,0.000,569.855,2745.488
2025-09-06T00:00Z,2025-09-06 02:00,0.000,496.505,2446.807
2025-09-06T01:00Z,2025-09-06 03:00,0.000,428.498,2215.145
2025-09-06T02:00Z,2025-09-06 04:00,0.000,378.423,2028.803
2025-09-06T03:00Z,2025-09-06 05:00,0.000,333.043,1816.513
2025-09-06T04:00Z,2025-09-06 06:00,141.873,288.058,1615.930
2025-09-06T05:00Z,2025-09-06 07:00,3640.385,250.983,1445.253
2025-09-06T06:00Z,2025-09-06 08:00,12817.830,214.270,1173.680
2025-09-06T07:00Z,2025-09-06 09:00,24388.958,189.197,810.377
2025-09-06T08:00Z,2025-09-06 10:00,34524.583,173.227,645.597
2025-09-06T09:00Z,2025-09-06 11:00,40973.225,166.623,689.435
2025-09-06T10:00Z,2025-09-06 12:00,43731.480,161.565,810.845
2025-09-06T11:00Z,2025-09-06 13:00,43810.365,149.465,926.957
2025-09-06T12:00Z,2025-09-06 14:00,41830.682,132.360,1042.543
2025-09-06T13:00Z,2025-09-06 15:00,37638.170,129.880,1182.025
2025-09-06T14:00Z,2025-09-06 16:00,30052.888,143.382,1379.940
2025-09-06T15:00Z,2025-09-06 17:00,19068.518,196.890,1639.023
2025-09-06T16:00Z,2025-09-06 18:00,7698.113,311.033,2091.625
2025-09-06T17:00Z,2025-09-06 19:00,1260.960,503.425,3211.315
2025-09-06T18:00Z,2025-09-06 20:00,12.120,766.972,5181.702
2025-09-06T19:00Z,2025-09-06 21:00,0.000,1052.850,7184.793
2025-09-06T20:00Z,2025-09-06 22:00,0.000,1360.965,8911.315
2025-09-06T21:00Z,2025-09-06 23:00,0.000,1712.868,10146.510
2025-09-06T22:00Z,2025-09-07 00:00,0.000,1974.312,10081.938
2025-09-06T23:00Z,2025-09-07 01:00,0.000,2355.660,10349.392
2025-09-07T00:00Z,2025-09-07 02:00,0.000,2680.222,10430.710
2025-09-07T01:00Z,2025-09-07 03:00,0.000,2906.247,10396.545
2025-09-07T02:00Z,2025-09-07 04:00,0.000,3078.170,10544.898
2025-09-07T03:00Z,2025-09-07 05:00,0.000,3257.070,11014.052
2025-09-07T04:00Z,2025-09-07 06:00,157.725,3485.420,11845.952
2025-09-07T05:00Z,2025-09-07 07:00,3987.120,3654.338,12216.538
2025-09-07T06:00Z,2025-09-07 08:00,13790.445,3752.540,11365.340
2025-09-07T07:00Z,2025-09-07 09:00,25538.105,2345.807,8774.225
2025-09-07T08:00Z,2025-09-07 10:00,35622.072,2424.980,6977.840
2025-09-07T09:00Z,2025-09-07 11:00,42256.730,2478.425,7313.868
2025-09-07T10:00Z,2025-09-07 12:00,44961.378,2288.242,7816.000
2025-09-07T11:00Z,2025-09-07 13:00,44863.052,2334.355,7729.708
2025-09-07T12:00Z,2025-09-07 14:00,42344.750,2405.170,7802.785
2025-09-07T13:00Z,2025-09-07 15:00,37384.640,2803.112,8245.222
2025-09-07T14:00Z,2025-09-07 16:00,29540.978,2974.380,9208.708
2025-09-07T15:00Z,2025-09-07 17:00,18433.667,5090.620,10355.642
2025-09-07T16:00Z,2025-09-07 18:00,7310.093,5340.100,11573.160
2025-09-07T17:00Z,2025-09-07 19:00,1159.622,5484.868,14276.750
2025-09-07T18:00Z,2025-09-07 20:00,9.305,5534.705,17214.048
2025-09-07T19:00Z,2025-09-07 21:00,0.000,5549.932,18487.380
2025-09-07T20:00Z,2025-09-07 22:00,0.000,5546.010,18140.840
2025-09-07T21:00Z,2025-09-07 23:00,0.000,5544.083,17367.713
2025-09-07T22:00Z,2025-09-08 00:00,0.000,5245.070,16423.708
2025-09-07T23:00Z,2025-09-08 01:00,0.000,5322.783,15243.550
2025-09-08T00:00Z,2025-09-08 02:00,0.000,5381.930,14021.747
2025-09-08T01:00Z,2025-09-08 03:00,0.000,5394.712,12941.737
2025-09-08T02:00Z,2025-09-08 04:00,0.000,5382.740,12143.790
2025-09-08T03:00Z,2025-09-08 05:00,0.000,5292.837,11594.400
2025-09-08T04:00Z,2025-09-08 06:00,131.267,5122.975,11235.838
2025-09-08T05:00Z,2025-09-08 07:00,3532.392,4854.023,10437.708
2025-09-08T06:00Z,2025-09-08 08:00,11959.573,4410.480,8725.843
2025-09-08T07:00Z,2025-09-08 09:00,21297.590,3831.003,6294.113
2025-09-08T08:00Z,2025-09-08 10:00,28660.185,3193.560,4868.212
2025-09-08T09:00Z,2025-09-08 11:00,32969.188,2655.590,4799.653
2025-09-08T10:00Z,2025-09-08 12:00,34405.370,2123.258,4850.953
2025-09-08T11:00Z,2025-09-08 13:00,33587.527,1724.263,4394.847
2025-09-08T12:00Z,2025-09-08 14:00,30574.292,1449.023,3735.945
2025-09-08T13:00Z,2025-09-08 15:00,25853.865,1240.023,3109.355
2025-09-08T14:00Z,2025-09-08 16:00,19672.952,1015.820,2676.793
2025-09-08T15:00Z,2025-09-08 17:00,12191.038,820.160,2480.387
2025-09-08T16:00Z,2025-09-08 18:00,4934.080,648.875,2649.115
2025-09-08T17:00Z,2025-09-08 19:00,733.340,550.300,3424.932
2025-09-08T18:00Z,2025-09-08 20:00,7.588,504.952,4323.413
2025-09-08T19:00Z,2025-09-08 21:00,0.000,493.250,4452.738
2025-09-08T20:00Z,2025-09-08 22:00,0.000,474.782,4121.733
2025-09-08T21:00Z,2025-09-08 23:00,0.000,422.218,3530.510
2025-09-08T22:00Z,2025-09-09 00:00,0.000,311.300,2927.450
2025-09-08T23:00Z,2025-09-09 01:00,0.000,258.538,2680.762
2025-09-09T00:00Z,2025-09-09 02:00,0.000,220.727,2802.605
2025-09-09T01:00Z,2025-09-09 03:00,0.000,199.325,2891.605
2025-09-09T02:00Z,2025-09-09 04:00,0.000,194.847,2961.238
2025-09-09T03:00Z,2025-09-09 05:00,0.000,204.255,3191.945
2025-09-09T04:00Z,2025-09-09 06:00,96.002,226.100,3634.162
2025-09-09T05:00Z,2025-09-09 07:00,2513.875,253.352,3983.153
2025-09-09T06:00Z,2025-09-09 08:00,8522.003,282.520,3842.693
2025-09-09T07:00Z,2025-09-09 09:00,15056.715,305.245,3294.438
2025-09-09T08:00Z,2025-09-09 10:00,20310.853,348.048,2903.352
2025-09-09T09:00Z,2025-09-09 11:00,23443.460,410.350,3151.092
2025-09-09T10:00Z,2025-09-09 12:00,24998.792,473.793,3562.747
2025-09-09T11:00Z,2025-09-09 13:00,25017.980,556.477,3859.747
2025-09-09T12:00Z,2025-09-09 14:00,23352.665,686.520,4131.142
2025-09-09T13:00Z,2025-09-09 15:00,20466.708,856.303,4273.620
2025-09-09T14:00Z,2025-09-09 16:00,16096.415,1095.428,4333.325
2025-09-09T15:00Z,2025-09-09 17:00,10404.728,1499.028,4395.077
2025-09-09T16:00Z,2025-09-09 18:00,4418.215,1887.870,4444.870
2025-09-09T17:00Z,2025-09-09 19:00,652.240,2169.475,4786.847
2025-09-09T18:00Z,2025-09-09 20:00,6.242,2263.823,5124.450
2025-09-09T19:00Z,2025-09-09 21:00,0.000,2103.793,4850.200
2025-09-09T20:00Z,2025-09-09 22:00,0.000,1913.842,4597.535
2025-09-09T21:00Z,2025-09-09 23:00,0.000,1823.787,4427.783
2025-09-09T22:00Z,2025-09-10 00:00,0.000,1786.342,4426.075
2025-09-09T23:00Z,2025-09-10 01:00,0.000,1729.673,3781.303
2025-09-10T00:00Z,2025-09-10 02:00,0.000,1547.290,3201.415
2025-09-10T01:00Z,2025-09-10 03:00,0.000,1387.210,2832.930
2025-09-10T02:00Z,2025-09-10 04:00,0.000,1271.705,2692.172
2025-09-10T03:00Z,2025-09-10 05:00,0.000,1174.695,2677.570
2025-09-10T04:00Z,2025-09-10 06:00,67.248,1102.557,2637.753
2025-09-10T05:00Z,2025-09-10 07:00,2033.717,1046.910,2432.345
2025-09-10T06:00Z,2025-09-10 08:00,7258.828,974.758,1924.770
2025-09-10T07:00Z,2025-09-10 09:00,13857.342,898.615,1337.908
2025-09-10T08:00Z,2025-09-10 10:00,19839.007,815.595,1027.385
2025-09-10T09:00Z,2025-09-10 11:00,24297.340,736.548,1009.003
2025-09-10T10:00Z,2025-09-10 12:00,26955.612,715.933,1166.483
2025-09-10T11:00Z,2025-09-10 13:00,27273.452,744.725,1402.435
2025-09-10T12:00Z,2025-09-10 14:00,25587.007,796.935,1590.287
2025-09-10T13:00Z,2025-09-10 15:00,22142.603,851.395,1757.233
2025-09-10T14:00Z,2025-09-10 16:00,17008.680,916.347,1889.053
2025-09-10T15:00Z,2025-09-10 17:00,10707.737,1018.947,1858.763
2025-09-10T16:00Z,2025-09-10 18:00,4430.988,1185.495,1909.410
2025-09-10T17:00Z,2025-09-10 19:00,628.903,1469.615,2337.727
2025-09-10T18:00Z,2025-09-10 20:00,6.372,1896.227,3188.660
2025-09-10T19:00Z,2025-09-10 21:00,0.000,2438.775,4208.352
2025-09-10T20:00Z,2025-09-10 22:00,0.000,3015.688,5607.120
2025-09-10T21:00Z,2025-09-10 23:00,0.000,3506.878,7033.807
2025-09-10T22:00Z,2025-09-11 00:00,0.000,4005.233,8869.042
2025-09-10T23:00Z,2025-09-11 01:00,0.000,4467.413,10042.705
2025-09-11T00:00Z,2025-09-11 02:00,0.000,4867.060,10954.690
2025-09-11T01:00Z,2025-09-11 03:00,0.000,5113.885,11554.015
2025-09-11T02:00Z,2025-09-11 04:00,0.000,5196.080,12134.788
2025-09-11T03:00Z,2025-09-11 05:00,0.000,5290.762,12783.503
2025-09-11T04:00Z,2025-09-11 06:00,56.062,5451.395,13633.845
2025-09-11T05:00Z,2025-09-11 07:00,2274.122,5526.797,14248.570
2025-09-11T06:00Z,2025-09-11 08:00,8368.627,5351.557,14081.118
2025-09-11T07:00Z,2025-09-11 09:00,16086.330,4880.417,13900.680
2025-09-11T08:00Z,2025-09-11 10:00,22786.195,4511.705,15372.535
2025-09-11T09:00Z,2025-09-11 11:00,27512.103,4262.333,18243.460
2025-09-11T10:00Z,2025-09-11 12:00,30559.147,4153.557,20411.658
2025-09-11T11:00Z,2025-09-11 13:00,31425.842,4204.743,21963.030
2025-09-11T12:00Z,2025-09-11 14:00,29967.853,4234.023,23147.287
2025-09-11T13:00Z,2025-09-11 15:00,26163.013,4215.677,23084.183
2025-09-11T14:00Z,2025-09-11 16:00,20214.625,4348.300,22180.658
2025-09-11T15:00Z,2025-09-11 17:00,12598.792,4646.690,20103.165
2025-09-11T16:00Z,2025-09-11 18:00,4926.967,4859.720,17424.525
2025-09-11T17:00Z,2025-09-11 19:00,623.610,5075.870,15967.388
2025-09-11T18:00Z,2025-09-11 20:00,0.000,5310.675,16364.272
2025-09-11T19:00Z,2025-09-11 21:00,0.000,5468.712,17719.298
2025-09-11T20:00Z,2025-09-11 22:00,0.000,5572.083,18942.588
2025-09-11T21:00Z,2025-09-11 23:00,0.000,5638.245,20310.458
2025-09-11T22:00Z,2025-09-12 00:00,0.000,5469.868,22767.048
2025-09-11T23:00Z,2025-09-12 01:00,0.000,5530.062,22949.153
2025-09-12T00:00Z,2025-09-12 02:00,0.000,5577.755,22738.420
2025-09-12T01:00Z,2025-09-12 03:00,0.000,5708.925,22390.733
2025-09-12T02:00Z,2025-09-12 04:00,0.000,5598.977,22007.995
2025-09-12T03:00Z,2025-09-12 05:00,0.000,5603.017,21626.705
2025-09-12T04:00Z,2025-09-12 06:00,53.258,5734.155,21812.730
2025-09-12T05:00Z,2025-09-12 07:00,2456.838,5920.425,21207.610
2025-09-12T06:00Z,2025-09-12 08:00,9400.347,5730.695,19702.865
2025-09-12T07:00Z,2025-09-12 09:00,17970.470,5496.632,20278.408
2025-09-12T08:00Z,2025-09-12 10:00,25483.052,5363.503,22381.278
2025-09-12T09:00Z,2025-09-12 11:00,30880.000,3222.108,22246.855
2025-09-12T10:00Z,2025-09-12 12:00,34099.035,3185.620,21976.305
2025-09-12T11:00Z,2025-09-12 13:00,34426.708,3207.500,21917.205
2025-09-12T12:00Z,2025-09-12 14:00,32918.555,3135.500,21656.925
2025-09-12T13:00Z,2025-09-12 15:00,29670.368,2877.405,20945.092
2025-09-12T14:00Z,2025-09-12 16:00,23679.540,2892.385,19874.620
2025-09-12T15:00Z,2025-09-12 17:00,14809.177,5253.148,17587.958
2025-09-12T16:00Z,2025-09-12 18:00,5473.330,5315.528,13772.565
2025-09-12T17:00Z,2025-09-12 19:00,642.290,5303.562,11331.198
2025-09-12T18:00Z,2025-09-12 20:00,0.250,5148.790,11069.513
2025-09-12T19:00Z,2025-09-12 21:00,0.000,5032.068,11718.095
2025-09-12T20:00Z,2025-09-12 22:00,0.000,5027.497,12829.142
2025-09-12T21:00Z,2025-09-12 23:00,0.000,5138.700,13849.005
2025-09-12T22:00Z,2025-09-13 00:00,0.000,5600.770,15777.073
2025-09-12T23:00Z,2025-09-13 01:00,0.000,5635.977,16174.852
2025-09-13T00:00Z,2025-09-13 02:00,0.000,5593.542,16150.872
2025-09-13T01:00Z,2025-09-13 03:00,0.000,5605.637,15781.555
2025-09-13T02:00Z,2025-09-13 04:00,0.000,5689.670,15329.985
2025-09-13T03:00Z,2025-09-13 05:00,0.000,5716.998,15041.780
2025-09-13T04:00Z,2025-09-13 06:00,40.688,5683.195,15169.355
2025-09-13T05:00Z,2025-09-13 07:00,1944.530,5672.472,14970.120
2025-09-13T06:00Z,2025-09-13 08:00,7184.460,5731.823,14147.345
2025-09-13T07:00Z,2025-09-13 09:00,13957.562,5832.750,12345.218
2025-09-13T08:00Z,2025-09-13 10:00,20664.030,5802.850,11220.573
2025-09-13T09:00Z,2025-09-13 11:00,25953.178,5820.243,12127.583
2025-09-13T10:00Z,2025-09-13 12:00,29475.260,5676.938,13825.198
2025-09-13T11:00Z,2025-09-13 13:00,30392.827,5557.993,14944.247
2025-09-13T12:00Z,2025-09-13 14:00,28522.123,5483.020,15809.157
2025-09-13T13:00Z,2025-09-13 15:00,24634.368,5405.312,15780.100
2025-09-13T14:00Z,2025-09-13 16:00,18427.850,5338.890,14916.275
2025-09-13T15:00Z,2025-09-13 17:00,10702.323,5258.782,13261.005
2025-09-13T16:00Z,2025-09-13 18:00,3786.220,5037.920,11774.325
2025-09-13T17:00Z,2025-09-13 19:00,381.725,4774.233,11691.635
2025-09-13T18:00Z,2025-09-13 20:00,0.000,4512.060,12313.570
2025-09-13T19:00Z,2025-09-13 21:00,0.000,4275.618,12825.515
2025-09-13T20:00Z,2025-09-13 22:00,0.000,4031.500,12920.240
2025-09-13T21:00Z,2025-09-13 23:00,0.000,3717.798,12729.405
2025-09-13T22:00Z,2025-09-14 00:00,0.000,3599.988,12791.365
2025-09-13T23:00Z,2025-09-14 01:00,0.000,3171.483,12205.100
2025-09-14T00:00Z,2025-09-14 02:00,0.000,2772.057,11526.627
2025-09-14T01:00Z,2025-09-14 03:00,0.000,2397.188,10737.260
2025-09-14T02:00Z,2025-09-14 04:00,0.000,2048.642,9908.932
2025-09-14T03:00Z,2025-09-14 05:00,0.000,1724.923,9277.542
2025-09-14T04:00Z,2025-09-14 06:00,18.125,1504.560,8930.735
2025-09-14T05:00Z,2025-09-14 07:00,1189.735,1410.267,8676.115
2025-09-14T06:00Z,2025-09-14 08:00,5369.767,1378.020,8383.052
2025-09-14T07:00Z,2025-09-14 09:00,11971.585,1405.043,7974.830
2025-09-14T08:00Z,2025-09-14 10:00,19528.780,1380.015,7661.240
2025-09-14T09:00Z,2025-09-14 11:00,26511.818,1373.635,7544.062
2025-09-14T10:00Z,2025-09-14 12:00,31433.845,1357.217,7765.685
2025-09-14T11:00Z,2025-09-14 13:00,33821.975,1391.102,8131.483
2025-09-14T12:00Z,2025-09-14 14:00,33660.113,1545.202,8604.315
2025-09-14T13:00Z,2025-09-14 15:00,30407.430,1855.235,8754.608
2025-09-14T14:00Z,2025-09-14 16:00,23734.415,2092.677,8410.225
2025-09-14T15:00Z,2025-09-14 17:00,14376.588,2133.690,7285.443
2025-09-14T16:00Z,2025-09-14 18:00,4872.770,2167.325,5753.490
2025-09-14T17:00Z,2025-09-14 19:00,424.740,2390.045,5657.778
2025-09-14T18:00Z,2025-09-14 20:00,0.000,2852.142,7214.420
2025-09-14T19:00Z,2025-09-14 21:00,0.000,3571.065,9829.353
2025-09-14T20:00Z,2025-09-14 22:00,0.000,4491.688,13365.312
2025-09-14T21:00Z,2025-09-14 23:00,0.000,5455.675,17322.495
2025-09-14T22:00Z,2025-09-15 00:00,0.000,5936.635,21480.855
2025-09-14T23:00Z,2025-09-15 01:00,0.000,5997.953,24997.028
2025-09-15T00:00Z,2025-09-15 02:00,0.000,5881.727,27805.845
2025-09-15T01:00Z,2025-09-15 03:00,0.000,5657.420,30397.825
2025-09-15T02:00Z,2025-09-15 04:00,0.000,5550.060,32532.810
2025-09-15T03:00Z,2025-09-15 05:00,0.000,5593.017,33926.372
2025-09-15T04:00Z,2025-09-15 06:00,18.455,5727.745,35484.665
2025-09-15T05:00Z,2025-09-15 07:00,1486.197,5827.265,35997.205
2025-09-15T06:00Z,2025-09-15 08:00,6660.462,5692.797,35989.897
2025-09-15T07:00Z,2025-09-15 09:00,14705.555,5554.773,36034.075
2025-09-15T08:00Z,2025-09-15 10:00,22763.432,3801.207,36103.640
2025-09-15T09:00Z,2025-09-15 11:00,28850.688,3663.628,36574.845
2025-09-15T10:00Z,2025-09-15 12:00,32566.942,3545.882,37172.673
2025-09-15T11:00Z,2025-09-15 13:00,33894.860,3450.157,37170.902
2025-09-15T12:00Z,2025-09-15 14:00,32381.138,3374.698,37367.125
2025-09-15T13:00Z,2025-09-15 15:00,28271.465,3289.045,37448.345
2025-09-15T14:00Z,2025-09-15 16:00,21801.778,3285.810,37482.505
2025-09-15T15:00Z,2025-09-15 17:00,13220.025,3379.762,37588.705
2025-09-15T16:00Z,2025-09-15 18:00,4623.170,4914.195,36821.125
2025-09-15T17:00Z,2025-09-15 19:00,404.970,4945.873,35813.622
2025-09-15T18:00Z,2025-09-15 20:00,0.000,4998.625,35901.820
2025-09-15T19:00Z,2025-09-15 21:00,0.000,5033.243,37345.917
2025-09-15T20:00Z,2025-09-15 22:00,0.000,5085.347,38250.738
2025-09-15T21:00Z,2025-09-15 23:00,0.000,5108.097,39736.110
2025-09-15T22:00Z,2025-09-16 00:00,0.000,3601.297,40848.900
2025-09-15T23:00Z,2025-09-16 01:00,0.000,3704.693,40879.283
2025-09-16T00:00Z,2025-09-16 02:00,0.000,3691.597,41218.397
2025-09-16T01:00Z,2025-09-16 03:00,0.000,3664.298,41739.390
2025-09-16T02:00Z,2025-09-16 04:00,0.000,3647.178,42203.640
2025-09-16T03:00Z,2025-09-16 05:00,0.000,3682.753,42466.965
2025-09-16T04:00Z,2025-09-16 06:00,23.625,5163.722,43657.420
2025-09-16T05:00Z,2025-09-16 07:00,1956.100,5297.330,44172.155
2025-09-16T06:00Z,2025-09-16 08:00,8299.760,5417.852,43725.070
2025-09-16T07:00Z,2025-09-16 09:00,16486.217,3807.247,43540.360
2025-09-16T08:00Z,2025-09-16 10:00,23667.120,3764.358,43157.088
2025-09-16T09:00Z,2025-09-16 11:00,28447.612,3710.870,41919.083
2025-09-16T10:00Z,2025-09-16 12:00,30788.720,3642.222,40602.965
2025-09-16T11:00Z,2025-09-16 13:00,30821.000,3700.718,40166.470
2025-09-16T12:00Z,2025-09-16 14:00,28625.285,3795.135,40154.193
2025-09-16T13:00Z,2025-09-16 15:00,24613.040,3950.707,39548.007
2025-09-16T14:00Z,2025-09-16 16:00,18862.662,4053.625,38455.970
2025-09-16T15:00Z,2025-09-16 17:00,11355.873,6006.552,36919.870
2025-09-16T16:00Z,2025-09-16 18:00,3901.823,6134.855,34733.973
2025-09-16T17:00Z,2025-09-16 19:00,300.668,6282.695,32302.210
2025-09-16T18:00Z,2025-09-16 20:00,0.000,6346.240,30515.423
2025-09-16T19:00Z,2025-09-16 21:00,0.000,6398.510,29896.535
2025-09-16T20:00Z,2025-09-16 22:00,0.000,6462.452,29023.747
2025-09-16T21:00Z,2025-09-16 23:00,0.000,6430.725,28702.502
2025-09-16T22:00Z,2025-09-17 00:00,0.000,6363.257,27162.775
2025-09-16T23:00Z,2025-09-17 01:00,0.000,6303.417,26837.600
2025-09-17T00:00Z,2025-09-17 02:00,0.000,6256.715,26246.455
2025-09-17T01:00Z,2025-09-17 03:00,0.000,6243.158,25517.397
2025-09-17T02:00Z,2025-09-17 04:00,0.000,6284.125,24750.905
2025-09-17T03:00Z,2025-09-17 05:00,0.000,6295.788,24061.257
2025-09-17T04:00Z,2025-09-17 06:00,18.723,6282.208,23721.778
2025-09-17T05:00Z,2025-09-17 07:00,2002.390,6297.837,22846.730
2025-09-17T06:00Z,2025-09-17 08:00,8584.570,6289.677,21504.530
2025-09-17T07:00Z,2025-09-17 09:00,16342.020,6135.358,20555.065
2025-09-17T08:00Z,2025-09-17 10:00,21996.493,5898.735,20940.747
2025-09-17T09:00Z,2025-09-17 11:00,24915.160,5508.262,22052.635
2025-09-17T10:00Z,2025-09-17 12:00,26441.982,5247.720,22602.530
2025-09-17T11:00Z,2025-09-17 13:00,26440.440,5070.823,22650.890
2025-09-17T12:00Z,2025-09-17 14:00,24941.882,4958.312,22719.265
2025-09-17T13:00Z,2025-09-17 15:00,21556.097,4919.007,22100.077
2025-09-17T14:00Z,2025-09-17 16:00,15993.850,5151.037,20924.770
2025-09-17T15:00Z,2025-09-17 17:00,9220.390,5568.618,18979.355
2025-09-17T16:00Z,2025-09-17 18:00,3038.582,6123.035,16834.263
2025-09-17T17:00Z,2025-09-17 19:00,183.773,6522.750,16321.510
2025-09-17T18:00Z,2025-09-17 20:00,0.000,6772.845,17211.425
2025-09-17T19:00Z,2025-09-17 21:00,0.000,6834.502,18744.795
2025-09-17T20:00Z,2025-09-17 22:00,0.000,6704.358,20040.987
2025-09-17T21:00Z,2025-09-17 23:00,0.000,6517.587,20921.995
2025-09-17T22:00Z,2025-09-18 00:00,0.000,6294.512,22987.230
2025-09-17T23:00Z,2025-09-18 01:00,0.000,6068.715,23221.882
2025-09-18T00:00Z,2025-09-18 02:00,0.000,5944.468,23221.378
2025-09-18T01:00Z,2025-09-18 03:00,0.000,5899.580,23067.880
2025-09-18T02:00Z,2025-09-18 04:00,0.000,5906.318,22743.675
2025-09-18T03:00Z,2025-09-18 05:00,0.000,5924.347,22372.095
2025-09-18T04:00Z,2025-09-18 06:00,12.098,5909.280,21988.735
2025-09-18T05:00Z,2025-09-18 07:00,1723.162,5881.458,20958.410
2025-09-18T06:00Z,2025-09-18 08:00,8135.835,5874.477,19761.790
2025-09-18T07:00Z,2025-09-18 09:00,16710.028,5947.610,18388.533
2025-09-18T08:00Z,2025-09-18 10:00,24768.975,5919.620,17411.605
2025-09-18T09:00Z,2025-09-18 11:00,30709.362,5924.177,17877.653
2025-09-18T10:00Z,2025-09-18 12:00,33891.643,5771.965,18895.015
2025-09-18T11:00Z,2025-09-18 13:00,34554.475,5690.648,19660.390
2025-09-18T12:00Z,2025-09-18 14:00,33011.963,5710.965,20054.213
2025-09-18T13:00Z,2025-09-18 15:00,28952.588,5819.202,19665.753
2025-09-18T14:00Z,2025-09-18 16:00,22103.882,5969.977,18664.732
2025-09-18T15:00Z,2025-09-18 17:00,12843.515,6318.035,17221.178
2025-09-18T16:00Z,2025-09-18 18:00,3949.810,6479.177,16101.365
2025-09-18T17:00Z,2025-09-18 19:00,225.860,6559.405,16383.170
2025-09-18T18:00Z,2025-09-18 20:00,0.000,6586.948,17002.600
2025-09-18T19:00Z,2025-09-18 21:00,0.000,6479.967,17601.778
2025-09-18T20:00Z,2025-09-18 22:00,0.000,6416.637,17818.450
2025-09-18T21:00Z,2025-09-18 23:00,0.000,6371.483,17965.040
2025-09-18T22:00Z,2025-09-19 00:00,0.000,6406.235,19418.965
2025-09-18T23:00Z,2025-09-19 01:00,0.000,6389.105,18757.180
2025-09-19T00:00Z,2025-09-19 02:00,0.000,6326.212,17811.472
2025-09-19T01:00Z,2025-09-19 03:00,0.000,6320.955,16644.730
2025-09-19T02:00Z,2025-09-19 04:00,0.000,6034.065,15385.180
2025-09-19T03:00Z,2025-09-19 05:00,0.000,5853.580,14321.325
2025-09-19T04:00Z,2025-09-19 06:00,11.410,5733.328,13497.605
2025-09-19T05:00Z,2025-09-19 07:00,2297.668,5477.005,12173.340
2025-09-19T06:00Z,2025-09-19 08:00,10781.415,5177.038,10634.263
2025-09-19T07:00Z,2025-09-19 09:00,21975.238,4890.245,8576.925
2025-09-19T08:00Z,2025-09-19 10:00,31928.927,4829.185,7555.885
2025-09-19T09:00Z,2025-09-19 11:00,38829.372,4940.417,7278.560
2025-09-19T10:00Z,2025-09-19 12:00,42771.340,5016.155,6977.273
2025-09-19T11:00Z,2025-09-19 13:00,43875.850,4955.198,6600.855
2025-09-19T12:00Z,2025-09-19 14:00,41891.762,4676.267,6203.222
2025-09-19T13:00Z,2025-09-19 15:00,36378.895,4176.765,5513.227
2025-09-19T14:00Z,2025-09-19 16:00,27422.365,3589.552,4770.312
2025-09-19T15:00Z,2025-09-19 17:00,15522.360,3055.670,4184.805
2025-09-19T16:00Z,2025-09-19 18:00,4489.310,2603.960,4559.177
2025-09-19T17:00Z,2025-09-19 19:00,228.235,2331.642,6524.970
2025-09-19T18:00Z,2025-09-19 20:00,0.000,2396.075,9244.853
2025-09-19T19:00Z,2025-09-19 21:00,0.000,2780.918,11886.370
2025-09-19T20:00Z,2025-09-19 22:00,0.000,3238.695,14151.792
2025-09-19T21:00Z,2025-09-19 23:00,0.000,3435.815,15872.952
2025-09-19T22:00Z,2025-09-20 00:00,0.000,4011.753,18587.575
2025-09-19T23:00Z,2025-09-20 01:00,0.000,4012.570,19068.708
2025-09-20T00:00Z,2025-09-20 02:00,0.000,3953.003,18850.423
2025-09-20T01:00Z,2025-09-20 03:00,0.000,3926.037,18401.785
2025-09-20T02:00Z,2025-09-20 04:00,0.000,4008.125,17805.173
2025-09-20T03:00Z,2025-09-20 05:00,0.000,4106.700,17282.025
2025-09-20T04:00Z,2025-09-20 06:00,12.773,4203.505,17156.202
2025-09-20T05:00Z,2025-09-20 07:00,2304.483,4201.247,16625.097
2025-09-20T06:00Z,2025-09-20 08:00,10938.450,4209.050,15247.193
2025-09-20T07:00Z,2025-09-20 09:00,22483.123,4166.885,11968.362
2025-09-20T08:00Z,2025-09-20 10:00,32650.610,4084.102,8608.772
2025-09-20T09:00Z,2025-09-20 11:00,39676.565,3917.515,6895.995
2025-09-20T10:00Z,2025-09-20 12:00,43476.062,3704.240,6384.012
2025-09-20T11:00Z,2025-09-20 13:00,43788.030,3496.957,6852.145
2025-09-20T12:00Z,2025-09-20 14:00,40644.775,3501.077,8152.312
2025-09-20T13:00Z,2025-09-20 15:00,34140.507,3600.668,9246.952
2025-09-20T14:00Z,2025-09-20 16:00,24736.660,3542.188,9940.237
2025-09-20T15:00Z,2025-09-20 17:00,13272.583,3584.055,10284.448
2025-09-20T16:00Z,2025-09-20 18:00,3594.153,3823.943,11376.372
2025-09-20T17:00Z,2025-09-20 19:00,144.375,4219.908,13357.850
2025-09-20T18:00Z,2025-09-20 20:00,0.000,4751.417,15186.433
2025-09-20T19:00Z,2025-09-20 21:00,0.000,5241.698,16460.880
2025-09-20T20:00Z,2025-09-20 22:00,0.000,5534.160,17109.838
2025-09-20T21:00Z,2025-09-20 23:00,0.000,5578.755,17782.620
2025-09-20T22:00Z,2025-09-21 00:00,0.000,5507.785,18460.908
2025-09-20T23:00Z,2025-09-21 01:00,0.000,5665.672,19134.225
2025-09-21T00:00Z,2025-09-21 02:00,0.000,5753.985,19536.778
2025-09-21T01:00Z,2025-09-21 03:00,0.000,5691.510,19960.125
2025-09-21T02:00Z,2025-09-21 04:00,0.000,5568.380,20566.530
2025-09-21T03:00Z,2025-09-21 05:00,0.000,5459.888,21251.007
2025-09-21T04:00Z,2025-09-21 06:00,6.675,5321.368,21998.153
2025-09-21T05:00Z,2025-09-21 07:00,1542.170,5475.997,22056.635
2025-09-21T06:00Z,2025-09-21 08:00,7380.730,5516.703,21433.130
2025-09-21T07:00Z,2025-09-21 09:00,15005.503,5386.205,20473.745
2025-09-21T08:00Z,2025-09-21 10:00,21368.265,5243.958,19747.737
2025-09-21T09:00Z,2025-09-21 11:00,25336.820,5106.802,19545.812
2025-09-21T10:00Z,2025-09-21 12:00,26953.662,5212.898,19268.125
2025-09-21T11:00Z,2025-09-21 13:00,26320.230,5294.382,18950.965
2025-09-21T12:00Z,2025-09-21 14:00,23710.020,5328.087,18733.838
2025-09-21T13:00Z,2025-09-21 15:00,19221.675,5384.467,18173.345
2025-09-21T14:00Z,2025-09-21 16:00,13290.938,5438.477,17367.658
2025-09-21T15:00Z,2025-09-21 17:00,6863.505,5581.243,15931.773
2025-09-21T16:00Z,2025-09-21 18:00,1879.727,5707.920,14333.997
2025-09-21T17:00Z,2025-09-21 19:00,84.123,5576.493,13160.417
2025-09-21T18:00Z,2025-09-21 20:00,0.000,5518.552,12377.935
2025-09-21T19:00Z,2025-09-21 21:00,0.000,5530.805,11681.427
2025-09-21T20:00Z,2025-09-21 22:00,0.000,5546.113,11221.600
2025-09-21T21:00Z,2025-09-21 23:00,0.000,5597.852,11155.823
2025-09-21T22:00Z,2025-09-22 00:00,0.000,6009.363,11363.068
2025-09-21T23:00Z,2025-09-22 01:00,0.000,6086.325,11106.705
2025-09-22T00:00Z,2025-09-22 02:00,0.000,6170.845,10958.005
2025-09-22T01:00Z,2025-09-22 03:00,0.000,6142.430,11007.978
2025-09-22T02:00Z,2025-09-22 04:00,0.000,5960.405,11079.757
2025-09-22T03:00Z,2025-09-22 05:00,0.000,5750.165,10984.897
2025-09-22T04:00Z,2025-09-22 06:00,0.760,5557.552,10990.202
2025-09-22T05:00Z,2025-09-22 07:00,649.425,5048.485,10937.790
2025-09-22T06:00Z,2025-09-22 08:00,3483.608,4850.035,10645.260
2025-09-22T07:00Z,2025-09-22 09:00,7777.942,4518.423,9994.587
2025-09-22T08:00Z,2025-09-22 10:00,12386.525,4137.498,10284.160
2025-09-22T09:00Z,2025-09-22 11:00,16056.850,3860.060,11839.430
2025-09-22T10:00Z,2025-09-22 12:00,17852.338,3693.930,13089.618
2025-09-22T11:00Z,2025-09-22 13:00,17493.100,3601.865,13789.275
2025-09-22T12:00Z,2025-09-22 14:00,16029.440,3563.180,14364.667
2025-09-22T13:00Z,2025-09-22 15:00,13415.782,3619.015,14527.618
2025-09-22T14:00Z,2025-09-22 16:00,9599.195,3697.935,14365.010
2025-09-22T15:00Z,2025-09-22 17:00,5374.227,3807.020,13601.083
2025-09-22T16:00Z,2025-09-22 18:00,1660.487,3828.293,12686.755
2025-09-22T17:00Z,2025-09-22 19:00,90.290,3786.340,12424.890
2025-09-22T18:00Z,2025-09-22 20:00,0.000,3684.963,12289.597
2025-09-22T19:00Z,2025-09-22 21:00,0.000,3552.105,11820.562
2025-09-22T20:00Z,2025-09-22 22:00,0.000,3501.668,11485.913
2025-09-22T21:00Z,2025-09-22 23:00,0.000,3470.093,11091.360
2025-09-22T22:00Z,2025-09-23 00:00,0.000,3513.990,9449.757
2025-09-22T23:00Z,2025-09-23 01:00,0.000,3442.258,9071.415
2025-09-23T00:00Z,2025-09-23 02:00,0.000,3288.137,8778.530
2025-09-23T01:00Z,2025-09-23 03:00,0.000,3072.177,8514.847
2025-09-23T02:00Z,2025-09-23 04:00,0.000,2863.450,8313.538
2025-09-23T03:00Z,2025-09-23 05:00,0.000,2645.085,8107.690
2025-09-23T04:00Z,2025-09-23 06:00,0.810,2372.160,7788.128
2025-09-23T05:00Z,2025-09-23 07:00,1273.988,2121.878,7281.100
2025-09-23T06:00Z,2025-09-23 08:00,6781.815,1881.440,6553.542
2025-09-23T07:00Z,2025-09-23 09:00,14648.340,1621.525,5539.150
2025-09-23T08:00Z,2025-09-23 10:00,21716.948,1377.370,5120.672
2025-09-23T09:00Z,2025-09-23 11:00,26434.965,1208.977,5538.712
2025-09-23T10:00Z,2025-09-23 12:00,28506.600,1107.303,6312.943
2025-09-23T11:00Z,2025-09-23 13:00,28220.620,1066.485,7290.625
2025-09-23T12:00Z,2025-09-23 14:00,26118.360,1079.207,8553.470
2025-09-23T13:00Z,2025-09-23 15:00,21927.090,1121.293,10031.310
2025-09-23T14:00Z,2025-09-23 16:00,15651.995,1173.878,11511.878
2025-09-23T15:00Z,2025-09-23 17:00,8289.118,1232.445,12685.618
2025-09-23T16:00Z,2025-09-23 18:00,2168.548,1303.155,13803.960
2025-09-23T17:00Z,2025-09-23 19:00,74.047,1384.608,15508.510
2025-09-23T18:00Z,2025-09-23 20:00,0.000,1521.925,17068.552
2025-09-23T19:00Z,2025-09-23 21:00,0.000,1658.690,17956.662
2025-09-23T20:00Z,2025-09-23 22:00,0.000,1743.330,18212.220
2025-09-23T21:00Z,2025-09-23 23:00,0.000,1680.355,18180.138
2025-09-23T22:00Z,2025-09-24 00:00,0.000,1322.890,18414.618
2025-09-23T23:00Z,2025-09-24 01:00,0.000,1214.355,17949.987
2025-09-24T00:00Z,2025-09-24 02:00,0.000,1132.523,17445.507
2025-09-24T01:00Z,2025-09-24 03:00,0.000,1099.342,17335.210
2025-09-24T02:00Z,2025-09-24 04:00,0.000,1082.918,17588.695
2025-09-24T03:00Z,2025-09-24 05:00,0.000,1117.295,18110.575
2025-09-24T04:00Z,2025-09-24 06:00,0.375,1181.570,19024.580
2025-09-24T05:00Z,2025-09-24 07:00,1238.378,1228.207,19452.827
2025-09-24T06:00Z,2025-09-24 08:00,6682.835,1217.085,18804.327
2025-09-24T07:00Z,2025-09-24 09:00,13733.920,1178.590,17027.460
2025-09-24T08:00Z,2025-09-24 10:00,19848.708,1134.707,16461.222
2025-09-24T09:00Z,2025-09-24 11:00,23681.690,1108.777,18457.860
2025-09-24T10:00Z,2025-09-24 12:00,25205.683,1128.847,20918.845
2025-09-24T11:00Z,2025-09-24 13:00,24852.822,1219.598,22701.900
2025-09-24T12:00Z,2025-09-24 14:00,22869.130,1419.520,24455.442
2025-09-24T13:00Z,2025-09-24 15:00,19134.153,1775.102,25897.268
2025-09-24T14:00Z,2025-09-24 16:00,13527.108,2280.602,26802.408
2025-09-24T15:00Z,2025-09-24 17:00,6761.410,2939.190,26774.020
2025-09-24T16:00Z,2025-09-24 18:00,1666.332,3567.408,26506.395
2025-09-24T17:00Z,2025-09-24 19:00,54.160,4111.205,27211.607
2025-09-24T18:00Z,2025-09-24 20:00,0.000,4516.530,28068.565
2025-09-24T19:00Z,2025-09-24 21:00,0.000,4756.193,28842.260
2025-09-24T20:00Z,2025-09-24 22:00,0.000,4815.467,28283.263
2025-09-24T21:00Z,2025-09-24 23:00,0.000,4748.398,27790.470
2025-09-24T22:00Z,2025-09-25 00:00,0.000,4719.708,28379.135
2025-09-24T23:00Z,2025-09-25 01:00,0.000,4587.145,27753.807
2025-09-25T00:00Z,2025-09-25 02:00,0.000,4423.458,26952.757
2025-09-25T01:00Z,2025-09-25 03:00,0.000,4290.802,26335.458
2025-09-25T02:00Z,2025-09-25 04:00,0.000,4255.390,25956.682
2025-09-25T03:00Z,2025-09-25 05:00,0.000,4337.347,25749.158
2025-09-25T04:00Z,2025-09-25 06:00,0.190,4512.273,26071.863
2025-09-25T05:00Z,2025-09-25 07:00,803.702,4684.175,25819.705
2025-09-25T06:00Z,2025-09-25 08:00,4348.618,4738.622,24679.275
2025-09-25T07:00Z,2025-09-25 09:00,9264.557,4716.760,23316.860
2025-09-25T08:00Z,2025-09-25 10:00,14036.193,4463.545,23307.597
2025-09-25T09:00Z,2025-09-25 11:00,17567.060,4221.035,24755.195
2025-09-25T10:00Z,2025-09-25 12:00,19582.577,4066.840,25894.847
2025-09-25T11:00Z,2025-09-25 13:00,19941.872,4071.285,26480.060
2025-09-25T12:00Z,2025-09-25 14:00,18617.025,4198.618,26847.150
2025-09-25T13:00Z,2025-09-25 15:00,15602.002,4366.300,26652.812
2025-09-25T14:00Z,2025-09-25 16:00,10990.760,4610.840,25958.595
2025-09-25T15:00Z,2025-09-25 17:00,5756.490,4999.735,24811.608
2025-09-25T16:00Z,2025-09-25 18:00,1514.862,5382.288,23795.438
2025-09-25T17:00Z,2025-09-25 19:00,46.285,5731.425,23452.835
2025-09-25T18:00Z,2025-09-25 20:00,0.000,5834.073,23115.287
2025-09-25T19:00Z,2025-09-25 21:00,0.000,5892.743,22671.245
2025-09-25T20:00Z,2025-09-25 22:00,0.000,5971.445,21518.000
2025-09-25T21:00Z,2025-09-25 23:00,0.000,6053.495,20567.705
2025-09-25T22:00Z,2025-09-26 00:00,0.000,5880.440,19391.065
2025-09-25T23:00Z,2025-09-26 01:00,0.000,5690.645,18157.208
2025-09-26T00:00Z,2025-09-26 02:00,0.000,5516.913,17151.575
2025-09-26T01:00Z,2025-09-26 03:00,0.000,5382.363,16613.252
2025-09-26T02:00Z,2025-09-26 04:00,0.000,5315.935,16351.542
2025-09-26T03:00Z,2025-09-26 05:00,0.000,5349.945,16204.835
2025-09-26T04:00Z,2025-09-26 06:00,0.007,5429.245,16424.720
2025-09-26T05:00Z,2025-09-26 07:00,658.495,5499.780,16219.385
2025-09-26T06:00Z,2025-09-26 08:00,4160.802,5483.655,15303.263
2025-09-26T07:00Z,2025-09-26 09:00,9502.452,5386.307,14362.370
2025-09-26T08:00Z,2025-09-26 10:00,14868.340,5145.960,13994.635
2025-09-26T09:00Z,2025-09-26 11:00,18970.228,4905.927,13929.970
2025-09-26T10:00Z,2025-09-26 12:00,21344.770,4717.540,13907.755
2025-09-26T11:00Z,2025-09-26 13:00,21645.345,4578.225,14009.150
2025-09-26T12:00Z,2025-09-26 14:00,20030.927,4529.070,14473.950
2025-09-26T13:00Z,2025-09-26 15:00,16798.770,4530.138,14920.628
2025-09-26T14:00Z,2025-09-26 16:00,11810.948,4548.887,15184.333
2025-09-26T15:00Z,2025-09-26 17:00,6059.615,4765.225,15101.913
2025-09-26T16:00Z,2025-09-26 18:00,1540.408,5049.677,14987.470
2025-09-26T17:00Z,2025-09-26 19:00,43.468,5202.085,15552.923
2025-09-26T18:00Z,2025-09-26 20:00,0.000,5208.255,16010.942
2025-09-26T19:00Z,2025-09-26 21:00,0.000,5154.493,15968.790
2025-09-26T20:00Z,2025-09-26 22:00,0.000,4939.580,15162.333
2025-09-26T21:00Z,2025-09-26 23:00,0.000,4617.955,14341.263
2025-09-26T22:00Z,2025-09-27 00:00,0.000,4566.773,13936.612
2025-09-26T23:00Z,2025-09-27 01:00,0.000,4129.273,13014.087
2025-09-27T00:00Z,2025-09-27 02:00,0.000,3778.610,12289.315
2025-09-27T01:00Z,2025-09-27 03:00,0.000,3549.895,11697.358
2025-09-27T02:00Z,2025-09-27 04:00,0.000,3465.930,11236.620
2025-09-27T03:00Z,2025-09-27 05:00,0.000,3395.030,10842.138
2025-09-27T04:00Z,2025-09-27 06:00,0.000,3284.052,10761.300
2025-09-27T05:00Z,2025-09-27 07:00,879.568,3155.472,10679.498
2025-09-27T06:00Z,2025-09-27 08:00,5254.670,3140.835,9865.255
2025-09-27T07:00Z,2025-09-27 09:00,11561.632,3233.860,8221.465
2025-09-27T08:00Z,2025-09-27 10:00,17536.007,3328.842,6757.785
2025-09-27T09:00Z,2025-09-27 11:00,21678.940,3256.628,5724.505
2025-09-27T10:00Z,2025-09-27 12:00,24129.600,2920.995,5122.050
2025-09-27T11:00Z,2025-09-27 13:00,24914.772,2566.207,4913.722
2025-09-27T12:00Z,2025-09-27 14:00,23938.375,2323.785,5151.422
2025-09-27T13:00Z,2025-09-27 15:00,21050.630,2259.943,5490.340
2025-09-27T14:00Z,2025-09-27 16:00,15250.690,2304.017,5694.672
2025-09-27T15:00Z,2025-09-27 17:00,8019.920,2351.830,5677.373
2025-09-27T16:00Z,2025-09-27 18:00,1911.202,2475.800,5935.970
2025-09-27T17:00Z,2025-09-27 19:00,41.133,2407.023,6817.830
2025-09-27T18:00Z,2025-09-27 20:00,0.000,2373.682,7356.128
2025-09-27T19:00Z,2025-09-27 21:00,0.000,2399.745,7176.458
2025-09-27T20:00Z,2025-09-27 22:00,0.000,2369.075,6659.435
2025-09-27T21:00Z,2025-09-27 23:00,0.000,2186.605,6151.887
2025-09-27T22:00Z,2025-09-28 00:00,0.000,1490.070,5492.113
2025-09-27T23:00Z,2025-09-28 01:00,0.000,1202.368,4843.762
2025-09-28T00:00Z,2025-09-28 02:00,0.000,1001.158,4147.738
2025-09-28T01:00Z,2025-09-28 03:00,0.000,868.210,3507.753
2025-09-28T02:00Z,2025-09-28 04:00,0.000,761.972,3153.202
2025-09-28T03:00Z,2025-09-28 05:00,0.000,694.118,3098.525
2025-09-28T04:00Z,2025-09-28 06:00,0.000,670.555,3164.762
2025-09-28T05:00Z,2025-09-28 07:00,1079.590,702.472,3234.382
2025-09-28T06:00Z,2025-09-28 08:00,7019.840,729.023,3016.173
2025-09-28T07:00Z,2025-09-28 09:00,16049.960,739.025,1923.043
2025-09-28T08:00Z,2025-09-28 10:00,24872.710,707.460,973.115
2025-09-28T09:00Z,2025-09-28 11:00,31280.792,646.475,906.173
2025-09-28T10:00Z,2025-09-28 12:00,34551.475,588.960,1154.957
2025-09-28T11:00Z,2025-09-28 13:00,34855.438,527.622,1240.065
2025-09-28T12:00Z,2025-09-28 14:00,32613.513,484.125,1098.223
2025-09-28T13:00Z,2025-09-28 15:00,27811.173,463.520,1035.658
2025-09-28T14:00Z,2025-09-28 16:00,20057.197,471.337,1292.165
2025-09-28T15:00Z,2025-09-28 17:00,10230.507,517.140,1980.182
2025-09-28T16:00Z,2025-09-28 18:00,2250.215,604.910,3504.715
2025-09-28T17:00Z,2025-09-28 19:00,38.047,739.503,5845.908
2025-09-28T18:00Z,2025-09-28 20:00,0.000,881.985,7749.315
2025-09-28T19:00Z,2025-09-28 21:00,0.000,1026.135,8338.030
2025-09-28T20:00Z,2025-09-28 22:00,0.000,1160.307,7923.108
2025-09-28T21:00Z,2025-09-28 23:00,0.000,1185.688,7041.507
2025-09-28T22:00Z,2025-09-29 00:00,0.000,1119.932,6003.605
2025-09-28T23:00Z,2025-09-29 01:00,0.000,875.013,5160.038
2025-09-29T00:00Z,2025-09-29 02:00,0.000,637.240,4524.182
2025-09-29T01:00Z,2025-09-29 03:00,0.000,445.350,4019.557
2025-09-29T02:00Z,2025-09-29 04:00,0.000,334.303,3759.908
2025-09-29T03:00Z,2025-09-29 05:00,0.000,289.200,3751.057
2025-09-29T04:00Z,2025-09-29 06:00,0.000,301.175,3881.340
2025-09-29T05:00Z,2025-09-29 07:00,1014.043,352.500,4048.988
2025-09-29T06:00Z,2025-09-29 08:00,6794.885,414.305,4027.592
2025-09-29T07:00Z,2025-09-29 09:00,15470.215,494.803,2900.065
2025-09-29T08:00Z,2025-09-29 10:00,23643.515,565.565,1691.865
2025-09-29T09:00Z,2025-09-29 11:00,29340.237,608.168,1769.928
2025-09-29T10:00Z,2025-09-29 12:00,31877.198,622.110,2326.582
2025-09-29T11:00Z,2025-09-29 13:00,31211.980,611.935,2434.618
2025-09-29T12:00Z,2025-09-29 14:00,28441.915,594.610,2151.905
2025-09-29T13:00Z,2025-09-29 15:00,23944.702,596.060,1889.168
2025-09-29T14:00Z,2025-09-29 16:00,17000.000,641.645,1815.635
2025-09-29T15:00Z,2025-09-29 17:00,8477.695,698.095,2116.762
2025-09-29T16:00Z,2025-09-29 18:00,1812.908,764.565,3240.698
2025-09-29T17:00Z,2025-09-29 19:00,24.878,855.360,5067.055
2025-09-29T18:00Z,2025-09-29 20:00,0.000,939.275,6625.645
2025-09-29T19:00Z,2025-09-29 21:00,0.000,1019.882,7305.190
2025-09-29T20:00Z,2025-09-29 22:00,0.000,1100.860,7397.913
2025-09-29T21:00Z,2025-09-29 23:00,0.000,1124.285,7139.983
2025-09-29T22:00Z,2025-09-30 00:00,0.000,736.975,5886.255
2025-09-29T23:00Z,2025-09-30 01:00,0.000,686.183,5330.890
2025-09-30T00:00Z,2025-09-30 02:00,0.000,629.065,4915.592
2025-09-30T01:00Z,2025-09-30 03:00,0.000,592.952,4599.630
2025-09-30T02:00Z,2025-09-30 04:00,0.000,580.817,4551.038
2025-09-30T03:00Z,2025-09-30 05:00,0.000,602.840,4704.300
2025-09-30T04:00Z,2025-09-30 06:00,0.000,665.767,4972.970
2025-09-30T05:00Z,2025-09-30 07:00,723.640,755.290,5292.640
2025-09-30T06:00Z,2025-09-30 08:00,4969.085,833.340,5188.975
2025-09-30T07:00Z,2025-09-30 09:00,11618.048,886.910,3925.113
2025-09-30T08:00Z,2025-09-30 10:00,18386.845,913.820,2910.072
2025-09-30T09:00Z,2025-09-30 11:00,23287.822,917.893,3196.648
2025-09-30T10:00Z,2025-09-30 12:00,25412.368,884.195,3551.267
2025-09-30T11:00Z,2025-09-30 13:00,25083.778,813.855,3392.885
2025-09-30T12:00Z,2025-09-30 14:00,22930.025,738.688,3076.903
2025-09-30T13:00Z,2025-09-30 15:00,19277.738,685.940,3070.390
2025-09-30T14:00Z,2025-09-30 16:00,13618.670,691.755,3417.680
2025-09-30T15:00Z,2025-09-30 17:00,6890.765,754.447,4070.870
2025-09-30T16:00Z,2025-09-30 18:00,1482.398,885.862,5394.685
2025-09-30T17:00Z,2025-09-30 19:00,21.188,1093.588,7451.717
2025-09-30T18:00Z,2025-09-30 20:00,0.000,1345.168,8927.860
2025-09-30T19:00Z,2025-09-30 21:00,0.000,1571.027,9325.747
2025-09-30T20:00Z,2025-09-30 22:00,0.000,1729.270,8987.177
2025-09-30T21:00Z,2025-09-30 23:00,0.000,1753.515,8169.472
2025-09-30T22:00Z,2025-10-01 00:00,0.000,1799.182,7228.467
2025-09-30T23:00Z,2025-10-01 01:00,0.000,1757.910,6540.150
2025-10-01T00:00Z,2025-10-01 02:00,0.000,1629.717,5980.422
2025-10-01T01:00Z,2025-10-01 03:00,0.000,1448.700,5418.917
2025-10-01T02:00Z,2025-10-01 04:00,0.000,1262.735,5033.667
2025-10-01T03:00Z,2025-10-01 05:00,0.000,1132.908,4843.132
2025-10-01T04:00Z,2025-10-01 06:00,0.000,1108.445,4705.910
2025-10-01T05:00Z,2025-10-01 07:00,1066.175,1190.795,4710.220
2025-10-01T06:00Z,2025-10-01 08:00,8497.677,1315.477,4737.318
2025-10-01T07:00Z,2025-10-01 09:00,19849.397,1463.845,3687.550
2025-10-01T08:00Z,2025-10-01 10:00,29985.150,1613.568,2276.075
2025-10-01T09:00Z,2025-10-01 11:00,36086.435,1744.588,1967.035
2025-10-01T10:00Z,2025-10-01 12:00,37327.802,1767.733,2274.822
2025-10-01T11:00Z,2025-10-01 13:00,35243.675,1598.767,2243.970
2025-10-01T12:00Z,2025-10-01 14:00,31673.533,1322.773,1969.207
2025-10-01T13:00Z,2025-10-01 15:00,26407.430,1046.283,1817.668
2025-10-01T14:00Z,2025-10-01 16:00,18617.618,848.138,1796.780
2025-10-01T15:00Z,2025-10-01 17:00,9161.690,753.165,1918.868
2025-10-01T16:00Z,2025-10-01 18:00,1750.928,756.788,2527.140
2025-10-01T17:00Z,2025-10-01 19:00,21.975,844.000,3825.360
2025-10-01T18:00Z,2025-10-01 20:00,0.000,986.692,5056.500
2025-10-01T19:00Z,2025-10-01 21:00,0.000,1169.140,5753.295
2025-10-01T20:00Z,2025-10-01 22:00,0.000,1371.045,6150.375
2025-10-01T21:00Z,2025-10-01 23:00,0.000,1528.710,6189.770
2025-10-01T22:00Z,2025-10-02 00:00,0.000,2119.075,6667.177
2025-10-01T23:00Z,2025-10-02 01:00,0.000,2227.243,5988.132
2025-10-02T00:00Z,2025-10-02 02:00,0.000,2245.345,5335.765
2025-10-02T01:00Z,2025-10-02 03:00,0.000,2145.435,4718.092
2025-10-02T02:00Z,2025-10-02 04:00,0.000,2018.088,4312.908
2025-10-02T03:00Z,2025-10-02 05:00,0.000,1974.203,4248.907
2025-10-02T04:00Z,2025-10-02 06:00,0.000,2071.543,4544.915
2025-10-02T05:00Z,2025-10-02 07:00,970.565,2283.330,4984.410
2025-10-02T06:00Z,2025-10-02 08:00,8668.057,2564.153,5234.575
2025-10-02T07:00Z,2025-10-02 09:00,20909.247,2874.493,4322.912
2025-10-02T08:00Z,2025-10-02 10:00,31551.397,3134.057,2885.182
2025-10-02T09:00Z,2025-10-02 11:00,38008.845,3203.545,2421.408
2025-10-02T10:00Z,2025-10-02 12:00,39895.870,3078.955,2796.613
2025-10-02T11:00Z,2025-10-02 13:00,37981.777,2856.900,2972.003
2025-10-02T12:00Z,2025-10-02 14:00,34148.368,2703.242,2872.878
2025-10-02T13:00Z,2025-10-02 15:00,28566.217,2686.110,2772.905
2025-10-02T14:00Z,2025-10-02 16:00,20307.170,2737.952,2763.620
2025-10-02T15:00Z,2025-10-02 17:00,9894.903,2876.110,2827.245
2025-10-02T16:00Z,2025-10-02 18:00,1764.365,3149.855,3528.633
2025-10-02T17:00Z,2025-10-02 19:00,19.168,3652.400,5349.292
2025-10-02T18:00Z,2025-10-02 20:00,0.000,4252.825,7643.080
2025-10-02T19:00Z,2025-10-02 21:00,0.000,4753.685,9570.603
2025-10-02T20:00Z,2025-10-02 22:00,0.000,5065.860,10991.013
2025-10-02T21:00Z,2025-10-02 23:00,0.000,5276.040,12085.663
2025-10-02T22:00Z,2025-10-03 00:00,0.000,4751.097,12046.608
2025-10-02T23:00Z,2025-10-03 01:00,0.000,4814.605,12404.725
2025-10-03T00:00Z,2025-10-03 02:00,0.000,4826.600,12596.985
2025-10-03T01:00Z,2025-10-03 03:00,0.000,4789.980,12636.237
2025-10-03T02:00Z,2025-10-03 04:00,0.000,4757.642,12591.807
2025-10-03T03:00Z,2025-10-03 05:00,0.000,4815.735,12497.767
2025-10-03T04:00Z,2025-10-03 06:00,0.000,4908.620,12663.472
2025-10-03T05:00Z,2025-10-03 07:00,973.520,4955.368,12917.568
2025-10-03T06:00Z,2025-10-03 08:00,8035.288,4989.407,12948.112
2025-10-03T07:00Z,2025-10-03 09:00,18455.555,4959.615,11853.358
2025-10-03T08:00Z,2025-10-03 10:00,27160.135,4839.562,10238.038
2025-10-03T09:00Z,2025-10-03 11:00,32413.268,4837.090,9627.517
2025-10-03T10:00Z,2025-10-03 12:00,34201.077,4853.278,10238.057
2025-10-03T11:00Z,2025-10-03 13:00,32894.760,4940.875,11078.405
2025-10-03T12:00Z,2025-10-03 14:00,28998.552,4963.623,11868.267
2025-10-03T13:00Z,2025-10-03 15:00,23134.600,4988.858,12416.710
2025-10-03T14:00Z,2025-10-03 16:00,15220.465,5160.358,12930.205
2025-10-03T15:00Z,2025-10-03 17:00,6681.663,5288.188,13869.792
2025-10-03T16:00Z,2025-10-03 18:00,1054.352,5346.275,16347.905
2025-10-03T17:00Z,2025-10-03 19:00,22.040,5288.655,19875.862
2025-10-03T18:00Z,2025-10-03 20:00,0.000,4963.523,23302.162
2025-10-03T19:00Z,2025-10-03 21:00,0.000,4964.892,26435.507
2025-10-03T20:00Z,2025-10-03 22:00,0.000,4963.450,28205.847
2025-10-03T21:00Z,2025-10-03 23:00,0.000,4904.010,29798.630
2025-10-03T22:00Z,2025-10-04 00:00,0.000,5129.215,33211.317
2025-10-03T23:00Z,2025-10-04 01:00,0.000,3299.613,34150.628
2025-10-04T00:00Z,2025-10-04 02:00,0.000,3243.698,35194.848
2025-10-04T01:00Z,2025-10-04 03:00,0.000,3341.395,36628.952
2025-10-04T02:00Z,2025-10-04 04:00,0.000,3456.125,37892.900
2025-10-04T03:00Z,2025-10-04 05:00,0.000,3654.318,39120.753
2025-10-04T04:00Z,2025-10-04 06:00,0.000,3865.045,41464.688
2025-10-04T05:00Z,2025-10-04 07:00,298.062,3956.835,42552.100
2025-10-04T06:00Z,2025-10-04 08:00,1896.318,4045.963,42456.385
2025-10-04T07:00Z,2025-10-04 09:00,4239.265,4277.225,41098.613
2025-10-04T08:00Z,2025-10-04 10:00,7121.290,4309.958,39344.628
2025-10-04T09:00Z,2025-10-04 11:00,10134.772,4271.780,38112.863
2025-10-04T10:00Z,2025-10-04 12:00,12541.375,4188.488,37497.613
2025-10-04T11:00Z,2025-10-04 13:00,13622.138,4098.498,37896.890
2025-10-04T12:00Z,2025-10-04 14:00,13115.255,4013.858,38942.560
2025-10-04T13:00Z,2025-10-04 15:00,11348.540,3968.738,39124.055
2025-10-04T14:00Z,2025-10-04 16:00,8138.895,3970.515,38971.200
2025-10-04T15:00Z,2025-10-04 17:00,4267.297,4027.082,39440.170
2025-10-04T16:00Z,2025-10-04 18:00,824.305,5870.108,40341.442
2025-10-04T17:00Z,2025-10-04 19:00,8.807,5940.380,41112.970
2025-10-04T18:00Z,2025-10-04 20:00,0.000,5884.940,42295.128
2025-10-04T19:00Z,2025-10-04 21:00,0.000,5796.780,43441.350
2025-10-04T20:00Z,2025-10-04 22:00,0.000,5802.257,43028.827
2025-10-04T21:00Z,2025-10-04 23:00,0.000,5771.990,43373.368
2025-10-04T22:00Z,2025-10-05 00:00,0.000,3463.585,41433.015
2025-10-04T23:00Z,2025-10-05 01:00,0.000,3461.720,41030.713
2025-10-05T00:00Z,2025-10-05 02:00,0.000,3436.525,40416.215
2025-10-05T01:00Z,2025-10-05 03:00,0.000,3409.163,39667.440
2025-10-05T02:00Z,2025-10-05 04:00,0.000,3402.938,39114.775
2025-10-05T03:00Z,2025-10-05 05:00,0.000,3400.082,38493.365
2025-10-05T04:00Z,2025-10-05 06:00,0.000,3405.455,38729.667
2025-10-05T05:00Z,2025-10-05 07:00,370.815,3423.360,38597.917
2025-10-05T06:00Z,2025-10-05 08:00,3610.823,3439.855,38023.713
2025-10-05T07:00Z,2025-10-05 09:00,8886.253,3324.102,37046.785
2025-10-05T08:00Z,2025-10-05 10:00,14041.257,3234.943,36604.147
2025-10-05T09:00Z,2025-10-05 11:00,18264.263,3144.090,36430.035
2025-10-05T10:00Z,2025-10-05 12:00,20922.655,3092.875,35558.825
2025-10-05T11:00Z,2025-10-05 13:00,20735.693,3049.562,34651.743
2025-10-05T12:00Z,2025-10-05 14:00,18629.522,3022.983,34240.143
2025-10-05T13:00Z,2025-10-05 15:00,15109.532,3019.305,34107.760
2025-10-05T14:00Z,2025-10-05 16:00,10180.520,3046.052,35149.720
2025-10-05T15:00Z,2025-10-05 17:00,4693.015,4697.172,36137.838
2025-10-05T16:00Z,2025-10-05 18:00,780.548,4724.790,36358.810
2025-10-05T17:00Z,2025-10-05 19:00,8.193,4738.805,36558.558
2025-10-05T18:00Z,2025-10-05 20:00,0.000,4728.167,37056.375
2025-10-05T19:00Z,2025-10-05 21:00,0.000,4707.045,37804.618
2025-10-05T20:00Z,2025-10-05 22:00,0.000,4724.288,37229.230
2025-10-05T21:00Z,2025-10-05 23:00,0.000,4693.953,37075.560
2025-10-05T22:00Z,2025-10-06 00:00,0.000,4462.980,36158.040
2025-10-05T23:00Z,2025-10-06 01:00,0.000,4609.042,35603.682
2025-10-06T00:00Z,2025-10-06 02:00,0.000,4765.480,34921.805
2025-10-06T01:00Z,2025-10-06 03:00,0.000,4968.722,34347.585
2025-10-06T02:00Z,2025-10-06 04:00,0.000,5294.105,33784.525
2025-10-06T03:00Z,2025-10-06 05:00,0.000,5520.632,32992.052
2025-10-06T04:00Z,2025-10-06 06:00,0.000,5561.887,32375.055
2025-10-06T05:00Z,2025-10-06 07:00,275.705,5548.500,30876.345
2025-10-06T06:00Z,2025-10-06 08:00,2792.283,5421.573,28898.405
2025-10-06T07:00Z,2025-10-06 09:00,7147.278,5164.225,26969.790
2025-10-06T08:00Z,2025-10-06 10:00,11178.440,4811.767,25822.275
2025-10-06T09:00Z,2025-10-06 11:00,13754.725,4486.770,25670.103
2025-10-06T10:00Z,2025-10-06 12:00,14423.568,4267.363,25586.000
2025-10-06T11:00Z,2025-10-06 13:00,13605.092,4100.693,25093.135
2025-10-06T12:00Z,2025-10-06 14:00,11974.358,3910.238,24168.065
2025-10-06T13:00Z,2025-10-06 15:00,9412.028,3726.382,22484.662
2025-10-06T14:00Z,2025-10-06 16:00,6001.253,3555.762,20370.330
2025-10-06T15:00Z,2025-10-06 17:00,2576.793,3307.878,18252.315
2025-10-06T16:00Z,2025-10-06 18:00,387.035,3027.343,16796.555
2025-10-06T17:00Z,2025-10-06 19:00,3.518,2758.940,15783.700
2025-10-06T18:00Z,2025-10-06 20:00,0.000,2438.325,14934.995
2025-10-06T19:00Z,2025-10-06 21:00,0.000,2021.585,14027.690
2025-10-06T20:00Z,2025-10-06 22:00,0.000,1629.943,12839.193
2025-10-06T21:00Z,2025-10-06 23:00,0.000,1317.122,11680.270
2025-10-06T22:00Z,2025-10-07 00:00,0.000,916.610,9229.950
2025-10-06T23:00Z,2025-10-07 01:00,0.000,837.712,8241.245
2025-10-07T00:00Z,2025-10-07 02:00,0.000,803.393,7320.632
2025-10-07T01:00Z,2025-10-07 03:00,0.000,815.170,6475.945
2025-10-07T02:00Z,2025-10-07 04:00,0.000,895.460,5665.325
2025-10-07T03:00Z,2025-10-07 05:00,0.000,1032.997,4951.555
2025-10-07T04:00Z,2025-10-07 06:00,0.000,1163.065,4390.165
2025-10-07T05:00Z,2025-10-07 07:00,172.190,1262.892,3913.230
2025-10-07T06:00Z,2025-10-07 08:00,1541.455,1340.788,3563.045
2025-10-07T07:00Z,2025-10-07 09:00,3988.850,1525.220,3104.617
2025-10-07T08:00Z,2025-10-07 10:00,6723.927,1843.760,2732.750
2025-10-07T09:00Z,2025-10-07 11:00,9093.952,2225.370,2623.847
2025-10-07T10:00Z,2025-10-07 12:00,10732.435,2596.715,2851.658
2025-10-07T11:00Z,2025-10-07 13:00,11243.823,2851.195,3189.570
2025-10-07T12:00Z,2025-10-07 14:00,10544.850,3061.812,3465.468
2025-10-07T13:00Z,2025-10-07 15:00,8682.150,3186.250,3639.363
2025-10-07T14:00Z,2025-10-07 16:00,5783.735,3196.015,3702.705
2025-10-07T15:00Z,2025-10-07 17:00,2638.278,3162.952,3838.520
2025-10-07T16:00Z,2025-10-07 18:00,430.995,3138.193,4234.222
2025-10-07T17:00Z,2025-10-07 19:00,11.223,3125.818,4798.693
2025-10-07T18:00Z,2025-10-07 20:00,0.000,3116.745,5311.275
2025-10-07T19:00Z,2025-10-07 21:00,0.000,3126.345,5467.545
2025-10-07T20:00Z,2025-10-07 22:00,0.000,3108.698,5528.590
2025-10-07T21:00Z,2025-10-07 23:00,0.000,3020.245,5532.190
2025-10-07T22:00Z,2025-10-08 00:00,0.000,2889.392,6446.238
2025-10-07T23:00Z,2025-10-08 01:00,0.000,2815.260,6245.802
2025-10-08T00:00Z,2025-10-08 02:00,0.000,2791.568,6074.850
2025-10-08T01:00Z,2025-10-08 03:00,0.000,2749.398,5909.505
2025-10-08T02:00Z,2025-10-08 04:00,0.000,2658.810,5635.337
2025-10-08T03:00Z,2025-10-08 05:00,0.000,2491.497,5342.057
2025-10-08T04:00Z,2025-10-08 06:00,0.000,2243.423,5081.788
2025-10-08T05:00Z,2025-10-08 07:00,208.392,1971.745,4847.408
2025-10-08T06:00Z,2025-10-08 08:00,2218.222,1721.582,4685.075
2025-10-08T07:00Z,2025-10-08 09:00,6169.695,1525.638,4285.555
2025-10-08T08:00Z,2025-10-08 10:00,10971.737,1411.310,3774.682
2025-10-08T09:00Z,2025-10-08 11:00,15218.005,1406.295,3494.605
2025-10-08T10:00Z,2025-10-08 12:00,17967.963,1483.695,3448.847
2025-10-08T11:00Z,2025-10-08 13:00,18501.798,1589.190,3481.632
2025-10-08T12:00Z,2025-10-08 14:00,17130.990,1680.472,3622.878
2025-10-08T13:00Z,2025-10-08 15:00,14003.235,1746.578,3620.148
2025-10-08T14:00Z,2025-10-08 16:00,9185.858,1771.003,3464.290
2025-10-08T15:00Z,2025-10-08 17:00,3870.028,1779.675,3400.625
2025-10-08T16:00Z,2025-10-08 18:00,525.880,1782.807,3667.262
2025-10-08T17:00Z,2025-10-08 19:00,0.000,1748.053,4153.075
2025-10-08T18:00Z,2025-10-08 20:00,0.000,1699.510,4561.250
2025-10-08T19:00Z,2025-10-08 21:00,0.000,1674.635,4699.852
2025-10-08T20:00Z,2025-10-08 22:00,0.000,1704.803,4936.880
2025-10-08T21:00Z,2025-10-08 23:00,0.000,1730.237,5193.935
2025-10-08T22:00Z,2025-10-09 00:00,0.000,1531.720,4783.005
2025-10-08T23:00Z,2025-10-09 01:00,0.000,1520.428,4801.917
2025-10-09T00:00Z,2025-10-09 02:00,0.000,1526.637,4827.885
2025-10-09T01:00Z,2025-10-09 03:00,0.000,1585.890,4872.705
2025-10-09T02:00Z,2025-10-09 04:00,0.000,1692.753,4936.747
2025-10-09T03:00Z,2025-10-09 05:00,0.000,1853.940,5070.000
2025-10-09T04:00Z,2025-10-09 06:00,0.000,2108.668,5204.472
2025-10-09T05:00Z,2025-10-09 07:00,216.028,2463.130,5297.842
2025-10-09T06:00Z,2025-10-09 08:00,2825.997,2859.120,5326.267
2025-10-09T07:00Z,2025-10-09 09:00,7800.775,3254.455,4957.365
2025-10-09T08:00Z,2025-10-09 10:00,13469.525,3725.323,4734.050
2025-10-09T09:00Z,2025-10-09 11:00,18073.958,4255.538,5336.347
2025-10-09T10:00Z,2025-10-09 12:00,20389.540,4610.040,6679.430
2025-10-09T11:00Z,2025-10-09 13:00,20527.695,4898.733,8266.280
2025-10-09T12:00Z,2025-10-09 14:00,19024.480,5231.850,9810.525
2025-10-09T13:00Z,2025-10-09 15:00,15587.733,5501.498,10876.882
2025-10-09T14:00Z,2025-10-09 16:00,10410.010,5704.812,11390.970
2025-10-09T15:00Z,2025-10-09 17:00,4431.670,5922.365,11726.855
2025-10-09T16:00Z,2025-10-09 18:00,551.680,6067.648,12666.600
2025-10-09T17:00Z,2025-10-09 19:00,0.000,6119.410,14125.022
2025-10-09T18:00Z,2025-10-09 20:00,0.000,6112.068,15382.153
2025-10-09T19:00Z,2025-10-09 21:00,0.000,5996.102,16421.958
2025-10-09T20:00Z,2025-10-09 22:00,0.000,5804.535,16882.970
2025-10-09T21:00Z,2025-10-09 23:00,0.000,5462.837,17359.335
2025-10-09T22:00Z,2025-10-10 00:00,0.000,4843.475,17139.235
2025-10-09T23:00Z,2025-10-10 01:00,0.000,4554.465,17426.302
2025-10-10T00:00Z,2025-10-10 02:00,0.000,4424.675,17542.965
2025-10-10T01:00Z,2025-10-10 03:00,0.000,4421.570,17580.300
2025-10-10T02:00Z,2025-10-10 04:00,0.000,4457.185,17278.908
2025-10-10T03:00Z,2025-10-10 05:00,0.000,4515.260,16679.775
2025-10-10T04:00Z,2025-10-10 06:00,0.000,4562.073,16409.522
2025-10-10T05:00Z,2025-10-10 07:00,225.365,4703.345,16024.917
2025-10-10T06:00Z,2025-10-10 08:00,3641.052,4684.160,15293.747
2025-10-10T07:00Z,2025-10-10 09:00,10174.175,4440.455,14219.788
2025-10-10T08:00Z,2025-10-10 10:00,16784.225,4063.695,13731.108
2025-10-10T09:00Z,2025-10-10 11:00,21565.425,3581.535,14149.272
2025-10-10T10:00Z,2025-10-10 12:00,23612.673,3235.095,14184.028
2025-10-10T11:00Z,2025-10-10 13:00,23250.853,3160.477,13887.085
2025-10-10T12:00Z,2025-10-10 14:00,21175.318,3211.793,14052.005
2025-10-10T13:00Z,2025-10-10 15:00,17158.085,3301.093,14054.638
2025-10-10T14:00Z,2025-10-10 16:00,11192.930,3423.580,13670.003
2025-10-10T15:00Z,2025-10-10 17:00,4553.778,3534.015,13171.338
2025-10-10T16:00Z,2025-10-10 18:00,535.428,3633.880,13292.515
2025-10-10T17:00Z,2025-10-10 19:00,0.000,3730.913,13880.075
2025-10-10T18:00Z,2025-10-10 20:00,0.000,3811.040,14301.888
2025-10-10T19:00Z,2025-10-10 21:00,0.000,3925.287,14468.157
2025-10-10T20:00Z,2025-10-10 22:00,0.000,4143.443,14159.900
2025-10-10T21:00Z,2025-10-10 23:00,0.000,4336.842,13920.353
2025-10-10T22:00Z,2025-10-11 00:00,0.000,4604.415,13112.730
2025-10-10T23:00Z,2025-10-11 01:00,0.000,4307.730,12774.517
2025-10-11T00:00Z,2025-10-11 02:00,0.000,3976.055,12484.892
2025-10-11T01:00Z,2025-10-11 03:00,0.000,3761.090,12387.542
2025-10-11T02:00Z,2025-10-11 04:00,0.000,3704.780,12287.562
2025-10-11T03:00Z,2025-10-11 05:00,0.000,3639.302,12208.435
2025-10-11T04:00Z,2025-10-11 06:00,0.000,3554.080,12320.560
2025-10-11T05:00Z,2025-10-11 07:00,164.382,3512.593,12189.280
2025-10-11T06:00Z,2025-10-11 08:00,2708.840,3427.445,11765.253
2025-10-11T07:00Z,2025-10-11 09:00,7760.113,3237.990,11281.562
2025-10-11T08:00Z,2025-10-11 10:00,13263.052,3014.517,11185.950
2025-10-11T09:00Z,2025-10-11 11:00,17647.480,2788.385,11502.267
2025-10-11T10:00Z,2025-10-11 12:00,19913.713,2668.335,11670.845
2025-10-11T11:00Z,2025-10-11 13:00,20388.132,2595.733,11658.510
2025-10-11T12:00Z,2025-10-11 14:00,19015.410,2559.057,11778.967
2025-10-11T13:00Z,2025-10-11 15:00,15448.562,2560.885,11616.080
2025-10-11T14:00Z,2025-10-11 16:00,9970.015,2694.295,10778.380
2025-10-11T15:00Z,2025-10-11 17:00,3941.198,2841.182,9587.275
2025-10-11T16:00Z,2025-10-11 18:00,424.755,2847.315,8911.253
2025-10-11T17:00Z,2025-10-11 19:00,0.000,2797.235,8713.013
2025-10-11T18:00Z,2025-10-11 20:00,0.000,2729.052,8453.785
2025-10-11T19:00Z,2025-10-11 21:00,0.000,2706.200,7965.613
2025-10-11T20:00Z,2025-10-11 22:00,0.000,2675.475,7478.025
2025-10-11T21:00Z,2025-10-11 23:00,0.000,2614.727,7262.168
2025-10-11T22:00Z,2025-10-12 00:00,0.000,2129.952,7275.722
2025-10-11T23:00Z,2025-10-12 01:00,0.000,2338.693,7470.847
2025-10-12T00:00Z,2025-10-12 02:00,0.000,2710.582,7781.965
2025-10-12T01:00Z,2025-10-12 03:00,0.000,3238.918,8377.327
2025-10-12T02:00Z,2025-10-12 04:00,0.000,3826.358,9152.087
2025-10-12T03:00Z,2025-10-12 05:00,0.000,4357.980,9850.640
2025-10-12T04:00Z,2025-10-12 06:00,0.000,4748.648,10571.757
2025-10-12T05:00Z,2025-10-12 07:00,118.420,4916.145,10988.440
2025-10-12T06:00Z,2025-10-12 08:00,2158.613,4832.220,11142.228
2025-10-12T07:00Z,2025-10-12 09:00,6627.683,4573.445,11093.150
2025-10-12T08:00Z,2025-10-12 10:00,11597.615,4244.597,10986.882
2025-10-12T09:00Z,2025-10-12 11:00,15184.917,3954.550,11101.193
2025-10-12T10:00Z,2025-10-12 12:00,16552.738,3669.037,11300.080
2025-10-12T11:00Z,2025-10-12 13:00,16448.317,3490.632,11388.750
2025-10-12T12:00Z,2025-10-12 14:00,14921.612,3379.168,11419.140
2025-10-12T13:00Z,2025-10-12 15:00,12004.885,3365.405,10970.028
2025-10-12T14:00Z,2025-10-12 16:00,7671.755,3338.947,10085.283
2025-10-12T15:00Z,2025-10-12 17:00,3072.155,3272.265,9124.975
2025-10-12T16:00Z,2025-10-12 18:00,326.805,3096.920,8571.275
2025-10-12T17:00Z,2025-10-12 19:00,0.000,2804.010,8114.580
2025-10-12T18:00Z,2025-10-12 20:00,0.000,2474.267,7429.220
2025-10-12T19:00Z,2025-10-12 21:00,0.000,2180.297,6423.480
2025-10-12T20:00Z,2025-10-12 22:00,0.000,1977.068,5485.413
2025-10-12T21:00Z,2025-10-12 23:00,0.000,1778.380,4773.930
2025-10-12T22:00Z,2025-10-13 00:00,0.000,1862.450,3761.023
2025-10-12T23:00Z,2025-10-13 01:00,0.000,1706.470,3222.168
2025-10-13T00:00Z,2025-10-13 02:00,0.000,1576.973,2861.343
2025-10-13T01:00Z,2025-10-13 03:00,0.000,1445.418,2523.365
2025-10-13T02:00Z,2025-10-13 04:00,0.000,1294.443,2227.443
2025-10-13T03:00Z,2025-10-13 05:00,0.000,1169.585,2021.910
2025-10-13T04:00Z,2025-10-13 06:00,0.000,1078.710,1844.102
2025-10-13T05:00Z,2025-10-13 07:00,129.363,1012.860,1707.235
2025-10-13T06:00Z,2025-10-13 08:00,2584.810,905.638,1630.278
2025-10-13T07:00Z,2025-10-13 09:00,7752.323,747.465,1370.368
2025-10-13T08:00Z,2025-10-13 10:00,13850.038,591.495,1046.705
2025-10-13T09:00Z,2025-10-13 11:00,19059.998,496.543,917.908
2025-10-13T10:00Z,2025-10-13 12:00,22292.448,497.875,939.643
2025-10-13T11:00Z,2025-10-13 13:00,23412.615,526.168,1016.605
2025-10-13T12:00Z,2025-10-13 14:00,22194.715,546.322,1162.460
2025-10-13T13:00Z,2025-10-13 15:00,18212.305,617.072,1353.517
2025-10-13T14:00Z,2025-10-13 16:00,12744.763,763.970,1694.755
2025-10-13T15:00Z,2025-10-13 17:00,5665.047,974.305,1816.530
2025-10-13T16:00Z,2025-10-13 18:00,458.685,1195.925,2301.983
2025-10-13T17:00Z,2025-10-13 19:00,0.000,1362.068,2948.552
2025-10-13T18:00Z,2025-10-13 20:00,0.000,1445.885,3208.597
2025-10-13T19:00Z,2025-10-13 21:00,0.000,1441.705,3049.168
2025-10-13T20:00Z,2025-10-13 22:00,0.000,1408.010,2850.432
2025-10-13T21:00Z,2025-10-13 23:00,0.000,1406.332,2685.608
2025-10-13T22:00Z,2025-10-14 00:00,0.000,1803.668,3156.443
2025-10-13T23:00Z,2025-10-14 01:00,0.000,2039.082,3512.028
2025-10-14T00:00Z,2025-10-14 02:00,0.000,2371.803,3935.860
2025-10-14T01:00Z,2025-10-14 03:00,0.000,2729.755,4380.962
2025-10-14T02:00Z,2025-10-14 04:00,0.000,3010.017,4928.325
2025-10-14T03:00Z,2025-10-14 05:00,0.000,3235.155,5488.762
2025-10-14T04:00Z,2025-10-14 06:00,0.000,3430.295,5959.658
2025-10-14T05:00Z,2025-10-14 07:00,111.763,3640.240,6137.977
2025-10-14T06:00Z,2025-10-14 08:00,2557.253,3747.838,6047.288
2025-10-14T07:00Z,2025-10-14 09:00,8074.200,3716.408,5422.900
2025-10-14T08:00Z,2025-10-14 10:00,14126.795,3434.523,4749.030
2025-10-14T09:00Z,2025-10-14 11:00,18507.708,3091.635,4551.400
2025-10-14T10:00Z,2025-10-14 12:00,20442.878,2883.637,4455.932
2025-10-14T11:00Z,2025-10-14 13:00,20351.628,2852.298,4330.177
2025-10-14T12:00Z,2025-10-14 14:00,18559.783,2804.005,4253.895
2025-10-14T13:00Z,2025-10-14 15:00,14982.567,2653.940,4087.037
2025-10-14T14:00Z,2025-10-14 16:00,9558.312,2429.040,3769.795
2025-10-14T15:00Z,2025-10-14 17:00,3537.845,2239.453,3422.685
2025-10-14T16:00Z,2025-10-14 18:00,292.433,2057.823,3313.077
2025-10-14T17:00Z,2025-10-14 19:00,0.000,1866.622,3334.033
2025-10-14T18:00Z,2025-10-14 20:00,0.000,1683.422,3153.423
2025-10-14T19:00Z,2025-10-14 21:00,0.000,1525.670,2711.690
2025-10-14T20:00Z,2025-10-14 22:00,0.000,1374.457,2296.642
2025-10-14T21:00Z,2025-10-14 23:00,0.000,1174.095,1919.210
2025-10-14T22:00Z,2025-10-15 00:00,0.000,1140.023,1704.840
2025-10-14T23:00Z,2025-10-15 01:00,0.000,1124.947,1449.670
2025-10-15T00:00Z,2025-10-15 02:00,0.000,1146.763,1313.412
2025-10-15T01:00Z,2025-10-15 03:00,0.000,1239.713,1229.320
2025-10-15T02:00Z,2025-10-15 04:00,0.000,1342.365,1170.153
2025-10-15T03:00Z,2025-10-15 05:00,0.000,1468.580,1120.500
2025-10-15T04:00Z,2025-10-15 06:00,0.000,1555.798,1114.013
2025-10-15T05:00Z,2025-10-15 07:00,93.895,1646.463,1147.225
2025-10-15T06:00Z,2025-10-15 08:00,2077.267,1677.760,1256.590
2025-10-15T07:00Z,2025-10-15 09:00,6485.755,1684.310,1246.037
2025-10-15T08:00Z,2025-10-15 10:00,11583.755,1724.680,1212.750
2025-10-15T09:00Z,2025-10-15 11:00,15834.965,1802.368,1355.582
2025-10-15T10:00Z,2025-10-15 12:00,18206.263,1936.908,1590.812
2025-10-15T11:00Z,2025-10-15 13:00,18423.882,2117.340,1925.148
2025-10-15T12:00Z,2025-10-15 14:00,16963.330,2310.288,2443.680
2025-10-15T13:00Z,2025-10-15 15:00,13518.702,2507.975,2977.253
2025-10-15T14:00Z,2025-10-15 16:00,8470.888,2694.595,3298.960
2025-10-15T15:00Z,2025-10-15 17:00,3037.415,2959.463,3374.852
2025-10-15T16:00Z,2025-10-15 18:00,226.700,3251.260,3777.320
2025-10-15T17:00Z,2025-10-15 19:00,0.000,3514.562,4455.908
2025-10-15T18:00Z,2025-10-15 20:00,0.000,3737.012,5020.153
2025-10-15T19:00Z,2025-10-15 21:00,0.000,4017.695,5349.840
2025-10-15T20:00Z,2025-10-15 22:00,0.000,4297.087,5630.773
2025-10-15T21:00Z,2025-10-15 23:00,0.000,4463.377,5973.833
2025-10-15T22:00Z,2025-10-16 00:00,0.000,4923.295,6540.753
2025-10-15T23:00Z,2025-10-16 01:00,0.000,5070.642,7005.800
2025-10-16T00:00Z,2025-10-16 02:00,0.000,5152.568,7425.995
2025-10-16T01:00Z,2025-10-16 03:00,0.000,5211.300,7766.062
2025-10-16T02:00Z,2025-10-16 04:00,0.000,5343.157,7995.142
2025-10-16T03:00Z,2025-10-16 05:00,0.000,5433.577,8150.343
2025-10-16T04:00Z,2025-10-16 06:00,0.000,5327.983,8427.337
2025-10-16T05:00Z,2025-10-16 07:00,75.383,5217.878,8695.068
2025-10-16T06:00Z,2025-10-16 08:00,1998.327,5143.868,8912.130
2025-10-16T07:00Z,2025-10-16 09:00,6415.333,4950.273,8847.510
2025-10-16T08:00Z,2025-10-16 10:00,11394.568,4638.750,8932.625
2025-10-16T09:00Z,2025-10-16 11:00,15629.200,4440.550,9536.472
2025-10-16T10:00Z,2025-10-16 12:00,18301.998,4250.953,10092.110
2025-10-16T11:00Z,2025-10-16 13:00,18682.603,4132.920,10605.167
2025-10-16T12:00Z,2025-10-16 14:00,17051.743,4129.898,11160.065
2025-10-16T13:00Z,2025-10-16 15:00,13567.372,4223.122,11419.938
2025-10-16T14:00Z,2025-10-16 16:00,8491.990,4397.045,11105.872
2025-10-16T15:00Z,2025-10-16 17:00,2987.740,4600.490,10456.682
2025-10-16T16:00Z,2025-10-16 18:00,225.693,4827.705,10408.798
2025-10-16T17:00Z,2025-10-16 19:00,0.000,4829.743,10701.583
2025-10-16T18:00Z,2025-10-16 20:00,0.000,4760.377,10959.165
2025-10-16T19:00Z,2025-10-16 21:00,0.000,4689.802,11047.180
2025-10-16T20:00Z,2025-10-16 22:00,0.000,4569.858,10638.552
2025-10-16T21:00Z,2025-10-16 23:00,0.000,4326.210,10253.005
2025-10-16T22:00Z,2025-10-17 00:00,0.000,4711.425,9246.445
2025-10-16T23:00Z,2025-10-17 01:00,0.000,4447.087,8946.877
2025-10-17T00:00Z,2025-10-17 02:00,0.000,4280.802,8657.698
2025-10-17T01:00Z,2025-10-17 03:00,0.000,4181.533,8667.278
2025-10-17T02:00Z,2025-10-17 04:00,0.000,4141.448,8713.625
2025-10-17T03:00Z,2025-10-17 05:00,0.000,4171.895,8667.057
2025-10-17T04:00Z,2025-10-17 06:00,0.000,4186.153,8885.757
2025-10-17T05:00Z,2025-10-17 07:00,68.347,4118.127,8932.250
2025-10-17T06:00Z,2025-10-17 08:00,2108.175,3980.457,8627.990
2025-10-17T07:00Z,2025-10-17 09:00,6894.345,3846.062,7991.007
2025-10-17T08:00Z,2025-10-17 10:00,12387.310,3679.395,7857.532
2025-10-17T09:00Z,2025-10-17 11:00,16813.173,3602.852,8493.615
2025-10-17T10:00Z,2025-10-17 12:00,19043.665,3612.085,9261.488
2025-10-17T11:00Z,2025-10-17 13:00,18845.875,3658.775,10217.702
2025-10-17T12:00Z,2025-10-17 14:00,16849.408,3690.495,11248.288
2025-10-17T13:00Z,2025-10-17 15:00,13166.753,3749.940,11778.837
2025-10-17T14:00Z,2025-10-17 16:00,8083.870,3815.108,11571.467
2025-10-17T15:00Z,2025-10-17 17:00,2833.037,3958.320,10901.612
2025-10-17T16:00Z,2025-10-17 18:00,207.058,4052.153,10706.525
2025-10-17T17:00Z,2025-10-17 19:00,0.000,4146.188,10871.340
2025-10-17T18:00Z,2025-10-17 20:00,0.000,4054.242,10958.763
2025-10-17T19:00Z,2025-10-17 21:00,0.000,3718.905,10634.730
2025-10-17T20:00Z,2025-10-17 22:00,0.000,3255.682,10002.923
2025-10-17T21:00Z,2025-10-17 23:00,0.000,2773.460,9414.550
2025-10-17T22:00Z,2025-10-18 00:00,0.000,2072.852,9643.118
2025-10-17T23:00Z,2025-10-18 01:00,0.000,1733.737,9166.862
2025-10-18T00:00Z,2025-10-18 02:00,0.000,1472.205,8528.320
2025-10-18T01:00Z,2025-10-18 03:00,0.000,1306.412,7900.775
2025-10-18T02:00Z,2025-10-18 04:00,0.000,1190.928,7300.203
2025-10-18T03:00Z,2025-10-18 05:00,0.000,1096.148,6726.315
2025-10-18T04:00Z,2025-10-18 06:00,0.000,1008.490,6240.342
2025-10-18T05:00Z,2025-10-18 07:00,120.327,927.745,5673.352
2025-10-18T06:00Z,2025-10-18 08:00,4087.838,854.945,5036.645
2025-10-18T07:00Z,2025-10-18 09:00,12939.088,776.122,3908.487
2025-10-18T08:00Z,2025-10-18 10:00,22077.720,670.685,2771.863
2025-10-18T09:00Z,2025-10-18 11:00,29065.798,565.935,2255.490
2025-10-18T10:00Z,2025-10-18 12:00,32578.175,482.550,1948.950
2025-10-18T11:00Z,2025-10-18 13:00,32494.970,427.550,1680.650
2025-10-18T12:00Z,2025-10-18 14:00,29649.458,386.940,1510.320
2025-10-18T13:00Z,2025-10-18 15:00,23351.812,371.567,1445.505
2025-10-18T14:00Z,2025-10-18 16:00,14084.587,380.540,1497.102
2025-10-18T15:00Z,2025-10-18 17:00,4571.985,443.065,1922.990
2025-10-18T16:00Z,2025-10-18 18:00,266.197,586.260,3243.790
2025-10-18T17:00Z,2025-10-18 19:00,0.000,804.908,5173.528
2025-10-18T18:00Z,2025-10-18 20:00,0.000,1099.895,6924.065
2025-10-18T19:00Z,2025-10-18 21:00,0.000,1430.928,8393.560
2025-10-18T20:00Z,2025-10-18 22:00,0.000,1758.205,9415.938
2025-10-18T21:00Z,2025-10-18 23:00,0.000,2044.053,10237.493
2025-10-18T22:00Z,2025-10-19 00:00,0.000,2306.342,10965.525
2025-10-18T23:00Z,2025-10-19 01:00,0.000,2402.110,11312.642
2025-10-19T00:00Z,2025-10-19 02:00,0.000,2514.838,11553.048
2025-10-19T01:00Z,2025-10-19 03:00,0.000,2622.850,11680.452
2025-10-19T02:00Z,2025-10-19 04:00,0.000,2693.258,11874.892
2025-10-19T03:00Z,2025-10-19 05:00,0.000,2771.012,12382.952
2025-10-19T04:00Z,2025-10-19 06:00,0.000,2901.153,13352.167
2025-10-19T05:00Z,2025-10-19 07:00,87.243,3079.673,14316.700
2025-10-19T06:00Z,2025-10-19 08:00,2869.685,3294.037,15110.767
2025-10-19T07:00Z,2025-10-19 09:00,9115.873,3497.570,15243.735
2025-10-19T08:00Z,2025-10-19 10:00,15685.243,3676.963,13478.267
2025-10-19T09:00Z,2025-10-19 11:00,21657.998,3783.212,11387.702
2025-10-19T10:00Z,2025-10-19 12:00,25673.835,3747.332,10991.397
2025-10-19T11:00Z,2025-10-19 13:00,26423.673,3658.798,10896.673
2025-10-19T12:00Z,2025-10-19 14:00,23565.370,3646.202,11110.100
2025-10-19T13:00Z,2025-10-19 15:00,17633.333,3823.812,11724.498
2025-10-19T14:00Z,2025-10-19 16:00,10099.392,4220.792,12668.077
2025-10-19T15:00Z,2025-10-19 17:00,3107.855,4848.368,14932.455
2025-10-19T16:00Z,2025-10-19 18:00,163.715,5482.583,18497.607
2025-10-19T17:00Z,2025-10-19 19:00,0.000,5956.083,21333.287
2025-10-19T18:00Z,2025-10-19 20:00,0.000,6213.260,22768.850
2025-10-19T19:00Z,2025-10-19 21:00,0.000,6299.535,23486.285
2025-10-19T20:00Z,2025-10-19 22:00,0.000,6224.828,23089.430
2025-10-19T21:00Z,2025-10-19 23:00,0.000,6126.927,22854.685
2025-10-19T22:00Z,2025-10-20 00:00,0.000,5997.390,22555.345
2025-10-19T23:00Z,2025-10-20 01:00,0.000,6003.483,22378.298
2025-10-20T00:00Z,2025-10-20 02:00,0.000,6036.810,22430.785
2025-10-20T01:00Z,2025-10-20 03:00,0.000,6123.700,23021.305
2025-10-20T02:00Z,2025-10-20 04:00,0.000,6266.600,23762.835
2025-10-20T03:00Z,2025-10-20 05:00,0.000,6447.675,24485.610
2025-10-20T04:00Z,2025-10-20 06:00,0.000,6636.972,25764.573
2025-10-20T05:00Z,2025-10-20 07:00,82.812,6672.365,26237.857
2025-10-20T06:00Z,2025-10-20 08:00,2708.795,6650.790,26004.725
2025-10-20T07:00Z,2025-10-20 09:00,8293.873,6570.180,25275.097
2025-10-20T08:00Z,2025-10-20 10:00,13365.142,6384.065,23788.310
2025-10-20T09:00Z,2025-10-20 11:00,16634.945,6064.132,22051.817
2025-10-20T10:00Z,2025-10-20 12:00,17711.270,5685.142,20722.138
2025-10-20T11:00Z,2025-10-20 13:00,16701.765,5263.972,19978.667
2025-10-20T12:00Z,2025-10-20 14:00,14054.475,4840.095,19798.438
2025-10-20T13:00Z,2025-10-20 15:00,10288.250,4452.047,19913.355
2025-10-20T14:00Z,2025-10-20 16:00,5888.363,4269.435,20690.920
2025-10-20T15:00Z,2025-10-20 17:00,1815.493,4388.057,22447.103
2025-10-20T16:00Z,2025-10-20 18:00,119.772,4843.432,24726.995
2025-10-20T17:00Z,2025-10-20 19:00,0.000,5393.177,26575.860
2025-10-20T18:00Z,2025-10-20 20:00,0.000,5878.800,27736.565
2025-10-20T19:00Z,2025-10-20 21:00,0.000,6263.583,29016.147
2025-10-20T20:00Z,2025-10-20 22:00,0.000,6402.568,29222.552
2025-10-20T21:00Z,2025-10-20 23:00,0.000,6469.605,29695.185
2025-10-20T22:00Z,2025-10-21 00:00,0.000,6669.852,29510.847
2025-10-20T23:00Z,2025-10-21 01:00,0.000,6674.003,29932.085
2025-10-21T00:00Z,2025-10-21 02:00,0.000,6669.070,30252.395
2025-10-21T01:00Z,2025-10-21 03:00,0.000,6692.392,30684.013
2025-10-21T02:00Z,2025-10-21 04:00,0.000,6741.557,31148.428
2025-10-21T03:00Z,2025-10-21 05:00,0.000,6746.408,31551.938
2025-10-21T04:00Z,2025-10-21 06:00,0.000,6698.180,32604.537
2025-10-21T05:00Z,2025-10-21 07:00,47.552,6667.917,33066.107
2025-10-21T06:00Z,2025-10-21 08:00,2429.722,6507.260,32793.393
2025-10-21T07:00Z,2025-10-21 09:00,8378.593,6088.382,32301.942
2025-10-21T08:00Z,2025-10-21 10:00,14624.460,5665.922,31784.812
2025-10-21T09:00Z,2025-10-21 11:00,18929.635,5294.480,31699.632
2025-10-21T10:00Z,2025-10-21 12:00,21116.123,5361.257,31697.822
2025-10-21T11:00Z,2025-10-21 13:00,20941.857,5486.065,30931.040
2025-10-21T12:00Z,2025-10-21 14:00,18675.440,5714.307,29808.490
2025-10-21T13:00Z,2025-10-21 15:00,14797.757,5799.890,28100.512
2025-10-21T14:00Z,2025-10-21 16:00,8966.103,5931.738,26031.960
2025-10-21T15:00Z,2025-10-21 17:00,2652.352,6091.327,24478.677
2025-10-21T16:00Z,2025-10-21 18:00,92.382,6195.340,23963.623
2025-10-21T17:00Z,2025-10-21 19:00,0.000,6171.425,24121.662
2025-10-21T18:00Z,2025-10-21 20:00,0.000,6214.167,24517.308
2025-10-21T19:00Z,2025-10-21 21:00,0.000,6262.050,25147.300
2025-10-21T20:00Z,2025-10-21 22:00,0.000,6256.497,24818.943
2025-10-21T21:00Z,2025-10-21 23:00,0.000,6229.155,24467.285
2025-10-21T22:00Z,2025-10-22 00:00,0.000,6122.265,21885.505
2025-10-21T23:00Z,2025-10-22 01:00,0.000,6006.075,21134.800
2025-10-22T00:00Z,2025-10-22 02:00,0.000,5823.970,20337.505
2025-10-22T01:00Z,2025-10-22 03:00,0.000,5769.870,19573.567
2025-10-22T02:00Z,2025-10-22 04:00,0.000,5762.210,18717.150
2025-10-22T03:00Z,2025-10-22 05:00,0.000,5756.025,17841.458
2025-10-22T04:00Z,2025-10-22 06:00,0.000,5785.292,17297.952
2025-10-22T05:00Z,2025-10-22 07:00,21.370,5709.868,16400.170
2025-10-22T06:00Z,2025-10-22 08:00,1214.938,5533.738,15061.142
2025-10-22T07:00Z,2025-10-22 09:00,4538.003,5288.438,13449.052
2025-10-22T08:00Z,2025-10-22 10:00,8308.940,4980.240,11833.935
2025-10-22T09:00Z,2025-10-22 11:00,11357.380,4589.033,10754.560
2025-10-22T10:00Z,2025-10-22 12:00,13038.525,4291.842,10053.267
2025-10-22T11:00Z,2025-10-22 13:00,13352.067,4024.475,9281.198
2025-10-22T12:00Z,2025-10-22 14:00,12467.267,3717.700,8410.022
2025-10-22T13:00Z,2025-10-22 15:00,10078.673,3378.315,7231.188
2025-10-22T14:00Z,2025-10-22 16:00,6191.922,3000.762,5891.435
2025-10-22T15:00Z,2025-10-22 17:00,1815.175,2558.347,4956.642
2025-10-22T16:00Z,2025-10-22 18:00,68.630,2084.810,4767.387
2025-10-22T17:00Z,2025-10-22 19:00,0.000,1587.622,4873.405
2025-10-22T18:00Z,2025-10-22 20:00,0.000,1157.148,4900.640
2025-10-22T19:00Z,2025-10-22 21:00,0.000,855.850,4779.238
2025-10-22T20:00Z,2025-10-22 22:00,0.000,689.508,4900.318
2025-10-22T21:00Z,2025-10-22 23:00,0.000,614.760,5495.350
2025-10-22T22:00Z,2025-10-23 00:00,0.000,627.145,9139.760
2025-10-22T23:00Z,2025-10-23 01:00,0.000,871.023,11428.823
2025-10-23T00:00Z,2025-10-23 02:00,0.000,1464.412,14842.368
2025-10-23T01:00Z,2025-10-23 03:00,0.000,2550.997,19088.138
2025-10-23T02:00Z,2025-10-23 04:00,0.000,3949.557,23318.400
2025-10-23T03:00Z,2025-10-23 05:00,0.000,5047.132,27048.745
2025-10-23T04:00Z,2025-10-23 06:00,0.000,5694.905,30431.722
2025-10-23T05:00Z,2025-10-23 07:00,13.465,5904.345,32600.677
2025-10-23T06:00Z,2025-10-23 08:00,840.077,5940.245,33761.810
2025-10-23T07:00Z,2025-10-23 09:00,3241.008,5985.890,34223.890
2025-10-23T08:00Z,2025-10-23 10:00,6237.767,6020.198,34143.402
2025-10-23T09:00Z,2025-10-23 11:00,8972.323,5879.290,33687.592
2025-10-23T10:00Z,2025-10-23 12:00,11048.302,5831.708,33118.582
2025-10-23T11:00Z,2025-10-23 13:00,11502.058,5893.665,32676.372
2025-10-23T12:00Z,2025-10-23 14:00,10784.135,5929.530,32867.925
2025-10-23T13:00Z,2025-10-23 15:00,8558.465,5877.010,32665.057
2025-10-23T14:00Z,2025-10-23 16:00,4993.220,5827.292,32380.717
2025-10-23T15:00Z,2025-10-23 17:00,1426.783,5557.398,32556.908
2025-10-23T16:00Z,2025-10-23 18:00,48.593,5060.805,33550.488
2025-10-23T17:00Z,2025-10-23 19:00,0.000,4495.038,35072.928
2025-10-23T18:00Z,2025-10-23 20:00,0.000,3931.440,36364.605
2025-10-23T19:00Z,2025-10-23 21:00,0.000,3460.055,37535.610
2025-10-23T20:00Z,2025-10-23 22:00,0.000,3067.765,37350.740
2025-10-23T21:00Z,2025-10-23 23:00,0.000,2724.533,37675.107
2025-10-23T22:00Z,2025-10-24 00:00,0.000,2714.150,39657.553
2025-10-23T23:00Z,2025-10-24 01:00,0.000,3343.360,40004.521
2025-10-24T00:00Z,2025-10-24 02:00,0.000,3745.023,40073.958
2025-10-24T01:00Z,2025-10-24 03:00,0.000,4146.090,40528.958
2025-10-24T02:00Z,2025-10-24 04:00,0.000,4476.997,41234.031
2025-10-24T03:00Z,2025-10-24 05:00,0.000,4505.988,41846.137
2025-10-24T04:00Z,2025-10-24 06:00,0.000,4411.267,43421.111
2025-10-24T05:00Z,2025-10-24 07:00,18.668,4494.358,43514.400
2025-10-24T06:00Z,2025-10-24 08:00,1529.465,4465.148,43284.851
2025-10-24T07:00Z,2025-10-24 09:00,5858.638,4491.565,43464.988
2025-10-24T08:00Z,2025-10-24 10:00,10874.286,4479.755,43916.692
2025-10-24T09:00Z,2025-10-24 11:00,15504.223,4467.605,44432.682
2025-10-24T10:00Z,2025-10-24 12:00,18886.351,4375.922,44392.683
2025-10-24T11:00Z,2025-10-24 13:00,19870.573,4081.307,44053.978
2025-10-24T12:00Z,2025-10-24 14:00,18227.599,3901.173,44291.150
2025-10-24T13:00Z,2025-10-24 15:00,14651.233,4001.370,44001.101
2025-10-24T14:00Z,2025-10-24 16:00,8887.491,4134.325,43834.374
2025-10-24T15:00Z,2025-10-24 17:00,2538.258,4301.890,43220.042
2025-10-24T16:00Z,2025-10-24 18:00,54.810,4541.953,42542.927
2025-10-24T17:00Z,2025-10-24 19:00,0.000,4714.210,42423.027
2025-10-24T18:00Z,2025-10-24 20:00,0.000,4831.173,42468.234
2025-10-24T19:00Z,2025-10-24 21:00,0.000,4944.905,42451.014
2025-10-24T20:00Z,2025-10-24 22:00,0.000,5033.975,41119.927
2025-10-24T21:00Z,2025-10-24 23:00,0.000,5185.140,40494.662
2025-10-24T22:00Z,2025-10-25 00:00,0.000,5675.400,37877.407
2025-10-24T23:00Z,2025-10-25 01:00,0.000,5687.255,37099.799
2025-10-25T00:00Z,2025-10-25 02:00,0.000,5715.347,36368.996
2025-10-25T01:00Z,2025-10-25 03:00,0.000,5713.238,36021.273
2025-10-25T02:00Z,2025-10-25 04:00,0.000,5723.038,35871.594
2025-10-25T03:00Z,2025-10-25 05:00,0.000,5713.860,35904.061
2025-10-25T04:00Z,2025-10-25 06:00,0.000,5679.642,37112.909
2025-10-25T05:00Z,2025-10-25 07:00,14.710,5634.380,37731.048
2025-10-25T06:00Z,2025-10-25 08:00,1354.227,5618.132,37538.956
2025-10-25T07:00Z,2025-10-25 09:00,5188.135,5493.115,37574.994
2025-10-25T08:00Z,2025-10-25 10:00,9213.235,5480.382,37833.451
2025-10-25T09:00Z,2025-10-25 11:00,11506.262,5463.500,38204.420
2025-10-25T10:00Z,2025-10-25 12:00,12094.784,5467.295,38289.199
2025-10-25T11:00Z,2025-10-25 13:00,11594.002,5500.113,37749.653
2025-10-25T12:00Z,2025-10-25 14:00,10285.052,5518.130,37150.961
2025-10-25T13:00Z,2025-10-25 15:00,7886.100,5510.350,36749.578
2025-10-25T14:00Z,2025-10-25 16:00,4516.083,5564.693,37155.948
2025-10-25T15:00Z,2025-10-25 17:00,1196.957,5613.712,37610.420
2025-10-25T16:00Z,2025-10-25 18:00,31.000,5665.443,37528.810
2025-10-25T17:00Z,2025-10-25 19:00,0.000,5689.618,37345.215
2025-10-25T18:00Z,2025-10-25 20:00,0.000,5682.105,37379.345
2025-10-25T19:00Z,2025-10-25 21:00,0.000,5658.457,37625.937
2025-10-25T20:00Z,2025-10-25 22:00,0.000,5613.705,36753.526
2025-10-25T21:00Z,2025-10-25 23:00,0.000,5591.702,36544.688
2025-10-25T22:00Z,2025-10-26 00:00,,5867.305,
2025-10-25T23:00Z,2025-10-26 01:00,0.000,5813.540,33243.271
2025-10-26T00:00Z,2025-10-26 02:00,0.000,5739.193,33457.251
2025-10-26T01:00Z,2025-10-26 02:00,0.000,5662.185,33919.703
2025-10-26T02:00Z,2025-10-26 03:00,0.000,5675.432,34904.210
2025-10-26T03:00Z,2025-10-26 04:00,0.000,5854.695,36062.012
2025-10-26T04:00Z,2025-10-26 05:00,0.000,6020.238,37325.965
2025-10-26T05:00Z,2025-10-26 06:00,14.094,6018.587,38987.517
2025-10-26T06:00Z,2025-10-26 07:00,2059.104,6011.747,38895.975
2025-10-26T07:00Z,2025-10-26 08:00,7591.700,4087.100,38493.615
2025-10-26T08:00Z,2025-10-26 09:00,12464.945,4008.508,39023.112
2025-10-26T09:00Z,2025-10-26 10:00,14659.544,3946.023,40064.009
2025-10-26T10:00Z,2025-10-26 11:00,14508.388,3878.188,40595.130
2025-10-26T11:00Z,2025-10-26 12:00,12854.217,3788.765,41203.588
2025-10-26T12:00Z,2025-10-26 13:00,11010.940,3781.285,41973.503
2025-10-26T13:00Z,2025-10-26 14:00,8704.174,3767.803,42120.954
2025-10-26T14:00Z,2025-10-26 15:00,5260.503,3771.332,42752.820
2025-10-26T15:00Z,2025-10-26 16:00,1494.608,5377.070,43844.225
2025-10-26T16:00Z,2025-10-26 17:00,36.801,5277.215,44391.328
2025-10-26T17:00Z,2025-10-26 18:00,2.000,5285.730,44353.826
2025-10-26T18:00Z,2025-10-26 19:00,0.000,5381.773,43977.265
2025-10-26T19:00Z,2025-10-26 20:00,0.000,5512.070,43256.997
2025-10-26T20:00Z,2025-10-26 21:00,0.000,5764.655,42427.274
2025-10-26T21:00Z,2025-10-26 22:00,0.000,5792.083,41160.307
2025-10-26T22:00Z,2025-10-26 23:00,0.000,5447.363,40665.472
2025-10-26T23:00Z,2025-10-27 00:00,0.000,4312.083,40274.938
2025-10-27T00:00Z,2025-10-27 01:00,0.000,3514.910,39441.709
2025-10-27T01:00Z,2025-10-27 02:00,0.000,3320.967,39219.699
2025-10-27T02:00Z,2025-10-27 03:00,0.000,3438.767,38665.222
2025-10-27T03:00Z,2025-10-27 04:00,0.000,3599.318,37594.041
2025-10-27T04:00Z,2025-10-27 05:00,0.000,3691.060,36483.185
2025-10-27T05:00Z,2025-10-27 06:00,6.110,3776.135,36235.983
2025-10-27T06:00Z,2025-10-27 07:00,491.268,3864.035,35127.710
2025-10-27T07:00Z,2025-10-27 08:00,2242.504,3894.378,34219.185
2025-10-27T08:00Z,2025-10-27 09:00,4674.966,3970.165,33583.326
2025-10-27T09:00Z,2025-10-27 10:00,7009.004,4257.068,33170.677
2025-10-27T10:00Z,2025-10-27 11:00,8833.027,4813.977,32949.552
2025-10-27T11:00Z,2025-10-27 12:00,9844.339,5225.642,32964.344
2025-10-27T12:00Z,2025-10-27 13:00,9462.068,5333.693,33210.318
2025-10-27T13:00Z,2025-10-27 14:00,7734.773,5328.235,33027.748
2025-10-27T14:00Z,2025-10-27 15:00,4663.313,5326.355,33049.883
2025-10-27T15:00Z,2025-10-27 16:00,1238.041,5414.113,33175.056
2025-10-27T16:00Z,2025-10-27 17:00,29.162,5515.110,33246.145
2025-10-27T17:00Z,2025-10-27 18:00,0.000,5581.148,33724.249
2025-10-27T18:00Z,2025-10-27 19:00,0.000,5583.800,34647.466
2025-10-27T19:00Z,2025-10-27 20:00,0.000,5616.122,35790.915
2025-10-27T20:00Z,2025-10-27 21:00,0.000,5639.105,36481.015
2025-10-27T21:00Z,2025-10-27 22:00,0.000,5715.523,36200.019
2025-10-27T22:00Z,2025-10-27 23:00,0.000,5821.028,36402.342
2025-10-27T23:00Z,2025-10-28 00:00,0.000,6011.955,37294.056
2025-10-28T00:00Z,2025-10-28 01:00,0.000,6022.070,37055.995
2025-10-28T01:00Z,2025-10-28 02:00,0.000,6056.780,36486.334
2025-10-28T02:00Z,2025-10-28 03:00,0.000,6162.425,35745.245
2025-10-28T03:00Z,2025-10-28 04:00,0.000,5963.450,34997.721
2025-10-28T04:00Z,2025-10-28 05:00,0.000,5359.188,34673.295
2025-10-28T05:00Z,2025-10-28 06:00,2.577,4714.118,35159.659
2025-10-28T06:00Z,2025-10-28 07:00,910.378,4729.695,34189.129
2025-10-28T07:00Z,2025-10-28 08:00,3486.919,5274.188,33853.616
2025-10-28T08:00Z,2025-10-28 09:00,5758.183,5624.225,34342.842
2025-10-28T09:00Z,2025-10-28 10:00,7474.345,5531.215,35052.628
2025-10-28T10:00Z,2025-10-28 11:00,8942.513,5457.415,35934.667
2025-10-28T11:00Z,2025-10-28 12:00,9911.008,5470.020,37075.941
2025-10-28T12:00Z,2025-10-28 13:00,9902.806,5521.870,38519.985
2025-10-28T13:00Z,2025-10-28 14:00,8181.385,5589.715,38958.017
2025-10-28T14:00Z,2025-10-28 15:00,4841.321,5655.965,38449.054
2025-10-28T15:00Z,2025-10-28 16:00,1241.404,5614.035,37412.019
2025-10-28T16:00Z,2025-10-28 17:00,22.434,5581.330,36523.591
2025-10-28T17:00Z,2025-10-28 18:00,0.000,5441.052,35853.732
2025-10-28T18:00Z,2025-10-28 19:00,0.000,5371.940,35389.442
2025-10-28T19:00Z,2025-10-28 20:00,0.000,5398.462,35353.617
2025-10-28T20:00Z,2025-10-28 21:00,0.000,5405.863,34778.614
2025-10-28T21:00Z,2025-10-28 22:00,0.000,5473.405,33212.804
2025-10-28T22:00Z,2025-10-28 23:00,0.000,5691.097,32246.865
2025-10-28T23:00Z,2025-10-29 00:00,0.000,5720.677,32260.011
2025-10-29T00:00Z,2025-10-29 01:00,0.000,5914.855,30706.910
2025-10-29T01:00Z,2025-10-29 02:00,0.000,6060.682,28965.223
2025-10-29T02:00Z,2025-10-29 03:00,0.000,6175.090,27295.343
2025-10-29T03:00Z,2025-10-29 04:00,0.000,6219.007,25618.474
2025-10-29T04:00Z,2025-10-29 05:00,0.000,6223.850,24009.525
2025-10-29T05:00Z,2025-10-29 06:00,1.937,6209.898,22959.996
2025-10-29T06:00Z,2025-10-29 07:00,2156.885,6260.898,21491.334
2025-10-29T07:00Z,2025-10-29 08:00,9009.468,6339.583,20088.163
2025-10-29T08:00Z,2025-10-29 09:00,16565.822,6390.227,18667.170
2025-10-29T09:00Z,2025-10-29 10:00,22140.083,6246.915,18086.129
2025-10-29T10:00Z,2025-10-29 11:00,24387.218,5957.363,18461.994
2025-10-29T11:00Z,2025-10-29 12:00,23304.547,5684.355,18484.165
2025-10-29T12:00Z,2025-10-29 13:00,19788.944,5507.975,18260.698
2025-10-29T13:00Z,2025-10-29 14:00,14173.796,5373.415,17814.093
2025-10-29T14:00Z,2025-10-29 15:00,7174.604,5169.843,17651.421
2025-10-29T15:00Z,2025-10-29 16:00,1519.851,4973.247,18532.958
2025-10-29T16:00Z,2025-10-29 17:00,22.877,4651.632,20132.668
2025-10-29T17:00Z,2025-10-29 18:00,0.000,4262.075,21674.021
2025-10-29T18:00Z,2025-10-29 19:00,0.000,3842.582,22636.825
2025-10-29T19:00Z,2025-10-29 20:00,0.000,3440.625,22927.094
2025-10-29T20:00Z,2025-10-29 21:00,0.000,3029.238,22444.740
2025-10-29T21:00Z,2025-10-29 22:00,0.000,2632.448,21427.074
2025-10-29T22:00Z,2025-10-29 23:00,0.000,2389.832,20997.046
2025-10-29T23:00Z,2025-10-30 00:00,0.000,3276.738,23978.231
2025-10-30T00:00Z,2025-10-30 01:00,0.000,3009.310,24564.627
2025-10-30T01:00Z,2025-10-30 02:00,0.000,3154.465,25620.959
2025-10-30T02:00Z,2025-10-30 03:00,0.000,3883.033,27298.881
2025-10-30T03:00Z,2025-10-30 04:00,0.000,4871.375,29277.397
2025-10-30T04:00Z,2025-10-30 05:00,0.000,5637.403,31463.834
2025-10-30T05:00Z,2025-10-30 06:00,0.169,5927.580,34317.123
2025-10-30T06:00Z,2025-10-30 07:00,852.513,5872.802,35902.978
2025-10-30T07:00Z,2025-10-30 08:00,5290.517,5672.030,36982.072
2025-10-30T08:00Z,2025-10-30 09:00,12245.206,5580.480,37310.882
2025-10-30T09:00Z,2025-10-30 10:00,19374.451,5595.108,36467.816
2025-10-30T10:00Z,2025-10-30 11:00,24382.470,5602.733,35677.358
2025-10-30T11:00Z,2025-10-30 12:00,26212.053,5542.597,34825.816
2025-10-30T12:00Z,2025-10-30 13:00,24575.742,5512.292,34029.311
2025-10-30T13:00Z,2025-10-30 14:00,19250.165,5505.360,32323.802
2025-10-30T14:00Z,2025-10-30 15:00,10572.047,5417.233,28830.906
2025-10-30T15:00Z,2025-10-30 16:00,2352.910,5236.390,25042.053
2025-10-30T16:00Z,2025-10-30 17:00,18.099,4892.155,22584.884
2025-10-30T17:00Z,2025-10-30 18:00,0.000,4378.420,21010.389
2025-10-30T18:00Z,2025-10-30 19:00,0.000,3830.688,19572.949
2025-10-30T19:00Z,2025-10-30 20:00,0.000,3342.975,18244.847
2025-10-30T20:00Z,2025-10-30 21:00,0.000,3052.642,16673.799
2025-10-30T21:00Z,2025-10-30 22:00,0.000,3026.457,15191.753
2025-10-30T22:00Z,2025-10-30 23:00,0.000,3103.615,14478.977
2025-10-30T23:00Z,2025-10-31 00:00,0.000,2824.238,11957.063
2025-10-31T00:00Z,2025-10-31 01:00,0.000,2936.535,11432.414
2025-10-31T01:00Z,2025-10-31 02:00,0.000,3268.395,11384.040
2025-10-31T02:00Z,2025-10-31 03:00,0.000,3681.710,11373.474
2025-10-31T03:00Z,2025-10-31 04:00,0.000,4026.133,11442.807
2025-10-31T04:00Z,2025-10-31 05:00,0.000,4327.470,11686.298
2025-10-31T05:00Z,2025-10-31 06:00,0.405,4609.382,12183.847
2025-10-31T06:00Z,2025-10-31 07:00,2014.095,4793.417,12608.803
2025-10-31T07:00Z,2025-10-31 08:00,9328.717,4869.225,12781.089
2025-10-31T08:00Z,2025-10-31 09:00,17849.695,4829.167,12160.173
2025-10-31T09:00Z,2025-10-31 10:00,24532.337,4654.740,10137.760
2025-10-31T10:00Z,2025-10-31 11:00,28190.132,4344.062,7905.340
2025-10-31T11:00Z,2025-10-31 12:00,28126.202,4005.385,6995.139
2025-10-31T12:00Z,2025-10-31 13:00,24113.658,3771.040,7025.127
2025-10-31T13:00Z,2025-10-31 14:00,16806.968,3673.835,7748.646
2025-10-31T14:00Z,2025-10-31 15:00,8430.298,3871.525,9731.892
2025-10-31T15:00Z,2025-10-31 16:00,1728.237,4204.807,13247.164
2025-10-31T16:00Z,2025-10-31 17:00,42.923,4545.045,16897.783
2025-10-31T17:00Z,2025-10-31 18:00,1.750,4883.087,19444.850
2025-10-31T18:00Z,2025-10-31 19:00,0.000,5235.997,20645.633
2025-10-31T19:00Z,2025-10-31 20:00,0.000,5454.432,21000.223
2025-10-31T20:00Z,2025-10-31 21:00,0.000,5531.958,20755.990
2025-10-31T21:00Z,2025-10-31 22:00,0.000,5517.700,20001.780
2025-10-31T22:00Z,2025-10-31 23:00,0.000,5536.385,19441.769
2025-10-31T23:00Z,2025-11-01 00:00,0.000,5519.267,18482.688
2025-11-01T00:00Z,2025-11-01 01:00,0.000,5477.363,18128.381
2025-11-01T01:00Z,2025-11-01 02:00,0.000,5421.212,17972.609
2025-11-01T02:00Z,2025-11-01 03:00,0.000,5373.792,18206.636
2025-11-01T03:00Z,2025-11-01 04:00,0.000,5352.510,18833.554
2025-11-01T04:00Z,2025-11-01 05:00,0.000,5419.962,19891.167
2025-11-01T05:00Z,2025-11-01 06:00,0.103,5606.275,21235.247
2025-11-01T06:00Z,2025-11-01 07:00,1623.717,5591.560,21817.127
2025-11-01T07:00Z,2025-11-01 08:00,7463.093,5545.525,22260.865
2025-11-01T08:00Z,2025-11-01 09:00,13348.105,5475.198,21969.477
2025-11-01T09:00Z,2025-11-01 10:00,17154.142,5439.243,20803.941
2025-11-01T10:00Z,2025-11-01 11:00,18219.492,5481.033,19546.913
2025-11-01T11:00Z,2025-11-01 12:00,16331.203,5550.335,19341.879
2025-11-01T12:00Z,2025-11-01 13:00,12283.995,5686.300,20373.335
2025-11-01T13:00Z,2025-11-01 14:00,7732.490,5850.505,21837.507
2025-11-01T14:00Z,2025-11-01 15:00,3545.728,6063.985,23056.061
2025-11-01T15:00Z,2025-11-01 16:00,633.114,6253.810,23723.483
2025-11-01T16:00Z,2025-11-01 17:00,9.916,6391.970,23865.454
2025-11-01T17:00Z,2025-11-01 18:00,0.000,6398.845,23686.320
2025-11-01T18:00Z,2025-11-01 19:00,0.000,6360.440,23437.306
2025-11-01T19:00Z,2025-11-01 20:00,0.000,6284.653,23109.254
2025-11-01T20:00Z,2025-11-01 21:00,0.000,6021.153,22079.675
2025-11-01T21:00Z,2025-11-01 22:00,0.000,5620.568,20246.059
2025-11-01T22:00Z,2025-11-01 23:00,0.000,5242.395,18719.387
2025-11-01T23:00Z,2025-11-02 00:00,0.000,5096.440,18244.508
2025-11-02T00:00Z,2025-11-02 01:00,0.000,4976.325,17018.056
2025-11-02T01:00Z,2025-11-02 02:00,0.000,5058.135,16399.379
2025-11-02T02:00Z,2025-11-02 03:00,0.000,5230.970,16044.360
2025-11-02T03:00Z,2025-11-02 04:00,0.000,5163.455,15725.982
2025-11-02T04:00Z,2025-11-02 05:00,0.000,4979.790,15570.200
2025-11-02T05:00Z,2025-11-02 06:00,0.004,4889.483,15748.221
2025-11-02T06:00Z,2025-11-02 07:00,467.015,4732.382,15425.327
2025-11-02T07:00Z,2025-11-02 08:00,2764.206,4409.535,14721.079
2025-11-02T08:00Z,2025-11-02 09:00,5796.177,4050.342,13507.034
2025-11-02T09:00Z,2025-11-02 10:00,8199.174,3791.815,12296.421
2025-11-02T10:00Z,2025-11-02 11:00,9427.110,3634.108,11361.446
2025-11-02T11:00Z,2025-11-02 12:00,9412.584,3471.548,10379.516
2025-11-02T12:00Z,2025-11-02 13:00,8409.298,3223.827,9469.414
2025-11-02T13:00Z,2025-11-02 14:00,6320.930,3010.342,8396.773
2025-11-02T14:00Z,2025-11-02 15:00,3340.087,2931.500,7643.419
2025-11-02T15:00Z,2025-11-02 16:00,740.225,3013.818,7784.470
2025-11-02T16:00Z,2025-11-02 17:00,16.370,3171.530,8821.614
2025-11-02T17:00Z,2025-11-02 18:00,0.000,3222.617,10192.596
2025-11-02T18:00Z,2025-11-02 19:00,0.000,3255.450,11657.878
2025-11-02T19:00Z,2025-11-02 20:00,0.000,3195.082,13105.986
2025-11-02T20:00Z,2025-11-02 21:00,0.000,3036.930,14133.019
2025-11-02T21:00Z,2025-11-02 22:00,0.000,2880.133,14749.903
2025-11-02T22:00Z,2025-11-02 23:00,0.000,2949.300,15301.580
2025-11-02T23:00Z,2025-11-03 00:00,0.000,3340.190,16623.658
2025-11-03T00:00Z,2025-11-03 01:00,0.000,3487.055,17013.420
2025-11-03T01:00Z,2025-11-03 02:00,0.000,3703.238,17280.839
2025-11-03T02:00Z,2025-11-03 03:00,0.000,4057.127,17421.298
2025-11-03T03:00Z,2025-11-03 04:00,0.000,4360.065,17469.137
2025-11-03T04:00Z,2025-11-03 05:00,0.000,4722.438,17512.074
2025-11-03T05:00Z,2025-11-03 06:00,0.000,5164.913,18088.502
2025-11-03T06:00Z,2025-11-03 07:00,1123.497,5573.727,18518.637
2025-11-03T07:00Z,2025-11-03 08:00,6485.217,5892.778,18893.308
2025-11-03T08:00Z,2025-11-03 09:00,13006.979,6059.965,19095.522
2025-11-03T09:00Z,2025-11-03 10:00,17805.584,6121.712,19420.563
2025-11-03T10:00Z,2025-11-03 11:00,19787.984,6146.818,19994.741
2025-11-03T11:00Z,2025-11-03 12:00,19195.803,6159.855,20699.656
2025-11-03T12:00Z,2025-11-03 13:00,16451.585,6135.165,21387.125
2025-11-03T13:00Z,2025-11-03 14:00,11851.969,6020.745,21581.058
2025-11-03T14:00Z,2025-11-03 15:00,6040.941,5873.415,21735.580
2025-11-03T15:00Z,2025-11-03 16:00,1095.363,5866.530,22890.386
2025-11-03T16:00Z,2025-11-03 17:00,5.821,5887.812,24856.535
2025-11-03T17:00Z,2025-11-03 18:00,0.000,5921.735,26832.007
2025-11-03T18:00Z,2025-11-03 19:00,0.000,5971.210,28135.765
2025-11-03T19:00Z,2025-11-03 20:00,0.000,5976.708,28853.075
2025-11-03T20:00Z,2025-11-03 21:00,0.000,5967.760,28567.563
2025-11-03T21:00Z,2025-11-03 22:00,0.000,5978.115,27401.855
2025-11-03T22:00Z,2025-11-03 23:00,0.000,6020.380,26399.252
2025-11-03T23:00Z,2025-11-04 00:00,0.000,6046.977,26562.851
2025-11-04T00:00Z,2025-11-04 01:00,0.000,6086.220,25195.514
2025-11-04T01:00Z,2025-11-04 02:00,0.000,6117.057,24223.716
2025-11-04T02:00Z,2025-11-04 03:00,0.000,6138.057,23548.269
2025-11-04T03:00Z,2025-11-04 04:00,0.000,6173.730,22921.424
2025-11-04T04:00Z,2025-11-04 05:00,0.000,6213.637,22241.091
2025-11-04T05:00Z,2025-11-04 06:00,0.000,6268.542,21804.833
2025-11-04T06:00Z,2025-11-04 07:00,1477.864,6326.378,20779.762
2025-11-04T07:00Z,2025-11-04 08:00,7995.769,6336.695,19456.381
2025-11-04T08:00Z,2025-11-04 09:00,15783.904,6371.802,17364.857
2025-11-04T09:00Z,2025-11-04 10:00,22257.054,6368.257,15365.447
2025-11-04T10:00Z,2025-11-04 11:00,26058.841,6286.108,14314.837
2025-11-04T11:00Z,2025-11-04 12:00,26676.816,6222.948,13472.784
2025-11-04T12:00Z,2025-11-04 13:00,23870.046,6162.105,12831.469
2025-11-04T13:00Z,2025-11-04 14:00,17597.401,6068.250,11864.483
2025-11-04T14:00Z,2025-11-04 15:00,8812.832,5883.945,11443.556
2025-11-04T15:00Z,2025-11-04 16:00,1584.669,5705.128,12560.130
2025-11-04T16:00Z,2025-11-04 17:00,10.819,5602.335,14773.112
2025-11-04T17:00Z,2025-11-04 18:00,0.000,5652.665,16890.888
2025-11-04T18:00Z,2025-11-04 19:00,0.000,5800.443,18291.262
2025-11-04T19:00Z,2025-11-04 20:00,0.000,5853.235,19208.590
2025-11-04T20:00Z,2025-11-04 21:00,0.000,5879.160,19721.060
2025-11-04T21:00Z,2025-11-04 22:00,0.000,5763.263,19809.180
2025-11-04T22:00Z,2025-11-04 23:00,0.000,5736.198,20060.178
2025-11-04T23:00Z,2025-11-05 00:00,0.000,5733.738,19948.137
2025-11-05T00:00Z,2025-11-05 01:00,0.000,5723.842,19522.912
2025-11-05T01:00Z,2025-11-05 02:00,0.000,5718.580,19052.139
2025-11-05T02:00Z,2025-11-05 03:00,0.000,5725.967,18756.373
2025-11-05T03:00Z,2025-11-05 04:00,0.000,5737.677,18861.145
2025-11-05T04:00Z,2025-11-05 05:00,0.000,5683.810,19206.600
2025-11-05T05:00Z,2025-11-05 06:00,0.000,5637.818,19786.377
2025-11-05T06:00Z,2025-11-05 07:00,1545.018,5548.033,19382.936
2025-11-05T07:00Z,2025-11-05 08:00,9400.259,5504.630,18718.060
2025-11-05T08:00Z,2025-11-05 09:00,18612.690,5378.860,17249.636
2025-11-05T09:00Z,2025-11-05 10:00,25865.024,5174.177,14004.627
2025-11-05T10:00Z,2025-11-05 11:00,29697.883,4893.610,10114.050
2025-11-05T11:00Z,2025-11-05 12:00,29927.400,4506.663,7883.411
2025-11-05T12:00Z,2025-11-05 13:00,26407.957,4010.707,6750.099
2025-11-05T13:00Z,2025-11-05 14:00,19136.472,3537.837,6675.043
2025-11-05T14:00Z,2025-11-05 15:00,9404.621,3130.408,7623.243
2025-11-05T15:00Z,2025-11-05 16:00,1549.829,2889.700,9385.188
2025-11-05T16:00Z,2025-11-05 17:00,5.890,2989.233,11629.224
2025-11-05T17:00Z,2025-11-05 18:00,0.000,3228.665,13332.474
2025-11-05T18:00Z,2025-11-05 19:00,0.000,3465.352,14437.858
2025-11-05T19:00Z,2025-11-05 20:00,0.000,3530.235,15295.771
2025-11-05T20:00Z,2025-11-05 21:00,0.000,3400.512,15516.391
2025-11-05T21:00Z,2025-11-05 22:00,0.000,3164.435,15044.257
2025-11-05T22:00Z,2025-11-05 23:00,0.000,2909.073,14430.491
2025-11-05T23:00Z,2025-11-06 00:00,0.000,2455.398,12831.175
2025-11-06T00:00Z,2025-11-06 01:00,0.000,2163.632,12363.401
2025-11-06T01:00Z,2025-11-06 02:00,0.000,1932.503,12216.632
2025-11-06T02:00Z,2025-11-06 03:00,0.000,1727.007,12089.335
2025-11-06T03:00Z,2025-11-06 04:00,0.000,1585.865,11839.052
2025-11-06T04:00Z,2025-11-06 05:00,0.000,1482.855,11414.934
2025-11-06T05:00Z,2025-11-06 06:00,0.000,1393.700,11090.188
2025-11-06T06:00Z,2025-11-06 07:00,1291.911,1346.635,10604.804
2025-11-06T07:00Z,2025-11-06 08:00,8395.022,1319.770,10106.290
2025-11-06T08:00Z,2025-11-06 09:00,16987.010,1273.953,8903.680
2025-11-06T09:00Z,2025-11-06 10:00,23864.555,1205.955,6635.836
2025-11-06T10:00Z,2025-11-06 11:00,27725.859,1108.497,4371.937
2025-11-06T11:00Z,2025-11-06 12:00,28631.466,1015.902,3206.678
2025-11-06T12:00Z,2025-11-06 13:00,25729.105,973.530,2774.776
2025-11-06T13:00Z,2025-11-06 14:00,18662.206,996.087,3073.150
2025-11-06T14:00Z,2025-11-06 15:00,9018.467,1112.467,4164.465
2025-11-06T15:00Z,2025-11-06 16:00,1396.941,1317.452,6216.013
2025-11-06T16:00Z,2025-11-06 17:00,4.384,1580.055,8734.063
2025-11-06T17:00Z,2025-11-06 18:00,0.000,1853.885,10517.173
2025-11-06T18:00Z,2025-11-06 19:00,0.000,2032.533,11204.767
2025-11-06T19:00Z,2025-11-06 20:00,0.000,2022.908,11194.449
2025-11-06T20:00Z,2025-11-06 21:00,0.000,1859.658,10734.075
2025-11-06T21:00Z,2025-11-06 22:00,0.000,1590.330,9911.229
2025-11-06T22:00Z,2025-11-06 23:00,0.000,1329.755,9192.405
2025-11-06T23:00Z,2025-11-07 00:00,0.000,1318.062,8275.179
2025-11-07T00:00Z,2025-11-07 01:00,0.000,1190.463,7910.240
2025-11-07T01:00Z,2025-11-07 02:00,0.000,1146.368,7737.930
2025-11-07T02:00Z,2025-11-07 03:00,0.000,1134.818,7562.657
2025-11-07T03:00Z,2025-11-07 04:00,0.000,1126.950,7271.785
2025-11-07T04:00Z,2025-11-07 05:00,0.000,1125.822,6923.734
2025-11-07T05:00Z,2025-11-07 06:00,0.000,1100.515,6613.459
2025-11-07T06:00Z,2025-11-07 07:00,889.011,1043.533,6230.901
2025-11-07T07:00Z,2025-11-07 08:00,6072.337,966.535,5605.454
2025-11-07T08:00Z,2025-11-07 09:00,12641.351,887.882,4497.124
2025-11-07T09:00Z,2025-11-07 10:00,18134.925,777.737,3116.623
2025-11-07T10:00Z,2025-11-07 11:00,21645.895,644.900,2130.740
2025-11-07T11:00Z,2025-11-07 12:00,22610.638,510.158,1661.516
2025-11-07T12:00Z,2025-11-07 13:00,20378.818,417.805,1449.167
2025-11-07T13:00Z,2025-11-07 14:00,14807.081,371.540,1377.307
2025-11-07T14:00Z,2025-11-07 15:00,7088.545,351.150,1501.270
2025-11-07T15:00Z,2025-11-07 16:00,1100.963,377.670,2020.655
2025-11-07T16:00Z,2025-11-07 17:00,4.718,443.507,2702.828
2025-11-07T17:00Z,2025-11-07 18:00,0.000,518.812,3186.201
2025-11-07T18:00Z,2025-11-07 19:00,0.000,567.043,3418.907
2025-11-07T19:00Z,2025-11-07 20:00,0.000,565.665,3447.688
2025-11-07T20:00Z,2025-11-07 21:00,0.000,518.390,3314.156
2025-11-07T21:00Z,2025-11-07 22:00,0.000,433.750,3149.502
2025-11-07T22:00Z,2025-11-07 23:00,0.000,350.215,3028.075
2025-11-07T23:00Z,2025-11-08 00:00,0.000,101.043,2672.520
2025-11-08T00:00Z,2025-11-08 01:00,0.000,84.460,2549.890
2025-11-08T01:00Z,2025-11-08 02:00,0.000,84.460,2358.784
2025-11-08T02:00Z,2025-11-08 03:00,0.000,92.338,2136.515
2025-11-08T03:00Z,2025-11-08 04:00,0.000,113.703,1959.533
2025-11-08T04:00Z,2025-11-08 05:00,0.000,137.312,1895.826
2025-11-08T05:00Z,2025-11-08 06:00,0.000,155.347,1908.250
2025-11-08T06:00Z,2025-11-08 07:00,570.132,167.912,1884.563
2025-11-08T07:00Z,2025-11-08 08:00,3699.951,160.192,1620.706
2025-11-08T08:00Z,2025-11-08 09:00,7782.255,137.298,1165.800
2025-11-08T09:00Z,2025-11-08 10:00,11124.936,117.852,765.399
2025-11-08T10:00Z,2025-11-08 11:00,13216.183,99.668,546.427
2025-11-08T11:00Z,2025-11-08 12:00,13492.558,81.218,427.223
2025-11-08T12:00Z,2025-11-08 13:00,11796.505,67.537,381.872
2025-11-08T13:00Z,2025-11-08 14:00,8274.221,67.078,406.392
2025-11-08T14:00Z,2025-11-08 15:00,3807.290,75.065,488.386
2025-11-08T15:00Z,2025-11-08 16:00,597.139,89.287,631.367
2025-11-08T16:00Z,2025-11-08 17:00,6.064,105.375,797.191
2025-11-08T17:00Z,2025-11-08 18:00,0.000,119.578,938.335
2025-11-08T18:00Z,2025-11-08 19:00,0.000,126.745,1021.521
2025-11-08T19:00Z,2025-11-08 20:00,0.000,120.520,1039.921
2025-11-08T20:00Z,2025-11-08 21:00,0.000,104.830,1119.708
2025-11-08T21:00Z,2025-11-08 22:00,0.000,90.045,1262.284
2025-11-08T22:00Z,2025-11-08 23:00,0.000,79.105,1437.928
2025-11-08T23:00Z,2025-11-09 00:00,0.000,62.115,1538.647
2025-11-09T00:00Z,2025-11-09 01:00,0.000,62.260,1635.588
2025-11-09T01:00Z,2025-11-09 02:00,0.000,70.000,1742.863
2025-11-09T02:00Z,2025-11-09 03:00,0.000,83.190,1901.657
2025-11-09T03:00Z,2025-11-09 04:00,0.000,101.235,2093.168
2025-11-09T04:00Z,2025-11-09 05:00,0.000,121.222,2290.006
2025-11-09T05:00Z,2025-11-09 06:00,0.000,143.072,2496.708
2025-11-09T06:00Z,2025-11-09 07:00,242.469,181.898,2659.645
2025-11-09T07:00Z,2025-11-09 08:00,1756.780,231.968,2640.600
2025-11-09T08:00Z,2025-11-09 09:00,4072.162,287.655,2461.344
2025-11-09T09:00Z,2025-11-09 10:00,6109.686,360.158,2215.331
2025-11-09T10:00Z,2025-11-09 11:00,7387.744,435.100,2073.088
2025-11-09T11:00Z,2025-11-09 12:00,7518.273,488.642,2078.658
2025-11-09T12:00Z,2025-11-09 13:00,6625.954,564.207,2098.587
2025-11-09T13:00Z,2025-11-09 14:00,4852.255,645.423,2084.192
2025-11-09T14:00Z,2025-11-09 15:00,2346.422,670.253,2165.608
2025-11-09T15:00Z,2025-11-09 16:00,407.258,637.938,2497.917
2025-11-09T16:00Z,2025-11-09 17:00,0.000,571.097,3012.513
2025-11-09T17:00Z,2025-11-09 18:00,0.000,488.120,3431.684
2025-11-09T18:00Z,2025-11-09 19:00,0.000,420.110,3548.796
2025-11-09T19:00Z,2025-11-09 20:00,0.000,394.470,3421.248
2025-11-09T20:00Z,2025-11-09 21:00,0.000,427.885,3313.868
2025-11-09T21:00Z,2025-11-09 22:00,0.000,494.493,3217.409
2025-11-09T22:00Z,2025-11-09 23:00,0.000,574.067,3223.867
2025-11-09T23:00Z,2025-11-10 00:00,0.000,800.342,2733.102
2025-11-10T00:00Z,2025-11-10 01:00,0.000,890.257,2752.201
2025-11-10T01:00Z,2025-11-10 02:00,0.000,944.725,2813.381
2025-11-10T02:00Z,2025-11-10 03:00,0.000,977.112,2861.466
2025-11-10T03:00Z,2025-11-10 04:00,0.000,1006.658,2884.066
2025-11-10T04:00Z,2025-11-10 05:00,0.000,1084.412,2884.258
2025-11-10T05:00Z,2025-11-10 06:00,0.000,1212.215,2907.913
2025-11-10T06:00Z,2025-11-10 07:00,254.107,1403.580,3056.008
2025-11-10T07:00Z,2025-11-10 08:00,2434.090,1674.717,3079.663
2025-11-10T08:00Z,2025-11-10 09:00,5976.495,2022.177,2824.784
2025-11-10T09:00Z,2025-11-10 10:00,9172.099,2367.085,2435.790
2025-11-10T10:00Z,2025-11-10 11:00,11385.887,2638.858,2342.444
2025-11-10T11:00Z,2025-11-10 12:00,11999.976,2810.590,2447.285
2025-11-10T12:00Z,2025-11-10 13:00,10836.736,2917.403,2516.020
2025-11-10T13:00Z,2025-11-10 14:00,8036.586,2992.070,2624.657
2025-11-10T14:00Z,2025-11-10 15:00,3834.444,3099.315,2986.356
2025-11-10T15:00Z,2025-11-10 16:00,543.063,3289.577,3967.513
2025-11-10T16:00Z,2025-11-10 17:00,0.000,3610.890,5396.351
2025-11-10T17:00Z,2025-11-10 18:00,0.000,3971.160,6998.303
2025-11-10T18:00Z,2025-11-10 19:00,0.000,4255.188,8472.175
2025-11-10T19:00Z,2025-11-10 20:00,0.000,4458.735,9859.814
2025-11-10T20:00Z,2025-11-10 21:00,0.000,4535.830,11258.961
2025-11-10T21:00Z,2025-11-10 22:00,0.000,4543.972,12024.704
2025-11-10T22:00Z,2025-11-10 23:00,0.000,4629.195,12742.372
2025-11-10T23:00Z,2025-11-11 00:00,0.000,4201.132,15135.523
2025-11-11T00:00Z,2025-11-11 01:00,0.000,4356.745,15683.953
2025-11-11T01:00Z,2025-11-11 02:00,0.000,4441.208,16177.947
2025-11-11T02:00Z,2025-11-11 03:00,0.000,4635.093,16507.121
2025-11-11T03:00Z,2025-11-11 04:00,0.000,4765.395,16707.470
2025-11-11T04:00Z,2025-11-11 05:00,0.000,4716.908,16850.819
2025-11-11T05:00Z,2025-11-11 06:00,0.000,4696.710,17105.826
2025-11-11T06:00Z,2025-11-11 07:00,339.800,4742.855,16878.557
2025-11-11T07:00Z,2025-11-11 08:00,3092.310,4762.488,16501.625
2025-11-11T08:00Z,2025-11-11 09:00,7280.760,4647.762,15993.713
2025-11-11T09:00Z,2025-11-11 10:00,11420.609,4540.455,15768.852
2025-11-11T10:00Z,2025-11-11 11:00,14309.417,4352.023,15467.366
2025-11-11T11:00Z,2025-11-11 12:00,15178.614,4123.472,14429.079
2025-11-11T12:00Z,2025-11-11 13:00,14102.804,3911.255,12640.209
2025-11-11T13:00Z,2025-11-11 14:00,10758.714,3727.887,10106.911
2025-11-11T14:00Z,2025-11-11 15:00,5116.240,3636.552,8137.752
2025-11-11T15:00Z,2025-11-11 16:00,690.396,3783.293,7949.263
2025-11-11T16:00Z,2025-11-11 17:00,0.000,4227.882,8967.513
2025-11-11T17:00Z,2025-11-11 18:00,0.000,4756.068,10344.401
2025-11-11T18:00Z,2025-11-11 19:00,0.000,5193.870,11431.005
2025-11-11T19:00Z,2025-11-11 20:00,0.000,5366.385,12458.345
2025-11-11T20:00Z,2025-11-11 21:00,0.000,5387.435,13104.506
2025-11-11T21:00Z,2025-11-11 22:00,0.000,5378.405,13377.583
2025-11-11T22:00Z,2025-11-11 23:00,0.000,5443.920,13829.931
2025-11-11T23:00Z,2025-11-12 00:00,0.000,5557.390,14472.776
2025-11-12T00:00Z,2025-11-12 01:00,0.000,5517.702,15154.550
2025-11-12T01:00Z,2025-11-12 02:00,0.000,5482.780,16314.660
2025-11-12T02:00Z,2025-11-12 03:00,0.000,5540.432,17607.720
2025-11-12T03:00Z,2025-11-12 04:00,0.000,5630.505,18675.597
2025-11-12T04:00Z,2025-11-12 05:00,0.000,5700.250,20018.076
2025-11-12T05:00Z,2025-11-12 06:00,0.000,5726.685,21809.385
2025-11-12T06:00Z,2025-11-12 07:00,590.394,5827.480,22625.272
2025-11-12T07:00Z,2025-11-12 08:00,5751.818,5921.227,22882.843
2025-11-12T08:00Z,2025-11-12 09:00,13154.097,5993.730,22393.642
2025-11-12T09:00Z,2025-11-12 10:00,19702.503,6056.560,20762.997
2025-11-12T10:00Z,2025-11-12 11:00,24043.406,6130.337,18242.586
2025-11-12T11:00Z,2025-11-12 12:00,24888.399,6172.953,16257.845
2025-11-12T12:00Z,2025-11-12 13:00,21697.084,6178.262,15908.029
2025-11-12T13:00Z,2025-11-12 14:00,15138.736,6170.750,16990.579
2025-11-12T14:00Z,2025-11-12 15:00,6758.725,6200.047,19242.797
2025-11-12T15:00Z,2025-11-12 16:00,841.783,6156.065,22068.125
2025-11-12T16:00Z,2025-11-12 17:00,0.000,6104.498,24997.404
2025-11-12T17:00Z,2025-11-12 18:00,0.000,6088.613,26978.945
2025-11-12T18:00Z,2025-11-12 19:00,0.000,6118.243,28072.891
2025-11-12T19:00Z,2025-11-12 20:00,0.000,6163.495,28927.342
2025-11-12T20:00Z,2025-11-12 21:00,0.000,6190.783,29319.180
2025-11-12T21:00Z,2025-11-12 22:00,0.000,6151.943,29100.780
2025-11-12T22:00Z,2025-11-12 23:00,0.000,6126.280,29262.073
2025-11-12T23:00Z,2025-11-13 00:00,0.000,6146.215,29364.697
2025-11-13T00:00Z,2025-11-13 01:00,0.000,6132.045,29455.497
2025-11-13T01:00Z,2025-11-13 02:00,0.000,6091.695,29676.554
2025-11-13T02:00Z,2025-11-13 03:00,0.000,6091.930,29791.459
2025-11-13T03:00Z,2025-11-13 04:00,0.000,6147.852,29825.253
2025-11-13T04:00Z,2025-11-13 05:00,0.000,6243.032,30142.532
2025-11-13T05:00Z,2025-11-13 06:00,0.000,6242.712,31249.980
2025-11-13T06:00Z,2025-11-13 07:00,720.974,6282.477,31398.244
2025-11-13T07:00Z,2025-11-13 08:00,6915.639,6189.840,31556.495
2025-11-13T08:00Z,2025-11-13 09:00,15547.707,5939.517,30978.219
2025-11-13T09:00Z,2025-11-13 10:00,22308.392,5685.480,29708.340
2025-11-13T10:00Z,2025-11-13 11:00,25823.994,5565.220,28012.993
2025-11-13T11:00Z,2025-11-13 12:00,25529.727,5486.590,26193.550
2025-11-13T12:00Z,2025-11-13 13:00,21619.576,5424.240,25614.446
2025-11-13T13:00Z,2025-11-13 14:00,14781.356,5354.028,25351.096
2025-11-13T14:00Z,2025-11-13 15:00,6385.149,5218.380,24996.346
2025-11-13T15:00Z,2025-11-13 16:00,714.697,4831.600,24523.232
2025-11-13T16:00Z,2025-11-13 17:00,0.000,3982.950,23675.350
2025-11-13T17:00Z,2025-11-13 18:00,0.000,3094.438,22400.028
2025-11-13T18:00Z,2025-11-13 19:00,0.000,2460.335,20739.083
2025-11-13T19:00Z,2025-11-13 20:00,0.000,2029.685,19033.660
2025-11-13T20:00Z,2025-11-13 21:00,0.000,1795.490,16800.105
2025-11-13T21:00Z,2025-11-13 22:00,0.000,1676.007,14441.554
2025-11-13T22:00Z,2025-11-13 23:00,0.000,1546.100,12660.499
2025-11-13T23:00Z,2025-11-14 00:00,0.000,1510.537,11924.138
2025-11-14T00:00Z,2025-11-14 01:00,0.000,1301.425,10800.463
2025-11-14T01:00Z,2025-11-14 02:00,0.000,1172.763,9966.167
2025-11-14T02:00Z,2025-11-14 03:00,0.000,1179.195,9408.330
2025-11-14T03:00Z,2025-11-14 04:00,0.000,1232.530,9044.292
2025-11-14T04:00Z,2025-11-14 05:00,0.000,1351.153,9161.995
2025-11-14T05:00Z,2025-11-14 06:00,0.000,1554.382,9897.444
2025-11-14T06:00Z,2025-11-14 07:00,521.967,1790.493,10516.620
2025-11-14T07:00Z,2025-11-14 08:00,4551.971,2023.867,11168.249
2025-11-14T08:00Z,2025-11-14 09:00,10166.621,2202.045,11572.819
2025-11-14T09:00Z,2025-11-14 10:00,14666.166,2340.132,11473.127
2025-11-14T10:00Z,2025-11-14 11:00,17295.679,2573.590,10755.861
2025-11-14T11:00Z,2025-11-14 12:00,17475.464,2904.910,9647.919
2025-11-14T12:00Z,2025-11-14 13:00,15028.207,3274.505,9025.919
2025-11-14T13:00Z,2025-11-14 14:00,10169.471,3585.710,9009.477
2025-11-14T14:00Z,2025-11-14 15:00,4310.460,3826.355,9501.113
2025-11-14T15:00Z,2025-11-14 16:00,487.782,3977.635,10226.301
2025-11-14T16:00Z,2025-11-14 17:00,0.000,4069.472,10872.942
2025-11-14T17:00Z,2025-11-14 18:00,0.000,4155.257,11537.198
2025-11-14T18:00Z,2025-11-14 19:00,0.000,4300.075,12251.797
2025-11-14T19:00Z,2025-11-14 20:00,0.000,4482.285,13083.978
2025-11-14T20:00Z,2025-11-14 21:00,0.000,4722.415,13935.438
2025-11-14T21:00Z,2025-11-14 22:00,0.000,5043.435,14551.137
2025-11-14T22:00Z,2025-11-14 23:00,0.000,5328.812,15455.950
2025-11-14T23:00Z,2025-11-15 00:00,0.000,5826.480,17941.030
2025-11-15T00:00Z,2025-11-15 01:00,0.000,5806.858,18174.756
2025-11-15T01:00Z,2025-11-15 02:00,0.000,5717.472,18668.400
2025-11-15T02:00Z,2025-11-15 03:00,0.000,5622.762,19320.695
2025-11-15T03:00Z,2025-11-15 04:00,0.000,5568.935,19990.096
2025-11-15T04:00Z,2025-11-15 05:00,0.000,5595.015,20503.406
2025-11-15T05:00Z,2025-11-15 06:00,0.000,5700.785,21032.013
2025-11-15T06:00Z,2025-11-15 07:00,215.397,5725.302,20751.527
2025-11-15T07:00Z,2025-11-15 08:00,1827.129,5621.670,20494.756
2025-11-15T08:00Z,2025-11-15 09:00,4700.546,5470.863,20116.081
2025-11-15T09:00Z,2025-11-15 10:00,7609.411,5385.028,19525.677
2025-11-15T10:00Z,2025-11-15 11:00,9668.099,5242.163,18744.896
2025-11-15T11:00Z,2025-11-15 12:00,10208.764,5163.500,17726.162
2025-11-15T12:00Z,2025-11-15 13:00,8969.659,5179.163,16852.365
2025-11-15T13:00Z,2025-11-15 14:00,6111.714,5219.283,15829.275
2025-11-15T14:00Z,2025-11-15 15:00,2565.587,5238.445,15333.856
2025-11-15T15:00Z,2025-11-15 16:00,308.370,5195.105,15011.695
2025-11-15T16:00Z,2025-11-15 17:00,0.000,5158.247,15277.298
2025-11-15T17:00Z,2025-11-15 18:00,0.000,5108.495,15342.527
2025-11-15T18:00Z,2025-11-15 19:00,0.000,5024.865,14900.462
2025-11-15T19:00Z,2025-11-15 20:00,0.000,4968.583,14219.711
2025-11-15T20:00Z,2025-11-15 21:00,0.000,4655.167,13123.575
2025-11-15T21:00Z,2025-11-15 22:00,0.000,4311.300,11422.896
2025-11-15T22:00Z,2025-11-15 23:00,0.000,3849.500,9782.282
2025-11-15T23:00Z,2025-11-16 00:00,0.000,3834.673,10438.284
2025-11-16T00:00Z,2025-11-16 01:00,0.000,3508.450,9217.049
2025-11-16T01:00Z,2025-11-16 02:00,0.000,3396.847,8384.520
2025-11-16T02:00Z,2025-11-16 03:00,0.000,3470.968,8002.422
2025-11-16T03:00Z,2025-11-16 04:00,0.000,3600.693,8137.805
2025-11-16T04:00Z,2025-11-16 05:00,0.000,3679.170,8599.988
2025-11-16T05:00Z,2025-11-16 06:00,0.000,3599.600,8878.821
2025-11-16T06:00Z,2025-11-16 07:00,310.763,3283.227,8563.728
2025-11-16T07:00Z,2025-11-16 08:00,3023.000,2741.827,7944.160
2025-11-16T08:00Z,2025-11-16 09:00,7105.726,2118.602,6928.873
2025-11-16T09:00Z,2025-11-16 10:00,10489.911,1606.245,5799.125
2025-11-16T10:00Z,2025-11-16 11:00,12373.936,1308.930,4983.040
2025-11-16T11:00Z,2025-11-16 12:00,12140.623,1276.855,4650.037
2025-11-16T12:00Z,2025-11-16 13:00,9839.739,1469.010,4514.851
2025-11-16T13:00Z,2025-11-16 14:00,6362.148,1816.327,4475.715
2025-11-16T14:00Z,2025-11-16 15:00,2631.568,2220.510,4675.927
2025-11-16T15:00Z,2025-11-16 16:00,302.513,2566.403,5127.205
2025-11-16T16:00Z,2025-11-16 17:00,0.000,2976.562,5605.858
2025-11-16T17:00Z,2025-11-16 18:00,0.000,3471.028,6116.279
2025-11-16T18:00Z,2025-11-16 19:00,0.000,4062.765,6968.525
2025-11-16T19:00Z,2025-11-16 20:00,0.000,4604.667,8106.415
2025-11-16T20:00Z,2025-11-16 21:00,0.000,5097.965,9234.068
2025-11-16T21:00Z,2025-11-16 22:00,0.000,5496.528,10250.443
2025-11-16T22:00Z,2025-11-16 23:00,0.000,5793.070,11239.571
2025-11-16T23:00Z,2025-11-17 00:00,0.000,6145.225,12817.773
2025-11-17T00:00Z,2025-11-17 01:00,0.000,6158.927,13612.624
2025-11-17T01:00Z,2025-11-17 02:00,0.000,6129.620,14454.554
2025-11-17T02:00Z,2025-11-17 03:00,0.000,6084.132,15280.495
2025-11-17T03:00Z,2025-11-17 04:00,0.000,6001.927,15724.293
2025-11-17T04:00Z,2025-11-17 05:00,0.000,5868.260,15754.378
2025-11-17T05:00Z,2025-11-17 06:00,0.000,5700.403,15655.980
2025-11-17T06:00Z,2025-11-17 07:00,119.374,5231.600,15098.153
2025-11-17T07:00Z,2025-11-17 08:00,1737.343,5203.640,14861.736
2025-11-17T08:00Z,2025-11-17 09:00,5107.231,4966.593,15212.910
2025-11-17T09:00Z,2025-11-17 10:00,8395.601,4844.520,16369.916
2025-11-17T10:00Z,2025-11-17 11:00,10965.750,4846.145,17973.438
2025-11-17T11:00Z,2025-11-17 12:00,12107.966,4877.588,20080.108
2025-11-17T12:00Z,2025-11-17 13:00,11216.761,4926.005,21505.764
2025-11-17T13:00Z,2025-11-17 14:00,8228.146,5075.253,21119.374
2025-11-17T14:00Z,2025-11-17 15:00,3536.418,5309.208,19802.449
2025-11-17T15:00Z,2025-11-17 16:00,395.377,5577.908,18653.117
2025-11-17T16:00Z,2025-11-17 17:00,0.000,5669.262,18306.713
2025-11-17T17:00Z,2025-11-17 18:00,0.000,5631.507,18292.965
2025-11-17T18:00Z,2025-11-17 19:00,0.000,5539.325,18380.547
2025-11-17T19:00Z,2025-11-17 20:00,0.000,5406.212,18455.787
2025-11-17T20:00Z,2025-11-17 21:00,0.000,5338.375,18402.522
2025-11-17T21:00Z,2025-11-17 22:00,0.000,5317.297,18247.998
2025-11-17T22:00Z,2025-11-17 23:00,0.000,5318.898,18431.316
2025-11-17T23:00Z,2025-11-18 00:00,0.000,5365.165,17890.724
2025-11-18T00:00Z,2025-11-18 01:00,0.000,5322.595,18597.431
2025-11-18T01:00Z,2025-11-18 02:00,0.000,5274.993,18883.279
2025-11-18T02:00Z,2025-11-18 03:00,0.000,5170.010,19071.128
2025-11-18T03:00Z,2025-11-18 04:00,0.000,4953.392,19030.080
2025-11-18T04:00Z,2025-11-18 05:00,0.000,4742.010,18824.343
2025-11-18T05:00Z,2025-11-18 06:00,0.000,4409.212,18878.913
2025-11-18T06:00Z,2025-11-18 07:00,240.051,3959.135,18453.561
2025-11-18T07:00Z,2025-11-18 08:00,3240.161,3535.182,18031.817
2025-11-18T08:00Z,2025-11-18 09:00,8337.612,3086.070,17513.579
2025-11-18T09:00Z,2025-11-18 10:00,12440.792,2755.912,17330.634
2025-11-18T10:00Z,2025-11-18 11:00,14795.557,2487.387,17399.292
2025-11-18T11:00Z,2025-11-18 12:00,14994.524,2301.588,17591.025
2025-11-18T12:00Z,2025-11-18 13:00,13116.380,2093.675,17823.781
2025-11-18T13:00Z,2025-11-18 14:00,9249.338,1863.588,17275.539
2025-11-18T14:00Z,2025-11-18 15:00,3990.474,1657.122,16538.886
2025-11-18T15:00Z,2025-11-18 16:00,446.741,1483.755,16530.611
2025-11-18T16:00Z,2025-11-18 17:00,0.000,1309.512,17066.980
2025-11-18T17:00Z,2025-11-18 18:00,0.000,1213.443,18082.206
2025-11-18T18:00Z,2025-11-18 19:00,0.000,1097.128,18763.441
2025-11-18T19:00Z,2025-11-18 20:00,0.000,989.678,19027.250
2025-11-18T20:00Z,2025-11-18 21:00,0.000,884.310,18897.767
2025-11-18T21:00Z,2025-11-18 22:00,0.000,800.950,18335.640
2025-11-18T22:00Z,2025-11-18 23:00,0.000,786.130,18061.866
2025-11-18T23:00Z,2025-11-19 00:00,0.000,849.668,19076.000
2025-11-19T00:00Z,2025-11-19 01:00,0.000,1022.135,18637.467
2025-11-19T01:00Z,2025-11-19 02:00,0.000,1240.240,18236.474
2025-11-19T02:00Z,2025-11-19 03:00,0.000,1376.905,17839.552
2025-11-19T03:00Z,2025-11-19 04:00,0.000,1405.432,17457.277
2025-11-19T04:00Z,2025-11-19 05:00,0.000,1430.445,17349.971
2025-11-19T05:00Z,2025-11-19 06:00,0.000,1540.100,17758.979
2025-11-19T06:00Z,2025-11-19 07:00,332.125,1749.445,17832.303
2025-11-19T07:00Z,2025-11-19 08:00,3902.031,1965.120,17954.446
2025-11-19T08:00Z,2025-11-19 09:00,9104.021,2241.097,17400.089
2025-11-19T09:00Z,2025-11-19 10:00,12857.891,2617.503,16263.919
2025-11-19T10:00Z,2025-11-19 11:00,14171.578,2931.707,15587.917
2025-11-19T11:00Z,2025-11-19 12:00,12934.055,3265.908,15267.900
2025-11-19T12:00Z,2025-11-19 13:00,10001.128,3605.133,15128.050
2025-11-19T13:00Z,2025-11-19 14:00,6286.461,3954.613,15007.551
2025-11-19T14:00Z,2025-11-19 15:00,2420.229,4253.837,15200.812
2025-11-19T15:00Z,2025-11-19 16:00,236.996,4269.003,15692.436
2025-11-19T16:00Z,2025-11-19 17:00,0.000,4426.445,16153.987
2025-11-19T17:00Z,2025-11-19 18:00,0.000,4567.610,16429.819
2025-11-19T18:00Z,2025-11-19 19:00,0.000,4322.387,16188.283
2025-11-19T19:00Z,2025-11-19 20:00,0.000,4001.200,15807.637
2025-11-19T20:00Z,2025-11-19 21:00,0.000,3583.283,15326.830
2025-11-19T21:00Z,2025-11-19 22:00,0.000,3200.508,14727.959
2025-11-19T22:00Z,2025-11-19 23:00,0.000,2828.648,14282.895
2025-11-19T23:00Z,2025-11-20 00:00,0.000,3684.895,15942.681
2025-11-20T00:00Z,2025-11-20 01:00,0.000,3355.032,16063.000
2025-11-20T01:00Z,2025-11-20 02:00,0.000,3040.832,16138.556
2025-11-20T02:00Z,2025-11-20 03:00,0.000,2721.273,16321.353
2025-11-20T03:00Z,2025-11-20 04:00,0.000,2382.775,16312.749
2025-11-20T04:00Z,2025-11-20 05:00,0.000,2087.602,16116.689
2025-11-20T05:00Z,2025-11-20 06:00,0.000,1829.412,16032.904
2025-11-20T06:00Z,2025-11-20 07:00,94.900,1577.160,15476.996
2025-11-20T07:00Z,2025-11-20 08:00,1723.109,1389.467,14778.929
2025-11-20T08:00Z,2025-11-20 09:00,5376.291,1230.303,13973.713
2025-11-20T09:00Z,2025-11-20 10:00,8876.991,1115.640,13218.600
2025-11-20T10:00Z,2025-11-20 11:00,11263.398,1072.342,12667.701
2025-11-20T11:00Z,2025-11-20 12:00,12058.081,1053.658,12290.015
2025-11-20T12:00Z,2025-11-20 13:00,10867.054,1129.060,12036.636
2025-11-20T13:00Z,2025-11-20 14:00,7768.393,1327.255,11339.079
2025-11-20T14:00Z,2025-11-20 15:00,3288.632,1570.588,10583.152
2025-11-20T15:00Z,2025-11-20 16:00,325.370,1823.660,10342.023
2025-11-20T16:00Z,2025-11-20 17:00,0.000,2071.883,10365.848
2025-11-20T17:00Z,2025-11-20 18:00,0.000,2215.903,10187.917
2025-11-20T18:00Z,2025-11-20 19:00,0.000,2334.985,9646.196
2025-11-20T19:00Z,2025-11-20 20:00,0.000,2435.632,9028.843
2025-11-20T20:00Z,2025-11-20 21:00,0.000,2443.570,8385.714
2025-11-20T21:00Z,2025-11-20 22:00,0.000,2302.305,7706.986
2025-11-20T22:00Z,2025-11-20 23:00,0.000,2145.315,7173.854
2025-11-20T23:00Z,2025-11-21 00:00,0.000,1737.972,6072.621
2025-11-21T00:00Z,2025-11-21 01:00,0.000,1689.293,5736.500
2025-11-21T01:00Z,2025-11-21 02:00,0.000,1659.957,5431.458
2025-11-21T02:00Z,2025-11-21 03:00,0.000,1634.405,5208.127
2025-11-21T03:00Z,2025-11-21 04:00,0.000,1618.290,5040.105
2025-11-21T04:00Z,2025-11-21 05:00,0.000,1653.235,4939.696
2025-11-21T05:00Z,2025-11-21 06:00,0.000,1672.467,4971.325
2025-11-21T06:00Z,2025-11-21 07:00,152.711,1646.725,4967.611
2025-11-21T07:00Z,2025-11-21 08:00,3414.815,1543.638,4859.156
2025-11-21T08:00Z,2025-11-21 09:00,10026.748,1403.977,4404.692
2025-11-21T09:00Z,2025-11-21 10:00,15996.386,1226.855,3624.601
2025-11-21T10:00Z,2025-11-21 11:00,19705.337,1105.943,3143.411
2025-11-21T11:00Z,2025-11-21 12:00,20011.688,1077.590,3145.985
2025-11-21T12:00Z,2025-11-21 13:00,16937.479,1079.043,3284.141
2025-11-21T13:00Z,2025-11-21 14:00,11304.368,1097.503,3546.977
2025-11-21T14:00Z,2025-11-21 15:00,4502.092,1115.082,4153.312
2025-11-21T15:00Z,2025-11-21 16:00,392.659,1153.267,5345.945
2025-11-21T16:00Z,2025-11-21 17:00,0.000,1137.653,6709.478
2025-11-21T17:00Z,2025-11-21 18:00,0.000,1036.332,7558.720
2025-11-21T18:00Z,2025-11-21 19:00,0.000,943.955,7839.295
2025-11-21T19:00Z,2025-11-21 20:00,0.000,945.237,7887.567
2025-11-21T20:00Z,2025-11-21 21:00,0.000,1002.967,7890.409
2025-11-21T21:00Z,2025-11-21 22:00,0.000,1189.967,7994.139
2025-11-21T22:00Z,2025-11-21 23:00,0.000,1475.378,8408.218
2025-11-21T23:00Z,2025-11-22 00:00,0.000,2022.740,7237.586
2025-11-22T00:00Z,2025-11-22 01:00,0.000,2546.738,7507.778
2025-11-22T01:00Z,2025-11-22 02:00,0.000,3128.525,7757.551
2025-11-22T02:00Z,2025-11-22 03:00,0.000,3666.943,8148.019
2025-11-22T03:00Z,2025-11-22 04:00,0.000,4231.540,8543.933
2025-11-22T04:00Z,2025-11-22 05:00,0.000,4868.330,8821.039
2025-11-22T05:00Z,2025-11-22 06:00,0.000,5379.060,9182.547
2025-11-22T06:00Z,2025-11-22 07:00,160.248,5684.485,9429.725
2025-11-22T07:00Z,2025-11-22 08:00,3986.918,5645.898,9958.831
2025-11-22T08:00Z,2025-11-22 09:00,11898.453,5674.517,10508.995
2025-11-22T09:00Z,2025-11-22 10:00,18509.731,5721.890,10152.362
2025-11-22T10:00Z,2025-11-22 11:00,22333.342,5749.300,9169.811
2025-11-22T11:00Z,2025-11-22 12:00,22803.645,5806.610,8827.012
2025-11-22T12:00Z,2025-11-22 13:00,19483.387,5839.498,9217.202
2025-11-22T13:00Z,2025-11-22 14:00,13227.577,5841.690,10260.950
2025-11-22T14:00Z,2025-11-22 15:00,5401.256,5862.230,11770.254
2025-11-22T15:00Z,2025-11-22 16:00,427.210,5862.460,13726.186
2025-11-22T16:00Z,2025-11-22 17:00,0.000,5870.413,15896.437
2025-11-22T17:00Z,2025-11-22 18:00,0.000,5897.420,17557.122
2025-11-22T18:00Z,2025-11-22 19:00,0.000,5919.757,18726.920
2025-11-22T19:00Z,2025-11-22 20:00,0.000,5936.882,19678.076
2025-11-22T20:00Z,2025-11-22 21:00,0.000,5922.818,20445.487
2025-11-22T21:00Z,2025-11-22 22:00,0.000,5922.840,20368.595
2025-11-22T22:00Z,2025-11-22 23:00,0.000,5919.328,20458.408
2025-11-22T23:00Z,2025-11-23 00:00,0.000,5860.915,19199.872
2025-11-23T00:00Z,2025-11-23 01:00,0.000,5671.997,19029.859
2025-11-23T01:00Z,2025-11-23 02:00,0.000,5680.380,18939.122
2025-11-23T02:00Z,2025-11-23 03:00,0.000,5680.555,18972.662
2025-11-23T03:00Z,2025-11-23 04:00,0.000,5694.972,19230.741
2025-11-23T04:00Z,2025-11-23 05:00,0.000,5724.177,19801.448
2025-11-23T05:00Z,2025-11-23 06:00,0.000,5763.150,20909.676
2025-11-23T06:00Z,2025-11-23 07:00,252.069,5776.667,21349.223
2025-11-23T07:00Z,2025-11-23 08:00,4663.681,5764.980,21714.380
2025-11-23T08:00Z,2025-11-23 09:00,12373.448,5715.243,21476.734
2025-11-23T09:00Z,2025-11-23 10:00,18293.993,5646.260,19954.793
2025-11-23T10:00Z,2025-11-23 11:00,21334.149,5568.085,18401.669
2025-11-23T11:00Z,2025-11-23 12:00,20981.738,5506.525,18174.669
2025-11-23T12:00Z,2025-11-23 13:00,17204.753,5489.693,19162.389
2025-11-23T13:00Z,2025-11-23 14:00,10924.637,5515.405,21522.699
2025-11-23T14:00Z,2025-11-23 15:00,3953.482,5730.378,24988.266
2025-11-23T15:00Z,2025-11-23 16:00,238.304,5758.783,28696.015
2025-11-23T16:00Z,2025-11-23 17:00,0.000,5773.583,31479.960
2025-11-23T17:00Z,2025-11-23 18:00,0.000,5777.382,32550.584
2025-11-23T18:00Z,2025-11-23 19:00,0.000,6079.273,32439.164
2025-11-23T19:00Z,2025-11-23 20:00,0.000,6170.653,31790.016
2025-11-23T20:00Z,2025-11-23 21:00,0.000,6034.190,30397.732
2025-11-23T21:00Z,2025-11-23 22:00,0.000,5906.717,28153.225
2025-11-23T22:00Z,2025-11-23 23:00,0.000,5532.715,26460.261
2025-11-23T23:00Z,2025-11-24 00:00,0.000,5476.858,24772.988
2025-11-24T00:00Z,2025-11-24 01:00,0.000,5479.882,23315.251
2025-11-24T01:00Z,2025-11-24 02:00,0.000,5476.300,22319.193
2025-11-24T02:00Z,2025-11-24 03:00,0.000,5381.590,21680.133
2025-11-24T03:00Z,2025-11-24 04:00,0.000,5230.085,21266.014
2025-11-24T04:00Z,2025-11-24 05:00,0.000,5026.820,21025.691
2025-11-24T05:00Z,2025-11-24 06:00,0.000,4896.775,21116.585
2025-11-24T06:00Z,2025-11-24 07:00,40.562,4703.245,20479.723
2025-11-24T07:00Z,2025-11-24 08:00,775.962,4510.092,19747.768
2025-11-24T08:00Z,2025-11-24 09:00,2621.686,4248.318,18417.615
2025-11-24T09:00Z,2025-11-24 10:00,4449.585,3992.233,16277.645
2025-11-24T10:00Z,2025-11-24 11:00,5508.494,3666.500,14259.576
2025-11-24T11:00Z,2025-11-24 12:00,5597.289,3252.180,12749.518
2025-11-24T12:00Z,2025-11-24 13:00,4714.879,2701.870,11655.052
2025-11-24T13:00Z,2025-11-24 14:00,3001.268,2205.520,10898.005
2025-11-24T14:00Z,2025-11-24 15:00,1067.161,1851.600,10531.551
2025-11-24T15:00Z,2025-11-24 16:00,123.976,1628.245,10595.360
2025-11-24T16:00Z,2025-11-24 17:00,0.000,1498.608,10637.271
2025-11-24T17:00Z,2025-11-24 18:00,0.000,1368.162,10406.880
2025-11-24T18:00Z,2025-11-24 19:00,0.000,1238.835,9891.244
2025-11-24T19:00Z,2025-11-24 20:00,0.000,1079.405,9243.430
2025-11-24T20:00Z,2025-11-24 21:00,0.000,940.895,8320.908
2025-11-24T21:00Z,2025-11-24 22:00,0.000,841.885,7263.910
2025-11-24T22:00Z,2025-11-24 23:00,0.000,803.487,6372.109
2025-11-24T23:00Z,2025-11-25 00:00,0.000,1998.227,4708.374
2025-11-25T00:00Z,2025-11-25 01:00,0.000,2203.552,3971.328
2025-11-25T01:00Z,2025-11-25 02:00,0.000,2440.635,3360.319
2025-11-25T02:00Z,2025-11-25 03:00,0.000,2663.128,2772.355
2025-11-25T03:00Z,2025-11-25 04:00,0.000,2845.700,2194.964
2025-11-25T04:00Z,2025-11-25 05:00,0.000,2997.097,1786.820
2025-11-25T05:00Z,2025-11-25 06:00,0.000,3096.047,1600.936
2025-11-25T06:00Z,2025-11-25 07:00,33.482,3142.972,1479.903
2025-11-25T07:00Z,2025-11-25 08:00,681.173,3131.270,1416.824
2025-11-25T08:00Z,2025-11-25 09:00,2364.717,3052.600,1376.866
2025-11-25T09:00Z,2025-11-25 10:00,4072.270,2917.315,1280.205
2025-11-25T10:00Z,2025-11-25 11:00,5100.473,2716.355,1190.616
2025-11-25T11:00Z,2025-11-25 12:00,5114.220,2530.275,1187.139
2025-11-25T12:00Z,2025-11-25 13:00,4207.880,2333.480,1338.717
2025-11-25T13:00Z,2025-11-25 14:00,2648.336,2179.550,1656.677
2025-11-25T14:00Z,2025-11-25 15:00,970.624,2113.682,2231.438
2025-11-25T15:00Z,2025-11-25 16:00,121.810,2164.597,2988.955
2025-11-25T16:00Z,2025-11-25 17:00,0.000,2237.443,3682.877
2025-11-25T17:00Z,2025-11-25 18:00,0.000,2235.550,4244.923
2025-11-25T18:00Z,2025-11-25 19:00,0.000,2114.675,4615.659
2025-11-25T19:00Z,2025-11-25 20:00,0.000,1938.023,4728.125
2025-11-25T20:00Z,2025-11-25 21:00,0.000,1778.140,4622.125
2025-11-25T21:00Z,2025-11-25 22:00,0.000,1630.330,4454.443
2025-11-25T22:00Z,2025-11-25 23:00,0.000,1467.503,4404.539
2025-11-25T23:00Z,2025-11-26 00:00,0.000,818.600,4517.638
2025-11-26T00:00Z,2025-11-26 01:00,0.000,686.788,4638.289
2025-11-26T01:00Z,2025-11-26 02:00,0.000,605.480,4648.990
2025-11-26T02:00Z,2025-11-26 03:00,0.000,572.072,4730.783
2025-11-26T03:00Z,2025-11-26 04:00,0.000,575.168,4862.617
2025-11-26T04:00Z,2025-11-26 05:00,0.000,588.377,4965.429
2025-11-26T05:00Z,2025-11-26 06:00,0.000,570.327,5121.626
2025-11-26T06:00Z,2025-11-26 07:00,43.875,508.398,5117.508
2025-11-26T07:00Z,2025-11-26 08:00,863.711,434.692,4881.174
2025-11-26T08:00Z,2025-11-26 09:00,3118.058,366.688,4452.361
2025-11-26T09:00Z,2025-11-26 10:00,5369.337,304.885,3990.907
2025-11-26T10:00Z,2025-11-26 11:00,6693.559,266.815,3711.494
2025-11-26T11:00Z,2025-11-26 12:00,6779.414,247.213,3593.233
2025-11-26T12:00Z,2025-11-26 13:00,5615.575,251.803,3699.784
2025-11-26T13:00Z,2025-11-26 14:00,3538.819,273.100,3976.426
2025-11-26T14:00Z,2025-11-26 15:00,1223.878,302.020,4445.521
2025-11-26T15:00Z,2025-11-26 16:00,101.864,338.930,5124.354
2025-11-26T16:00Z,2025-11-26 17:00,0.000,379.683,5697.723
2025-11-26T17:00Z,2025-11-26 18:00,0.000,460.188,5929.395
2025-11-26T18:00Z,2025-11-26 19:00,0.000,639.020,5945.569
2025-11-26T19:00Z,2025-11-26 20:00,0.000,929.997,5944.460
2025-11-26T20:00Z,2025-11-26 21:00,0.000,1360.075,5893.734
2025-11-26T21:00Z,2025-11-26 22:00,0.000,1875.602,5903.133
2025-11-26T22:00Z,2025-11-26 23:00,0.000,2514.485,6179.730
2025-11-26T23:00Z,2025-11-27 00:00,0.000,4208.280,7591.321
2025-11-27T00:00Z,2025-11-27 01:00,0.000,4919.035,8262.812
2025-11-27T01:00Z,2025-11-27 02:00,0.000,5202.530,9165.328
2025-11-27T02:00Z,2025-11-27 03:00,0.000,5343.675,10340.252
2025-11-27T03:00Z,2025-11-27 04:00,0.000,5401.342,11634.292
2025-11-27T04:00Z,2025-11-27 05:00,0.000,5357.532,12856.461
2025-11-27T05:00Z,2025-11-27 06:00,0.000,5249.083,14273.318
2025-11-27T06:00Z,2025-11-27 07:00,40.064,5246.002,15362.285
2025-11-27T07:00Z,2025-11-27 08:00,1658.165,5249.318,16666.670
2025-11-27T08:00Z,2025-11-27 09:00,5497.061,5177.460,17771.388
2025-11-27T09:00Z,2025-11-27 10:00,9045.858,5156.608,18377.691
2025-11-27T10:00Z,2025-11-27 11:00,11084.571,5149.467,19003.625
2025-11-27T11:00Z,2025-11-27 12:00,10917.064,5195.847,20055.087
2025-11-27T12:00Z,2025-11-27 13:00,8806.308,5304.983,21315.606
2025-11-27T13:00Z,2025-11-27 14:00,5512.058,5473.035,22466.552
2025-11-27T14:00Z,2025-11-27 15:00,1928.080,5617.235,23759.621
2025-11-27T15:00Z,2025-11-27 16:00,146.162,5736.685,25402.139
2025-11-27T16:00Z,2025-11-27 17:00,0.000,5820.438,26737.720
2025-11-27T17:00Z,2025-11-27 18:00,0.000,5892.640,27433.638
2025-11-27T18:00Z,2025-11-27 19:00,0.000,5887.767,27759.408
2025-11-27T19:00Z,2025-11-27 20:00,0.000,5854.382,27962.336
2025-11-27T20:00Z,2025-11-27 21:00,0.000,5816.510,27843.668
2025-11-27T21:00Z,2025-11-27 22:00,0.000,5855.615,27097.862
2025-11-27T22:00Z,2025-11-27 23:00,0.000,5806.352,26776.314
2025-11-27T23:00Z,2025-11-28 00:00,0.000,5714.220,27434.091
2025-11-28T00:00Z,2025-11-28 01:00,0.000,5712.267,26961.436
2025-11-28T01:00Z,2025-11-28 02:00,0.000,5742.605,26535.387
2025-11-28T02:00Z,2025-11-28 03:00,0.000,5758.198,26230.585
2025-11-28T03:00Z,2025-11-28 04:00,0.000,5766.972,25993.435
2025-11-28T04:00Z,2025-11-28 05:00,0.000,5781.780,25686.829
2025-11-28T05:00Z,2025-11-28 06:00,0.000,5829.087,25689.915
2025-11-28T06:00Z,2025-11-28 07:00,51.180,5891.767,24749.001
2025-11-28T07:00Z,2025-11-28 08:00,1289.040,5818.827,23723.263
2025-11-28T08:00Z,2025-11-28 09:00,3962.905,5555.698,22477.801
2025-11-28T09:00Z,2025-11-28 10:00,6482.705,5538.550,20894.368
2025-11-28T10:00Z,2025-11-28 11:00,8126.475,5649.403,19341.626
2025-11-28T11:00Z,2025-11-28 12:00,8437.603,5697.085,18162.534
2025-11-28T12:00Z,2025-11-28 13:00,7112.379,5789.312,17624.733
2025-11-28T13:00Z,2025-11-28 14:00,4495.850,5797.125,17409.551
2025-11-28T14:00Z,2025-11-28 15:00,1603.027,5921.275,17732.699
2025-11-28T15:00Z,2025-11-28 16:00,141.063,5940.435,18850.033
2025-11-28T16:00Z,2025-11-28 17:00,0.000,5933.123,20290.794
2025-11-28T17:00Z,2025-11-28 18:00,0.000,5925.368,21541.754
2025-11-28T18:00Z,2025-11-28 19:00,0.000,5886.200,22577.912
2025-11-28T19:00Z,2025-11-28 20:00,0.000,5712.870,23676.430
2025-11-28T20:00Z,2025-11-28 21:00,0.000,5563.113,24514.300
2025-11-28T21:00Z,2025-11-28 22:00,0.000,5534.535,24712.507
2025-11-28T22:00Z,2025-11-28 23:00,0.000,5521.170,24945.469
2025-11-28T23:00Z,2025-11-29 00:00,0.000,5343.165,22538.640
2025-11-29T00:00Z,2025-11-29 01:00,0.000,5638.403,21255.078
2025-11-29T01:00Z,2025-11-29 02:00,0.000,5658.310,19347.066
2025-11-29T02:00Z,2025-11-29 03:00,0.000,5545.905,17395.596
2025-11-29T03:00Z,2025-11-29 04:00,0.000,5364.833,15753.335
2025-11-29T04:00Z,2025-11-29 05:00,0.000,5166.497,14429.890
2025-11-29T05:00Z,2025-11-29 06:00,0.000,5042.227,13651.718
2025-11-29T06:00Z,2025-11-29 07:00,27.897,5021.680,12729.671
2025-11-29T07:00Z,2025-11-29 08:00,704.405,5107.137,12230.120
2025-11-29T08:00Z,2025-11-29 09:00,2785.580,5142.238,11936.223
2025-11-29T09:00Z,2025-11-29 10:00,5175.327,5334.575,11562.495
2025-11-29T10:00Z,2025-11-29 11:00,7000.186,5309.470,11288.415
2025-11-29T11:00Z,2025-11-29 12:00,7549.886,5286.190,11274.133
2025-11-29T12:00Z,2025-11-29 13:00,6588.798,5411.802,11578.256
2025-11-29T13:00Z,2025-11-29 14:00,4259.341,5322.085,12043.747
2025-11-29T14:00Z,2025-11-29 15:00,1535.203,5344.312,13138.774
2025-11-29T15:00Z,2025-11-29 16:00,167.851,5329.450,15214.034
2025-11-29T16:00Z,2025-11-29 17:00,0.000,5281.540,17529.386
2025-11-29T17:00Z,2025-11-29 18:00,0.000,5115.517,19252.980
2025-11-29T18:00Z,2025-11-29 19:00,0.000,5435.605,20449.396
2025-11-29T19:00Z,2025-11-29 20:00,0.000,5403.500,21419.997
2025-11-29T20:00Z,2025-11-29 21:00,0.000,5334.962,21945.758
2025-11-29T21:00Z,2025-11-29 22:00,0.000,5263.395,21830.564
2025-11-29T22:00Z,2025-11-29 23:00,0.000,5286.740,22220.792
2025-11-29T23:00Z,2025-11-30 00:00,0.000,5578.222,22543.002
2025-11-30T00:00Z,2025-11-30 01:00,0.000,5583.148,22720.138
2025-11-30T01:00Z,2025-11-30 02:00,0.000,5632.597,22666.604
2025-11-30T02:00Z,2025-11-30 03:00,0.000,5715.253,22288.148
2025-11-30T03:00Z,2025-11-30 04:00,0.000,5747.413,21595.126
2025-11-30T04:00Z,2025-11-30 05:00,0.000,5768.382,20661.503
2025-11-30T05:00Z,2025-11-30 06:00,0.000,5758.870,20125.990
2025-11-30T06:00Z,2025-11-30 07:00,42.065,5733.773,19344.487
2025-11-30T07:00Z,2025-11-30 08:00,1445.464,5702.585,19194.076
2025-11-30T08:00Z,2025-11-30 09:00,4897.837,5600.465,18872.450
2025-11-30T09:00Z,2025-11-30 10:00,7969.258,5365.997,17984.202
2025-11-30T10:00Z,2025-11-30 11:00,9390.910,5168.125,17182.762
2025-11-30T11:00Z,2025-11-30 12:00,8902.942,4936.380,16816.591
2025-11-30T12:00Z,2025-11-30 13:00,6956.569,4754.360,16894.361
2025-11-30T13:00Z,2025-11-30 14:00,4141.623,4681.637,16926.267
2025-11-30T14:00Z,2025-11-30 15:00,1333.458,4720.408,17062.465
2025-11-30T15:00Z,2025-11-30 16:00,93.185,4802.852,17621.158
2025-11-30T16:00Z,2025-11-30 17:00,0.000,4943.970,18225.820
2025-11-30T17:00Z,2025-11-30 18:00,0.000,5041.382,18662.983
2025-11-30T18:00Z,2025-11-30 19:00,0.000,5109.512,18882.422
2025-11-30T19:00Z,2025-11-30 20:00,0.000,5156.068,18794.274
2025-11-30T20:00Z,2025-11-30 21:00,0.000,5098.465,18262.614
2025-11-30T21:00Z,2025-11-30 22:00,0.000,5048.710,17099.079
2025-11-30T22:00Z,2025-11-30 23:00,0.000,4931.570,16067.805
2025-11-30T23:00Z,2025-12-01 00:00,0.000,4916.977,15819.056
2025-12-01T00:00Z,2025-12-01 01:00,0.000,5064.168,14631.103
2025-12-01T01:00Z,2025-12-01 02:00,0.000,5415.680,13916.957
2025-12-01T02:00Z,2025-12-01 03:00,0.000,5754.843,13570.088
2025-12-01T03:00Z,2025-12-01 04:00,0.000,5963.097,13276.838
2025-12-01T04:00Z,2025-12-01 05:00,0.000,6060.388,13338.317
2025-12-01T05:00Z,2025-12-01 06:00,0.000,6123.345,14034.254
2025-12-01T06:00Z,2025-12-01 07:00,24.847,6092.505,14447.247
2025-12-01T07:00Z,2025-12-01 08:00,1728.837,6015.962,15237.050
2025-12-01T08:00Z,2025-12-01 09:00,6794.790,5769.957,15869.892
2025-12-01T09:00Z,2025-12-01 10:00,11776.986,5606.288,15573.627
2025-12-01T10:00Z,2025-12-01 11:00,14688.823,5495.385,14996.226
2025-12-01T11:00Z,2025-12-01 12:00,14752.469,5392.253,15025.216
2025-12-01T12:00Z,2025-12-01 13:00,12264.047,5259.875,15777.828
2025-12-01T13:00Z,2025-12-01 14:00,7829.574,5205.060,17364.386
2025-12-01T14:00Z,2025-12-01 15:00,2757.675,5154.595,19646.906
2025-12-01T15:00Z,2025-12-01 16:00,180.932,5235.392,22073.254
2025-12-01T16:00Z,2025-12-01 17:00,0.000,5255.828,24701.966
2025-12-01T17:00Z,2025-12-01 18:00,0.000,5280.950,26562.039
2025-12-01T18:00Z,2025-12-01 19:00,0.000,5396.788,27681.497
2025-12-01T19:00Z,2025-12-01 20:00,0.000,5472.477,28482.297
2025-12-01T20:00Z,2025-12-01 21:00,0.000,5514.580,28611.947
2025-12-01T21:00Z,2025-12-01 22:00,0.000,5856.225,27873.986
2025-12-01T22:00Z,2025-12-01 23:00,0.000,5745.148,27511.275
2025-12-01T23:00Z,2025-12-02 00:00,0.000,5743.310,28807.161
2025-12-02T00:00Z,2025-12-02 01:00,0.000,5684.998,28338.973
2025-12-02T01:00Z,2025-12-02 02:00,0.000,5712.493,27994.172
2025-12-02T02:00Z,2025-12-02 03:00,0.000,5742.182,27731.316
2025-12-02T03:00Z,2025-12-02 04:00,0.000,5766.195,27652.117
2025-12-02T04:00Z,2025-12-02 05:00,0.000,5791.845,27620.959
2025-12-02T05:00Z,2025-12-02 06:00,0.000,5837.715,27730.622
2025-12-02T06:00Z,2025-12-02 07:00,27.475,5902.382,26548.816
2025-12-02T07:00Z,2025-12-02 08:00,1425.423,5988.278,25288.548
2025-12-02T08:00Z,2025-12-02 09:00,5251.124,6088.488,23320.688
2025-12-02T09:00Z,2025-12-02 10:00,9183.245,6213.868,20244.295
2025-12-02T10:00Z,2025-12-02 11:00,11963.055,6094.233,16816.144
2025-12-02T11:00Z,2025-12-02 12:00,12488.060,5849.085,14154.187
2025-12-02T12:00Z,2025-12-02 13:00,10551.394,5478.255,12547.050
2025-12-02T13:00Z,2025-12-02 14:00,6670.321,4996.497,11398.763
2025-12-02T14:00Z,2025-12-02 15:00,2254.628,4502.833,10857.310
2025-12-02T15:00Z,2025-12-02 16:00,150.764,3968.540,10867.559
2025-12-02T16:00Z,2025-12-02 17:00,0.000,3503.903,10842.783
2025-12-02T17:00Z,2025-12-02 18:00,0.000,3131.025,10577.262
2025-12-02T18:00Z,2025-12-02 19:00,0.000,2819.315,10066.812
2025-12-02T19:00Z,2025-12-02 20:00,0.000,2519.795,9330.556
2025-12-02T20:00Z,2025-12-02 21:00,0.000,2216.843,8341.837
2025-12-02T21:00Z,2025-12-02 22:00,0.000,1941.620,7455.216
2025-12-02T22:00Z,2025-12-02 23:00,0.000,1739.702,6953.786
2025-12-02T23:00Z,2025-12-03 00:00,0.000,1547.350,6442.156
2025-12-03T00:00Z,2025-12-03 01:00,0.000,1431.658,5813.263
2025-12-03T01:00Z,2025-12-03 02:00,0.000,1349.930,5343.897
2025-12-03T02:00Z,2025-12-03 03:00,0.000,1273.882,4889.433
2025-12-03T03:00Z,2025-12-03 04:00,0.000,1233.125,4423.447
2025-12-03T04:00Z,2025-12-03 05:00,0.000,1214.160,4179.502
2025-12-03T05:00Z,2025-12-03 06:00,0.000,1187.425,4137.368
2025-12-03T06:00Z,2025-12-03 07:00,15.018,1165.338,4092.349
2025-12-03T07:00Z,2025-12-03 08:00,905.511,1180.245,4030.560
2025-12-03T08:00Z,2025-12-03 09:00,3683.256,1204.245,3738.081
2025-12-03T09:00Z,2025-12-03 10:00,6577.515,1213.938,3125.452
2025-12-03T10:00Z,2025-12-03 11:00,8549.115,1183.328,2347.321
2025-12-03T11:00Z,2025-12-03 12:00,8987.808,1098.420,1643.958
2025-12-03T12:00Z,2025-12-03 13:00,7689.064,1005.832,1292.932
2025-12-03T13:00Z,2025-12-03 14:00,4984.515,947.840,1251.338
2025-12-03T14:00Z,2025-12-03 15:00,1796.667,913.560,1558.482
2025-12-03T15:00Z,2025-12-03 16:00,114.156,933.150,2271.192
2025-12-03T16:00Z,2025-12-03 17:00,0.000,1029.628,3149.591
2025-12-03T17:00Z,2025-12-03 18:00,0.000,1192.760,3890.594
2025-12-03T18:00Z,2025-12-03 19:00,0.000,1376.043,4360.958
2025-12-03T19:00Z,2025-12-03 20:00,0.000,1532.222,4638.146
2025-12-03T20:00Z,2025-12-03 21:00,0.000,1644.545,4738.304
2025-12-03T21:00Z,2025-12-03 22:00,0.000,1670.477,4642.043
2025-12-03T22:00Z,2025-12-03 23:00,0.000,1643.293,4567.663
2025-12-03T23:00Z,2025-12-04 00:00,0.000,1302.420,4312.579
2025-12-04T00:00Z,2025-12-04 01:00,0.000,1302.618,4290.671
2025-12-04T01:00Z,2025-12-04 02:00,0.000,1304.030,4333.521
2025-12-04T02:00Z,2025-12-04 03:00,0.000,1285.842,4413.882
2025-12-04T03:00Z,2025-12-04 04:00,0.000,1271.737,4556.668
2025-12-04T04:00Z,2025-12-04 05:00,0.000,1300.088,4820.642
2025-12-04T05:00Z,2025-12-04 06:00,0.000,1386.908,5212.501
2025-12-04T06:00Z,2025-12-04 07:00,6.384,1516.730,5640.873
2025-12-04T07:00Z,2025-12-04 08:00,742.722,1683.972,6171.793
2025-12-04T08:00Z,2025-12-04 09:00,3160.367,1846.543,6435.929
2025-12-04T09:00Z,2025-12-04 10:00,5784.350,1956.675,5969.342
2025-12-04T10:00Z,2025-12-04 11:00,7613.710,1999.648,5103.624
2025-12-04T11:00Z,2025-12-04 12:00,8014.360,1991.668,4494.754
2025-12-04T12:00Z,2025-12-04 13:00,6801.033,1973.033,4320.420
2025-12-04T13:00Z,2025-12-04 14:00,4391.727,2000.253,4764.399
2025-12-04T14:00Z,2025-12-04 15:00,1501.321,2141.557,5993.896
2025-12-04T15:00Z,2025-12-04 16:00,113.929,2384.525,7986.668
2025-12-04T16:00Z,2025-12-04 17:00,0.000,2704.312,9813.512
2025-12-04T17:00Z,2025-12-04 18:00,0.000,3049.635,10562.668
2025-12-04T18:00Z,2025-12-04 19:00,0.000,3230.358,10414.854
2025-12-04T19:00Z,2025-12-04 20:00,0.000,3142.505,9692.548
2025-12-04T20:00Z,2025-12-04 21:00,0.000,2868.798,8582.735
2025-12-04T21:00Z,2025-12-04 22:00,0.000,2511.438,7159.078
2025-12-04T22:00Z,2025-12-04 23:00,0.000,2192.210,6106.449
2025-12-04T23:00Z,2025-12-05 00:00,0.000,2197.430,4799.615
2025-12-05T00:00Z,2025-12-05 01:00,0.000,1970.425,4074.372
2025-12-05T01:00Z,2025-12-05 02:00,0.000,1865.585,3499.272
2025-12-05T02:00Z,2025-12-05 03:00,0.000,1749.755,2988.251
2025-12-05T03:00Z,2025-12-05 04:00,0.000,1530.245,2580.423
2025-12-05T04:00Z,2025-12-05 05:00,0.000,1354.442,2284.439
2025-12-05T05:00Z,2025-12-05 06:00,0.000,1262.105,2100.037
2025-12-05T06:00Z,2025-12-05 07:00,5.181,1181.618,1941.745
2025-12-05T07:00Z,2025-12-05 08:00,395.005,1086.445,1822.845
2025-12-05T08:00Z,2025-12-05 09:00,1819.209,1006.480,1666.430
2025-12-05T09:00Z,2025-12-05 10:00,3599.111,942.868,1411.105
2025-12-05T10:00Z,2025-12-05 11:00,4843.528,863.850,1108.041
2025-12-05T11:00Z,2025-12-05 12:00,5078.023,768.947,915.645
2025-12-05T12:00Z,2025-12-05 13:00,4345.271,701.020,889.613
2025-12-05T13:00Z,2025-12-05 14:00,2823.626,671.957,931.092
2025-12-05T14:00Z,2025-12-05 15:00,1011.086,734.497,1082.476
2025-12-05T15:00Z,2025-12-05 16:00,103.214,897.067,1483.826
2025-12-05T16:00Z,2025-12-05 17:00,0.000,1110.345,2158.046
2025-12-05T17:00Z,2025-12-05 18:00,0.000,1369.695,3110.335
2025-12-05T18:00Z,2025-12-05 19:00,0.000,1672.940,4289.158
2025-12-05T19:00Z,2025-12-05 20:00,0.000,2034.050,5703.565
2025-12-05T20:00Z,2025-12-05 21:00,0.000,2450.175,7081.421
2025-12-05T21:00Z,2025-12-05 22:00,0.000,2885.655,8396.050
2025-12-05T22:00Z,2025-12-05 23:00,0.000,3330.738,9993.238
2025-12-05T23:00Z,2025-12-06 00:00,0.000,4465.015,13299.293
2025-12-06T00:00Z,2025-12-06 01:00,0.000,4915.475,15079.651
2025-12-06T01:00Z,2025-12-06 02:00,0.000,5083.605,17061.057
2025-12-06T02:00Z,2025-12-06 03:00,0.000,5246.310,18939.192
2025-12-06T03:00Z,2025-12-06 04:00,0.000,5311.420,20499.173
2025-12-06T04:00Z,2025-12-06 05:00,0.000,5279.773,22066.915
2025-12-06T05:00Z,2025-12-06 06:00,0.000,5194.310,24209.647
2025-12-06T06:00Z,2025-12-06 07:00,6.240,5142.427,25356.509
2025-12-06T07:00Z,2025-12-06 08:00,644.938,5195.540,26091.620
2025-12-06T08:00Z,2025-12-06 09:00,2821.161,5292.378,26075.136
2025-12-06T09:00Z,2025-12-06 10:00,5164.261,5372.600,25079.613
2025-12-06T10:00Z,2025-12-06 11:00,6741.156,5417.480,23452.785
2025-12-06T11:00Z,2025-12-06 12:00,6915.468,5438.555,21747.674
2025-12-06T12:00Z,2025-12-06 13:00,5590.362,5401.285,20986.253
2025-12-06T13:00Z,2025-12-06 14:00,3454.231,5418.290,21045.743
2025-12-06T14:00Z,2025-12-06 15:00,1132.351,5460.575,21688.164
2025-12-06T15:00Z,2025-12-06 16:00,77.613,5588.330,22766.109
2025-12-06T16:00Z,2025-12-06 17:00,0.000,5750.110,23959.024
2025-12-06T17:00Z,2025-12-06 18:00,0.000,5856.180,24897.039
2025-12-06T18:00Z,2025-12-06 19:00,0.000,5834.990,25585.058
2025-12-06T19:00Z,2025-12-06 20:00,0.000,5652.372,26456.695
2025-12-06T20:00Z,2025-12-06 21:00,0.000,5386.453,26784.010
2025-12-06T21:00Z,2025-12-06 22:00,0.000,4963.080,26325.988
2025-12-06T22:00Z,2025-12-06 23:00,0.000,4526.962,26380.652
2025-12-06T23:00Z,2025-12-07 00:00,0.000,4456.385,26028.416
2025-12-07T00:00Z,2025-12-07 01:00,0.000,4222.825,25902.844
2025-12-07T01:00Z,2025-12-07 02:00,0.000,4021.227,25676.113
2025-12-07T02:00Z,2025-12-07 03:00,0.000,3886.287,25147.175
2025-12-07T03:00Z,2025-12-07 04:00,0.000,3853.825,24260.371
2025-12-07T04:00Z,2025-12-07 05:00,0.000,3914.198,23284.531
2025-12-07T05:00Z,2025-12-07 06:00,0.000,3945.003,22659.712
2025-12-07T06:00Z,2025-12-07 07:00,6.141,3874.148,21279.515
2025-12-07T07:00Z,2025-12-07 08:00,524.765,3881.517,20217.607
2025-12-07T08:00Z,2025-12-07 09:00,2358.313,3995.048,19081.604
2025-12-07T09:00Z,2025-12-07 10:00,4362.124,4113.265,17671.120
2025-12-07T10:00Z,2025-12-07 11:00,5778.910,4154.913,15981.305
2025-12-07T11:00Z,2025-12-07 12:00,5994.293,4075.887,14441.822
2025-12-07T12:00Z,2025-12-07 13:00,4910.021,3815.470,13325.739
2025-12-07T13:00Z,2025-12-07 14:00,3005.717,3471.940,12419.276
2025-12-07T14:00Z,2025-12-07 15:00,933.927,3118.275,12383.658
2025-12-07T15:00Z,2025-12-07 16:00,81.803,2833.620,13292.741
2025-12-07T16:00Z,2025-12-07 17:00,0.000,2994.295,14797.215
2025-12-07T17:00Z,2025-12-07 18:00,0.000,3598.293,16680.901
2025-12-07T18:00Z,2025-12-07 19:00,0.000,4346.327,18933.415
2025-12-07T19:00Z,2025-12-07 20:00,0.000,5018.057,22132.394
2025-12-07T20:00Z,2025-12-07 21:00,0.000,5473.680,25436.175
2025-12-07T21:00Z,2025-12-07 22:00,0.000,5576.332,28034.260
2025-12-07T22:00Z,2025-12-07 23:00,0.000,5557.285,31031.788
2025-12-07T23:00Z,2025-12-08 00:00,0.000,5463.235,35120.969
2025-12-08T00:00Z,2025-12-08 01:00,0.000,5245.247,36106.084
2025-12-08T01:00Z,2025-12-08 02:00,0.000,5244.108,36889.221
2025-12-08T02:00Z,2025-12-08 03:00,0.000,5308.500,37217.072
2025-12-08T03:00Z,2025-12-08 04:00,0.000,5375.688,36647.608
2025-12-08T04:00Z,2025-12-08 05:00,0.000,5414.325,35386.241
2025-12-08T05:00Z,2025-12-08 06:00,0.000,5483.778,34140.499
2025-12-08T06:00Z,2025-12-08 07:00,7.506,5547.872,31903.371
2025-12-08T07:00Z,2025-12-08 08:00,782.206,5656.542,30462.433
2025-12-08T08:00Z,2025-12-08 09:00,4008.226,5633.432,29433.414
2025-12-08T09:00Z,2025-12-08 10:00,7562.557,5646.460,28369.834
2025-12-08T10:00Z,2025-12-08 11:00,9259.481,5640.770,27601.491
2025-12-08T11:00Z,2025-12-08 12:00,8684.246,5636.500,27113.448
2025-12-08T12:00Z,2025-12-08 13:00,6759.237,5646.875,26848.239
2025-12-08T13:00Z,2025-12-08 14:00,4034.369,5689.708,26435.661
2025-12-08T14:00Z,2025-12-08 15:00,1184.668,5732.250,26345.640
2025-12-08T15:00Z,2025-12-08 16:00,77.394,5833.218,26978.318
2025-12-08T16:00Z,2025-12-08 17:00,0.000,5834.917,27495.159
2025-12-08T17:00Z,2025-12-08 18:00,0.000,5802.667,27587.988
2025-12-08T18:00Z,2025-12-08 19:00,0.000,5805.977,27362.287
2025-12-08T19:00Z,2025-12-08 20:00,0.000,5822.750,27370.828
2025-12-08T20:00Z,2025-12-08 21:00,0.000,5737.080,26992.333
2025-12-08T21:00Z,2025-12-08 22:00,0.000,5724.592,25713.634
2025-12-08T22:00Z,2025-12-08 23:00,0.000,5583.102,24826.202
2025-12-08T23:00Z,2025-12-09 00:00,0.000,5331.568,23855.943
2025-12-09T00:00Z,2025-12-09 01:00,0.000,5031.458,22639.114
2025-12-09T01:00Z,2025-12-09 02:00,0.000,4654.530,21207.974
2025-12-09T02:00Z,2025-12-09 03:00,0.000,4345.262,19660.447
2025-12-09T03:00Z,2025-12-09 04:00,0.000,4151.078,18373.888
2025-12-09T04:00Z,2025-12-09 05:00,0.000,3948.367,17381.195
2025-12-09T05:00Z,2025-12-09 06:00,0.000,3758.293,16979.020
2025-12-09T06:00Z,2025-12-09 07:00,5.816,3855.168,16443.260
2025-12-09T07:00Z,2025-12-09 08:00,1000.403,4277.517,16604.879
2025-12-09T08:00Z,2025-12-09 09:00,4709.628,4828.140,16992.838
2025-12-09T09:00Z,2025-12-09 10:00,8547.774,5257.608,16958.769
2025-12-09T10:00Z,2025-12-09 11:00,10980.235,5485.150,16328.651
2025-12-09T11:00Z,2025-12-09 12:00,11561.817,5510.065,15624.902
2025-12-09T12:00Z,2025-12-09 13:00,9992.107,5450.020,15405.424
2025-12-09T13:00Z,2025-12-09 14:00,6668.331,5497.150,15729.421
2025-12-09T14:00Z,2025-12-09 15:00,2438.298,5581.778,16909.052
2025-12-09T15:00Z,2025-12-09 16:00,126.670,5667.240,18961.255
2025-12-09T16:00Z,2025-12-09 17:00,0.000,5772.243,21495.590
2025-12-09T17:00Z,2025-12-09 18:00,0.000,5694.550,23706.673
2025-12-09T18:00Z,2025-12-09 19:00,0.000,5636.840,25446.866
2025-12-09T19:00Z,2025-12-09 20:00,0.000,5535.552,27122.718
2025-12-09T20:00Z,2025-12-09 21:00,0.000,5568.417,28252.457
2025-12-09T21:00Z,2025-12-09 22:00,0.000,5575.587,28415.477
2025-12-09T22:00Z,2025-12-09 23:00,0.000,5571.163,28822.116
2025-12-09T23:00Z,2025-12-10 00:00,0.000,5705.350,26979.895
2025-12-10T00:00Z,2025-12-10 01:00,0.000,5683.267,27199.356
2025-12-10T01:00Z,2025-12-10 02:00,0.000,5754.750,27150.754
2025-12-10T02:00Z,2025-12-10 03:00,0.000,5886.727,26730.242
2025-12-10T03:00Z,2025-12-10 04:00,0.000,6000.762,25823.311
2025-12-10T04:00Z,2025-12-10 05:00,0.000,6071.870,24566.200
2025-12-10T05:00Z,2025-12-10 06:00,0.000,6143.698,23611.440
2025-12-10T06:00Z,2025-12-10 07:00,1.155,6246.115,21688.766
2025-12-10T07:00Z,2025-12-10 08:00,1228.199,6346.568,20052.124
2025-12-10T08:00Z,2025-12-10 09:00,5104.600,6347.490,18683.968
2025-12-10T09:00Z,2025-12-10 10:00,8957.462,6320.052,17540.977
2025-12-10T10:00Z,2025-12-10 11:00,11220.815,6288.780,16716.353
2025-12-10T11:00Z,2025-12-10 12:00,11195.491,6244.145,16323.368
2025-12-10T12:00Z,2025-12-10 13:00,9064.917,6193.642,16597.673
2025-12-10T13:00Z,2025-12-10 14:00,5522.138,6183.275,16860.825
2025-12-10T14:00Z,2025-12-10 15:00,1874.707,6205.177,17400.565
2025-12-10T15:00Z,2025-12-10 16:00,101.780,6188.377,18500.822
2025-12-10T16:00Z,2025-12-10 17:00,0.000,6101.097,19710.685
2025-12-10T17:00Z,2025-12-10 18:00,0.000,5956.460,20921.306
2025-12-10T18:00Z,2025-12-10 19:00,0.000,5874.658,22076.149
2025-12-10T19:00Z,2025-12-10 20:00,0.000,5840.587,23287.687
2025-12-10T20:00Z,2025-12-10 21:00,0.000,5852.318,23803.490
2025-12-10T21:00Z,2025-12-10 22:00,0.000,5922.047,23308.699
2025-12-10T22:00Z,2025-12-10 23:00,0.000,5905.297,23012.282
2025-12-10T23:00Z,2025-12-11 00:00,0.000,5958.240,23568.254
2025-12-11T00:00Z,2025-12-11 01:00,0.000,6007.620,23001.628
2025-12-11T01:00Z,2025-12-11 02:00,0.000,6034.960,22299.659
2025-12-11T02:00Z,2025-12-11 03:00,0.000,6066.173,21455.943
2025-12-11T03:00Z,2025-12-11 04:00,0.000,6132.925,20388.233
2025-12-11T04:00Z,2025-12-11 05:00,0.000,6193.528,19300.802
2025-12-11T05:00Z,2025-12-11 06:00,0.000,6199.465,18837.577
2025-12-11T06:00Z,2025-12-11 07:00,0.209,6148.602,18140.303
2025-12-11T07:00Z,2025-12-11 08:00,658.253,6053.253,17736.108
2025-12-11T08:00Z,2025-12-11 09:00,3671.979,6013.390,17297.579
2025-12-11T09:00Z,2025-12-11 10:00,7389.235,6051.432,16790.303
2025-12-11T10:00Z,2025-12-11 11:00,10082.285,6090.913,16304.172
2025-12-11T11:00Z,2025-12-11 12:00,10718.416,6127.090,15769.262
2025-12-11T12:00Z,2025-12-11 13:00,9251.625,6146.318,15230.650
2025-12-11T13:00Z,2025-12-11 14:00,5986.258,6158.255,14498.647
2025-12-11T14:00Z,2025-12-11 15:00,1987.077,6188.625,14167.738
2025-12-11T15:00Z,2025-12-11 16:00,114.623,6145.792,14436.496
2025-12-11T16:00Z,2025-12-11 17:00,0.000,6176.948,14760.817
2025-12-11T17:00Z,2025-12-11 18:00,0.000,5915.347,14859.348
2025-12-11T18:00Z,2025-12-11 19:00,0.000,5597.523,14455.624
2025-12-11T19:00Z,2025-12-11 20:00,0.000,5163.658,13434.323
2025-12-11T20:00Z,2025-12-11 21:00,0.000,4739.995,11932.738
2025-12-11T21:00Z,2025-12-11 22:00,0.000,4337.465,10277.728
2025-12-11T22:00Z,2025-12-11 23:00,0.000,3873.680,8929.630
2025-12-11T23:00Z,2025-12-12 00:00,0.000,3482.120,9451.613
2025-12-12T00:00Z,2025-12-12 01:00,0.000,3087.173,8212.275
2025-12-12T01:00Z,2025-12-12 02:00,0.000,2839.515,7230.578
2025-12-12T02:00Z,2025-12-12 03:00,0.000,2627.552,6518.338
2025-12-12T03:00Z,2025-12-12 04:00,0.000,2337.770,5925.944
2025-12-12T04:00Z,2025-12-12 05:00,0.000,2059.392,5622.130
2025-12-12T05:00Z,2025-12-12 06:00,0.000,1848.835,5762.038
2025-12-12T06:00Z,2025-12-12 07:00,0.264,1786.572,5879.843
2025-12-12T07:00Z,2025-12-12 08:00,819.868,1835.630,5991.911
2025-12-12T08:00Z,2025-12-12 09:00,4183.080,1802.460,5855.709
2025-12-12T09:00Z,2025-12-12 10:00,8026.017,1577.455,5016.976
2025-12-12T10:00Z,2025-12-12 11:00,10788.420,1265.270,3787.215
2025-12-12T11:00Z,2025-12-12 12:00,11466.309,1021.220,2645.579
2025-12-12T12:00Z,2025-12-12 13:00,9791.750,917.880,1913.189
2025-12-12T13:00Z,2025-12-12 14:00,6233.427,954.290,1676.701
2025-12-12T14:00Z,2025-12-12 15:00,2071.588,1049.530,1871.643
2025-12-12T15:00Z,2025-12-12 16:00,117.126,1140.523,2458.085
2025-12-12T16:00Z,2025-12-12 17:00,0.000,1175.665,3094.231
2025-12-12T17:00Z,2025-12-12 18:00,0.000,1265.145,3485.610
2025-12-12T18:00Z,2025-12-12 19:00,0.000,1423.840,3745.013
2025-12-12T19:00Z,2025-12-12 20:00,0.000,1657.648,4056.496
2025-12-12T20:00Z,2025-12-12 21:00,0.000,1900.372,4267.668
2025-12-12T21:00Z,2025-12-12 22:00,0.000,2127.952,4484.448
2025-12-12T22:00Z,2025-12-12 23:00,0.000,2369.885,4736.657
2025-12-12T23:00Z,2025-12-13 00:00,0.000,2882.372,5588.812
2025-12-13T00:00Z,2025-12-13 01:00,0.000,3273.130,5910.913
2025-12-13T01:00Z,2025-12-13 02:00,0.000,3606.465,6386.572
2025-12-13T02:00Z,2025-12-13 03:00,0.000,3820.040,7106.280
2025-12-13T03:00Z,2025-12-13 04:00,0.000,3780.735,7820.654
2025-12-13T04:00Z,2025-12-13 05:00,0.000,3560.315,8451.278
2025-12-13T05:00Z,2025-12-13 06:00,0.000,3391.798,9245.915
2025-12-13T06:00Z,2025-12-13 07:00,0.186,3283.477,9695.020
2025-12-13T07:00Z,2025-12-13 08:00,451.401,3044.618,10012.529
2025-12-13T08:00Z,2025-12-13 09:00,2301.766,2856.235,10033.172
2025-12-13T09:00Z,2025-12-13 10:00,4471.218,2842.775,9447.853
2025-12-13T10:00Z,2025-12-13 11:00,6030.188,2928.230,8634.540
2025-12-13T11:00Z,2025-12-13 12:00,6418.944,2977.520,8056.811
2025-12-13T12:00Z,2025-12-13 13:00,5415.178,3038.140,7607.195
2025-12-13T13:00Z,2025-12-13 14:00,3406.109,3195.300,7087.896
2025-12-13T14:00Z,2025-12-13 15:00,1148.105,3340.323,6973.519
2025-12-13T15:00Z,2025-12-13 16:00,70.450,3471.617,7607.613
2025-12-13T16:00Z,2025-12-13 17:00,0.000,3624.767,8440.140
2025-12-13T17:00Z,2025-12-13 18:00,0.000,3851.883,8916.409
2025-12-13T18:00Z,2025-12-13 19:00,0.000,4279.557,9159.743
2025-12-13T19:00Z,2025-12-13 20:00,0.000,4815.135,9387.868
2025-12-13T20:00Z,2025-12-13 21:00,0.000,5312.762,9385.394
2025-12-13T21:00Z,2025-12-13 22:00,0.000,5772.695,9165.503
2025-12-13T22:00Z,2025-12-13 23:00,0.000,6054.990,9203.302
2025-12-13T23:00Z,2025-12-14 00:00,0.000,6143.238,9251.956
2025-12-14T00:00Z,2025-12-14 01:00,0.000,6158.555,9286.745
2025-12-14T01:00Z,2025-12-14 02:00,0.000,6007.380,9504.344
2025-12-14T02:00Z,2025-12-14 03:00,0.000,6021.552,10021.021
2025-12-14T03:00Z,2025-12-14 04:00,0.000,6019.060,10668.192
2025-12-14T04:00Z,2025-12-14 05:00,0.000,6019.672,11347.883
2025-12-14T05:00Z,2025-12-14 06:00,0.000,5992.708,12341.994
2025-12-14T06:00Z,2025-12-14 07:00,0.105,6009.648,13046.132
2025-12-14T07:00Z,2025-12-14 08:00,396.484,6003.358,13816.625
2025-12-14T08:00Z,2025-12-14 09:00,2274.965,5969.847,14609.168
2025-12-14T09:00Z,2025-12-14 10:00,4666.838,5940.175,14820.631
2025-12-14T10:00Z,2025-12-14 11:00,6375.851,5922.408,14655.067
2025-12-14T11:00Z,2025-12-14 12:00,6909.275,5931.448,14574.008
2025-12-14T12:00Z,2025-12-14 13:00,5991.857,5962.392,14481.377
2025-12-14T13:00Z,2025-12-14 14:00,3807.759,5998.517,14437.557
2025-12-14T14:00Z,2025-12-14 15:00,1266.721,6032.648,14947.105
2025-12-14T15:00Z,2025-12-14 16:00,90.871,6056.727,16009.787
2025-12-14T16:00Z,2025-12-14 17:00,0.000,6071.778,17081.768
2025-12-14T17:00Z,2025-12-14 18:00,0.000,6065.525,17879.964
2025-12-14T18:00Z,2025-12-14 19:00,0.000,6054.778,18427.591
2025-12-14T19:00Z,2025-12-14 20:00,0.000,6041.400,18988.694
2025-12-14T20:00Z,2025-12-14 21:00,0.000,6025.975,19220.744
2025-12-14T21:00Z,2025-12-14 22:00,0.000,6147.350,18806.859
2025-12-14T22:00Z,2025-12-14 23:00,0.000,6063.265,18572.894
2025-12-14T23:00Z,2025-12-15 00:00,0.000,6212.847,18456.721
2025-12-15T00:00Z,2025-12-15 01:00,0.000,6318.033,18585.510
2025-12-15T01:00Z,2025-12-15 02:00,0.000,6365.892,18690.785
2025-12-15T02:00Z,2025-12-15 03:00,0.000,6362.042,18803.576
2025-12-15T03:00Z,2025-12-15 04:00,0.000,6327.435,18672.657
2025-12-15T04:00Z,2025-12-15 05:00,0.000,6271.960,18475.350
2025-12-15T05:00Z,2025-12-15 06:00,0.000,6225.968,18825.250
2025-12-15T06:00Z,2025-12-15 07:00,0.117,6213.847,18638.095
2025-12-15T07:00Z,2025-12-15 08:00,940.468,6169.355,18666.773
2025-12-15T08:00Z,2025-12-15 09:00,5450.750,6209.880,18547.843
2025-12-15T09:00Z,2025-12-15 10:00,10681.788,6125.815,17373.184
2025-12-15T10:00Z,2025-12-15 11:00,14775.319,5994.977,15127.359
2025-12-15T11:00Z,2025-12-15 12:00,16398.492,5808.275,12919.638
2025-12-15T12:00Z,2025-12-15 13:00,14271.127,5618.865,12220.379
2025-12-15T13:00Z,2025-12-15 14:00,9217.160,5442.460,13269.624
2025-12-15T14:00Z,2025-12-15 15:00,3183.131,5300.377,15055.345
2025-12-15T15:00Z,2025-12-15 16:00,170.297,5228.745,17322.694
2025-12-15T16:00Z,2025-12-15 17:00,0.000,5158.077,19826.828
2025-12-15T17:00Z,2025-12-15 18:00,0.000,5057.930,21504.363
2025-12-15T18:00Z,2025-12-15 19:00,0.000,4896.205,22366.076
2025-12-15T19:00Z,2025-12-15 20:00,0.000,4907.210,22915.805
2025-12-15T20:00Z,2025-12-15 21:00,0.000,4899.708,22850.544
2025-12-15T21:00Z,2025-12-15 22:00,0.000,4864.398,22020.461
2025-12-15T22:00Z,2025-12-15 23:00,0.000,4865.507,21420.853
2025-12-15T23:00Z,2025-12-16 00:00,0.000,4254.760,19456.612
2025-12-16T00:00Z,2025-12-16 01:00,0.000,4056.017,18575.218
2025-12-16T01:00Z,2025-12-16 02:00,0.000,3805.693,17921.892
2025-12-16T02:00Z,2025-12-16 03:00,0.000,3619.175,17494.802
2025-12-16T03:00Z,2025-12-16 04:00,0.000,3547.535,17079.145
2025-12-16T04:00Z,2025-12-16 05:00,0.000,3635.205,16602.569
2025-12-16T05:00Z,2025-12-16 06:00,0.000,3809.932,16387.443
2025-12-16T06:00Z,2025-12-16 07:00,0.049,4011.550,15508.389
2025-12-16T07:00Z,2025-12-16 08:00,1028.590,4157.095,14825.021
2025-12-16T08:00Z,2025-12-16 09:00,6269.744,4131.097,13920.482
2025-12-16T09:00Z,2025-12-16 10:00,12070.488,4001.648,12257.862
2025-12-16T10:00Z,2025-12-16 11:00,15658.586,3780.432,10023.447
2025-12-16T11:00Z,2025-12-16 12:00,16256.387,3384.660,7721.932
2025-12-16T12:00Z,2025-12-16 13:00,13660.111,2881.938,6350.380
2025-12-16T13:00Z,2025-12-16 14:00,8532.930,2456.015,5496.536
2025-12-16T14:00Z,2025-12-16 15:00,2697.439,2188.315,5734.086
2025-12-16T15:00Z,2025-12-16 16:00,109.499,2106.495,6682.298
2025-12-16T16:00Z,2025-12-16 17:00,0.000,2117.588,7198.785
2025-12-16T17:00Z,2025-12-16 18:00,0.000,2112.470,7488.644
2025-12-16T18:00Z,2025-12-16 19:00,0.000,2047.680,7428.096
2025-12-16T19:00Z,2025-12-16 20:00,0.000,1900.865,7107.876
2025-12-16T20:00Z,2025-12-16 21:00,0.000,1810.780,6720.217
2025-12-16T21:00Z,2025-12-16 22:00,0.000,1701.280,6225.537
2025-12-16T22:00Z,2025-12-16 23:00,0.000,1544.808,6176.486
2025-12-16T23:00Z,2025-12-17 00:00,0.000,2318.773,8373.127
2025-12-17T00:00Z,2025-12-17 01:00,0.000,1983.015,8295.173
2025-12-17T01:00Z,2025-12-17 02:00,0.000,1644.080,8384.929
2025-12-17T02:00Z,2025-12-17 03:00,0.000,1364.888,8636.034
2025-12-17T03:00Z,2025-12-17 04:00,0.000,1199.852,8919.378
2025-12-17T04:00Z,2025-12-17 05:00,0.000,1089.180,9234.582
2025-12-17T05:00Z,2025-12-17 06:00,0.000,989.362,9750.688
2025-12-17T06:00Z,2025-12-17 07:00,0.011,865.842,10235.426
2025-12-17T07:00Z,2025-12-17 08:00,885.223,740.097,10711.663
2025-12-17T08:00Z,2025-12-17 09:00,5144.713,600.507,10928.710
2025-12-17T09:00Z,2025-12-17 10:00,9743.268,477.485,10482.291
2025-12-17T10:00Z,2025-12-17 11:00,12525.795,425.535,9379.975
2025-12-17T11:00Z,2025-12-17 12:00,12690.550,482.688,8012.987
2025-12-17T12:00Z,2025-12-17 13:00,10370.934,676.778,7102.141
2025-12-17T13:00Z,2025-12-17 14:00,6395.624,1027.580,6840.986
2025-12-17T14:00Z,2025-12-17 15:00,2087.495,1508.635,7199.338
2025-12-17T15:00Z,2025-12-17 16:00,111.122,2076.250,8157.057
2025-12-17T16:00Z,2025-12-17 17:00,0.000,2764.200,9142.855
2025-12-17T17:00Z,2025-12-17 18:00,0.000,3553.915,9882.969
2025-12-17T18:00Z,2025-12-17 19:00,0.000,4337.778,10663.847
2025-12-17T19:00Z,2025-12-17 20:00,0.000,5045.517,11708.191
2025-12-17T20:00Z,2025-12-17 21:00,0.000,5550.177,12634.206
2025-12-17T21:00Z,2025-12-17 22:00,0.000,5739.597,13416.365
2025-12-17T22:00Z,2025-12-17 23:00,0.000,5799.850,14365.448
2025-12-17T23:00Z,2025-12-18 00:00,0.000,5809.110,16343.908
2025-12-18T00:00Z,2025-12-18 01:00,0.000,5859.460,17812.484
2025-12-18T01:00Z,2025-12-18 02:00,0.000,5757.807,19662.576
2025-12-18T02:00Z,2025-12-18 03:00,0.000,5612.887,21645.145
2025-12-18T03:00Z,2025-12-18 04:00,0.000,5486.632,23280.819
2025-12-18T04:00Z,2025-12-18 05:00,0.000,5487.208,24892.409
2025-12-18T05:00Z,2025-12-18 06:00,0.000,5435.585,26936.424
2025-12-18T06:00Z,2025-12-18 07:00,0.009,5492.458,28066.774
2025-12-18T07:00Z,2025-12-18 08:00,918.711,5550.968,28896.184
2025-12-18T08:00Z,2025-12-18 09:00,5122.537,5571.260,29163.329
2025-12-18T09:00Z,2025-12-18 10:00,10070.354,5618.722,28488.907
2025-12-18T10:00Z,2025-12-18 11:00,13580.960,5672.765,26577.053
2025-12-18T11:00Z,2025-12-18 12:00,14532.513,5848.515,24012.279
2025-12-18T12:00Z,2025-12-18 13:00,12806.738,5985.815,22004.562
2025-12-18T13:00Z,2025-12-18 14:00,8403.863,5947.585,21155.235
2025-12-18T14:00Z,2025-12-18 15:00,2853.160,5860.988,21870.890
2025-12-18T15:00Z,2025-12-18 16:00,153.815,5991.305,24112.631
2025-12-18T16:00Z,2025-12-18 17:00,0.000,6144.145,27349.946
2025-12-18T17:00Z,2025-12-18 18:00,0.000,6153.075,30605.304
2025-12-18T18:00Z,2025-12-18 19:00,0.000,6009.302,33264.400
2025-12-18T19:00Z,2025-12-18 20:00,0.000,5900.568,35464.663
2025-12-18T20:00Z,2025-12-18 21:00,0.000,5725.255,36635.577
2025-12-18T21:00Z,2025-12-18 22:00,0.000,5665.215,36349.172
2025-12-18T22:00Z,2025-12-18 23:00,0.000,5654.137,36542.835
2025-12-18T23:00Z,2025-12-19 00:00,0.000,5693.158,36170.569
2025-12-19T00:00Z,2025-12-19 01:00,0.000,5698.203,35830.603
2025-12-19T01:00Z,2025-12-19 02:00,0.000,5715.443,35547.934
2025-12-19T02:00Z,2025-12-19 03:00,0.000,5758.945,34998.750
2025-12-19T03:00Z,2025-12-19 04:00,0.000,5832.265,34134.398
2025-12-19T04:00Z,2025-12-19 05:00,0.000,5908.640,33122.387
2025-12-19T05:00Z,2025-12-19 06:00,0.000,5955.062,32683.608
2025-12-19T06:00Z,2025-12-19 07:00,0.003,5815.040,31242.802
2025-12-19T07:00Z,2025-12-19 08:00,751.233,5500.477,29985.840
2025-12-19T08:00Z,2025-12-19 09:00,3880.121,5459.735,28500.123
2025-12-19T09:00Z,2025-12-19 10:00,7211.731,5384.455,26409.866
2025-12-19T10:00Z,2025-12-19 11:00,8937.411,5388.422,23786.018
2025-12-19T11:00Z,2025-12-19 12:00,8795.244,5499.547,20780.986
2025-12-19T12:00Z,2025-12-19 13:00,7065.649,5638.800,18275.797
2025-12-19T13:00Z,2025-12-19 14:00,4275.226,5806.943,16448.765
2025-12-19T14:00Z,2025-12-19 15:00,1366.595,6018.710,15396.815
2025-12-19T15:00Z,2025-12-19 16:00,99.765,6192.570,15050.974
2025-12-19T16:00Z,2025-12-19 17:00,0.000,6262.552,14941.575
2025-12-19T17:00Z,2025-12-19 18:00,0.000,6251.590,14936.023
2025-12-19T18:00Z,2025-12-19 19:00,0.000,6191.270,14867.646
2025-12-19T19:00Z,2025-12-19 20:00,0.000,6070.230,14579.670
2025-12-19T20:00Z,2025-12-19 21:00,0.000,5839.550,13686.975
2025-12-19T21:00Z,2025-12-19 22:00,0.000,5491.665,12316.123
2025-12-19T22:00Z,2025-12-19 23:00,0.000,5054.882,10940.657
2025-12-19T23:00Z,2025-12-20 00:00,0.000,4772.622,9840.950
2025-12-20T00:00Z,2025-12-20 01:00,0.000,4264.153,8768.123
2025-12-20T01:00Z,2025-12-20 02:00,0.000,3745.222,7908.845
2025-12-20T02:00Z,2025-12-20 03:00,0.000,3366.700,7066.713
2025-12-20T03:00Z,2025-12-20 04:00,0.000,3178.868,6010.114
2025-12-20T04:00Z,2025-12-20 05:00,0.000,2798.345,4862.003
2025-12-20T05:00Z,2025-12-20 06:00,0.000,2400.360,4037.325
2025-12-20T06:00Z,2025-12-20 07:00,0.001,2055.512,3513.058
2025-12-20T07:00Z,2025-12-20 08:00,586.257,1736.753,3211.315
2025-12-20T08:00Z,2025-12-20 09:00,3296.911,1461.527,3033.889
2025-12-20T09:00Z,2025-12-20 10:00,6651.547,1217.775,2887.574
2025-12-20T10:00Z,2025-12-20 11:00,8937.934,970.225,2706.310
2025-12-20T11:00Z,2025-12-20 12:00,9285.924,726.600,2549.603
2025-12-20T12:00Z,2025-12-20 13:00,7789.107,524.960,2687.830
2025-12-20T13:00Z,2025-12-20 14:00,4882.703,419.858,3291.205
2025-12-20T14:00Z,2025-12-20 15:00,1637.023,453.887,4401.957
2025-12-20T15:00Z,2025-12-20 16:00,101.021,608.260,5894.872
2025-12-20T16:00Z,2025-12-20 17:00,0.000,869.142,7383.244
2025-12-20T17:00Z,2025-12-20 18:00,0.000,1211.265,8686.837
2025-12-20T18:00Z,2025-12-20 19:00,0.000,1645.205,9795.679
2025-12-20T19:00Z,2025-12-20 20:00,0.000,2195.210,10819.301
2025-12-20T20:00Z,2025-12-20 21:00,0.000,2848.290,11507.123
2025-12-20T21:00Z,2025-12-20 22:00,0.000,3542.945,11804.234
2025-12-20T22:00Z,2025-12-20 23:00,0.000,4111.435,11959.005
2025-12-20T23:00Z,2025-12-21 00:00,0.000,3254.287,9317.897
2025-12-21T00:00Z,2025-12-21 01:00,0.000,3595.115,9346.500
2025-12-21T01:00Z,2025-12-21 02:00,0.000,3773.312,9369.364
2025-12-21T02:00Z,2025-12-21 03:00,0.000,3786.827,9369.563
2025-12-21T03:00Z,2025-12-21 04:00,0.000,3689.713,9393.670
2025-12-21T04:00Z,2025-12-21 05:00,0.000,3553.778,9577.251
2025-12-21T05:00Z,2025-12-21 06:00,0.000,3344.150,10129.402
2025-12-21T06:00Z,2025-12-21 07:00,0.000,3338.895,10630.616
2025-12-21T07:00Z,2025-12-21 08:00,531.793,3373.140,11286.501
2025-12-21T08:00Z,2025-12-21 09:00,3500.780,3433.262,11600.624
2025-12-21T09:00Z,2025-12-21 10:00,7282.746,3440.073,11147.242
2025-12-21T10:00Z,2025-12-21 11:00,10425.477,3371.287,10269.818
2025-12-21T11:00Z,2025-12-21 12:00,11760.347,3279.707,9504.809
2025-12-21T12:00Z,2025-12-21 13:00,10526.392,3298.335,9633.150
2025-12-21T13:00Z,2025-12-21 14:00,7061.977,3465.947,11103.105
2025-12-21T14:00Z,2025-12-21 15:00,2621.985,3789.642,13561.948
2025-12-21T15:00Z,2025-12-21 16:00,163.027,4185.360,16682.207
2025-12-21T16:00Z,2025-12-21 17:00,0.000,4563.730,19625.094
2025-12-21T17:00Z,2025-12-21 18:00,0.000,4855.510,21607.497
2025-12-21T18:00Z,2025-12-21 19:00,0.000,5127.705,22774.830
2025-12-21T19:00Z,2025-12-21 20:00,0.000,5306.118,23836.465
2025-12-21T20:00Z,2025-12-21 21:00,0.000,5420.755,24437.646
2025-12-21T21:00Z,2025-12-21 22:00,0.000,5509.660,24292.542
2025-12-21T22:00Z,2025-12-21 23:00,0.000,5557.290,24388.022
2025-12-21T23:00Z,2025-12-22 00:00,0.000,5523.392,23264.847
2025-12-22T00:00Z,2025-12-22 01:00,0.000,5552.632,22698.160
2025-12-22T01:00Z,2025-12-22 02:00,0.000,5612.618,22038.696
2025-12-22T02:00Z,2025-12-22 03:00,0.000,5683.557,21206.749
2025-12-22T03:00Z,2025-12-22 04:00,0.000,5754.565,20562.447
2025-12-22T04:00Z,2025-12-22 05:00,0.000,5831.770,20152.407
2025-12-22T05:00Z,2025-12-22 06:00,0.000,5902.135,20141.272
2025-12-22T06:00Z,2025-12-22 07:00,0.000,6148.535,19579.733
2025-12-22T07:00Z,2025-12-22 08:00,466.921,6045.358,19087.832
2025-12-22T08:00Z,2025-12-22 09:00,2931.433,5966.900,18566.746
2025-12-22T09:00Z,2025-12-22 10:00,5905.605,5855.200,17548.084
2025-12-22T10:00Z,2025-12-22 11:00,8023.770,5713.613,16136.679
2025-12-22T11:00Z,2025-12-22 12:00,8689.203,5596.613,15061.542
2025-12-22T12:00Z,2025-12-22 13:00,7561.367,5555.253,14878.970
2025-12-22T13:00Z,2025-12-22 14:00,4988.500,5590.935,15637.370
2025-12-22T14:00Z,2025-12-22 15:00,1830.164,5705.795,16806.039
2025-12-22T15:00Z,2025-12-22 16:00,121.066,5881.530,18506.683
2025-12-22T16:00Z,2025-12-22 17:00,0.000,6034.177,20045.655
2025-12-22T17:00Z,2025-12-22 18:00,0.000,6122.045,20533.270
2025-12-22T18:00Z,2025-12-22 19:00,0.000,6181.903,20329.014
2025-12-22T19:00Z,2025-12-22 20:00,0.000,6201.472,20109.752
2025-12-22T20:00Z,2025-12-22 21:00,0.000,6194.695,19727.208
2025-12-22T21:00Z,2025-12-22 22:00,0.000,6180.042,19214.600
2025-12-22T22:00Z,2025-12-22 23:00,0.000,6150.005,19462.121
2025-12-22T23:00Z,2025-12-23 00:00,0.000,6099.305,20278.653
2025-12-23T00:00Z,2025-12-23 01:00,0.000,6144.180,21156.328
2025-12-23T01:00Z,2025-12-23 02:00,0.000,6205.990,22141.669
2025-12-23T02:00Z,2025-12-23 03:00,0.000,6167.765,22825.727
2025-12-23T03:00Z,2025-12-23 04:00,0.000,5922.677,23358.840
2025-12-23T04:00Z,2025-12-23 05:00,0.000,5895.017,24086.801
2025-12-23T05:00Z,2025-12-23 06:00,0.000,5673.005,25267.058
2025-12-23T06:00Z,2025-12-23 07:00,0.000,5718.365,25650.985
2025-12-23T07:00Z,2025-12-23 08:00,299.321,5753.105,26236.279
2025-12-23T08:00Z,2025-12-23 09:00,2045.012,5700.608,26644.106
2025-12-23T09:00Z,2025-12-23 10:00,4312.164,5622.815,26403.099
2025-12-23T10:00Z,2025-12-23 11:00,5989.879,5598.575,26191.939
2025-12-23T11:00Z,2025-12-23 12:00,6514.214,5656.380,25890.663
2025-12-23T12:00Z,2025-12-23 13:00,5615.817,5867.962,25996.472
2025-12-23T13:00Z,2025-12-23 14:00,3685.805,6223.485,26530.307
2025-12-23T14:00Z,2025-12-23 15:00,1331.987,6351.150,27353.681
2025-12-23T15:00Z,2025-12-23 16:00,102.034,6617.280,28611.271
2025-12-23T16:00Z,2025-12-23 17:00,0.000,6647.668,29879.513
2025-12-23T17:00Z,2025-12-23 18:00,0.000,6733.430,30558.234
2025-12-23T18:00Z,2025-12-23 19:00,0.000,6743.820,30733.907
2025-12-23T19:00Z,2025-12-23 20:00,0.000,6697.330,30618.076
2025-12-23T20:00Z,2025-12-23 21:00,0.000,6600.092,29823.359
2025-12-23T21:00Z,2025-12-23 22:00,0.000,6445.965,28221.091
2025-12-23T22:00Z,2025-12-23 23:00,0.000,6256.925,27227.928
2025-12-23T23:00Z,2025-12-24 00:00,0.000,5850.023,28320.487
2025-12-24T00:00Z,2025-12-24 01:00,0.000,5505.265,27902.741
2025-12-24T01:00Z,2025-12-24 02:00,0.000,5227.095,27711.320
2025-12-24T02:00Z,2025-12-24 03:00,0.000,4988.818,27719.247
2025-12-24T03:00Z,2025-12-24 04:00,0.000,4859.188,27817.966
2025-12-24T04:00Z,2025-12-24 05:00,0.000,4803.550,27903.518
2025-12-24T05:00Z,2025-12-24 06:00,0.000,4749.350,28358.680
2025-12-24T06:00Z,2025-12-24 07:00,0.000,4713.705,27790.683
2025-12-24T07:00Z,2025-12-24 08:00,423.242,4720.682,27379.063
2025-12-24T08:00Z,2025-12-24 09:00,3263.186,4660.557,27020.901
2025-12-24T09:00Z,2025-12-24 10:00,6959.234,4478.092,26912.351
2025-12-24T10:00Z,2025-12-24 11:00,9619.267,4214.740,27362.219
2025-12-24T11:00Z,2025-12-24 12:00,10655.311,3946.338,27799.593
2025-12-24T12:00Z,2025-12-24 13:00,9541.229,3776.835,28269.520
2025-12-24T13:00Z,2025-12-24 14:00,6328.362,3813.568,28772.812
2025-12-24T14:00Z,2025-12-24 15:00,2152.868,4035.040,29437.696
2025-12-24T15:00Z,2025-12-24 16:00,149.056,4319.432,30763.354
2025-12-24T16:00Z,2025-12-24 17:00,0.000,4553.868,31847.879
2025-12-24T17:00Z,2025-12-24 18:00,0.000,4691.835,32310.331
2025-12-24T18:00Z,2025-12-24 19:00,0.000,4725.903,32292.211
2025-12-24T19:00Z,2025-12-24 20:00,0.000,4655.490,32092.391
2025-12-24T20:00Z,2025-12-24 21:00,0.000,4538.705,31442.374
2025-12-24T21:00Z,2025-12-24 22:00,0.000,4401.613,30088.190
2025-12-24T22:00Z,2025-12-24 23:00,0.000,4227.767,29355.530
2025-12-24T23:00Z,2025-12-25 00:00,0.000,4120.012,28690.455
2025-12-25T00:00Z,2025-12-25 01:00,0.000,3987.267,28007.249
2025-12-25T01:00Z,2025-12-25 02:00,0.000,3907.448,27332.582
2025-12-25T02:00Z,2025-12-25 03:00,0.000,3903.125,26708.391
2025-12-25T03:00Z,2025-12-25 04:00,0.000,3946.955,26290.786
2025-12-25T04:00Z,2025-12-25 05:00,0.000,4003.012,26042.225
2025-12-25T05:00Z,2025-12-25 06:00,0.000,3996.520,26119.990
2025-12-25T06:00Z,2025-12-25 07:00,0.000,3906.403,25289.453
2025-12-25T07:00Z,2025-12-25 08:00,1060.172,3761.950,24478.924
2025-12-25T08:00Z,2025-12-25 09:00,7064.446,3562.577,23154.727
2025-12-25T09:00Z,2025-12-25 10:00,13838.992,3312.363,20158.162
2025-12-25T10:00Z,2025-12-25 11:00,18233.317,3018.635,16967.410
2025-12-25T11:00Z,2025-12-25 12:00,19430.644,2724.705,15219.220
2025-12-25T12:00Z,2025-12-25 13:00,16876.430,2457.113,14762.311
2025-12-25T13:00Z,2025-12-25 14:00,11319.823,2355.648,15392.090
2025-12-25T14:00Z,2025-12-25 15:00,4173.336,2419.082,17488.970
2025-12-25T15:00Z,2025-12-25 16:00,269.631,2537.725,20330.298
2025-12-25T16:00Z,2025-12-25 17:00,0.000,2550.378,21374.372
2025-12-25T17:00Z,2025-12-25 18:00,0.000,2428.845,21067.372
2025-12-25T18:00Z,2025-12-25 19:00,0.000,2248.673,20231.275
2025-12-25T19:00Z,2025-12-25 20:00,0.000,2055.330,19293.554
2025-12-25T20:00Z,2025-12-25 21:00,0.000,1910.420,17937.779
2025-12-25T21:00Z,2025-12-25 22:00,0.000,1783.457,16296.427
2025-12-25T22:00Z,2025-12-25 23:00,0.000,1636.815,15307.805
2025-12-25T23:00Z,2025-12-26 00:00,0.000,1315.910,13193.440
2025-12-26T00:00Z,2025-12-26 01:00,0.000,1208.017,12854.036
2025-12-26T01:00Z,2025-12-26 02:00,0.000,1107.855,12518.463
2025-12-26T02:00Z,2025-12-26 03:00,0.000,1024.787,12117.902
2025-12-26T03:00Z,2025-12-26 04:00,0.000,1008.832,11930.371
2025-12-26T04:00Z,2025-12-26 05:00,0.000,1033.297,11955.090
2025-12-26T05:00Z,2025-12-26 06:00,0.000,1014.260,12186.255
2025-12-26T06:00Z,2025-12-26 07:00,0.000,960.525,12052.342
2025-12-26T07:00Z,2025-12-26 08:00,909.386,903.885,12087.194
2025-12-26T08:00Z,2025-12-26 09:00,6201.659,844.398,11947.458
2025-12-26T09:00Z,2025-12-26 10:00,12561.537,755.035,10942.473
2025-12-26T10:00Z,2025-12-26 11:00,16858.108,637.145,8582.767
2025-12-26T11:00Z,2025-12-26 12:00,18268.104,532.210,6452.242
2025-12-26T12:00Z,2025-12-26 13:00,16158.676,455.102,5665.990
2025-12-26T13:00Z,2025-12-26 14:00,10871.198,398.000,6081.352
2025-12-26T14:00Z,2025-12-26 15:00,4023.786,362.285,7429.016
2025-12-26T15:00Z,2025-12-26 16:00,260.063,343.545,8793.350
2025-12-26T16:00Z,2025-12-26 17:00,0.000,324.913,9604.822
2025-12-26T17:00Z,2025-12-26 18:00,0.000,279.535,9810.454
2025-12-26T18:00Z,2025-12-26 19:00,0.000,240.803,9669.125
2025-12-26T19:00Z,2025-12-26 20:00,0.000,231.337,9357.593
2025-12-26T20:00Z,2025-12-26 21:00,0.000,242.873,9027.346
2025-12-26T21:00Z,2025-12-26 22:00,0.000,260.012,8642.368
2025-12-26T22:00Z,2025-12-26 23:00,0.000,285.590,8444.342
2025-12-26T23:00Z,2025-12-27 00:00,0.000,359.533,7878.076
2025-12-27T00:00Z,2025-12-27 01:00,0.000,511.025,7844.010
2025-12-27T01:00Z,2025-12-27 02:00,0.000,859.310,7986.540
2025-12-27T02:00Z,2025-12-27 03:00,0.000,1424.362,8206.885
2025-12-27T03:00Z,2025-12-27 04:00,0.000,2139.148,8379.329
2025-12-27T04:00Z,2025-12-27 05:00,0.000,2835.225,8623.776
2025-12-27T05:00Z,2025-12-27 06:00,0.000,3381.233,9175.744
2025-12-27T06:00Z,2025-12-27 07:00,0.000,3820.665,9683.422
2025-12-27T07:00Z,2025-12-27 08:00,912.271,4310.705,10670.230
2025-12-27T08:00Z,2025-12-27 09:00,5612.905,4688.392,11985.523
2025-12-27T09:00Z,2025-12-27 10:00,10837.396,4766.315,12965.221
2025-12-27T10:00Z,2025-12-27 11:00,14207.283,4731.182,13586.754
2025-12-27T11:00Z,2025-12-27 12:00,15110.824,5029.445,14242.108
2025-12-27T12:00Z,2025-12-27 13:00,13184.921,5328.438,15361.599
2025-12-27T13:00Z,2025-12-27 14:00,8891.335,5537.115,16335.257
2025-12-27T14:00Z,2025-12-27 15:00,3439.126,5823.810,16960.861
2025-12-27T15:00Z,2025-12-27 16:00,238.437,6087.877,17523.388
2025-12-27T16:00Z,2025-12-27 17:00,0.000,6297.575,17495.085
2025-12-27T17:00Z,2025-12-27 18:00,0.000,6200.842,16752.554
2025-12-27T18:00Z,2025-12-27 19:00,0.000,5915.593,15853.034
2025-12-27T19:00Z,2025-12-27 20:00,0.000,5224.557,14963.015
2025-12-27T20:00Z,2025-12-27 21:00,0.000,4289.535,13867.883
2025-12-27T21:00Z,2025-12-27 22:00,0.000,3431.648,12805.609
2025-12-27T22:00Z,2025-12-27 23:00,0.000,2822.870,12236.494
2025-12-27T23:00Z,2025-12-28 00:00,0.000,2831.662,11951.079
2025-12-28T00:00Z,2025-12-28 01:00,0.000,2411.665,11335.734
2025-12-28T01:00Z,2025-12-28 02:00,0.000,2033.967,10871.351
2025-12-28T02:00Z,2025-12-28 03:00,0.000,1779.453,10309.904
2025-12-28T03:00Z,2025-12-28 04:00,0.000,1633.392,9450.825
2025-12-28T04:00Z,2025-12-28 05:00,0.000,1536.467,8712.361
2025-12-28T05:00Z,2025-12-28 06:00,0.000,1455.783,8304.258
2025-12-28T06:00Z,2025-12-28 07:00,0.000,1384.148,7865.514
2025-12-28T07:00Z,2025-12-28 08:00,890.412,1268.362,7424.403
2025-12-28T08:00Z,2025-12-28 09:00,5948.931,1149.860,6700.702
2025-12-28T09:00Z,2025-12-28 10:00,12039.322,1117.750,5702.523
2025-12-28T10:00Z,2025-12-28 11:00,16457.785,1160.467,4841.825
2025-12-28T11:00Z,2025-12-28 12:00,17963.425,1261.138,4463.299
2025-12-28T12:00Z,2025-12-28 13:00,15866.792,1468.345,4840.165
2025-12-28T13:00Z,2025-12-28 14:00,10728.641,1724.800,6070.659
2025-12-28T14:00Z,2025-12-28 15:00,4044.939,2005.140,8072.488
2025-12-28T15:00Z,2025-12-28 16:00,290.411,2348.160,10527.395
2025-12-28T16:00Z,2025-12-28 17:00,0.000,2717.838,12505.050
2025-12-28T17:00Z,2025-12-28 18:00,0.000,2970.270,13844.451
2025-12-28T18:00Z,2025-12-28 19:00,0.000,3181.220,15054.974
2025-12-28T19:00Z,2025-12-28 20:00,0.000,3392.858,16308.728
2025-12-28T20:00Z,2025-12-28 21:00,0.000,3560.148,17409.135
2025-12-28T21:00Z,2025-12-28 22:00,0.000,3765.662,17861.002
2025-12-28T22:00Z,2025-12-28 23:00,0.000,3978.245,18534.668
2025-12-28T23:00Z,2025-12-29 00:00,0.000,4817.985,18598.170
2025-12-29T00:00Z,2025-12-29 01:00,0.000,5095.892,19331.072
2025-12-29T01:00Z,2025-12-29 02:00,0.000,5359.788,19808.893
2025-12-29T02:00Z,2025-12-29 03:00,0.000,5519.085,19896.317
2025-12-29T03:00Z,2025-12-29 04:00,0.000,5626.173,19541.197
2025-12-29T04:00Z,2025-12-29 05:00,0.000,5585.445,18868.295
2025-12-29T05:00Z,2025-12-29 06:00,0.000,5384.487,18446.020
2025-12-29T06:00Z,2025-12-29 07:00,0.000,5144.730,17681.525
2025-12-29T07:00Z,2025-12-29 08:00,621.582,5034.602,17469.834
2025-12-29T08:00Z,2025-12-29 09:00,3889.068,4926.507,17462.839
2025-12-29T09:00Z,2025-12-29 10:00,7772.151,4872.865,17230.730
2025-12-29T10:00Z,2025-12-29 11:00,10360.504,4920.453,16963.565
2025-12-29T11:00Z,2025-12-29 12:00,10990.060,5078.703,17096.362
2025-12-29T12:00Z,2025-12-29 13:00,9489.811,5225.212,17715.137
2025-12-29T13:00Z,2025-12-29 14:00,6252.051,5438.887,18624.286
2025-12-29T14:00Z,2025-12-29 15:00,2455.689,5663.802,19658.691
2025-12-29T15:00Z,2025-12-29 16:00,191.222,6022.850,20705.286
2025-12-29T16:00Z,2025-12-29 17:00,0.000,6170.167,21490.529
2025-12-29T17:00Z,2025-12-29 18:00,0.000,6326.658,21921.046
2025-12-29T18:00Z,2025-12-29 19:00,0.000,6444.597,21959.009
2025-12-29T19:00Z,2025-12-29 20:00,0.000,6474.640,21672.845
2025-12-29T20:00Z,2025-12-29 21:00,0.000,6404.233,21020.115
2025-12-29T21:00Z,2025-12-29 22:00,0.000,6282.108,19997.442
2025-12-29T22:00Z,2025-12-29 23:00,0.000,6045.212,19418.189
2025-12-29T23:00Z,2025-12-30 00:00,0.000,6352.595,19366.753
2025-12-30T00:00Z,2025-12-30 01:00,0.000,6355.085,18949.655
2025-12-30T01:00Z,2025-12-30 02:00,0.000,6390.810,18847.683
2025-12-30T02:00Z,2025-12-30 03:00,0.000,6404.975,19013.968
2025-12-30T03:00Z,2025-12-30 04:00,0.000,6383.910,19136.100
2025-12-30T04:00Z,2025-12-30 05:00,0.000,6361.925,18941.479
2025-12-30T05:00Z,2025-12-30 06:00,0.000,6238.660,18973.111
2025-12-30T06:00Z,2025-12-30 07:00,0.000,6060.823,18242.327
2025-12-30T07:00Z,2025-12-30 08:00,820.546,5701.488,17709.548
2025-12-30T08:00Z,2025-12-30 09:00,5873.986,5251.057,17164.403
2025-12-30T09:00Z,2025-12-30 10:00,11862.322,4796.757,16035.664
2025-12-30T10:00Z,2025-12-30 11:00,15921.825,4417.815,14790.075
2025-12-30T11:00Z,2025-12-30 12:00,17251.510,4238.950,14221.972
2025-12-30T12:00Z,2025-12-30 13:00,15353.767,4400.033,14290.596
2025-12-30T13:00Z,2025-12-30 14:00,10598.881,4798.480,14358.015
2025-12-30T14:00Z,2025-12-30 15:00,4124.390,5224.655,14631.203
2025-12-30T15:00Z,2025-12-30 16:00,281.502,5550.703,15264.757
2025-12-30T16:00Z,2025-12-30 17:00,0.000,5696.835,15801.206
2025-12-30T17:00Z,2025-12-30 18:00,0.000,5707.555,15688.406
2025-12-30T18:00Z,2025-12-30 19:00,0.000,5599.458,15188.939
2025-12-30T19:00Z,2025-12-30 20:00,0.000,5524.608,14793.677
2025-12-30T20:00Z,2025-12-30 21:00,0.000,5433.535,14512.893
2025-12-30T21:00Z,2025-12-30 22:00,0.000,5473.680,14409.620
2025-12-30T22:00Z,2025-12-30 23:00,0.000,5586.180,15072.084
2025-12-30T23:00Z,2025-12-31 00:00,0.000,5468.932,14399.386
2025-12-31T00:00Z,2025-12-31 01:00,0.000,5716.460,14961.503
2025-12-31T01:00Z,2025-12-31 02:00,0.000,5955.568,15532.350
2025-12-31T02:00Z,2025-12-31 03:00,0.000,6074.130,17006.999
2025-12-31T03:00Z,2025-12-31 04:00,0.000,5929.180,19172.307
2025-12-31T04:00Z,2025-12-31 05:00,0.000,5753.205,20953.961
2025-12-31T05:00Z,2025-12-31 06:00,0.000,5688.870,22349.882
2025-12-31T06:00Z,2025-12-31 07:00,0.000,5694.118,22802.951
2025-12-31T07:00Z,2025-12-31 08:00,531.695,5728.915,23360.172
2025-12-31T08:00Z,2025-12-31 09:00,3243.947,5776.125,23932.889
2025-12-31T09:00Z,2025-12-31 10:00,6421.163,5811.573,24016.835
2025-12-31T10:00Z,2025-12-31 11:00,8125.051,5782.625,24021.837
2025-12-31T11:00Z,2025-12-31 12:00,8074.229,5790.210,24411.929
2025-12-31T12:00Z,2025-12-31 13:00,6588.739,5743.945,25147.113
2025-12-31T13:00Z,2025-12-31 14:00,4149.951,5753.208,25598.073
2025-12-31T14:00Z,2025-12-31 15:00,1630.274,5660.382,25600.421
2025-12-31T15:00Z,2025-12-31 16:00,172.174,5535.628,25574.787
2025-12-31T16:00Z,2025-12-31 17:00,0.000,5439.443,25508.288
2025-12-31T17:00Z,2025-12-31 18:00,0.000,5410.693,25254.085
2025-12-31T18:00Z,2025-12-31 19:00,0.000,5430.048,25289.809
2025-12-31T19:00Z,2025-12-31 20:00,0.000,5494.990,26179.950
2025-12-31T20:00Z,2025-12-31 21:00,0.000,5359.100,27294.283
2025-12-31T21:00Z,2025-12-31 22:00,0.000,5389.080,27876.286
2025-12-31T22:00Z,2025-12-31 23:00,0.000,5487.542,29243.183
2025-12-31T23:00Z,2026-01-01 00:00,0.000,5222.922,32227.921
2026-01-01T00:00Z,2026-01-01 01:00,0.000,5384.892,33503.511
2026-01-01T01:00Z,2026-01-01 02:00,0.000,5558.217,35015.332
2026-01-01T02:00Z,2026-01-01 03:00,0.000,5621.280,36580.661
2026-01-01T03:00Z,2026-01-01 04:00,0.000,5470.275,37639.953
2026-01-01T04:00Z,2026-01-01 05:00,0.000,5283.483,38499.842
2026-01-01T05:00Z,2026-01-01 06:00,0.000,5159.265,40031.593
2026-01-01T06:00Z,2026-01-01 07:00,0.000,5121.030,40779.248
2026-01-01T07:00Z,2026-01-01 08:00,419.826,5221.892,41941.294
2026-01-01T08:00Z,2026-01-01 09:00,2544.284,5311.955,42840.946
2026-01-01T09:00Z,2026-01-01 10:00,5225.744,5274.727,43328.619
2026-01-01T10:00Z,2026-01-01 11:00,7315.285,5235.583,43477.380
2026-01-01T11:00Z,2026-01-01 12:00,7910.648,5238.775,43526.794
2026-01-01T12:00Z,2026-01-01 13:00,6768.896,5238.773,43941.708
2026-01-01T13:00Z,2026-01-01 14:00,4302.667,5249.100,44699.573
2026-01-01T14:00Z,2026-01-01 15:00,1716.612,5283.210,45484.790
2026-01-01T15:00Z,2026-01-01 16:00,161.800,5356.613,45972.672
2026-01-01T16:00Z,2026-01-01 17:00,0.000,5393.908,46318.837
2026-01-01T17:00Z,2026-01-01 18:00,0.000,5375.370,46171.754
2026-01-01T18:00Z,2026-01-01 19:00,0.000,5335.850,46098.697
2026-01-01T19:00Z,2026-01-01 20:00,0.000,5293.915,46219.487
2026-01-01T20:00Z,2026-01-01 21:00,0.000,5300.440,46151.125
2026-01-01T21:00Z,2026-01-01 22:00,0.000,5410.578,45008.923
2026-01-01T22:00Z,2026-01-01 23:00,0.000,5475.783,44640.390
2026-01-01T23:00Z,2026-01-02 00:00,0.000,5091.175,44810.122
2026-01-02T00:00Z,2026-01-02 01:00,0.000,5121.352,45209.816
2026-01-02T01:00Z,2026-01-02 02:00,0.000,5204.075,45306.197
2026-01-02T02:00Z,2026-01-02 03:00,0.000,5462.355,45125.520
2026-01-02T03:00Z,2026-01-02 04:00,0.000,5630.743,44581.814
2026-01-02T04:00Z,2026-01-02 05:00,0.000,5935.677,43818.855
2026-01-02T05:00Z,2026-01-02 06:00,0.000,5925.783,44043.060
2026-01-02T06:00Z,2026-01-02 07:00,0.000,5937.378,42995.526
2026-01-02T07:00Z,2026-01-02 08:00,249.979,6133.432,42380.653
2026-01-02T08:00Z,2026-01-02 09:00,1955.745,6219.615,42126.469
2026-01-02T09:00Z,2026-01-02 10:00,4327.555,6210.350,41726.734
2026-01-02T10:00Z,2026-01-02 11:00,6206.313,6156.460,41512.229
2026-01-02T11:00Z,2026-01-02 12:00,6954.640,6103.465,41233.869
2026-01-02T12:00Z,2026-01-02 13:00,6386.444,6001.515,40992.010
2026-01-02T13:00Z,2026-01-02 14:00,4551.320,6009.783,40674.037
2026-01-02T14:00Z,2026-01-02 15:00,1846.593,6116.080,40041.285
2026-01-02T15:00Z,2026-01-02 16:00,173.560,6198.415,39511.696
2026-01-02T16:00Z,2026-01-02 17:00,0.000,6287.215,38952.549
2026-01-02T17:00Z,2026-01-02 18:00,0.000,6310.962,38204.414
2026-01-02T18:00Z,2026-01-02 19:00,0.000,6246.073,37332.336
2026-01-02T19:00Z,2026-01-02 20:00,0.000,6130.795,36405.305
2026-01-02T20:00Z,2026-01-02 21:00,0.000,6086.350,35214.356
2026-01-02T21:00Z,2026-01-02 22:00,0.000,5718.230,33274.910
2026-01-02T22:00Z,2026-01-02 23:00,0.000,5190.185,32074.363
2026-01-02T23:00Z,2026-01-03 00:00,0.000,4987.642,31195.975
2026-01-03T00:00Z,2026-01-03 01:00,0.000,4354.538,30216.778
2026-01-03T01:00Z,2026-01-03 02:00,0.000,3689.865,29372.594
2026-01-03T02:00Z,2026-01-03 03:00,0.000,3063.740,28853.754
2026-01-03T03:00Z,2026-01-03 04:00,0.000,2610.510,28524.890
2026-01-03T04:00Z,2026-01-03 05:00,0.000,2417.537,28172.240
2026-01-03T05:00Z,2026-01-03 06:00,0.000,2446.100,28016.633
2026-01-03T06:00Z,2026-01-03 07:00,0.000,2567.178,27012.395
2026-01-03T07:00Z,2026-01-03 08:00,511.272,2731.550,26269.140
2026-01-03T08:00Z,2026-01-03 09:00,2894.546,3099.360,25348.305
2026-01-03T09:00Z,2026-01-03 10:00,6002.360,3724.970,24285.785
2026-01-03T10:00Z,2026-01-03 11:00,8256.840,4502.148,23730.794
2026-01-03T11:00Z,2026-01-03 12:00,8862.895,5257.115,23745.533
2026-01-03T12:00Z,2026-01-03 13:00,7566.619,5818.003,23943.053
2026-01-03T13:00Z,2026-01-03 14:00,4911.576,6052.702,24208.463
2026-01-03T14:00Z,2026-01-03 15:00,1950.727,6182.370,24908.591
2026-01-03T15:00Z,2026-01-03 16:00,217.216,6118.012,26257.259
2026-01-03T16:00Z,2026-01-03 17:00,0.000,6057.510,27462.545
2026-01-03T17:00Z,2026-01-03 18:00,0.000,6026.440,28101.939
2026-01-03T18:00Z,2026-01-03 19:00,0.000,5898.667,28349.712
2026-01-03T19:00Z,2026-01-03 20:00,0.000,5570.155,28420.207
2026-01-03T20:00Z,2026-01-03 21:00,0.000,5085.235,28090.119
2026-01-03T21:00Z,2026-01-03 22:00,0.000,4659.155,27069.780
2026-01-03T22:00Z,2026-01-03 23:00,0.000,4428.358,26684.249
2026-01-03T23:00Z,2026-01-04 00:00,0.000,4185.797,26240.724
2026-01-04T00:00Z,2026-01-04 01:00,0.000,3836.265,26352.358
2026-01-04T01:00Z,2026-01-04 02:00,0.000,3513.165,25948.689
2026-01-04T02:00Z,2026-01-04 03:00,0.000,3239.985,25260.217
2026-01-04T03:00Z,2026-01-04 04:00,0.000,3023.302,24400.130
2026-01-04T04:00Z,2026-01-04 05:00,0.000,2764.970,23495.130
2026-01-04T05:00Z,2026-01-04 06:00,0.000,2467.160,23211.522
2026-01-04T06:00Z,2026-01-04 07:00,0.000,2162.872,22327.867
2026-01-04T07:00Z,2026-01-04 08:00,516.735,1933.737,21853.859
2026-01-04T08:00Z,2026-01-04 09:00,3134.464,1787.173,21397.473
2026-01-04T09:00Z,2026-01-04 10:00,6415.306,1804.612,20659.625
2026-01-04T10:00Z,2026-01-04 11:00,8778.218,1995.298,19988.109
2026-01-04T11:00Z,2026-01-04 12:00,9358.966,2307.863,19326.136
2026-01-04T12:00Z,2026-01-04 13:00,8252.356,2722.750,18579.139
2026-01-04T13:00Z,2026-01-04 14:00,5576.011,3074.758,17714.421
2026-01-04T14:00Z,2026-01-04 15:00,2295.198,3351.565,17300.185
2026-01-04T15:00Z,2026-01-04 16:00,239.354,3483.770,17556.195
2026-01-04T16:00Z,2026-01-04 17:00,0.000,3405.440,18205.020
2026-01-04T17:00Z,2026-01-04 18:00,0.000,3251.923,18651.797
2026-01-04T18:00Z,2026-01-04 19:00,0.000,3043.827,18889.123
2026-01-04T19:00Z,2026-01-04 20:00,0.000,2837.235,19251.897
2026-01-04T20:00Z,2026-01-04 21:00,0.000,2651.613,19248.133
2026-01-04T21:00Z,2026-01-04 22:00,0.000,2415.170,18582.542
2026-01-04T22:00Z,2026-01-04 23:00,0.000,2197.992,18050.340
2026-01-04T23:00Z,2026-01-05 00:00,0.000,1764.463,15271.089
2026-01-05T00:00Z,2026-01-05 01:00,0.000,1671.568,14966.863
2026-01-05T01:00Z,2026-01-05 02:00,0.000,1624.285,14804.011
2026-01-05T02:00Z,2026-01-05 03:00,0.000,1594.040,14901.651
2026-01-05T03:00Z,2026-01-05 04:00,0.000,1539.467,14963.916
2026-01-05T04:00Z,2026-01-05 05:00,0.000,1446.835,14811.909
2026-01-05T05:00Z,2026-01-05 06:00,0.000,1389.428,14934.539
2026-01-05T06:00Z,2026-01-05 07:00,0.000,1289.307,14768.810
2026-01-05T07:00Z,2026-01-05 08:00,468.748,1253.840,14696.882
2026-01-05T08:00Z,2026-01-05 09:00,2831.255,1261.358,14372.716
2026-01-05T09:00Z,2026-01-05 10:00,5686.245,1320.452,13209.176
2026-01-05T10:00Z,2026-01-05 11:00,7825.911,1462.965,11633.279
2026-01-05T11:00Z,2026-01-05 12:00,8347.262,1586.495,10188.663
2026-01-05T12:00Z,2026-01-05 13:00,7259.754,1678.717,9070.552
2026-01-05T13:00Z,2026-01-05 14:00,4903.212,1740.863,8529.773
2026-01-05T14:00Z,2026-01-05 15:00,2117.811,1993.165,8655.122
2026-01-05T15:00Z,2026-01-05 16:00,244.232,2356.480,9492.157
2026-01-05T16:00Z,2026-01-05 17:00,0.000,2712.648,10354.488
2026-01-05T17:00Z,2026-01-05 18:00,0.000,2979.710,10819.856
2026-01-05T18:00Z,2026-01-05 19:00,0.000,2990.550,10783.048
2026-01-05T19:00Z,2026-01-05 20:00,0.000,2784.122,10463.407
2026-01-05T20:00Z,2026-01-05 21:00,0.000,2500.105,10025.201
2026-01-05T21:00Z,2026-01-05 22:00,0.000,2183.820,9458.785
2026-01-05T22:00Z,2026-01-05 23:00,0.000,1824.525,8969.439
2026-01-05T23:00Z,2026-01-06 00:00,0.000,2131.210,7663.993
2026-01-06T00:00Z,2026-01-06 01:00,0.000,1861.108,7147.653
2026-01-06T01:00Z,2026-01-06 02:00,0.000,1641.188,6705.580
2026-01-06T02:00Z,2026-01-06 03:00,0.000,1425.320,6342.300
2026-01-06T03:00Z,2026-01-06 04:00,0.000,1196.330,5996.733
2026-01-06T04:00Z,2026-01-06 05:00,0.000,1032.818,5595.872
2026-01-06T05:00Z,2026-01-06 06:00,0.000,943.930,5264.324
2026-01-06T06:00Z,2026-01-06 07:00,0.000,991.245,5034.924
2026-01-06T07:00Z,2026-01-06 08:00,386.416,1140.295,4978.150
2026-01-06T08:00Z,2026-01-06 09:00,2340.116,1377.298,4963.140
2026-01-06T09:00Z,2026-01-06 10:00,4890.336,1573.827,4802.587
2026-01-06T10:00Z,2026-01-06 11:00,6699.630,1749.678,4858.643
2026-01-06T11:00Z,2026-01-06 12:00,7196.358,1972.088,5334.691
2026-01-06T12:00Z,2026-01-06 13:00,6317.340,2174.780,5906.009
2026-01-06T13:00Z,2026-01-06 14:00,4294.311,2267.610,6571.514
2026-01-06T14:00Z,2026-01-06 15:00,1848.400,2222.915,7626.757
2026-01-06T15:00Z,2026-01-06 16:00,202.787,2104.775,9063.355
2026-01-06T16:00Z,2026-01-06 17:00,0.000,2071.720,10525.793
2026-01-06T17:00Z,2026-01-06 18:00,0.000,2100.278,11555.041
2026-01-06T18:00Z,2026-01-06 19:00,0.000,2196.395,12449.412
2026-01-06T19:00Z,2026-01-06 20:00,0.000,2478.267,13307.559
2026-01-06T20:00Z,2026-01-06 21:00,0.000,2928.695,13963.010
2026-01-06T21:00Z,2026-01-06 22:00,0.000,3474.588,14375.051
2026-01-06T22:00Z,2026-01-06 23:00,0.000,4036.953,14955.281
2026-01-06T23:00Z,2026-01-07 00:00,0.000,5704.657,15093.207
2026-01-07T00:00Z,2026-01-07 01:00,0.000,5945.493,16233.623
2026-01-07T01:00Z,2026-01-07 02:00,0.000,6007.023,17218.521
2026-01-07T02:00Z,2026-01-07 03:00,0.000,6040.438,18199.588
2026-01-07T03:00Z,2026-01-07 04:00,0.000,5907.818,19320.016
2026-01-07T04:00Z,2026-01-07 05:00,0.000,5839.827,20577.761
2026-01-07T05:00Z,2026-01-07 06:00,0.000,5670.745,22457.138
2026-01-07T06:00Z,2026-01-07 07:00,0.000,5564.575,23871.517
2026-01-07T07:00Z,2026-01-07 08:00,512.512,5509.695,25272.517
2026-01-07T08:00Z,2026-01-07 09:00,3047.460,5400.770,26324.649
2026-01-07T09:00Z,2026-01-07 10:00,6368.802,5312.760,26314.612
2026-01-07T10:00Z,2026-01-07 11:00,9189.591,5334.092,25632.784
2026-01-07T11:00Z,2026-01-07 12:00,10047.260,5394.227,25283.299
2026-01-07T12:00Z,2026-01-07 13:00,8767.708,5494.587,25467.729
2026-01-07T13:00Z,2026-01-07 14:00,5717.365,5625.500,26161.870
2026-01-07T14:00Z,2026-01-07 15:00,2386.443,5757.618,27367.930
2026-01-07T15:00Z,2026-01-07 16:00,263.571,5857.085,28728.561
2026-01-07T16:00Z,2026-01-07 17:00,0.000,5873.358,29596.063
2026-01-07T17:00Z,2026-01-07 18:00,0.000,5791.505,29859.853
2026-01-07T18:00Z,2026-01-07 19:00,0.000,5645.635,29734.205
2026-01-07T19:00Z,2026-01-07 20:00,0.000,5501.788,29554.073
2026-01-07T20:00Z,2026-01-07 21:00,0.000,5319.778,28971.208
2026-01-07T21:00Z,2026-01-07 22:00,0.000,5177.915,27514.908
2026-01-07T22:00Z,2026-01-07 23:00,0.000,4862.000,26603.489
2026-01-07T23:00Z,2026-01-08 00:00,0.000,3847.747,25600.524
2026-01-08T00:00Z,2026-01-08 01:00,0.000,3364.405,24446.093
2026-01-08T01:00Z,2026-01-08 02:00,0.000,2891.263,23516.939
2026-01-08T02:00Z,2026-01-08 03:00,0.000,2489.660,22665.681
2026-01-08T03:00Z,2026-01-08 04:00,0.000,2150.617,21710.513
2026-01-08T04:00Z,2026-01-08 05:00,0.000,1910.005,20619.709
2026-01-08T05:00Z,2026-01-08 06:00,0.000,1773.410,19830.793
2026-01-08T06:00Z,2026-01-08 07:00,0.000,1632.490,18445.710
2026-01-08T07:00Z,2026-01-08 08:00,230.473,1483.300,17131.108
2026-01-08T08:00Z,2026-01-08 09:00,1236.341,1385.665,15709.264
2026-01-08T09:00Z,2026-01-08 10:00,2617.632,1322.500,13887.451
2026-01-08T10:00Z,2026-01-08 11:00,3585.363,1283.420,11832.290
2026-01-08T11:00Z,2026-01-08 12:00,3618.705,1268.943,9983.697
2026-01-08T12:00Z,2026-01-08 13:00,3004.759,1266.882,8514.480
2026-01-08T13:00Z,2026-01-08 14:00,1930.544,1285.582,7768.382
2026-01-08T14:00Z,2026-01-08 15:00,793.650,1402.037,7926.494
2026-01-08T15:00Z,2026-01-08 16:00,134.613,1617.547,8907.556
2026-01-08T16:00Z,2026-01-08 17:00,0.000,1902.910,10261.086
2026-01-08T17:00Z,2026-01-08 18:00,0.000,2259.245,11643.566
2026-01-08T18:00Z,2026-01-08 19:00,0.000,2666.632,13240.279
2026-01-08T19:00Z,2026-01-08 20:00,0.000,3278.918,15443.607
2026-01-08T20:00Z,2026-01-08 21:00,0.000,4079.132,18332.111
2026-01-08T21:00Z,2026-01-08 22:00,0.000,5039.403,21555.133
2026-01-08T22:00Z,2026-01-08 23:00,0.000,6000.415,25785.505
2026-01-08T23:00Z,2026-01-09 00:00,0.000,6656.538,29336.475
2026-01-09T00:00Z,2026-01-09 01:00,0.000,6353.158,32641.217
2026-01-09T01:00Z,2026-01-09 02:00,0.000,6039.435,35402.314
2026-01-09T02:00Z,2026-01-09 03:00,0.000,5434.745,37381.348
2026-01-09T03:00Z,2026-01-09 04:00,0.000,4849.825,38637.004
2026-01-09T04:00Z,2026-01-09 05:00,0.000,4609.057,39555.728
2026-01-09T05:00Z,2026-01-09 06:00,0.000,4459.052,40786.423
2026-01-09T06:00Z,2026-01-09 07:00,0.000,4265.438,40681.035
2026-01-09T07:00Z,2026-01-09 08:00,243.124,4049.182,40636.110
2026-01-09T08:00Z,2026-01-09 09:00,1516.465,3839.648,40767.072
2026-01-09T09:00Z,2026-01-09 10:00,3246.029,3738.352,41021.744
2026-01-09T10:00Z,2026-01-09 11:00,4655.223,3710.262,41070.799
2026-01-09T11:00Z,2026-01-09 12:00,5137.170,3725.710,41047.975
2026-01-09T12:00Z,2026-01-09 13:00,4427.167,3793.713,41208.411
2026-01-09T13:00Z,2026-01-09 14:00,3062.578,3783.315,41063.595
2026-01-09T14:00Z,2026-01-09 15:00,1407.816,3891.222,40714.081
2026-01-09T15:00Z,2026-01-09 16:00,224.417,4101.645,40515.876
2026-01-09T16:00Z,2026-01-09 17:00,0.000,4189.238,40127.579
2026-01-09T17:00Z,2026-01-09 18:00,0.000,4216.235,39639.793
2026-01-09T18:00Z,2026-01-09 19:00,0.000,4219.583,39141.737
2026-01-09T19:00Z,2026-01-09 20:00,0.000,4255.780,38666.362
2026-01-09T20:00Z,2026-01-09 21:00,0.000,4305.167,38126.588
2026-01-09T21:00Z,2026-01-09 22:00,0.000,4384.525,36940.207
2026-01-09T22:00Z,2026-01-09 23:00,0.000,4476.750,36456.490
2026-01-09T23:00Z,2026-01-10 00:00,0.000,4798.765,36232.881
2026-01-10T00:00Z,2026-01-10 01:00,0.000,4888.352,35628.983
2026-01-10T01:00Z,2026-01-10 02:00,0.000,5010.052,34982.701
2026-01-10T02:00Z,2026-01-10 03:00,0.000,5319.380,34420.048
2026-01-10T03:00Z,2026-01-10 04:00,0.000,5895.425,33796.336
2026-01-10T04:00Z,2026-01-10 05:00,0.000,6092.387,33018.221
2026-01-10T05:00Z,2026-01-10 06:00,0.000,6209.788,32395.792
2026-01-10T06:00Z,2026-01-10 07:00,0.000,6197.612,30545.872
2026-01-10T07:00Z,2026-01-10 08:00,187.165,6341.115,28626.257
2026-01-10T08:00Z,2026-01-10 09:00,951.560,6452.257,26372.651
2026-01-10T09:00Z,2026-01-10 10:00,2018.110,6562.775,23550.228
2026-01-10T10:00Z,2026-01-10 11:00,3027.280,6749.285,20846.549
2026-01-10T11:00Z,2026-01-10 12:00,3452.343,6445.590,18250.129
2026-01-10T12:00Z,2026-01-10 13:00,3177.529,5858.145,16263.315
2026-01-10T13:00Z,2026-01-10 14:00,2269.004,5158.630,15296.957
2026-01-10T14:00Z,2026-01-10 15:00,1007.873,4465.052,15099.636
2026-01-10T15:00Z,2026-01-10 16:00,171.462,3843.675,15262.158
2026-01-10T16:00Z,2026-01-10 17:00,0.000,3335.562,15354.550
2026-01-10T17:00Z,2026-01-10 18:00,0.000,2893.733,15026.349
2026-01-10T18:00Z,2026-01-10 19:00,0.000,2534.882,14369.670
2026-01-10T19:00Z,2026-01-10 20:00,0.000,2215.230,13637.840
2026-01-10T20:00Z,2026-01-10 21:00,0.000,1925.855,12844.753
2026-01-10T21:00Z,2026-01-10 22:00,0.000,1708.053,11891.421
2026-01-10T22:00Z,2026-01-10 23:00,0.000,1556.688,11229.958
2026-01-10T23:00Z,2026-01-11 00:00,0.000,1417.310,10191.480
2026-01-11T00:00Z,2026-01-11 01:00,0.000,1373.402,10055.276
2026-01-11T01:00Z,2026-01-11 02:00,0.000,1345.755,9920.375
2026-01-11T02:00Z,2026-01-11 03:00,0.000,1337.102,9746.011
2026-01-11T03:00Z,2026-01-11 04:00,0.000,1344.125,9616.860
2026-01-11T04:00Z,2026-01-11 05:00,0.000,1389.237,9645.376
2026-01-11T05:00Z,2026-01-11 06:00,0.000,1460.035,9891.020
2026-01-11T06:00Z,2026-01-11 07:00,0.000,1554.945,9897.871
2026-01-11T07:00Z,2026-01-11 08:00,588.447,1687.920,9942.176
2026-01-11T08:00Z,2026-01-11 09:00,3414.737,1870.898,9831.635
2026-01-11T09:00Z,2026-01-11 10:00,6965.790,2139.595,9354.886
2026-01-11T10:00Z,2026-01-11 11:00,9972.814,2527.495,8597.267
2026-01-11T11:00Z,2026-01-11 12:00,11083.004,3013.658,7871.235
2026-01-11T12:00Z,2026-01-11 13:00,9970.095,3519.770,7333.287
2026-01-11T13:00Z,2026-01-11 14:00,6877.091,4006.758,7114.238
2026-01-11T14:00Z,2026-01-11 15:00,3031.640,4511.240,7540.603
2026-01-11T15:00Z,2026-01-11 16:00,415.768,4957.222,8525.418
2026-01-11T16:00Z,2026-01-11 17:00,0.000,5304.743,9876.837
2026-01-11T17:00Z,2026-01-11 18:00,0.000,5505.618,11164.913
2026-01-11T18:00Z,2026-01-11 19:00,0.000,5512.110,12402.763
2026-01-11T19:00Z,2026-01-11 20:00,0.000,5517.158,13899.432
2026-01-11T20:00Z,2026-01-11 21:00,0.000,5477.253,15521.742
2026-01-11T21:00Z,2026-01-11 22:00,0.000,5424.595,16666.445
2026-01-11T22:00Z,2026-01-11 23:00,0.000,5328.578,17830.963
2026-01-11T23:00Z,2026-01-12 00:00,0.000,5881.903,18973.357
2026-01-12T00:00Z,2026-01-12 01:00,0.000,5825.530,19965.779
2026-01-12T01:00Z,2026-01-12 02:00,0.000,5774.583,20891.548
2026-01-12T02:00Z,2026-01-12 03:00,0.000,5607.905,21719.208
2026-01-12T03:00Z,2026-01-12 04:00,0.000,5424.568,22499.373
2026-01-12T04:00Z,2026-01-12 05:00,0.000,5322.815,23352.487
2026-01-12T05:00Z,2026-01-12 06:00,0.000,5329.343,24438.623
2026-01-12T06:00Z,2026-01-12 07:00,0.000,5357.135,24596.835
2026-01-12T07:00Z,2026-01-12 08:00,145.119,5395.575,24465.511
2026-01-12T08:00Z,2026-01-12 09:00,644.490,5389.115,23850.987
2026-01-12T09:00Z,2026-01-12 10:00,1361.985,5391.358,22888.817
2026-01-12T10:00Z,2026-01-12 11:00,1987.601,5539.167,21890.841
2026-01-12T11:00Z,2026-01-12 12:00,2184.565,5490.167,20840.147
2026-01-12T12:00Z,2026-01-12 13:00,1899.221,5415.118,19794.683
2026-01-12T13:00Z,2026-01-12 14:00,1298.571,5534.980,18969.967
2026-01-12T14:00Z,2026-01-12 15:00,600.296,5567.485,18483.600
2026-01-12T15:00Z,2026-01-12 16:00,136.823,5696.620,18705.576
2026-01-12T16:00Z,2026-01-12 17:00,0.000,5895.262,19510.501
2026-01-12T17:00Z,2026-01-12 18:00,0.000,6031.852,20468.736
2026-01-12T18:00Z,2026-01-12 19:00,0.000,6007.035,21065.092
2026-01-12T19:00Z,2026-01-12 20:00,0.000,5878.795,21439.693
2026-01-12T20:00Z,2026-01-12 21:00,0.000,5734.738,21480.553
2026-01-12T21:00Z,2026-01-12 22:00,0.000,5452.128,20850.466
2026-01-12T22:00Z,2026-01-12 23:00,0.000,5210.565,20395.150
2026-01-12T23:00Z,2026-01-13 00:00,0.000,5746.340,20073.543
2026-01-13T00:00Z,2026-01-13 01:00,0.000,5582.425,19757.000
2026-01-13T01:00Z,2026-01-13 02:00,0.000,5303.262,19463.663
2026-01-13T02:00Z,2026-01-13 03:00,0.000,5011.300,19027.083
2026-01-13T03:00Z,2026-01-13 04:00,0.000,4777.188,18434.618
2026-01-13T04:00Z,2026-01-13 05:00,0.000,4508.983,17537.142
2026-01-13T05:00Z,2026-01-13 06:00,0.000,4264.055,16651.977
2026-01-13T06:00Z,2026-01-13 07:00,0.000,4128.895,15421.620
2026-01-13T07:00Z,2026-01-13 08:00,300.280,4033.835,14422.307
2026-01-13T08:00Z,2026-01-13 09:00,1709.454,3857.025,13396.937
2026-01-13T09:00Z,2026-01-13 10:00,3635.406,3828.265,12401.871
2026-01-13T10:00Z,2026-01-13 11:00,5677.415,4031.395,11669.385
2026-01-13T11:00Z,2026-01-13 12:00,7024.779,4230.495,11164.939
2026-01-13T12:00Z,2026-01-13 13:00,6874.366,4321.225,10804.435
2026-01-13T13:00Z,2026-01-13 14:00,5130.976,4383.445,10974.159
2026-01-13T14:00Z,2026-01-13 15:00,2534.171,4406.923,11743.637
2026-01-13T15:00Z,2026-01-13 16:00,412.468,4514.840,13377.774
2026-01-13T16:00Z,2026-01-13 17:00,0.000,4845.020,15785.306
2026-01-13T17:00Z,2026-01-13 18:00,0.000,5226.685,18411.258
2026-01-13T18:00Z,2026-01-13 19:00,0.000,5536.163,21094.292
2026-01-13T19:00Z,2026-01-13 20:00,0.000,5768.052,23837.800
2026-01-13T20:00Z,2026-01-13 21:00,0.000,5856.835,25995.588
2026-01-13T21:00Z,2026-01-13 22:00,0.000,5890.480,26965.273
2026-01-13T22:00Z,2026-01-13 23:00,0.000,5886.340,27851.353
2026-01-13T23:00Z,2026-01-14 00:00,0.000,5269.805,27498.041
2026-01-14T00:00Z,2026-01-14 01:00,0.000,4496.403,27568.694
2026-01-14T01:00Z,2026-01-14 02:00,0.000,3863.615,27308.038
2026-01-14T02:00Z,2026-01-14 03:00,0.000,3481.570,26938.542
2026-01-14T03:00Z,2026-01-14 04:00,0.000,3411.395,26622.576
2026-01-14T04:00Z,2026-01-14 05:00,0.000,3465.533,26340.744
2026-01-14T05:00Z,2026-01-14 06:00,0.000,3558.510,26330.590
2026-01-14T06:00Z,2026-01-14 07:00,0.004,3664.778,25573.544
2026-01-14T07:00Z,2026-01-14 08:00,357.395,3678.398,24682.988
2026-01-14T08:00Z,2026-01-14 09:00,1961.300,3607.762,23504.202
2026-01-14T09:00Z,2026-01-14 10:00,4055.517,3553.428,22103.373
2026-01-14T10:00Z,2026-01-14 11:00,6032.450,3511.175,20491.400
2026-01-14T11:00Z,2026-01-14 12:00,7111.047,3421.375,18790.767
2026-01-14T12:00Z,2026-01-14 13:00,6728.068,3271.975,16856.622
2026-01-14T13:00Z,2026-01-14 14:00,4792.692,2938.435,14564.135
2026-01-14T14:00Z,2026-01-14 15:00,2256.925,2502.642,12350.346
2026-01-14T15:00Z,2026-01-14 16:00,362.691,2143.255,10658.321
2026-01-14T16:00Z,2026-01-14 17:00,11.135,1913.160,9471.414
2026-01-14T17:00Z,2026-01-14 18:00,0.000,1810.017,8450.646
2026-01-14T18:00Z,2026-01-14 19:00,0.000,1772.557,7786.970
2026-01-14T19:00Z,2026-01-14 20:00,0.000,1786.410,7363.890
2026-01-14T20:00Z,2026-01-14 21:00,0.000,1890.660,7251.427
2026-01-14T21:00Z,2026-01-14 22:00,0.000,2071.365,7502.584
2026-01-14T22:00Z,2026-01-14 23:00,0.000,2341.500,8221.026
2026-01-14T23:00Z,2026-01-15 00:00,0.000,2902.110,9656.452
2026-01-15T00:00Z,2026-01-15 01:00,0.000,3265.778,11490.906
2026-01-15T01:00Z,2026-01-15 02:00,0.000,3733.730,13214.786
2026-01-15T02:00Z,2026-01-15 03:00,0.000,4258.727,14757.943
2026-01-15T03:00Z,2026-01-15 04:00,0.000,4552.740,16032.678
2026-01-15T04:00Z,2026-01-15 05:00,0.000,4779.765,17130.013
2026-01-15T05:00Z,2026-01-15 06:00,0.000,4936.075,18600.750
2026-01-15T06:00Z,2026-01-15 07:00,0.005,5085.770,19760.686
2026-01-15T07:00Z,2026-01-15 08:00,399.480,5244.722,20833.863
2026-01-15T08:00Z,2026-01-15 09:00,2408.968,5386.712,21448.212
2026-01-15T09:00Z,2026-01-15 10:00,5509.388,5435.298,21067.445
2026-01-15T10:00Z,2026-01-15 11:00,8744.531,5355.807,19569.821
2026-01-15T11:00Z,2026-01-15 12:00,10651.742,5176.967,17387.876
2026-01-15T12:00Z,2026-01-15 13:00,10363.724,4889.948,15161.238
2026-01-15T13:00Z,2026-01-15 14:00,7823.087,4518.218,13344.837
2026-01-15T14:00Z,2026-01-15 15:00,3789.443,4156.500,12341.204
2026-01-15T15:00Z,2026-01-15 16:00,621.920,3945.367,12892.689
2026-01-15T16:00Z,2026-01-15 17:00,6.938,3931.870,14916.524
2026-01-15T17:00Z,2026-01-15 18:00,0.000,4199.808,17740.924
2026-01-15T18:00Z,2026-01-15 19:00,0.000,4637.780,20432.182
2026-01-15T19:00Z,2026-01-15 20:00,0.000,5010.432,22838.835
2026-01-15T20:00Z,2026-01-15 21:00,0.000,5270.120,24940.034
2026-01-15T21:00Z,2026-01-15 22:00,0.000,5358.610,26248.630
2026-01-15T22:00Z,2026-01-15 23:00,0.000,5458.735,27998.725
2026-01-15T23:00Z,2026-01-16 00:00,0.000,6368.342,30842.477
2026-01-16T00:00Z,2026-01-16 01:00,0.000,6465.007,31590.177
2026-01-16T01:00Z,2026-01-16 02:00,0.000,6420.950,32181.367
2026-01-16T02:00Z,2026-01-16 03:00,0.000,6415.403,32550.186
2026-01-16T03:00Z,2026-01-16 04:00,0.000,6304.320,32441.750
2026-01-16T04:00Z,2026-01-16 05:00,0.000,6251.807,32058.347
2026-01-16T05:00Z,2026-01-16 06:00,0.000,6193.495,31810.440
2026-01-16T06:00Z,2026-01-16 07:00,0.034,6177.872,30324.382
2026-01-16T07:00Z,2026-01-16 08:00,1191.758,6149.542,28380.792
2026-01-16T08:00Z,2026-01-16 09:00,5995.040,6032.792,25612.362
2026-01-16T09:00Z,2026-01-16 10:00,11751.291,5685.375,21568.016
2026-01-16T10:00Z,2026-01-16 11:00,16228.664,5378.170,16756.115
2026-01-16T11:00Z,2026-01-16 12:00,17997.472,4821.972,12360.731
2026-01-16T12:00Z,2026-01-16 13:00,16069.598,4134.158,9118.291
2026-01-16T13:00Z,2026-01-16 14:00,11127.198,3478.092,7021.968
2026-01-16T14:00Z,2026-01-16 15:00,5145.475,2833.500,6146.035
2026-01-16T15:00Z,2026-01-16 16:00,841.096,2275.430,6660.764
2026-01-16T16:00Z,2026-01-16 17:00,7.950,1918.120,8043.420
2026-01-16T17:00Z,2026-01-16 18:00,0.000,1752.550,9385.416
2026-01-16T18:00Z,2026-01-16 19:00,0.000,1721.555,10199.102
2026-01-16T19:00Z,2026-01-16 20:00,0.000,1758.128,10540.400
2026-01-16T20:00Z,2026-01-16 21:00,0.000,1786.270,10585.998
2026-01-16T21:00Z,2026-01-16 22:00,0.000,1758.033,10527.454
2026-01-16T22:00Z,2026-01-16 23:00,0.000,1661.412,10662.201
2026-01-16T23:00Z,2026-01-17 00:00,0.000,1548.227,11181.929
2026-01-17T00:00Z,2026-01-17 01:00,0.000,1513.348,11640.212
2026-01-17T01:00Z,2026-01-17 02:00,0.000,1503.053,11934.324
2026-01-17T02:00Z,2026-01-17 03:00,0.000,1461.145,11978.597
2026-01-17T03:00Z,2026-01-17 04:00,0.000,1444.818,12050.548
2026-01-17T04:00Z,2026-01-17 05:00,0.000,1549.075,12407.445
2026-01-17T05:00Z,2026-01-17 06:00,0.000,1804.017,13078.284
2026-01-17T06:00Z,2026-01-17 07:00,0.046,2217.830,13201.625
2026-01-17T07:00Z,2026-01-17 08:00,600.322,2670.050,13077.589
2026-01-17T08:00Z,2026-01-17 09:00,3525.957,3023.280,12440.765
2026-01-17T09:00Z,2026-01-17 10:00,7235.374,3279.238,10897.397
2026-01-17T10:00Z,2026-01-17 11:00,10225.251,3340.503,8903.677
2026-01-17T11:00Z,2026-01-17 12:00,11550.847,3208.227,7138.972
2026-01-17T12:00Z,2026-01-17 13:00,10471.260,2965.780,6633.291
2026-01-17T13:00Z,2026-01-17 14:00,7520.036,2723.617,7294.473
2026-01-17T14:00Z,2026-01-17 15:00,3715.258,2600.262,8739.417
2026-01-17T15:00Z,2026-01-17 16:00,681.621,2691.005,10946.145
2026-01-17T16:00Z,2026-01-17 17:00,5.809,3000.543,13247.374
2026-01-17T17:00Z,2026-01-17 18:00,0.000,3409.380,14633.362
2026-01-17T18:00Z,2026-01-17 19:00,0.000,3609.005,15084.660
2026-01-17T19:00Z,2026-01-17 20:00,0.000,3533.100,15084.665
2026-01-17T20:00Z,2026-01-17 21:00,0.000,3413.983,14911.558
2026-01-17T21:00Z,2026-01-17 22:00,0.000,3291.525,14613.202
2026-01-17T22:00Z,2026-01-17 23:00,0.000,3154.685,14630.623
2026-01-17T23:00Z,2026-01-18 00:00,0.000,2471.968,13364.748
2026-01-18T00:00Z,2026-01-18 01:00,0.000,2520.675,13991.768
2026-01-18T01:00Z,2026-01-18 02:00,0.000,2622.670,14418.010
2026-01-18T02:00Z,2026-01-18 03:00,0.000,2620.207,14449.171
2026-01-18T03:00Z,2026-01-18 04:00,0.000,2529.383,14553.446
2026-01-18T04:00Z,2026-01-18 05:00,0.000,2461.198,15054.466
2026-01-18T05:00Z,2026-01-18 06:00,0.000,2422.877,15851.093
2026-01-18T06:00Z,2026-01-18 07:00,0.130,2386.992,16162.053
2026-01-18T07:00Z,2026-01-18 08:00,930.803,2348.865,16548.641
2026-01-18T08:00Z,2026-01-18 09:00,4899.385,2292.282,16464.852
2026-01-18T09:00Z,2026-01-18 10:00,9819.056,2249.630,15187.211
2026-01-18T10:00Z,2026-01-18 11:00,14021.609,2158.745,13218.335
2026-01-18T11:00Z,2026-01-18 12:00,16419.409,1986.845,11576.426
2026-01-18T12:00Z,2026-01-18 13:00,15433.878,1859.370,11298.942
2026-01-18T13:00Z,2026-01-18 14:00,11266.214,1871.807,12235.167
2026-01-18T14:00Z,2026-01-18 15:00,5543.940,2003.088,14089.262
2026-01-18T15:00Z,2026-01-18 16:00,1014.987,2260.285,16628.886
2026-01-18T16:00Z,2026-01-18 17:00,8.182,2609.903,19273.193
2026-01-18T17:00Z,2026-01-18 18:00,0.000,2930.963,20901.063
2026-01-18T18:00Z,2026-01-18 19:00,0.000,3053.215,21377.730
2026-01-18T19:00Z,2026-01-18 20:00,0.000,2967.840,21287.623
2026-01-18T20:00Z,2026-01-18 21:00,0.000,2812.650,20982.374
2026-01-18T21:00Z,2026-01-18 22:00,0.000,2648.435,20384.029
2026-01-18T22:00Z,2026-01-18 23:00,0.000,2503.077,20175.355
2026-01-18T23:00Z,2026-01-19 00:00,0.000,2087.923,17839.910
2026-01-19T00:00Z,2026-01-19 01:00,0.000,1998.765,17793.517
2026-01-19T01:00Z,2026-01-19 02:00,0.000,1883.972,17667.723
2026-01-19T02:00Z,2026-01-19 03:00,0.000,1771.688,17315.229
2026-01-19T03:00Z,2026-01-19 04:00,0.000,1721.072,16870.293
2026-01-19T04:00Z,2026-01-19 05:00,0.000,1767.392,16537.740
2026-01-19T05:00Z,2026-01-19 06:00,0.000,1852.277,16593.089
2026-01-19T06:00Z,2026-01-19 07:00,0.339,1888.648,16277.307
2026-01-19T07:00Z,2026-01-19 08:00,1455.421,1880.597,16096.305
2026-01-19T08:00Z,2026-01-19 09:00,7379.900,1889.473,15647.829
2026-01-19T09:00Z,2026-01-19 10:00,14309.075,1866.017,14090.240
2026-01-19T10:00Z,2026-01-19 11:00,19741.836,1791.153,11402.564
2026-01-19T11:00Z,2026-01-19 12:00,21832.799,1652.775,8971.637
2026-01-19T12:00Z,2026-01-19 13:00,19509.095,1498.410,8137.256
2026-01-19T13:00Z,2026-01-19 14:00,13741.169,1425.950,8744.381
2026-01-19T14:00Z,2026-01-19 15:00,6718.334,1478.332,10243.623
2026-01-19T15:00Z,2026-01-19 16:00,1205.035,1625.058,12052.368
2026-01-19T16:00Z,2026-01-19 17:00,8.927,1774.622,13552.819
2026-01-19T17:00Z,2026-01-19 18:00,0.000,1827.125,14072.719
2026-01-19T18:00Z,2026-01-19 19:00,0.000,1757.865,13771.267
2026-01-19T19:00Z,2026-01-19 20:00,0.000,1592.832,12971.969
2026-01-19T20:00Z,2026-01-19 21:00,0.000,1382.220,11939.074
2026-01-19T21:00Z,2026-01-19 22:00,0.000,1167.827,10882.405
2026-01-19T22:00Z,2026-01-19 23:00,0.000,985.938,10186.847
2026-01-19T23:00Z,2026-01-20 00:00,0.000,1242.892,9626.461
2026-01-20T00:00Z,2026-01-20 01:00,0.000,1160.935,9151.212
2026-01-20T01:00Z,2026-01-20 02:00,0.000,1081.158,8668.682
2026-01-20T02:00Z,2026-01-20 03:00,0.000,1049.685,8159.828
2026-01-20T03:00Z,2026-01-20 04:00,0.000,1054.980,7762.425
2026-01-20T04:00Z,2026-01-20 05:00,0.000,1052.832,7602.955
2026-01-20T05:00Z,2026-01-20 06:00,0.000,1039.963,7769.433
2026-01-20T06:00Z,2026-01-20 07:00,0.533,1041.745,7871.087
2026-01-20T07:00Z,2026-01-20 08:00,1598.591,1103.222,7971.603
2026-01-20T08:00Z,2026-01-20 09:00,7950.793,1224.305,7791.142
2026-01-20T09:00Z,2026-01-20 10:00,15567.296,1322.257,6608.131
2026-01-20T10:00Z,2026-01-20 11:00,21490.202,1281.565,4489.279
2026-01-20T11:00Z,2026-01-20 12:00,23880.840,1107.785,2964.020
2026-01-20T12:00Z,2026-01-20 13:00,21392.373,936.765,2409.538
2026-01-20T13:00Z,2026-01-20 14:00,15140.554,928.072,2479.193
2026-01-20T14:00Z,2026-01-20 15:00,7551.142,1187.517,3242.891
2026-01-20T15:00Z,2026-01-20 16:00,1436.564,1837.150,4861.381
2026-01-20T16:00Z,2026-01-20 17:00,15.681,2788.832,6879.513
2026-01-20T17:00Z,2026-01-20 18:00,0.000,3678.390,8390.717
2026-01-20T18:00Z,2026-01-20 19:00,0.000,4202.807,9065.760
2026-01-20T19:00Z,2026-01-20 20:00,0.000,4239.007,9093.881
2026-01-20T20:00Z,2026-01-20 21:00,0.000,3919.910,8597.315
2026-01-20T21:00Z,2026-01-20 22:00,0.000,3443.673,7936.515
2026-01-20T22:00Z,2026-01-20 23:00,0.000,2988.887,7570.341
2026-01-20T23:00Z,2026-01-21 00:00,0.000,2339.242,8406.163
2026-01-21T00:00Z,2026-01-21 01:00,0.000,2300.418,8578.149
2026-01-21T01:00Z,2026-01-21 02:00,0.000,2387.995,8838.357
2026-01-21T02:00Z,2026-01-21 03:00,0.000,2565.655,9165.638
2026-01-21T03:00Z,2026-01-21 04:00,0.000,2869.920,9585.009
2026-01-21T04:00Z,2026-01-21 05:00,0.000,3320.055,10366.357
2026-01-21T05:00Z,2026-01-21 06:00,0.000,3762.965,11379.821
2026-01-21T06:00Z,2026-01-21 07:00,0.744,4239.033,11638.156
2026-01-21T07:00Z,2026-01-21 08:00,1619.320,4664.477,11330.273
2026-01-21T08:00Z,2026-01-21 09:00,8076.656,4930.747,10661.097
2026-01-21T09:00Z,2026-01-21 10:00,15932.229,4857.225,9360.778
2026-01-21T10:00Z,2026-01-21 11:00,21707.137,4711.920,7539.239
2026-01-21T11:00Z,2026-01-21 12:00,23649.969,4662.403,6118.587
2026-01-21T12:00Z,2026-01-21 13:00,21099.579,4690.230,5867.627
2026-01-21T13:00Z,2026-01-21 14:00,14942.818,4848.052,6493.577
2026-01-21T14:00Z,2026-01-21 15:00,7409.423,5076.173,7943.882
2026-01-21T15:00Z,2026-01-21 16:00,1440.396,5416.795,10380.944
2026-01-21T16:00Z,2026-01-21 17:00,20.079,5649.667,13062.611
2026-01-21T17:00Z,2026-01-21 18:00,0.000,5817.557,14988.572
2026-01-21T18:00Z,2026-01-21 19:00,0.000,5910.500,15901.913
2026-01-21T19:00Z,2026-01-21 20:00,0.000,5993.693,16224.948
2026-01-21T20:00Z,2026-01-21 21:00,0.000,6083.605,16358.833
2026-01-21T21:00Z,2026-01-21 22:00,0.000,6189.330,16260.750
2026-01-21T22:00Z,2026-01-21 23:00,0.000,6247.120,16514.603
2026-01-21T23:00Z,2026-01-22 00:00,0.000,6451.977,17399.042
2026-01-22T00:00Z,2026-01-22 01:00,0.000,6497.725,17631.513
2026-01-22T01:00Z,2026-01-22 02:00,0.000,6555.052,17609.097
2026-01-22T02:00Z,2026-01-22 03:00,0.000,6611.655,17493.773
2026-01-22T03:00Z,2026-01-22 04:00,0.000,6627.550,17435.369
2026-01-22T04:00Z,2026-01-22 05:00,0.000,6637.100,17337.861
2026-01-22T05:00Z,2026-01-22 06:00,0.000,6652.077,17434.415
2026-01-22T06:00Z,2026-01-22 07:00,0.878,6660.887,17060.603
2026-01-22T07:00Z,2026-01-22 08:00,1581.324,6825.695,16525.430
2026-01-22T08:00Z,2026-01-22 09:00,7432.644,6849.275,15513.527
2026-01-22T09:00Z,2026-01-22 10:00,15095.754,6821.042,13769.731
2026-01-22T10:00Z,2026-01-22 11:00,21366.450,6506.230,12112.431
2026-01-22T11:00Z,2026-01-22 12:00,24031.532,6527.727,11054.672
2026-01-22T12:00Z,2026-01-22 13:00,21650.334,6546.330,10792.465
2026-01-22T13:00Z,2026-01-22 14:00,15474.951,6596.222,11185.775
2026-01-22T14:00Z,2026-01-22 15:00,7834.350,6680.140,12109.668
2026-01-22T15:00Z,2026-01-22 16:00,1646.865,6735.182,14048.552
2026-01-22T16:00Z,2026-01-22 17:00,18.367,6757.538,16329.188
2026-01-22T17:00Z,2026-01-22 18:00,0.000,6759.887,17561.341
2026-01-22T18:00Z,2026-01-22 19:00,0.000,6769.620,17779.908
2026-01-22T19:00Z,2026-01-22 20:00,0.000,6774.790,17472.421
2026-01-22T20:00Z,2026-01-22 21:00,0.000,6767.580,16893.151
2026-01-22T21:00Z,2026-01-22 22:00,0.000,6851.188,16103.631
2026-01-22T22:00Z,2026-01-22 23:00,0.000,6823.035,15810.624
2026-01-22T23:00Z,2026-01-23 00:00,0.000,7097.032,16458.026
2026-01-23T00:00Z,2026-01-23 01:00,0.000,7091.390,16689.371
2026-01-23T01:00Z,2026-01-23 02:00,0.000,7072.802,16852.608
2026-01-23T02:00Z,2026-01-23 03:00,0.000,7058.302,17127.073
2026-01-23T03:00Z,2026-01-23 04:00,0.000,7049.827,17541.238
2026-01-23T04:00Z,2026-01-23 05:00,0.000,7024.118,18061.023
2026-01-23T05:00Z,2026-01-23 06:00,0.000,6787.805,18828.517
2026-01-23T06:00Z,2026-01-23 07:00,0.717,6788.935,18981.984
2026-01-23T07:00Z,2026-01-23 08:00,1161.891,6781.828,19200.741
2026-01-23T08:00Z,2026-01-23 09:00,5694.249,6736.435,18692.058
2026-01-23T09:00Z,2026-01-23 10:00,11547.508,6688.443,17257.831
2026-01-23T10:00Z,2026-01-23 11:00,16433.712,6638.145,16030.928
2026-01-23T11:00Z,2026-01-23 12:00,18490.025,6642.057,15383.942
2026-01-23T12:00Z,2026-01-23 13:00,16664.360,6651.805,15642.245
2026-01-23T13:00Z,2026-01-23 14:00,11952.400,6626.302,16654.183
2026-01-23T14:00Z,2026-01-23 15:00,6020.043,6597.602,18278.745
2026-01-23T15:00Z,2026-01-23 16:00,1315.497,6506.955,20784.114
2026-01-23T16:00Z,2026-01-23 17:00,21.701,6479.887,23318.199
2026-01-23T17:00Z,2026-01-23 18:00,0.000,6444.257,24512.816
2026-01-23T18:00Z,2026-01-23 19:00,0.000,6437.615,24448.059
2026-01-23T19:00Z,2026-01-23 20:00,0.000,6457.863,23789.120
2026-01-23T20:00Z,2026-01-23 21:00,0.000,6472.953,22845.392
2026-01-23T21:00Z,2026-01-23 22:00,0.000,6657.262,21373.351
2026-01-23T22:00Z,2026-01-23 23:00,0.000,6661.160,20228.746
2026-01-23T23:00Z,2026-01-24 00:00,0.000,6719.927,19644.693
2026-01-24T00:00Z,2026-01-24 01:00,0.000,6717.395,18646.275
2026-01-24T01:00Z,2026-01-24 02:00,0.000,6930.568,17644.473
2026-01-24T02:00Z,2026-01-24 03:00,0.000,7020.627,16693.461
2026-01-24T03:00Z,2026-01-24 04:00,0.000,6904.675,15808.776
2026-01-24T04:00Z,2026-01-24 05:00,0.000,6932.847,15221.052
2026-01-24T05:00Z,2026-01-24 06:00,0.000,6974.385,15124.075
2026-01-24T06:00Z,2026-01-24 07:00,8.157,6983.855,14705.505
2026-01-24T07:00Z,2026-01-24 08:00,858.390,7042.445,14211.056
2026-01-24T08:00Z,2026-01-24 09:00,3627.147,7043.102,13289.388
2026-01-24T09:00Z,2026-01-24 10:00,7148.130,6990.002,11986.719
2026-01-24T10:00Z,2026-01-24 11:00,10464.997,6883.122,10904.145
2026-01-24T11:00Z,2026-01-24 12:00,12404.824,6769.047,9931.486
2026-01-24T12:00Z,2026-01-24 13:00,12056.461,6658.910,9469.344
2026-01-24T13:00Z,2026-01-24 14:00,9315.173,6630.430,9412.756
2026-01-24T14:00Z,2026-01-24 15:00,5185.679,6685.195,9484.296
2026-01-24T15:00Z,2026-01-24 16:00,1343.091,6759.637,10075.046
2026-01-24T16:00Z,2026-01-24 17:00,35.125,6796.075,11311.119
2026-01-24T17:00Z,2026-01-24 18:00,0.000,6810.812,12386.485
2026-01-24T18:00Z,2026-01-24 19:00,0.000,6719.378,12758.048
2026-01-24T19:00Z,2026-01-24 20:00,0.000,6521.240,12566.576
2026-01-24T20:00Z,2026-01-24 21:00,0.000,6308.592,12002.082
2026-01-24T21:00Z,2026-01-24 22:00,0.000,6070.375,11151.637
2026-01-24T22:00Z,2026-01-24 23:00,0.000,5834.250,10498.759
2026-01-24T23:00Z,2026-01-25 00:00,0.000,5579.562,11019.294
2026-01-25T00:00Z,2026-01-25 01:00,0.000,5286.805,11146.114
2026-01-25T01:00Z,2026-01-25 02:00,0.000,5059.490,11206.455
2026-01-25T02:00Z,2026-01-25 03:00,0.000,5000.417,10919.406
2026-01-25T03:00Z,2026-01-25 04:00,0.000,5048.175,10436.076
2026-01-25T04:00Z,2026-01-25 05:00,0.000,5071.310,10287.761
2026-01-25T05:00Z,2026-01-25 06:00,0.000,5316.032,10494.633
2026-01-25T06:00Z,2026-01-25 07:00,4.863,5629.077,10574.055
2026-01-25T07:00Z,2026-01-25 08:00,496.146,5713.677,10602.801
2026-01-25T08:00Z,2026-01-25 09:00,2409.042,5711.220,10311.489
2026-01-25T09:00Z,2026-01-25 10:00,4787.363,5728.602,9678.442
2026-01-25T10:00Z,2026-01-25 11:00,6645.259,5748.420,9130.023
2026-01-25T11:00Z,2026-01-25 12:00,7263.708,5769.628,8890.389
2026-01-25T12:00Z,2026-01-25 13:00,6481.889,5859.780,9299.913
2026-01-25T13:00Z,2026-01-25 14:00,4673.729,6064.845,10154.009
2026-01-25T14:00Z,2026-01-25 15:00,2453.123,6193.733,11498.023
2026-01-25T15:00Z,2026-01-25 16:00,594.363,6286.920,13138.402
2026-01-25T16:00Z,2026-01-25 17:00,21.666,6374.715,14399.153
2026-01-25T17:00Z,2026-01-25 18:00,0.000,6574.880,14745.326
2026-01-25T18:00Z,2026-01-25 19:00,0.000,6568.815,14350.875
2026-01-25T19:00Z,2026-01-25 20:00,0.000,6605.083,13699.910
2026-01-25T20:00Z,2026-01-25 21:00,0.000,6443.860,13071.326
2026-01-25T21:00Z,2026-01-25 22:00,0.000,6255.670,12543.153
2026-01-25T22:00Z,2026-01-25 23:00,0.000,6100.515,12744.982
2026-01-25T23:00Z,2026-01-26 00:00,0.000,6052.630,12850.461
2026-01-26T00:00Z,2026-01-26 01:00,0.000,6153.943,13421.631
2026-01-26T01:00Z,2026-01-26 02:00,0.000,6445.690,13965.908
2026-01-26T02:00Z,2026-01-26 03:00,0.000,6581.327,14415.642
2026-01-26T03:00Z,2026-01-26 04:00,0.000,6633.315,14710.514
2026-01-26T04:00Z,2026-01-26 05:00,0.000,6686.565,14841.036
2026-01-26T05:00Z,2026-01-26 06:00,0.000,6531.887,15194.843
2026-01-26T06:00Z,2026-01-26 07:00,6.395,6515.938,15301.648
2026-01-26T07:00Z,2026-01-26 08:00,298.723,6494.385,15500.264
2026-01-26T08:00Z,2026-01-26 09:00,1248.924,6397.962,15658.046
2026-01-26T09:00Z,2026-01-26 10:00,2603.938,6252.565,15657.773
2026-01-26T10:00Z,2026-01-26 11:00,3651.039,6088.913,15464.303
2026-01-26T11:00Z,2026-01-26 12:00,3992.115,5879.035,15227.773
2026-01-26T12:00Z,2026-01-26 13:00,3736.275,5684.265,14902.570
2026-01-26T13:00Z,2026-01-26 14:00,2840.277,5544.382,14530.407
2026-01-26T14:00Z,2026-01-26 15:00,1592.895,5445.562,14112.960
2026-01-26T15:00Z,2026-01-26 16:00,459.456,5316.113,13886.226
2026-01-26T16:00Z,2026-01-26 17:00,23.846,5129.118,13660.440
2026-01-26T17:00Z,2026-01-26 18:00,0.000,4983.378,13157.591
2026-01-26T18:00Z,2026-01-26 19:00,0.000,4833.073,12443.822
2026-01-26T19:00Z,2026-01-26 20:00,0.000,4522.780,11598.669
2026-01-26T20:00Z,2026-01-26 21:00,0.000,4353.820,10877.897
2026-01-26T21:00Z,2026-01-26 22:00,0.000,4253.503,10336.826
2026-01-26T22:00Z,2026-01-26 23:00,0.000,4199.898,9878.210
2026-01-26T23:00Z,2026-01-27 00:00,0.000,3077.135,7173.411
2026-01-27T00:00Z,2026-01-27 01:00,0.000,3295.225,6293.884
2026-01-27T01:00Z,2026-01-27 02:00,0.000,3486.802,5647.980
2026-01-27T02:00Z,2026-01-27 03:00,0.000,3862.087,5206.987
2026-01-27T03:00Z,2026-01-27 04:00,0.000,4369.160,4980.221
2026-01-27T04:00Z,2026-01-27 05:00,0.000,4889.608,4915.449
2026-01-27T05:00Z,2026-01-27 06:00,0.000,5422.288,5069.466
2026-01-27T06:00Z,2026-01-27 07:00,9.173,5724.090,5451.995
2026-01-27T07:00Z,2026-01-27 08:00,804.894,6011.417,6126.423
2026-01-27T08:00Z,2026-01-27 09:00,3118.826,6368.613,6769.169
2026-01-27T09:00Z,2026-01-27 10:00,5891.204,6681.432,7264.747
2026-01-27T10:00Z,2026-01-27 11:00,8191.299,6854.080,7865.825
2026-01-27T11:00Z,2026-01-27 12:00,8865.083,6961.392,8714.714
2026-01-27T12:00Z,2026-01-27 13:00,7769.097,7026.182,9920.746
2026-01-27T13:00Z,2026-01-27 14:00,5368.436,7072.305,11844.299
2026-01-27T14:00Z,2026-01-27 15:00,2663.731,7135.115,14154.569
2026-01-27T15:00Z,2026-01-27 16:00,645.182,7176.493,16291.522
2026-01-27T16:00Z,2026-01-27 17:00,27.277,6867.653,17574.584
2026-01-27T17:00Z,2026-01-27 18:00,0.000,6718.373,17803.074
2026-01-27T18:00Z,2026-01-27 19:00,0.000,6656.188,17432.401
2026-01-27T19:00Z,2026-01-27 20:00,0.000,6619.208,16658.939
2026-01-27T20:00Z,2026-01-27 21:00,0.000,6565.653,15764.378
2026-01-27T21:00Z,2026-01-27 22:00,0.000,6576.315,14772.029
2026-01-27T22:00Z,2026-01-27 23:00,0.000,6510.240,14234.199
2026-01-27T23:00Z,2026-01-28 00:00,0.000,6567.538,14096.591
2026-01-28T00:00Z,2026-01-28 01:00,0.000,6675.015,14162.246
2026-01-28T01:00Z,2026-01-28 02:00,0.000,6777.370,14382.023
2026-01-28T02:00Z,2026-01-28 03:00,0.000,6844.775,14432.025
2026-01-28T03:00Z,2026-01-28 04:00,0.000,6928.140,14282.988
2026-01-28T04:00Z,2026-01-28 05:00,0.000,6963.775,14273.425
2026-01-28T05:00Z,2026-01-28 06:00,0.000,6958.458,14503.162
2026-01-28T06:00Z,2026-01-28 07:00,15.623,6880.080,14315.109
2026-01-28T07:00Z,2026-01-28 08:00,512.404,7067.965,14319.772
2026-01-28T08:00Z,2026-01-28 09:00,2006.777,7054.762,14213.333
2026-01-28T09:00Z,2026-01-28 10:00,3819.446,6967.755,13831.586
2026-01-28T10:00Z,2026-01-28 11:00,5272.713,6774.685,13541.873
2026-01-28T11:00Z,2026-01-28 12:00,5573.879,6732.122,13437.773
2026-01-28T12:00Z,2026-01-28 13:00,4800.359,6707.788,13884.334
2026-01-28T13:00Z,2026-01-28 14:00,3366.319,6843.262,14781.860
2026-01-28T14:00Z,2026-01-28 15:00,1738.117,6913.625,15923.210
2026-01-28T15:00Z,2026-01-28 16:00,440.542,6900.528,17226.729
2026-01-28T16:00Z,2026-01-28 17:00,17.679,6813.727,18391.227
2026-01-28T17:00Z,2026-01-28 18:00,0.000,6826.488,19022.582
2026-01-28T18:00Z,2026-01-28 19:00,0.000,6805.865,19120.137
2026-01-28T19:00Z,2026-01-28 20:00,0.000,6789.337,18926.855
2026-01-28T20:00Z,2026-01-28 21:00,0.000,6827.480,18536.432
2026-01-28T21:00Z,2026-01-28 22:00,0.000,7149.337,17643.942
2026-01-28T22:00Z,2026-01-28 23:00,0.000,7043.405,16953.824
2026-01-28T23:00Z,2026-01-29 00:00,0.000,7173.847,17000.593
2026-01-29T00:00Z,2026-01-29 01:00,0.000,7000.533,16064.444
2026-01-29T01:00Z,2026-01-29 02:00,0.000,6879.613,15209.687
2026-01-29T02:00Z,2026-01-29 03:00,0.000,6873.212,14579.489
2026-01-29T03:00Z,2026-01-29 04:00,0.000,6962.688,14200.008
2026-01-29T04:00Z,2026-01-29 05:00,0.000,7025.488,14273.074
2026-01-29T05:00Z,2026-01-29 06:00,0.000,7012.160,14659.731
2026-01-29T06:00Z,2026-01-29 07:00,11.454,6973.167,14325.337
2026-01-29T07:00Z,2026-01-29 08:00,326.969,6972.323,14099.386
2026-01-29T08:00Z,2026-01-29 09:00,1287.269,6971.472,14021.616
2026-01-29T09:00Z,2026-01-29 10:00,2520.117,7038.200,13988.789
2026-01-29T10:00Z,2026-01-29 11:00,3515.626,6930.325,13973.332
2026-01-29T11:00Z,2026-01-29 12:00,3781.965,6901.722,13566.100
2026-01-29T12:00Z,2026-01-29 13:00,3460.886,6843.740,13257.946
2026-01-29T13:00Z,2026-01-29 14:00,2711.083,6754.610,12850.279
2026-01-29T14:00Z,2026-01-29 15:00,1606.930,6703.358,12271.691
2026-01-29T15:00Z,2026-01-29 16:00,507.217,6703.943,12019.739
2026-01-29T16:00Z,2026-01-29 17:00,46.984,6788.690,12410.369
2026-01-29T17:00Z,2026-01-29 18:00,0.000,6877.318,13112.819
2026-01-29T18:00Z,2026-01-29 19:00,0.000,6949.802,13554.424
2026-01-29T19:00Z,2026-01-29 20:00,0.000,6994.710,13725.064
2026-01-29T20:00Z,2026-01-29 21:00,0.000,7044.153,13807.980
2026-01-29T21:00Z,2026-01-29 22:00,0.000,7293.812,13648.186
2026-01-29T22:00Z,2026-01-29 23:00,0.000,7280.743,13639.108
2026-01-29T23:00Z,2026-01-30 00:00,0.000,7229.007,13209.603
2026-01-30T00:00Z,2026-01-30 01:00,0.000,7202.730,13507.771
2026-01-30T01:00Z,2026-01-30 02:00,0.000,7185.180,13752.925
2026-01-30T02:00Z,2026-01-30 03:00,0.000,7196.615,13988.736
2026-01-30T03:00Z,2026-01-30 04:00,0.000,7260.092,14342.737
2026-01-30T04:00Z,2026-01-30 05:00,0.000,7328.427,14826.894
2026-01-30T05:00Z,2026-01-30 06:00,0.000,7344.193,15706.929
2026-01-30T06:00Z,2026-01-30 07:00,12.234,7200.295,16163.052
2026-01-30T07:00Z,2026-01-30 08:00,655.006,7081.382,16733.928
2026-01-30T08:00Z,2026-01-30 09:00,2672.676,6950.790,16964.209
2026-01-30T09:00Z,2026-01-30 10:00,5223.417,6919.680,16669.451
2026-01-30T10:00Z,2026-01-30 11:00,7257.550,6894.685,16314.259
2026-01-30T11:00Z,2026-01-30 12:00,8015.918,6867.085,15990.903
2026-01-30T12:00Z,2026-01-30 13:00,7469.517,6856.205,16213.599
2026-01-30T13:00Z,2026-01-30 14:00,5623.478,6889.025,17134.536
2026-01-30T14:00Z,2026-01-30 15:00,3165.436,6972.630,18533.494
2026-01-30T15:00Z,2026-01-30 16:00,976.436,7210.618,20499.019
2026-01-30T16:00Z,2026-01-30 17:00,51.551,7170.988,22553.485
2026-01-30T17:00Z,2026-01-30 18:00,0.000,6878.815,23878.749
2026-01-30T18:00Z,2026-01-30 19:00,0.000,6875.908,24411.317
2026-01-30T19:00Z,2026-01-30 20:00,0.000,6873.420,24647.080
2026-01-30T20:00Z,2026-01-30 21:00,0.000,6907.950,24551.384
2026-01-30T21:00Z,2026-01-30 22:00,0.000,6947.175,23761.090
2026-01-30T22:00Z,2026-01-30 23:00,0.000,6943.077,23489.595
2026-01-30T23:00Z,2026-01-31 00:00,0.000,7276.007,21094.991
2026-01-31T00:00Z,2026-01-31 01:00,0.000,7274.038,20926.448
2026-01-31T01:00Z,2026-01-31 02:00,0.000,7270.078,21048.887
2026-01-31T02:00Z,2026-01-31 03:00,0.000,7256.868,21264.958
2026-01-31T03:00Z,2026-01-31 04:00,0.000,7235.225,21534.679
2026-01-31T04:00Z,2026-01-31 05:00,0.000,7216.763,21727.441
2026-01-31T05:00Z,2026-01-31 06:00,0.000,7203.145,22139.977
2026-01-31T06:00Z,2026-01-31 07:00,22.749,7185.510,21722.899
2026-01-31T07:00Z,2026-01-31 08:00,746.221,7133.458,21296.927
2026-01-31T08:00Z,2026-01-31 09:00,2739.648,6988.105,20563.532
2026-01-31T09:00Z,2026-01-31 10:00,5341.893,6965.017,19371.152
2026-01-31T10:00Z,2026-01-31 11:00,7666.642,6954.192,18024.691
2026-01-31T11:00Z,2026-01-31 12:00,8782.322,6968.420,16774.698
2026-01-31T12:00Z,2026-01-31 13:00,8523.353,6975.682,16122.870
2026-01-31T13:00Z,2026-01-31 14:00,6747.050,6974.637,16013.853
2026-01-31T14:00Z,2026-01-31 15:00,3881.526,6982.587,16361.130
2026-01-31T15:00Z,2026-01-31 16:00,1179.220,7001.975,17182.740
2026-01-31T16:00Z,2026-01-31 17:00,55.528,7033.948,17992.952
2026-01-31T17:00Z,2026-01-31 18:00,0.000,7006.570,18387.178
2026-01-31T18:00Z,2026-01-31 19:00,0.000,7027.165,18300.250
2026-01-31T19:00Z,2026-01-31 20:00,0.000,7156.583,17870.303
2026-01-31T20:00Z,2026-01-31 21:00,0.000,7228.760,17199.378
2026-01-31T21:00Z,2026-01-31 22:00,0.000,6962.190,16100.075
2026-01-31T22:00Z,2026-01-31 23:00,0.000,6909.432,15326.654
2026-01-31T23:00Z,2026-02-01 00:00,0.000,6952.535,15176.024
2026-02-01T00:00Z,2026-02-01 01:00,0.000,6933.035,14867.560
2026-02-01T01:00Z,2026-02-01 02:00,0.000,6922.448,14560.966
2026-02-01T02:00Z,2026-02-01 03:00,0.000,6938.693,14155.723
2026-02-01T03:00Z,2026-02-01 04:00,0.000,7166.455,13866.665
2026-02-01T04:00Z,2026-02-01 05:00,0.000,7144.932,13801.534
2026-02-01T05:00Z,2026-02-01 06:00,0.000,6926.467,14066.285
2026-02-01T06:00Z,2026-02-01 07:00,14.593,6945.200,14103.623
2026-02-01T07:00Z,2026-02-01 08:00,648.277,6938.095,14311.782
2026-02-01T08:00Z,2026-02-01 09:00,2693.525,6863.980,14327.579
2026-02-01T09:00Z,2026-02-01 10:00,5242.107,6806.323,13891.125
2026-02-01T10:00Z,2026-02-01 11:00,7525.440,6776.193,13150.055
2026-02-01T11:00Z,2026-02-01 12:00,8811.469,6749.010,12656.488
2026-02-01T12:00Z,2026-02-01 13:00,8587.033,6779.253,12818.595
2026-02-01T13:00Z,2026-02-01 14:00,6787.549,6990.102,13398.739
2026-02-01T14:00Z,2026-02-01 15:00,3941.323,7097.200,14238.228
2026-02-01T15:00Z,2026-02-01 16:00,1189.946,7138.767,15578.230
2026-02-01T16:00Z,2026-02-01 17:00,57.092,7008.365,17330.765
2026-02-01T17:00Z,2026-02-01 18:00,0.000,7018.910,18582.356
2026-02-01T18:00Z,2026-02-01 19:00,0.000,7009.110,18938.657
2026-02-01T19:00Z,2026-02-01 20:00,0.000,6989.738,18851.152
2026-02-01T20:00Z,2026-02-01 21:00,0.000,6960.977,18799.450
2026-02-01T21:00Z,2026-02-01 22:00,0.000,6977.898,18701.559
2026-02-01T22:00Z,2026-02-01 23:00,0.000,6980.158,19014.066
2026-02-01T23:00Z,2026-02-02 00:00,0.000,7328.420,21630.227
2026-02-02T00:00Z,2026-02-02 01:00,0.000,7322.108,22374.232
2026-02-02T01:00Z,2026-02-02 02:00,0.000,7316.040,22973.210
2026-02-02T02:00Z,2026-02-02 03:00,0.000,7319.590,23383.094
2026-02-02T03:00Z,2026-02-02 04:00,0.000,7322.302,23735.228
2026-02-02T04:00Z,2026-02-02 05:00,0.000,7323.193,23907.871
2026-02-02T05:00Z,2026-02-02 06:00,0.000,7332.372,24387.950
2026-02-02T06:00Z,2026-02-02 07:00,20.941,7246.460,24344.031
2026-02-02T07:00Z,2026-02-02 08:00,1093.379,7195.880,24295.041
2026-02-02T08:00Z,2026-02-02 09:00,3937.312,7167.688,24066.862
2026-02-02T09:00Z,2026-02-02 10:00,7661.168,6858.795,23564.040
2026-02-02T10:00Z,2026-02-02 11:00,11345.246,6645.073,22609.778
2026-02-02T11:00Z,2026-02-02 12:00,13773.439,6466.760,21978.114
2026-02-02T12:00Z,2026-02-02 13:00,13647.713,6481.363,22170.242
2026-02-02T13:00Z,2026-02-02 14:00,10822.338,6494.210,23056.812
2026-02-02T14:00Z,2026-02-02 15:00,6300.118,6491.952,24458.755
2026-02-02T15:00Z,2026-02-02 16:00,1901.308,6489.257,26617.274
2026-02-02T16:00Z,2026-02-02 17:00,78.312,6481.020,29006.561
2026-02-02T17:00Z,2026-02-02 18:00,0.000,6450.615,30616.797
2026-02-02T18:00Z,2026-02-02 19:00,0.000,6433.710,31267.961
2026-02-02T19:00Z,2026-02-02 20:00,0.000,6442.198,31456.605
2026-02-02T20:00Z,2026-02-02 21:00,0.000,6448.733,31239.868
2026-02-02T21:00Z,2026-02-02 22:00,0.000,6790.085,30361.006
2026-02-02T22:00Z,2026-02-02 23:00,0.000,6790.477,30153.806
2026-02-02T23:00Z,2026-02-03 00:00,0.000,6776.650,29393.742
2026-02-03T00:00Z,2026-02-03 01:00,0.000,6749.673,29791.740
2026-02-03T01:00Z,2026-02-03 02:00,0.000,6722.855,30467.166
2026-02-03T02:00Z,2026-02-03 03:00,0.000,6668.350,31198.207
2026-02-03T03:00Z,2026-02-03 04:00,0.000,6815.952,32139.410
2026-02-03T04:00Z,2026-02-03 05:00,0.000,6789.193,33191.620
2026-02-03T05:00Z,2026-02-03 06:00,0.000,6271.142,34650.132
2026-02-03T06:00Z,2026-02-03 07:00,39.540,6197.985,34802.215
2026-02-03T07:00Z,2026-02-03 08:00,1171.956,6125.362,34873.920
2026-02-03T08:00Z,2026-02-03 09:00,4028.211,6044.188,34352.571
2026-02-03T09:00Z,2026-02-03 10:00,7271.355,5976.430,33093.086
2026-02-03T10:00Z,2026-02-03 11:00,10347.456,5931.445,31724.596
2026-02-03T11:00Z,2026-02-03 12:00,11979.284,5922.542,30544.473
2026-02-03T12:00Z,2026-02-03 13:00,11287.285,5924.720,30067.590
2026-02-03T13:00Z,2026-02-03 14:00,8819.041,5924.042,30061.394
2026-02-03T14:00Z,2026-02-03 15:00,5122.017,5931.060,30602.156
2026-02-03T15:00Z,2026-02-03 16:00,1642.822,6296.585,31439.023
2026-02-03T16:00Z,2026-02-03 17:00,144.943,5931.525,31847.781
2026-02-03T17:00Z,2026-02-03 18:00,0.000,5927.993,31554.080
2026-02-03T18:00Z,2026-02-03 19:00,0.000,5953.555,30775.882
2026-02-03T19:00Z,2026-02-03 20:00,0.000,6005.480,29966.515
2026-02-03T20:00Z,2026-02-03 21:00,0.000,6047.788,28833.768
2026-02-03T21:00Z,2026-02-03 22:00,0.000,6070.210,27047.380
2026-02-03T22:00Z,2026-02-03 23:00,0.000,6077.640,25949.155
2026-02-03T23:00Z,2026-02-04 00:00,0.000,6327.962,23169.287
2026-02-04T00:00Z,2026-02-04 01:00,0.000,6334.365,21868.299
2026-02-04T01:00Z,2026-02-04 02:00,0.000,6400.090,20652.154
2026-02-04T02:00Z,2026-02-04 03:00,0.000,6472.927,19411.996
2026-02-04T03:00Z,2026-02-04 04:00,0.000,6501.805,18376.046
2026-02-04T04:00Z,2026-02-04 05:00,0.000,6488.780,17766.936
2026-02-04T05:00Z,2026-02-04 06:00,0.000,6436.265,17821.717
2026-02-04T06:00Z,2026-02-04 07:00,40.503,6361.858,17777.667
2026-02-04T07:00Z,2026-02-04 08:00,1414.356,6271.828,17763.701
2026-02-04T08:00Z,2026-02-04 09:00,4860.412,6183.065,17380.158
2026-02-04T09:00Z,2026-02-04 10:00,9137.288,6257.095,16523.989
2026-02-04T10:00Z,2026-02-04 11:00,12810.469,6086.033,15410.382
2026-02-04T11:00Z,2026-02-04 12:00,14313.187,6033.920,14529.336
2026-02-04T12:00Z,2026-02-04 13:00,13208.510,5996.118,14353.903
2026-02-04T13:00Z,2026-02-04 14:00,9750.706,5977.990,14890.642
2026-02-04T14:00Z,2026-02-04 15:00,5425.833,5983.153,16281.285
2026-02-04T15:00Z,2026-02-04 16:00,1764.662,5998.392,18615.155
2026-02-04T16:00Z,2026-02-04 17:00,135.545,6012.850,21382.015
2026-02-04T17:00Z,2026-02-04 18:00,0.000,6009.797,23381.233
2026-02-04T18:00Z,2026-02-04 19:00,0.000,6019.995,24083.221
2026-02-04T19:00Z,2026-02-04 20:00,0.000,6043.470,24088.289
2026-02-04T20:00Z,2026-02-04 21:00,0.000,6062.708,23640.070
2026-02-04T21:00Z,2026-02-04 22:00,0.000,6206.948,22491.019
2026-02-04T22:00Z,2026-02-04 23:00,0.000,6226.233,21549.924
2026-02-04T23:00Z,2026-02-05 00:00,0.000,6141.288,22047.296
2026-02-05T00:00Z,2026-02-05 01:00,0.000,6112.493,21393.133
2026-02-05T01:00Z,2026-02-05 02:00,0.000,6079.990,20491.596
2026-02-05T02:00Z,2026-02-05 03:00,0.000,6070.890,19306.952
2026-02-05T03:00Z,2026-02-05 04:00,0.000,6090.347,17968.922
2026-02-05T04:00Z,2026-02-05 05:00,0.000,6121.602,16823.836
2026-02-05T05:00Z,2026-02-05 06:00,0.000,6348.347,16145.402
2026-02-05T06:00Z,2026-02-05 07:00,30.008,6368.993,15311.913
2026-02-05T07:00Z,2026-02-05 08:00,802.680,6411.587,14725.756
2026-02-05T08:00Z,2026-02-05 09:00,2982.819,6362.953,13838.302
2026-02-05T09:00Z,2026-02-05 10:00,5857.450,6232.068,12657.090
2026-02-05T10:00Z,2026-02-05 11:00,8540.674,6236.052,11604.942
2026-02-05T11:00Z,2026-02-05 12:00,10214.012,6267.625,10707.191
2026-02-05T12:00Z,2026-02-05 13:00,10412.514,6303.762,10028.266
2026-02-05T13:00Z,2026-02-05 14:00,8759.387,6397.288,9615.807
2026-02-05T14:00Z,2026-02-05 15:00,5518.988,6607.015,9564.663
2026-02-05T15:00Z,2026-02-05 16:00,1976.497,6621.702,9933.601
2026-02-05T16:00Z,2026-02-05 17:00,150.606,6605.948,10750.741
2026-02-05T17:00Z,2026-02-05 18:00,0.000,6555.365,11487.761
2026-02-05T18:00Z,2026-02-05 19:00,0.000,6443.850,11746.107
2026-02-05T19:00Z,2026-02-05 20:00,0.000,6276.333,11832.851
2026-02-05T20:00Z,2026-02-05 21:00,0.000,6083.140,11649.851
2026-02-05T21:00Z,2026-02-05 22:00,0.000,5868.985,11150.428
2026-02-05T22:00Z,2026-02-05 23:00,0.000,5592.215,10694.942
2026-02-05T23:00Z,2026-02-06 00:00,0.000,6349.765,10283.812
2026-02-06T00:00Z,2026-02-06 01:00,0.000,6144.100,9761.895
2026-02-06T01:00Z,2026-02-06 02:00,0.000,5930.278,9062.112
2026-02-06T02:00Z,2026-02-06 03:00,0.000,5786.365,8241.311
2026-02-06T03:00Z,2026-02-06 04:00,0.000,5721.415,7439.159
2026-02-06T04:00Z,2026-02-06 05:00,0.000,5753.823,6905.224
2026-02-06T05:00Z,2026-02-06 06:00,0.000,5890.847,6768.629
2026-02-06T06:00Z,2026-02-06 07:00,36.474,6030.438,6866.610
2026-02-06T07:00Z,2026-02-06 08:00,742.337,6062.780,6876.680
2026-02-06T08:00Z,2026-02-06 09:00,2705.071,5944.970,6553.875
2026-02-06T09:00Z,2026-02-06 10:00,4991.903,5727.675,5994.619
2026-02-06T10:00Z,2026-02-06 11:00,6728.890,5417.355,5460.017
2026-02-06T11:00Z,2026-02-06 12:00,7359.777,5077.545,4984.899
2026-02-06T12:00Z,2026-02-06 13:00,6773.769,4913.695,4809.094
2026-02-06T13:00Z,2026-02-06 14:00,5202.464,4955.370,4925.014
2026-02-06T14:00Z,2026-02-06 15:00,3079.504,5107.448,5356.108
2026-02-06T15:00Z,2026-02-06 16:00,1077.500,5334.113,6111.415
2026-02-06T16:00Z,2026-02-06 17:00,97.805,5589.243,7053.757
2026-02-06T17:00Z,2026-02-06 18:00,0.000,5740.238,7790.101
2026-02-06T18:00Z,2026-02-06 19:00,0.000,5791.788,8139.758
2026-02-06T19:00Z,2026-02-06 20:00,0.000,5717.450,8191.772
2026-02-06T20:00Z,2026-02-06 21:00,0.000,5534.105,8041.363
2026-02-06T21:00Z,2026-02-06 22:00,0.000,5253.443,7732.613
2026-02-06T22:00Z,2026-02-06 23:00,0.000,4980.515,7501.450
2026-02-06T23:00Z,2026-02-07 00:00,0.000,5343.120,6639.064
2026-02-07T00:00Z,2026-02-07 01:00,0.000,5281.097,6510.782
2026-02-07T01:00Z,2026-02-07 02:00,0.000,5287.052,6265.195
2026-02-07T02:00Z,2026-02-07 03:00,0.000,5210.472,5924.387
2026-02-07T03:00Z,2026-02-07 04:00,0.000,5069.188,5527.366
2026-02-07T04:00Z,2026-02-07 05:00,0.000,4969.150,5093.375
2026-02-07T05:00Z,2026-02-07 06:00,0.000,4884.955,4732.551
2026-02-07T06:00Z,2026-02-07 07:00,45.302,4726.517,4454.465
2026-02-07T07:00Z,2026-02-07 08:00,998.107,4509.235,4191.262
2026-02-07T08:00Z,2026-02-07 09:00,3547.858,4255.105,3842.890
2026-02-07T09:00Z,2026-02-07 10:00,6843.528,4007.352,3356.305
2026-02-07T10:00Z,2026-02-07 11:00,9735.874,3783.392,2831.197
2026-02-07T11:00Z,2026-02-07 12:00,10933.875,3596.670,2499.519
2026-02-07T12:00Z,2026-02-07 13:00,10342.038,3479.403,2452.700
2026-02-07T13:00Z,2026-02-07 14:00,8305.878,3477.122,2581.054
2026-02-07T14:00Z,2026-02-07 15:00,5336.935,3653.512,2884.938
2026-02-07T15:00Z,2026-02-07 16:00,2038.003,3991.068,3406.507
2026-02-07T16:00Z,2026-02-07 17:00,206.279,4384.595,4056.181
2026-02-07T17:00Z,2026-02-07 18:00,0.000,4742.818,4680.998
2026-02-07T18:00Z,2026-02-07 19:00,0.000,5044.110,5051.007
2026-02-07T19:00Z,2026-02-07 20:00,0.000,5262.230,5232.313
2026-02-07T20:00Z,2026-02-07 21:00,0.000,5395.017,5412.406
2026-02-07T21:00Z,2026-02-07 22:00,0.000,5433.373,5448.537
2026-02-07T22:00Z,2026-02-07 23:00,0.000,5399.900,5426.315
2026-02-07T23:00Z,2026-02-08 00:00,0.000,5908.865,5939.061
2026-02-08T00:00Z,2026-02-08 01:00,0.000,6177.295,5839.032
2026-02-08T01:00Z,2026-02-08 02:00,0.000,6433.160,5742.171
2026-02-08T02:00Z,2026-02-08 03:00,0.000,6647.635,5649.919
2026-02-08T03:00Z,2026-02-08 04:00,0.000,6834.352,5697.748
2026-02-08T04:00Z,2026-02-08 05:00,0.000,6984.368,5910.127
2026-02-08T05:00Z,2026-02-08 06:00,0.000,7090.948,6207.576
2026-02-08T06:00Z,2026-02-08 07:00,56.388,7137.995,6410.440
2026-02-08T07:00Z,2026-02-08 08:00,902.883,7111.302,6493.228
2026-02-08T08:00Z,2026-02-08 09:00,2974.155,7021.422,6357.022
2026-02-08T09:00Z,2026-02-08 10:00,5508.893,6907.158,5982.503
2026-02-08T10:00Z,2026-02-08 11:00,7900.641,6789.325,5560.212
2026-02-08T11:00Z,2026-02-08 12:00,9540.075,6682.997,5159.987
2026-02-08T12:00Z,2026-02-08 13:00,9767.434,6623.315,4979.230
2026-02-08T13:00Z,2026-02-08 14:00,8282.296,6598.802,5066.112
2026-02-08T14:00Z,2026-02-08 15:00,5418.194,6620.260,5345.551
2026-02-08T15:00Z,2026-02-08 16:00,2062.437,6686.892,5878.176
2026-02-08T16:00Z,2026-02-08 17:00,205.440,6754.757,6811.063
2026-02-08T17:00Z,2026-02-08 18:00,0.000,6728.988,7775.999
2026-02-08T18:00Z,2026-02-08 19:00,0.000,6597.872,8276.093
2026-02-08T19:00Z,2026-02-08 20:00,0.000,6374.845,8253.189
2026-02-08T20:00Z,2026-02-08 21:00,0.000,6054.368,7967.240
2026-02-08T21:00Z,2026-02-08 22:00,0.000,5630.585,7555.373
2026-02-08T22:00Z,2026-02-08 23:00,0.000,5134.970,7190.728
2026-02-08T23:00Z,2026-02-09 00:00,0.000,4884.425,6277.862
2026-02-09T00:00Z,2026-02-09 01:00,0.000,4551.610,6128.390
2026-02-09T01:00Z,2026-02-09 02:00,0.000,4189.565,5970.938
2026-02-09T02:00Z,2026-02-09 03:00,0.000,3831.903,5779.768
2026-02-09T03:00Z,2026-02-09 04:00,0.000,3572.190,5669.880
2026-02-09T04:00Z,2026-02-09 05:00,0.000,3463.177,5741.901
2026-02-09T05:00Z,2026-02-09 06:00,0.000,3475.495,6003.491
2026-02-09T06:00Z,2026-02-09 07:00,71.412,3606.445,6238.755
2026-02-09T07:00Z,2026-02-09 08:00,1207.619,3743.927,6298.601
2026-02-09T08:00Z,2026-02-09 09:00,3913.713,3679.110,6023.961
2026-02-09T09:00Z,2026-02-09 10:00,7203.481,3385.710,5527.694
2026-02-09T10:00Z,2026-02-09 11:00,10108.639,3009.213,4933.963
2026-02-09T11:00Z,2026-02-09 12:00,11720.654,2673.122,4269.190
2026-02-09T12:00Z,2026-02-09 13:00,11502.324,2445.155,3849.409
2026-02-09T13:00Z,2026-02-09 14:00,9458.764,2370.742,3676.577
2026-02-09T14:00Z,2026-02-09 15:00,6045.572,2457.618,3815.878
2026-02-09T15:00Z,2026-02-09 16:00,2295.639,2701.360,4472.302
2026-02-09T16:00Z,2026-02-09 17:00,224.332,3024.587,5882.424
2026-02-09T17:00Z,2026-02-09 18:00,0.000,3262.467,7455.980
2026-02-09T18:00Z,2026-02-09 19:00,0.000,3293.243,8338.982
2026-02-09T19:00Z,2026-02-09 20:00,0.000,3096.225,8471.682
2026-02-09T20:00Z,2026-02-09 21:00,0.000,2823.247,8247.428
2026-02-09T21:00Z,2026-02-09 22:00,0.000,2614.387,7805.158
2026-02-09T22:00Z,2026-02-09 23:00,0.000,2522.182,7418.206
2026-02-09T23:00Z,2026-02-10 00:00,0.000,2437.240,8000.376
2026-02-10T00:00Z,2026-02-10 01:00,0.000,2353.375,7990.106
2026-02-10T01:00Z,2026-02-10 02:00,0.000,2335.920,8089.964
2026-02-10T02:00Z,2026-02-10 03:00,0.000,2355.835,8299.412
2026-02-10T03:00Z,2026-02-10 04:00,0.000,2393.762,8722.763
2026-02-10T04:00Z,2026-02-10 05:00,0.000,2496.207,9349.614
2026-02-10T05:00Z,2026-02-10 06:00,0.000,2640.688,10194.978
2026-02-10T06:00Z,2026-02-10 07:00,141.365,2765.820,10721.447
2026-02-10T07:00Z,2026-02-10 08:00,2125.870,2866.387,11068.646
2026-02-10T08:00Z,2026-02-10 09:00,6359.261,2938.707,10812.582
2026-02-10T09:00Z,2026-02-10 10:00,11165.637,2975.312,9697.412
2026-02-10T10:00Z,2026-02-10 11:00,15187.188,3036.275,8444.772
2026-02-10T11:00Z,2026-02-10 12:00,16797.802,3065.057,7812.768
2026-02-10T12:00Z,2026-02-10 13:00,15353.162,3094.812,7797.713
2026-02-10T13:00Z,2026-02-10 14:00,11319.041,3210.398,8215.737
2026-02-10T14:00Z,2026-02-10 15:00,6273.871,3413.515,9163.353
2026-02-10T15:00Z,2026-02-10 16:00,2073.898,3716.347,10835.683
2026-02-10T16:00Z,2026-02-10 17:00,195.851,4048.743,12827.400
2026-02-10T17:00Z,2026-02-10 18:00,0.000,4287.405,14543.519
2026-02-10T18:00Z,2026-02-10 19:00,0.000,4387.682,15662.593
2026-02-10T19:00Z,2026-02-10 20:00,0.000,4367.635,16090.700
2026-02-10T20:00Z,2026-02-10 21:00,0.000,4245.003,15973.979
2026-02-10T21:00Z,2026-02-10 22:00,0.000,3992.465,15398.341
2026-02-10T22:00Z,2026-02-10 23:00,0.000,3751.415,15006.782
2026-02-10T23:00Z,2026-02-11 00:00,0.000,3286.100,15792.786
2026-02-11T00:00Z,2026-02-11 01:00,0.000,3261.950,15371.587
2026-02-11T01:00Z,2026-02-11 02:00,0.000,3371.238,15029.891
2026-02-11T02:00Z,2026-02-11 03:00,0.000,3557.860,14755.699
2026-02-11T03:00Z,2026-02-11 04:00,0.000,3829.517,14810.782
2026-02-11T04:00Z,2026-02-11 05:00,0.000,4142.755,15246.646
2026-02-11T05:00Z,2026-02-11 06:00,0.000,4308.365,15717.025
2026-02-11T06:00Z,2026-02-11 07:00,95.754,4380.517,15500.694
2026-02-11T07:00Z,2026-02-11 08:00,966.225,4396.198,15255.109
2026-02-11T08:00Z,2026-02-11 09:00,2853.827,4322.488,15137.663
2026-02-11T09:00Z,2026-02-11 10:00,5083.746,4194.550,15071.840
2026-02-11T10:00Z,2026-02-11 11:00,6736.818,4029.960,14973.568
2026-02-11T11:00Z,2026-02-11 12:00,7211.438,3804.525,14890.227
2026-02-11T12:00Z,2026-02-11 13:00,6663.039,3613.165,15000.351
2026-02-11T13:00Z,2026-02-11 14:00,5411.625,3570.045,14994.546
2026-02-11T14:00Z,2026-02-11 15:00,3417.896,3704.600,15090.428
2026-02-11T15:00Z,2026-02-11 16:00,1266.968,3946.765,15513.110
2026-02-11T16:00Z,2026-02-11 17:00,182.380,4273.535,16219.233
2026-02-11T17:00Z,2026-02-11 18:00,0.000,4617.052,17047.729
2026-02-11T18:00Z,2026-02-11 19:00,0.000,4912.800,17874.679
2026-02-11T19:00Z,2026-02-11 20:00,0.000,5172.057,18710.476
2026-02-11T20:00Z,2026-02-11 21:00,0.000,5384.385,19291.350
2026-02-11T21:00Z,2026-02-11 22:00,0.000,5555.298,19319.608
2026-02-11T22:00Z,2026-02-11 23:00,0.000,5721.948,19159.582
2026-02-11T23:00Z,2026-02-12 00:00,0.000,6651.430,17820.875
2026-02-12T00:00Z,2026-02-12 01:00,0.000,6690.542,17209.993
2026-02-12T01:00Z,2026-02-12 02:00,0.000,6664.658,16879.557
2026-02-12T02:00Z,2026-02-12 03:00,0.000,6601.833,16975.505
2026-02-12T03:00Z,2026-02-12 04:00,0.000,6484.240,17196.117
2026-02-12T04:00Z,2026-02-12 05:00,0.000,6381.528,17164.487
2026-02-12T05:00Z,2026-02-12 06:00,0.000,6306.788,17277.051
2026-02-12T06:00Z,2026-02-12 07:00,144.843,6245.835,16905.600
2026-02-12T07:00Z,2026-02-12 08:00,1423.165,6160.190,16315.807
2026-02-12T08:00Z,2026-02-12 09:00,4087.922,5986.325,15374.000
2026-02-12T09:00Z,2026-02-12 10:00,6896.281,5816.120,14319.957
2026-02-12T10:00Z,2026-02-12 11:00,8778.338,5699.530,13762.915
2026-02-12T11:00Z,2026-02-12 12:00,9168.016,5639.148,13730.122
2026-02-12T12:00Z,2026-02-12 13:00,8037.572,5611.805,14111.967
2026-02-12T13:00Z,2026-02-12 14:00,5976.075,5630.483,14758.397
2026-02-12T14:00Z,2026-02-12 15:00,3611.999,5728.610,15363.480
2026-02-12T15:00Z,2026-02-12 16:00,1391.199,5918.650,15814.164
2026-02-12T16:00Z,2026-02-12 17:00,191.520,6136.710,16409.881
2026-02-12T17:00Z,2026-02-12 18:00,0.000,6327.852,17268.373
2026-02-12T18:00Z,2026-02-12 19:00,0.000,6504.555,18152.781
2026-02-12T19:00Z,2026-02-12 20:00,0.000,6607.445,18977.935
2026-02-12T20:00Z,2026-02-12 21:00,0.000,6631.332,19590.359
2026-02-12T21:00Z,2026-02-12 22:00,0.000,6608.908,19899.791
2026-02-12T22:00Z,2026-02-12 23:00,0.000,6595.972,20451.968
2026-02-12T23:00Z,2026-02-13 00:00,0.000,6644.267,24304.483
2026-02-13T00:00Z,2026-02-13 01:00,0.000,6313.903,24236.132
2026-02-13T01:00Z,2026-02-13 02:00,0.000,5955.083,23993.984
2026-02-13T02:00Z,2026-02-13 03:00,0.000,5616.783,23664.571
2026-02-13T03:00Z,2026-02-13 04:00,0.000,5248.358,23181.306
2026-02-13T04:00Z,2026-02-13 05:00,0.000,4986.180,22351.146
2026-02-13T05:00Z,2026-02-13 06:00,0.000,4782.750,21298.293
2026-02-13T06:00Z,2026-02-13 07:00,194.595,4584.788,19079.055
2026-02-13T07:00Z,2026-02-13 08:00,2084.644,4376.247,16829.884
2026-02-13T08:00Z,2026-02-13 09:00,5585.397,4164.802,14911.936
2026-02-13T09:00Z,2026-02-13 10:00,8790.399,3927.543,13247.320
2026-02-13T10:00Z,2026-02-13 11:00,11229.771,3661.785,11481.273
2026-02-13T11:00Z,2026-02-13 12:00,12442.028,3412.912,9784.589
2026-02-13T12:00Z,2026-02-13 13:00,11937.943,3218.625,8439.290
2026-02-13T13:00Z,2026-02-13 14:00,9556.580,3100.868,7262.273
2026-02-13T14:00Z,2026-02-13 15:00,5981.639,3076.945,6207.910
2026-02-13T15:00Z,2026-02-13 16:00,2304.020,3137.358,5604.861
2026-02-13T16:00Z,2026-02-13 17:00,288.081,3247.193,5585.149
2026-02-13T17:00Z,2026-02-13 18:00,0.000,3359.453,5898.404
2026-02-13T18:00Z,2026-02-13 19:00,0.000,3395.033,6110.851
2026-02-13T19:00Z,2026-02-13 20:00,0.000,3268.512,6211.263
2026-02-13T20:00Z,2026-02-13 21:00,0.000,3018.585,6338.706
2026-02-13T21:00Z,2026-02-13 22:00,0.000,2701.925,6542.231
2026-02-13T22:00Z,2026-02-13 23:00,0.000,2403.250,6952.119
2026-02-13T23:00Z,2026-02-14 00:00,0.000,2889.057,8816.439
2026-02-14T00:00Z,2026-02-14 01:00,0.000,2660.642,9828.952
2026-02-14T01:00Z,2026-02-14 02:00,0.000,2520.258,10464.045
2026-02-14T02:00Z,2026-02-14 03:00,0.000,2440.640,10736.580
2026-02-14T03:00Z,2026-02-14 04:00,0.000,2380.582,10929.948
2026-02-14T04:00Z,2026-02-14 05:00,0.000,2271.258,11202.188
2026-02-14T05:00Z,2026-02-14 06:00,0.000,2054.198,11472.564
2026-02-14T06:00Z,2026-02-14 07:00,168.936,1761.688,11311.375
2026-02-14T07:00Z,2026-02-14 08:00,1401.058,1434.737,11090.280
2026-02-14T08:00Z,2026-02-14 09:00,3760.864,1117.535,10763.980
2026-02-14T09:00Z,2026-02-14 10:00,6221.943,861.942,10489.492
2026-02-14T10:00Z,2026-02-14 11:00,7895.010,679.438,10146.603
2026-02-14T11:00Z,2026-02-14 12:00,8168.565,552.840,9846.608
2026-02-14T12:00Z,2026-02-14 13:00,7279.803,459.663,9819.389
2026-02-14T13:00Z,2026-02-14 14:00,5629.921,406.043,10006.636
2026-02-14T14:00Z,2026-02-14 15:00,3538.974,376.752,10090.725
2026-02-14T15:00Z,2026-02-14 16:00,1458.047,350.288,9871.471
2026-02-14T16:00Z,2026-02-14 17:00,214.844,331.420,9538.780
2026-02-14T17:00Z,2026-02-14 18:00,0.000,335.330,9145.726
2026-02-14T18:00Z,2026-02-14 19:00,0.000,369.160,8463.898
2026-02-14T19:00Z,2026-02-14 20:00,0.000,450.660,7560.226
2026-02-14T20:00Z,2026-02-14 21:00,0.000,608.745,6501.686
2026-02-14T21:00Z,2026-02-14 22:00,0.000,856.648,5488.652
2026-02-14T22:00Z,2026-02-14 23:00,0.000,1179.102,4579.381
2026-02-14T23:00Z,2026-02-15 00:00,0.000,2103.912,2896.783
2026-02-15T00:00Z,2026-02-15 01:00,0.000,2525.323,2485.772
2026-02-15T01:00Z,2026-02-15 02:00,0.000,2899.205,2293.862
2026-02-15T02:00Z,2026-02-15 03:00,0.000,3226.480,2275.819
2026-02-15T03:00Z,2026-02-15 04:00,0.000,3497.845,2418.364
2026-02-15T04:00Z,2026-02-15 05:00,0.000,3724.080,2729.726
2026-02-15T05:00Z,2026-02-15 06:00,0.000,3964.140,3293.795
2026-02-15T06:00Z,2026-02-15 07:00,315.607,4368.915,4052.175
2026-02-15T07:00Z,2026-02-15 08:00,3673.626,4907.368,4968.320
2026-02-15T08:00Z,2026-02-15 09:00,10281.585,5369.467,5454.375
2026-02-15T09:00Z,2026-02-15 10:00,17104.469,5563.020,5609.598
2026-02-15T10:00Z,2026-02-15 11:00,21572.732,5576.778,6476.793
2026-02-15T11:00Z,2026-02-15 12:00,22853.108,5681.165,7891.849
2026-02-15T12:00Z,2026-02-15 13:00,21288.455,5849.983,9751.658
2026-02-15T13:00Z,2026-02-15 14:00,17006.742,5986.247,12117.935
2026-02-15T14:00Z,2026-02-15 15:00,10611.526,6095.198,14749.892
2026-02-15T15:00Z,2026-02-15 16:00,4088.516,6224.632,17811.592
2026-02-15T16:00Z,2026-02-15 17:00,497.410,6231.177,21969.232
2026-02-15T17:00Z,2026-02-15 18:00,0.000,6351.500,26301.024
2026-02-15T18:00Z,2026-02-15 19:00,0.000,6516.812,29617.003
2026-02-15T19:00Z,2026-02-15 20:00,0.000,6677.068,31920.668
2026-02-15T20:00Z,2026-02-15 21:00,0.000,6796.190,33168.084
2026-02-15T21:00Z,2026-02-15 22:00,0.000,6838.655,32916.377
2026-02-15T22:00Z,2026-02-15 23:00,0.000,6871.570,33377.825
2026-02-15T23:00Z,2026-02-16 00:00,0.000,6849.290,32957.895
2026-02-16T00:00Z,2026-02-16 01:00,0.000,6866.653,33007.629
2026-02-16T01:00Z,2026-02-16 02:00,0.000,6846.815,32908.122
2026-02-16T02:00Z,2026-02-16 03:00,0.000,6777.012,32697.675
2026-02-16T03:00Z,2026-02-16 04:00,0.000,6589.765,32470.950
2026-02-16T04:00Z,2026-02-16 05:00,0.000,6315.708,32179.071
2026-02-16T05:00Z,2026-02-16 06:00,0.000,5941.135,32451.579
2026-02-16T06:00Z,2026-02-16 07:00,162.579,5478.585,31194.916
2026-02-16T07:00Z,2026-02-16 08:00,1610.599,5148.480,29975.687
2026-02-16T08:00Z,2026-02-16 09:00,4338.433,4813.815,28442.063
2026-02-16T09:00Z,2026-02-16 10:00,7238.629,4583.827,26410.464
2026-02-16T10:00Z,2026-02-16 11:00,9505.950,4191.512,24668.303
2026-02-16T11:00Z,2026-02-16 12:00,10543.697,3814.605,22898.377
2026-02-16T12:00Z,2026-02-16 13:00,9973.686,3514.363,21450.739
2026-02-16T13:00Z,2026-02-16 14:00,8154.206,3333.102,20008.776
2026-02-16T14:00Z,2026-02-16 15:00,5308.813,3247.688,18772.370
2026-02-16T15:00Z,2026-02-16 16:00,2320.192,3169.405,18129.349
2026-02-16T16:00Z,2026-02-16 17:00,371.291,3096.677,18102.020
2026-02-16T17:00Z,2026-02-16 18:00,0.000,3049.033,18234.211
2026-02-16T18:00Z,2026-02-16 19:00,0.000,3052.392,18399.333
2026-02-16T19:00Z,2026-02-16 20:00,0.000,3086.648,18549.414
2026-02-16T20:00Z,2026-02-16 21:00,0.000,3093.905,18404.396
2026-02-16T21:00Z,2026-02-16 22:00,0.000,3080.523,17837.881
2026-02-16T22:00Z,2026-02-16 23:00,0.000,3136.757,17426.657
2026-02-16T23:00Z,2026-02-17 00:00,0.000,2485.447,14517.546
2026-02-17T00:00Z,2026-02-17 01:00,0.000,2548.610,14305.803
2026-02-17T01:00Z,2026-02-17 02:00,0.000,2738.802,14316.285
2026-02-17T02:00Z,2026-02-17 03:00,0.000,2932.863,14398.161
2026-02-17T03:00Z,2026-02-17 04:00,0.000,3066.120,14403.405
2026-02-17T04:00Z,2026-02-17 05:00,0.000,3253.930,14294.431
2026-02-17T05:00Z,2026-02-17 06:00,0.000,3475.530,14282.693
2026-02-17T06:00Z,2026-02-17 07:00,185.599,3685.832,14056.736
2026-02-17T07:00Z,2026-02-17 08:00,1671.348,3766.390,14075.325
2026-02-17T08:00Z,2026-02-17 09:00,4527.052,3690.568,14168.893
2026-02-17T09:00Z,2026-02-17 10:00,7498.294,3515.730,14261.254
2026-02-17T10:00Z,2026-02-17 11:00,9958.628,3180.012,14477.097
2026-02-17T11:00Z,2026-02-17 12:00,11476.647,2836.363,14861.022
2026-02-17T12:00Z,2026-02-17 13:00,11701.561,2622.305,15464.761
2026-02-17T13:00Z,2026-02-17 14:00,10543.676,2475.310,15910.911
2026-02-17T14:00Z,2026-02-17 15:00,7421.994,2473.688,16033.241
2026-02-17T15:00Z,2026-02-17 16:00,3305.004,2808.615,16352.681
2026-02-17T16:00Z,2026-02-17 17:00,551.853,3486.957,17432.999
2026-02-17T17:00Z,2026-02-17 18:00,0.000,4220.655,18666.960
2026-02-17T18:00Z,2026-02-17 19:00,0.000,4646.905,19599.231
2026-02-17T19:00Z,2026-02-17 20:00,0.000,4680.185,20582.940
2026-02-17T20:00Z,2026-02-17 21:00,0.000,4401.577,21280.951
2026-02-17T21:00Z,2026-02-17 22:00,0.000,3871.380,21192.748
2026-02-17T22:00Z,2026-02-17 23:00,0.000,3295.318,20811.794
2026-02-17T23:00Z,2026-02-18 00:00,0.000,3281.233,16152.772
2026-02-18T00:00Z,2026-02-18 01:00,0.000,2802.885,14703.872
2026-02-18T01:00Z,2026-02-18 02:00,0.000,2276.095,13060.596
2026-02-18T02:00Z,2026-02-18 03:00,0.000,1777.668,11352.021
2026-02-18T03:00Z,2026-02-18 04:00,0.000,1302.160,9510.807
2026-02-18T04:00Z,2026-02-18 05:00,0.000,933.925,7596.130
2026-02-18T05:00Z,2026-02-18 06:00,0.000,709.303,5966.192
2026-02-18T06:00Z,2026-02-18 07:00,352.445,571.683,4492.861
2026-02-18T07:00Z,2026-02-18 08:00,2507.019,470.772,3269.615
2026-02-18T08:00Z,2026-02-18 09:00,6050.055,417.705,2330.672
2026-02-18T09:00Z,2026-02-18 10:00,9948.462,439.710,1831.583
2026-02-18T10:00Z,2026-02-18 11:00,13351.283,523.710,1679.570
2026-02-18T11:00Z,2026-02-18 12:00,15312.787,629.295,1758.992
2026-02-18T12:00Z,2026-02-18 13:00,15252.682,745.920,2146.722
2026-02-18T13:00Z,2026-02-18 14:00,12775.338,896.930,2973.847
2026-02-18T14:00Z,2026-02-18 15:00,8268.395,1131.530,4336.261
2026-02-18T15:00Z,2026-02-18 16:00,3449.901,1575.535,6178.641
2026-02-18T16:00Z,2026-02-18 17:00,548.227,2286.412,8624.240
2026-02-18T17:00Z,2026-02-18 18:00,0.000,3004.883,11270.424
2026-02-18T18:00Z,2026-02-18 19:00,0.000,3574.492,13547.150
2026-02-18T19:00Z,2026-02-18 20:00,0.000,4068.645,15615.342
2026-02-18T20:00Z,2026-02-18 21:00,0.000,4440.733,17123.049
2026-02-18T21:00Z,2026-02-18 22:00,0.000,4688.910,17720.643
2026-02-18T22:00Z,2026-02-18 23:00,0.000,4892.792,18332.292
2026-02-18T23:00Z,2026-02-19 00:00,0.000,5914.775,21600.395
2026-02-19T00:00Z,2026-02-19 01:00,0.000,6048.048,22315.063
2026-02-19T01:00Z,2026-02-19 02:00,0.000,6189.610,22918.215
2026-02-19T02:00Z,2026-02-19 03:00,0.000,6286.517,23427.363
2026-02-19T03:00Z,2026-02-19 04:00,0.000,6281.858,23809.442
2026-02-19T04:00Z,2026-02-19 05:00,0.000,6282.363,24052.805
2026-02-19T05:00Z,2026-02-19 06:00,0.000,6306.642,24616.214
2026-02-19T06:00Z,2026-02-19 07:00,316.366,6258.693,24398.712
2026-02-19T07:00Z,2026-02-19 08:00,2058.919,6196.455,23998.521
2026-02-19T08:00Z,2026-02-19 09:00,5042.928,5990.722,22898.435
2026-02-19T09:00Z,2026-02-19 10:00,8164.836,5983.012,21400.316
2026-02-19T10:00Z,2026-02-19 11:00,10590.454,5991.257,20399.634
2026-02-19T11:00Z,2026-02-19 12:00,11755.123,5970.905,19987.467
2026-02-19T12:00Z,2026-02-19 13:00,11598.530,5970.932,20238.163
2026-02-19T13:00Z,2026-02-19 14:00,10182.335,5991.448,20684.530
2026-02-19T14:00Z,2026-02-19 15:00,6835.440,5984.040,21335.192
2026-02-19T15:00Z,2026-02-19 16:00,2891.155,6024.825,22483.369
2026-02-19T16:00Z,2026-02-19 17:00,418.607,6082.870,23893.876
2026-02-19T17:00Z,2026-02-19 18:00,6.831,6116.215,24772.153
2026-02-19T18:00Z,2026-02-19 19:00,0.000,6230.910,24925.305
2026-02-19T19:00Z,2026-02-19 20:00,0.000,6198.637,24507.442
2026-02-19T20:00Z,2026-02-19 21:00,0.000,6163.885,23788.172
2026-02-19T21:00Z,2026-02-19 22:00,0.000,6138.312,22521.423
2026-02-19T22:00Z,2026-02-19 23:00,0.000,6117.743,21576.246
2026-02-19T23:00Z,2026-02-20 00:00,0.000,6306.793,19386.774
2026-02-20T00:00Z,2026-02-20 01:00,0.000,6239.450,18162.103
2026-02-20T01:00Z,2026-02-20 02:00,0.000,6198.670,16438.062
2026-02-20T02:00Z,2026-02-20 03:00,0.000,6184.578,14846.242
2026-02-20T03:00Z,2026-02-20 04:00,0.000,6198.435,14298.715
2026-02-20T04:00Z,2026-02-20 05:00,0.000,6276.975,14450.696
2026-02-20T05:00Z,2026-02-20 06:00,0.000,6346.135,15096.013
2026-02-20T06:00Z,2026-02-20 07:00,643.779,6273.892,15502.813
2026-02-20T07:00Z,2026-02-20 08:00,4808.144,6076.282,16077.892
2026-02-20T08:00Z,2026-02-20 09:00,11641.134,6027.323,15789.456
2026-02-20T09:00Z,2026-02-20 10:00,18135.498,6040.312,14466.630
2026-02-20T10:00Z,2026-02-20 11:00,21844.609,5973.745,13690.505
2026-02-20T11:00Z,2026-02-20 12:00,22412.620,5874.188,13674.798
2026-02-20T12:00Z,2026-02-20 13:00,20348.453,5813.075,14199.138
2026-02-20T13:00Z,2026-02-20 14:00,15917.934,5942.570,15076.341
2026-02-20T14:00Z,2026-02-20 15:00,9828.363,6355.517,16300.826
2026-02-20T15:00Z,2026-02-20 16:00,3924.265,6818.368,18350.399
2026-02-20T16:00Z,2026-02-20 17:00,499.997,7123.062,21701.857
2026-02-20T17:00Z,2026-02-20 18:00,5.674,7219.010,25377.256
2026-02-20T18:00Z,2026-02-20 19:00,0.000,7183.835,28481.258
2026-02-20T19:00Z,2026-02-20 20:00,0.000,7130.810,31450.628
2026-02-20T20:00Z,2026-02-20 21:00,0.000,6946.995,33882.936
2026-02-20T21:00Z,2026-02-20 22:00,0.000,6778.172,34805.144
2026-02-20T22:00Z,2026-02-20 23:00,0.000,6634.087,35866.358
2026-02-20T23:00Z,2026-02-21 00:00,0.000,6473.440,34546.165
2026-02-21T00:00Z,2026-02-21 01:00,0.000,6566.325,35002.662
2026-02-21T01:00Z,2026-02-21 02:00,0.000,6581.703,35406.179
2026-02-21T02:00Z,2026-02-21 03:00,0.000,6624.438,35672.585
2026-02-21T03:00Z,2026-02-21 04:00,0.000,6735.483,35851.863
2026-02-21T04:00Z,2026-02-21 05:00,0.000,6764.000,36095.012
2026-02-21T05:00Z,2026-02-21 06:00,0.000,6740.128,37125.711
2026-02-21T06:00Z,2026-02-21 07:00,231.532,6642.753,36447.455
2026-02-21T07:00Z,2026-02-21 08:00,1675.116,6527.155,35655.533
2026-02-21T08:00Z,2026-02-21 09:00,4230.592,6376.837,34809.261
2026-02-21T09:00Z,2026-02-21 10:00,7182.697,6197.243,33957.178
2026-02-21T10:00Z,2026-02-21 11:00,9762.593,6004.810,33420.288
2026-02-21T11:00Z,2026-02-21 12:00,11227.272,5811.405,33105.379
2026-02-21T12:00Z,2026-02-21 13:00,11138.663,5495.198,32935.191
2026-02-21T13:00Z,2026-02-21 14:00,9484.532,5305.185,31930.294
2026-02-21T14:00Z,2026-02-21 15:00,6299.160,4955.698,29927.331
2026-02-21T15:00Z,2026-02-21 16:00,2831.067,4459.830,27378.034
2026-02-21T16:00Z,2026-02-21 17:00,458.534,3853.680,25443.768
2026-02-21T17:00Z,2026-02-21 18:00,5.141,3438.082,24365.853
2026-02-21T18:00Z,2026-02-21 19:00,0.000,3478.273,23602.252
2026-02-21T19:00Z,2026-02-21 20:00,0.000,3912.468,23256.026
2026-02-21T20:00Z,2026-02-21 21:00,0.000,4453.267,23209.986
2026-02-21T21:00Z,2026-02-21 22:00,0.000,5076.988,23243.292
2026-02-21T22:00Z,2026-02-21 23:00,0.000,5660.410,23999.693
2026-02-21T23:00Z,2026-02-22 00:00,0.000,5335.310,26427.146
2026-02-22T00:00Z,2026-02-22 01:00,0.000,5379.102,26483.306
2026-02-22T01:00Z,2026-02-22 02:00,0.000,5439.292,26692.934
2026-02-22T02:00Z,2026-02-22 03:00,0.000,5492.155,27133.909
2026-02-22T03:00Z,2026-02-22 04:00,0.000,5437.953,27634.011
2026-02-22T04:00Z,2026-02-22 05:00,0.000,5507.868,28568.966
2026-02-22T05:00Z,2026-02-22 06:00,0.000,5537.055,30236.346
2026-02-22T06:00Z,2026-02-22 07:00,212.018,5464.665,31071.832
2026-02-22T07:00Z,2026-02-22 08:00,1265.035,5510.290,31929.395
2026-02-22T08:00Z,2026-02-22 09:00,2964.946,5604.060,32565.579
2026-02-22T09:00Z,2026-02-22 10:00,4944.827,5714.097,32960.179
2026-02-22T10:00Z,2026-02-22 11:00,6562.473,5830.740,33381.452
2026-02-22T11:00Z,2026-02-22 12:00,7262.361,5964.280,34149.298
2026-02-22T12:00Z,2026-02-22 13:00,6926.125,6008.997,35419.469
2026-02-22T13:00Z,2026-02-22 14:00,5504.097,5920.177,36168.766
2026-02-22T14:00Z,2026-02-22 15:00,3520.811,5872.210,36533.817
2026-02-22T15:00Z,2026-02-22 16:00,1702.941,5952.887,36729.399
2026-02-22T16:00Z,2026-02-22 17:00,331.868,6045.760,36576.601
2026-02-22T17:00Z,2026-02-22 18:00,6.867,6034.800,36168.216
2026-02-22T18:00Z,2026-02-22 19:00,0.000,6151.892,35764.276
2026-02-22T19:00Z,2026-02-22 20:00,0.000,6384.477,35656.667
2026-02-22T20:00Z,2026-02-22 21:00,0.000,6518.850,35364.395
2026-02-22T21:00Z,2026-02-22 22:00,0.000,6618.648,34033.765
2026-02-22T22:00Z,2026-02-22 23:00,0.000,6646.985,33301.212
2026-02-22T23:00Z,2026-02-23 00:00,0.000,6861.680,32781.074
2026-02-23T00:00Z,2026-02-23 01:00,0.000,6810.602,31768.841
2026-02-23T01:00Z,2026-02-23 02:00,0.000,6842.155,30946.963
2026-02-23T02:00Z,2026-02-23 03:00,0.000,6954.930,30489.497
2026-02-23T03:00Z,2026-02-23 04:00,0.000,7016.148,30491.988
2026-02-23T04:00Z,2026-02-23 05:00,0.000,6939.132,30783.804
2026-02-23T05:00Z,2026-02-23 06:00,0.000,6760.033,31987.044
2026-02-23T06:00Z,2026-02-23 07:00,431.525,6575.410,32608.550
2026-02-23T07:00Z,2026-02-23 08:00,2973.928,6527.677,33529.748
2026-02-23T08:00Z,2026-02-23 09:00,7277.957,6481.490,34775.155
2026-02-23T09:00Z,2026-02-23 10:00,11954.614,6464.490,36192.286
2026-02-23T10:00Z,2026-02-23 11:00,15853.094,6491.805,37212.086
2026-02-23T11:00Z,2026-02-23 12:00,17273.794,6512.970,37705.057
2026-02-23T12:00Z,2026-02-23 13:00,16613.821,6577.083,37919.840
2026-02-23T13:00Z,2026-02-23 14:00,13735.436,6607.932,37883.409
2026-02-23T14:00Z,2026-02-23 15:00,9037.632,6618.870,37686.563
2026-02-23T15:00Z,2026-02-23 16:00,4102.364,6600.600,36902.291
2026-02-23T16:00Z,2026-02-23 17:00,727.707,6546.698,35350.113
2026-02-23T17:00Z,2026-02-23 18:00,11.290,6541.698,33849.075
2026-02-23T18:00Z,2026-02-23 19:00,0.000,6456.512,32737.761
2026-02-23T19:00Z,2026-02-23 20:00,0.000,6385.918,32081.341
2026-02-23T20:00Z,2026-02-23 21:00,0.000,6320.355,30969.446
2026-02-23T21:00Z,2026-02-23 22:00,0.000,6017.688,29039.780
2026-02-23T22:00Z,2026-02-23 23:00,0.000,5519.535,27346.397
2026-02-23T23:00Z,2026-02-24 00:00,0.000,4331.865,25984.259
2026-02-24T00:00Z,2026-02-24 01:00,0.000,3366.230,23295.290
2026-02-24T01:00Z,2026-02-24 02:00,0.000,2495.838,20521.690
2026-02-24T02:00Z,2026-02-24 03:00,0.000,1780.370,17788.660
2026-02-24T03:00Z,2026-02-24 04:00,0.000,1194.632,15081.281
2026-02-24T04:00Z,2026-02-24 05:00,0.000,737.638,12490.658
2026-02-24T05:00Z,2026-02-24 06:00,0.000,449.895,10279.141
2026-02-24T06:00Z,2026-02-24 07:00,353.514,317.400,8147.757
2026-02-24T07:00Z,2026-02-24 08:00,2074.716,283.737,6334.420
2026-02-24T08:00Z,2026-02-24 09:00,4973.025,332.370,4912.276
2026-02-24T09:00Z,2026-02-24 10:00,8136.786,489.858,3879.612
2026-02-24T10:00Z,2026-02-24 11:00,10756.516,807.438,3032.558
2026-02-24T11:00Z,2026-02-24 12:00,12264.467,1145.975,2411.122
2026-02-24T12:00Z,2026-02-24 13:00,12717.188,1409.247,2034.790
2026-02-24T13:00Z,2026-02-24 14:00,11259.639,1626.847,1702.650
2026-02-24T14:00Z,2026-02-24 15:00,7929.989,1819.003,1372.951
2026-02-24T15:00Z,2026-02-24 16:00,3889.138,1972.660,1182.688
2026-02-24T16:00Z,2026-02-24 17:00,739.666,2123.510,1370.461
2026-02-24T17:00Z,2026-02-24 18:00,8.124,2309.493,1880.090
2026-02-24T18:00Z,2026-02-24 19:00,0.000,2523.030,2499.925
2026-02-24T19:00Z,2026-02-24 20:00,0.000,2714.733,3178.233
2026-02-24T20:00Z,2026-02-24 21:00,0.000,2892.097,3803.044
2026-02-24T21:00Z,2026-02-24 22:00,0.000,3094.865,4323.595
2026-02-24T22:00Z,2026-02-24 23:00,0.000,3209.222,4559.839
2026-02-24T23:00Z,2026-02-25 00:00,0.000,2999.102,3154.206
2026-02-25T00:00Z,2026-02-25 01:00,0.000,2833.773,3064.477
2026-02-25T01:00Z,2026-02-25 02:00,0.000,2746.287,2974.138
2026-02-25T02:00Z,2026-02-25 03:00,0.000,2742.640,2916.504
2026-02-25T03:00Z,2026-02-25 04:00,0.000,2810.633,3074.155
2026-02-25T04:00Z,2026-02-25 05:00,0.000,2961.430,3630.755
2026-02-25T05:00Z,2026-02-25 06:00,0.003,3114.100,4480.341
2026-02-25T06:00Z,2026-02-25 07:00,787.930,3258.783,5307.232
2026-02-25T07:00Z,2026-02-25 08:00,4888.861,3414.552,5916.556
2026-02-25T08:00Z,2026-02-25 09:00,11539.448,3625.793,5980.781
2026-02-25T09:00Z,2026-02-25 10:00,18722.995,3783.578,5338.356
2026-02-25T10:00Z,2026-02-25 11:00,25064.553,3927.967,4304.698
2026-02-25T11:00Z,2026-02-25 12:00,29698.613,4074.615,3832.242
2026-02-25T12:00Z,2026-02-25 13:00,30881.382,4192.990,4028.651
2026-02-25T13:00Z,2026-02-25 14:00,27717.515,4297.370,4386.934
2026-02-25T14:00Z,2026-02-25 15:00,19908.628,4450.733,4846.598
2026-02-25T15:00Z,2026-02-25 16:00,9472.932,4673.560,6030.140
2026-02-25T16:00Z,2026-02-25 17:00,1811.376,4940.030,8905.851
2026-02-25T17:00Z,2026-02-25 18:00,20.733,5237.938,13016.910
2026-02-25T18:00Z,2026-02-25 19:00,0.000,5643.398,16531.887
2026-02-25T19:00Z,2026-02-25 20:00,0.000,5986.855,18774.904
2026-02-25T20:00Z,2026-02-25 21:00,0.000,6132.278,19916.236
2026-02-25T21:00Z,2026-02-25 22:00,0.000,6178.930,19914.416
2026-02-25T22:00Z,2026-02-25 23:00,0.000,6307.605,19842.675
2026-02-25T23:00Z,2026-02-26 00:00,0.000,6439.835,19516.832
2026-02-26T00:00Z,2026-02-26 01:00,0.000,6445.483,19533.705
2026-02-26T01:00Z,2026-02-26 02:00,0.000,6527.225,19642.110
2026-02-26T02:00Z,2026-02-26 03:00,0.000,6636.030,19744.010
2026-02-26T03:00Z,2026-02-26 04:00,0.000,6689.215,19812.691
2026-02-26T04:00Z,2026-02-26 05:00,0.000,6707.040,20075.097
2026-02-26T05:00Z,2026-02-26 06:00,0.090,6711.398,20703.690
2026-02-26T06:00Z,2026-02-26 07:00,1315.312,6719.385,20489.696
2026-02-26T07:00Z,2026-02-26 08:00,7275.636,6663.677,19877.271
2026-02-26T08:00Z,2026-02-26 09:00,15756.677,6568.495,17605.733
2026-02-26T09:00Z,2026-02-26 10:00,23776.710,6448.650,13739.041
2026-02-26T10:00Z,2026-02-26 11:00,29803.291,6349.113,11548.613
2026-02-26T11:00Z,2026-02-26 12:00,32753.825,6142.125,11313.170
2026-02-26T12:00Z,2026-02-26 13:00,32064.379,5977.673,11343.307
2026-02-26T13:00Z,2026-02-26 14:00,27206.401,5904.592,11387.659
2026-02-26T14:00Z,2026-02-26 15:00,18737.272,6074.640,11366.403
2026-02-26T15:00Z,2026-02-26 16:00,8817.163,6196.128,11798.525
2026-02-26T16:00Z,2026-02-26 17:00,1689.158,6300.560,13623.773
2026-02-26T17:00Z,2026-02-26 18:00,18.322,6396.115,16642.689
2026-02-26T18:00Z,2026-02-26 19:00,0.000,6421.255,19217.933
2026-02-26T19:00Z,2026-02-26 20:00,0.000,6673.560,20863.356
2026-02-26T20:00Z,2026-02-26 21:00,0.000,6652.382,21589.089
2026-02-26T21:00Z,2026-02-26 22:00,0.000,6612.190,21565.042
2026-02-26T22:00Z,2026-02-26 23:00,0.000,6613.350,21626.089
2026-02-26T23:00Z,2026-02-27 00:00,0.000,6382.495,25610.582
2026-02-27T00:00Z,2026-02-27 01:00,0.000,6456.577,24845.830
2026-02-27T01:00Z,2026-02-27 02:00,0.000,6534.488,24241.542
2026-02-27T02:00Z,2026-02-27 03:00,0.000,6607.983,23768.945
2026-02-27T03:00Z,2026-02-27 04:00,0.000,6654.900,23553.750
2026-02-27T04:00Z,2026-02-27 05:00,0.000,6658.975,23872.630
2026-02-27T05:00Z,2026-02-27 06:00,0.265,6642.517,25020.539
2026-02-27T06:00Z,2026-02-27 07:00,1638.491,6626.023,25189.479
2026-02-27T07:00Z,2026-02-27 08:00,9018.010,6639.823,24557.813
2026-02-27T08:00Z,2026-02-27 09:00,19677.335,6639.290,22378.931
2026-02-27T09:00Z,2026-02-27 10:00,29557.481,6543.712,19361.355
2026-02-27T10:00Z,2026-02-27 11:00,36478.034,6379.727,17084.445
2026-02-27T11:00Z,2026-02-27 12:00,39520.704,6355.733,16936.925
2026-02-27T12:00Z,2026-02-27 13:00,38248.687,6183.240,17060.784
2026-02-27T13:00Z,2026-02-27 14:00,32847.613,6007.672,16504.035
2026-02-27T14:00Z,2026-02-27 15:00,23242.612,5751.462,15486.504
2026-02-27T15:00Z,2026-02-27 16:00,11208.502,5434.035,14650.436
2026-02-27T16:00Z,2026-02-27 17:00,2211.295,5029.335,15448.530
2026-02-27T17:00Z,2026-02-27 18:00,22.011,4618.392,17810.862
2026-02-27T18:00Z,2026-02-27 19:00,0.000,4303.557,19785.974
2026-02-27T19:00Z,2026-02-27 20:00,0.000,4149.038,21121.597
2026-02-27T20:00Z,2026-02-27 21:00,0.000,4043.505,21593.176
2026-02-27T21:00Z,2026-02-27 22:00,0.000,3911.648,21000.632
2026-02-27T22:00Z,2026-02-27 23:00,0.000,3798.415,20198.796
2026-02-27T23:00Z,2026-02-28 00:00,0.000,3182.670,17977.451
2026-02-28T00:00Z,2026-02-28 01:00,0.000,2991.997,17331.079
2026-02-28T01:00Z,2026-02-28 02:00,0.000,2937.407,17071.580
2026-02-28T02:00Z,2026-02-28 03:00,0.000,3096.550,17139.139
2026-02-28T03:00Z,2026-02-28 04:00,0.000,3395.670,17483.732
2026-02-28T04:00Z,2026-02-28 05:00,0.000,3889.315,18043.878
2026-02-28T05:00Z,2026-02-28 06:00,1.167,4430.610,19025.459
2026-02-28T06:00Z,2026-02-28 07:00,1770.171,4866.927,19453.225
2026-02-28T07:00Z,2026-02-28 08:00,8507.266,5227.458,19744.848
2026-02-28T08:00Z,2026-02-28 09:00,17219.890,5395.690,19379.241
2026-02-28T09:00Z,2026-02-28 10:00,24013.765,5472.060,19082.598
2026-02-28T10:00Z,2026-02-28 11:00,28083.911,5444.685,19649.472
2026-02-28T11:00Z,2026-02-28 12:00,29376.413,5336.262,20864.827
2026-02-28T12:00Z,2026-02-28 13:00,27742.787,5306.407,21873.621
2026-02-28T13:00Z,2026-02-28 14:00,23286.933,5284.818,22892.207
2026-02-28T14:00Z,2026-02-28 15:00,16220.759,5209.605,24727.488
2026-02-28T15:00Z,2026-02-28 16:00,7664.752,5175.005,25447.620
2026-02-28T16:00Z,2026-02-28 17:00,1499.199,5268.247,26298.276
2026-02-28T17:00Z,2026-02-28 18:00,17.748,5408.177,27944.504
2026-02-28T18:00Z,2026-02-28 19:00,0.000,5514.950,29450.037
2026-02-28T19:00Z,2026-02-28 20:00,0.000,5545.988,30315.697
2026-02-28T20:00Z,2026-02-28 21:00,0.000,5616.150,30414.701
2026-02-28T21:00Z,2026-02-28 22:00,0.000,5665.783,29485.389
2026-02-28T22:00Z,2026-02-28 23:00,0.000,5693.585,28636.140
2026-02-28T23:00Z,2026-03-01 00:00,0.000,5834.267,28618.314
2026-03-01T00:00Z,2026-03-01 01:00,0.000,5200.903,26549.502
2026-03-01T01:00Z,2026-03-01 02:00,0.000,4557.245,23878.473
2026-03-01T02:00Z,2026-03-01 03:00,0.000,4162.163,20860.941
2026-03-01T03:00Z,2026-03-01 04:00,0.000,4093.775,18064.370
2026-03-01T04:00Z,2026-03-01 05:00,0.000,4366.012,15764.125
2026-03-01T05:00Z,2026-03-01 06:00,1.225,4606.807,14059.643
2026-03-01T06:00Z,2026-03-01 07:00,1387.527,4801.530,12333.923
2026-03-01T07:00Z,2026-03-01 08:00,7227.310,5020.360,10835.007
2026-03-01T08:00Z,2026-03-01 09:00,15791.876,5314.938,9280.001
2026-03-01T09:00Z,2026-03-01 10:00,23435.105,5631.983,8676.924
2026-03-01T10:00Z,2026-03-01 11:00,27747.377,5752.193,9001.302
2026-03-01T11:00Z,2026-03-01 12:00,28794.892,5829.970,9602.338
2026-03-01T12:00Z,2026-03-01 13:00,27215.344,5848.938,10175.513
2026-03-01T13:00Z,2026-03-01 14:00,23314.512,5870.515,10232.683
2026-03-01T14:00Z,2026-03-01 15:00,16739.521,5847.835,9839.066
2026-03-01T15:00Z,2026-03-01 16:00,8628.028,5850.300,8908.523
2026-03-01T16:00Z,2026-03-01 17:00,1920.837,5798.738,8104.432
2026-03-01T17:00Z,2026-03-01 18:00,31.714,5713.815,9185.211
2026-03-01T18:00Z,2026-03-01 19:00,0.000,5698.195,11561.991
2026-03-01T19:00Z,2026-03-01 20:00,0.000,5853.347,14183.545
2026-03-01T20:00Z,2026-03-01 21:00,0.000,5990.882,15930.626
2026-03-01T21:00Z,2026-03-01 22:00,0.000,6033.688,16309.573
2026-03-01T22:00Z,2026-03-01 23:00,0.000,6121.610,15922.551
2026-03-01T23:00Z,2026-03-02 00:00,0.000,6387.142,16464.223
2026-03-02T00:00Z,2026-03-02 01:00,0.000,6412.005,15625.629
2026-03-02T01:00Z,2026-03-02 02:00,0.000,6339.387,14583.969
2026-03-02T02:00Z,2026-03-02 03:00,0.000,6066.932,13396.212
2026-03-02T03:00Z,2026-03-02 04:00,0.000,5679.323,12189.309
2026-03-02T04:00Z,2026-03-02 05:00,0.000,5338.755,11455.508
2026-03-02T05:00Z,2026-03-02 06:00,21.005,5184.267,11309.008
2026-03-02T06:00Z,2026-03-02 07:00,2237.078,5128.887,11066.108
2026-03-02T07:00Z,2026-03-02 08:00,10414.411,5111.502,10850.383
2026-03-02T08:00Z,2026-03-02 09:00,21290.964,5054.562,9131.885
2026-03-02T09:00Z,2026-03-02 10:00,30577.141,4930.705,5747.200
2026-03-02T10:00Z,2026-03-02 11:00,36736.547,4683.055,4128.334
2026-03-02T11:00Z,2026-03-02 12:00,39522.170,4329.185,4138.886
2026-03-02T12:00Z,2026-03-02 13:00,38668.302,3911.200,4092.528
2026-03-02T13:00Z,2026-03-02 14:00,33411.602,3521.613,3741.197
2026-03-02T14:00Z,2026-03-02 15:00,23815.715,3247.602,3249.594
2026-03-02T15:00Z,2026-03-02 16:00,11914.315,3192.153,2970.156
2026-03-02T16:00Z,2026-03-02 17:00,2664.237,3367.957,3994.290
2026-03-02T17:00Z,2026-03-02 18:00,41.451,3684.327,6338.481
2026-03-02T18:00Z,2026-03-02 19:00,0.000,4088.597,9014.438
2026-03-02T19:00Z,2026-03-02 20:00,0.000,4395.445,11048.526
2026-03-02T20:00Z,2026-03-02 21:00,0.000,4600.230,12258.031
2026-03-02T21:00Z,2026-03-02 22:00,0.000,4709.843,12487.495
2026-03-02T22:00Z,2026-03-02 23:00,0.000,4717.780,11989.521
2026-03-02T23:00Z,2026-03-03 00:00,0.000,4695.995,11675.721
2026-03-03T00:00Z,2026-03-03 01:00,0.000,4409.790,10595.915
2026-03-03T01:00Z,2026-03-03 02:00,0.000,4062.787,9419.678
2026-03-03T02:00Z,2026-03-03 03:00,0.000,3773.202,8217.136
2026-03-03T03:00Z,2026-03-03 04:00,0.000,3387.922,7151.753
2026-03-03T04:00Z,2026-03-03 05:00,0.000,2940.412,6437.087
2026-03-03T05:00Z,2026-03-03 06:00,32.660,2497.838,6031.403
2026-03-03T06:00Z,2026-03-03 07:00,2415.286,2124.407,5654.376
2026-03-03T07:00Z,2026-03-03 08:00,10774.096,1807.477,5162.018
2026-03-03T08:00Z,2026-03-03 09:00,21888.486,1609.952,4013.112
2026-03-03T09:00Z,2026-03-03 10:00,31455.547,1608.980,2271.097
2026-03-03T10:00Z,2026-03-03 11:00,37638.877,1703.152,1242.923
2026-03-03T11:00Z,2026-03-03 12:00,40182.806,1775.467,1082.497
2026-03-03T12:00Z,2026-03-03 13:00,38548.722,1851.030,1327.665
2026-03-03T13:00Z,2026-03-03 14:00,32838.414,1922.322,1585.263
2026-03-03T14:00Z,2026-03-03 15:00,23416.577,1999.385,1738.341
2026-03-03T15:00Z,2026-03-03 16:00,11897.260,2118.820,1870.328
2026-03-03T16:00Z,2026-03-03 17:00,2688.284,2247.983,2388.084
2026-03-03T17:00Z,2026-03-03 18:00,48.329,2315.217,3460.039
2026-03-03T18:00Z,2026-03-03 19:00,0.000,2224.285,4460.471
2026-03-03T19:00Z,2026-03-03 20:00,0.000,1999.710,5139.240
2026-03-03T20:00Z,2026-03-03 21:00,0.000,1718.523,5510.488
2026-03-03T21:00Z,2026-03-03 22:00,0.000,1420.673,5422.620
2026-03-03T22:00Z,2026-03-03 23:00,0.000,1177.810,5114.947
2026-03-03T23:00Z,2026-03-04 00:00,0.000,825.392,4542.309
2026-03-04T00:00Z,2026-03-04 01:00,0.000,802.935,4160.476
2026-03-04T01:00Z,2026-03-04 02:00,0.000,802.785,3750.313
2026-03-04T02:00Z,2026-03-04 03:00,0.000,796.600,3355.123
2026-03-04T03:00Z,2026-03-04 04:00,0.000,787.023,3091.244
2026-03-04T04:00Z,2026-03-04 05:00,0.000,768.990,2926.044
2026-03-04T05:00Z,2026-03-04 06:00,35.462,735.555,2813.176
2026-03-04T06:00Z,2026-03-04 07:00,2328.297,697.405,2579.921
2026-03-04T07:00Z,2026-03-04 08:00,9707.402,671.240,2111.646
2026-03-04T08:00Z,2026-03-04 09:00,19504.025,671.237,1404.869
2026-03-04T09:00Z,2026-03-04 10:00,28858.543,698.705,833.813
2026-03-04T10:00Z,2026-03-04 11:00,36037.608,743.107,698.256
2026-03-04T11:00Z,2026-03-04 12:00,39746.777,818.757,695.659
2026-03-04T12:00Z,2026-03-04 13:00,39401.155,909.882,712.847
2026-03-04T13:00Z,2026-03-04 14:00,34589.743,991.757,747.179
2026-03-04T14:00Z,2026-03-04 15:00,25282.190,1087.440,809.691
2026-03-04T15:00Z,2026-03-04 16:00,13196.897,1225.100,997.329
2026-03-04T16:00Z,2026-03-04 17:00,3146.812,1414.595,1662.060
2026-03-04T17:00Z,2026-03-04 18:00,67.911,1642.000,2928.121
2026-03-04T18:00Z,2026-03-04 19:00,0.000,1902.525,4257.330
2026-03-04T19:00Z,2026-03-04 20:00,0.000,2157.387,5297.013
2026-03-04T20:00Z,2026-03-04 21:00,0.000,2345.975,6026.735
2026-03-04T21:00Z,2026-03-04 22:00,0.000,2438.985,6422.631
2026-03-04T22:00Z,2026-03-04 23:00,0.000,2445.562,6627.280
2026-03-04T23:00Z,2026-03-05 00:00,0.000,2219.778,7812.023
2026-03-05T00:00Z,2026-03-05 01:00,0.000,2028.798,8105.664
2026-03-05T01:00Z,2026-03-05 02:00,0.000,1797.372,8399.802
2026-03-05T02:00Z,2026-03-05 03:00,0.000,1548.562,8670.692
2026-03-05T03:00Z,2026-03-05 04:00,0.000,1360.795,8903.597
2026-03-05T04:00Z,2026-03-05 05:00,0.000,1283.892,9279.864
2026-03-05T05:00Z,2026-03-05 06:00,48.572,1305.092,9926.639
2026-03-05T06:00Z,2026-03-05 07:00,3259.940,1388.068,10159.110
2026-03-05T07:00Z,2026-03-05 08:00,13015.724,1508.733,9777.483
2026-03-05T08:00Z,2026-03-05 09:00,25053.947,1625.918,7791.508
2026-03-05T09:00Z,2026-03-05 10:00,35279.813,1705.362,4953.323
2026-03-05T10:00Z,2026-03-05 11:00,42503.134,1728.150,3665.207
2026-03-05T11:00Z,2026-03-05 12:00,45914.896,1662.723,3450.657
2026-03-05T12:00Z,2026-03-05 13:00,44807.438,1560.315,3430.130
2026-03-05T13:00Z,2026-03-05 14:00,38931.905,1500.392,3479.868
2026-03-05T14:00Z,2026-03-05 15:00,28437.314,1555.720,3686.473
2026-03-05T15:00Z,2026-03-05 16:00,14896.105,1804.592,4573.325
2026-03-05T16:00Z,2026-03-05 17:00,3610.812,2295.312,7407.234
2026-03-05T17:00Z,2026-03-05 18:00,81.281,2949.890,11962.602
2026-03-05T18:00Z,2026-03-05 19:00,0.000,3532.005,15864.119
2026-03-05T19:00Z,2026-03-05 20:00,0.000,3770.347,17802.977
2026-03-05T20:00Z,2026-03-05 21:00,0.000,3633.210,18006.927
2026-03-05T21:00Z,2026-03-05 22:00,0.000,3259.552,16623.280
2026-03-05T22:00Z,2026-03-05 23:00,0.000,2839.525,14708.420
2026-03-05T23:00Z,2026-03-06 00:00,0.000,3027.705,14844.670
2026-03-06T00:00Z,2026-03-06 01:00,0.000,2287.872,12790.392
2026-03-06T01:00Z,2026-03-06 02:00,0.000,1693.680,10986.001
2026-03-06T02:00Z,2026-03-06 03:00,0.000,1286.395,9536.943
2026-03-06T03:00Z,2026-03-06 04:00,0.000,1013.373,8514.582
2026-03-06T04:00Z,2026-03-06 05:00,0.000,870.247,7987.964
2026-03-06T05:00Z,2026-03-06 06:00,68.823,825.325,7643.363
2026-03-06T06:00Z,2026-03-06 07:00,3742.967,827.507,7062.562
2026-03-06T07:00Z,2026-03-06 08:00,13988.106,853.947,6265.893
2026-03-06T08:00Z,2026-03-06 09:00,25576.199,885.860,4667.555
2026-03-06T09:00Z,2026-03-06 10:00,34789.570,869.815,2502.875
2026-03-06T10:00Z,2026-03-06 11:00,40488.852,781.658,1431.533
2026-03-06T11:00Z,2026-03-06 12:00,42435.669,665.665,1253.796
2026-03-06T12:00Z,2026-03-06 13:00,40780.845,507.190,1217.056
2026-03-06T13:00Z,2026-03-06 14:00,35217.459,350.525,1122.196
2026-03-06T14:00Z,2026-03-06 15:00,25705.503,256.265,1016.273
2026-03-06T15:00Z,2026-03-06 16:00,13457.601,220.500,1141.339
2026-03-06T16:00Z,2026-03-06 17:00,3284.183,236.597,1817.610
2026-03-06T17:00Z,2026-03-06 18:00,74.110,301.305,2931.824
2026-03-06T18:00Z,2026-03-06 19:00,0.000,393.705,4048.930
2026-03-06T19:00Z,2026-03-06 20:00,0.000,477.322,4808.369
2026-03-06T20:00Z,2026-03-06 21:00,0.000,528.725,5089.672
2026-03-06T21:00Z,2026-03-06 22:00,0.000,522.975,4890.955
2026-03-06T22:00Z,2026-03-06 23:00,0.000,463.480,4369.106
2026-03-06T23:00Z,2026-03-07 00:00,0.000,405.918,3786.557
2026-03-07T00:00Z,2026-03-07 01:00,0.000,384.910,3268.808
2026-03-07T01:00Z,2026-03-07 02:00,0.000,337.743,2784.345
2026-03-07T02:00Z,2026-03-07 03:00,0.000,292.428,2327.131
2026-03-07T03:00Z,2026-03-07 04:00,0.000,303.363,1979.412
2026-03-07T04:00Z,2026-03-07 05:00,0.000,337.903,1815.497
2026-03-07T05:00Z,2026-03-07 06:00,74.487,368.988,1779.366
2026-03-07T06:00Z,2026-03-07 07:00,3665.223,384.778,1718.047
2026-03-07T07:00Z,2026-03-07 08:00,13293.727,433.502,1544.513
2026-03-07T08:00Z,2026-03-07 09:00,24683.334,484.673,1141.696
2026-03-07T09:00Z,2026-03-07 10:00,33942.218,469.442,676.923
2026-03-07T10:00Z,2026-03-07 11:00,39750.081,425.810,467.010
2026-03-07T11:00Z,2026-03-07 12:00,41681.741,405.605,423.336
2026-03-07T12:00Z,2026-03-07 13:00,39877.808,411.770,423.239
2026-03-07T13:00Z,2026-03-07 14:00,34336.354,433.810,466.591
2026-03-07T14:00Z,2026-03-07 15:00,25198.832,444.113,573.563
2026-03-07T15:00Z,2026-03-07 16:00,13313.034,425.100,791.477
2026-03-07T16:00Z,2026-03-07 17:00,3370.047,381.837,1365.343
2026-03-07T17:00Z,2026-03-07 18:00,79.390,328.605,2335.504
2026-03-07T18:00Z,2026-03-07 19:00,0.000,282.430,3179.988
2026-03-07T19:00Z,2026-03-07 20:00,0.000,244.905,3665.195
2026-03-07T20:00Z,2026-03-07 21:00,0.000,228.020,3899.656
2026-03-07T21:00Z,2026-03-07 22:00,0.000,218.947,3923.591
2026-03-07T22:00Z,2026-03-07 23:00,0.000,212.780,3744.970
2026-03-07T23:00Z,2026-03-08 00:00,0.000,137.290,3266.925
2026-03-08T00:00Z,2026-03-08 01:00,0.000,146.457,2925.476
2026-03-08T01:00Z,2026-03-08 02:00,0.000,160.690,2615.331
2026-03-08T02:00Z,2026-03-08 03:00,0.000,176.190,2411.652
2026-03-08T03:00Z,2026-03-08 04:00,0.000,189.145,2434.514
2026-03-08T04:00Z,2026-03-08 05:00,0.000,199.043,2709.779
2026-03-08T05:00Z,2026-03-08 06:00,79.699,209.053,3221.997
2026-03-08T06:00Z,2026-03-08 07:00,3083.749,216.180,3739.396
2026-03-08T07:00Z,2026-03-08 08:00,11399.985,215.838,4087.038
2026-03-08T08:00Z,2026-03-08 09:00,22027.531,227.148,3718.190
2026-03-08T09:00Z,2026-03-08 10:00,31504.210,260.938,2561.548
2026-03-08T10:00Z,2026-03-08 11:00,37879.462,294.385,1654.478
2026-03-08T11:00Z,2026-03-08 12:00,40158.130,311.415,1545.517
2026-03-08T12:00Z,2026-03-08 13:00,38740.226,313.510,1777.360
2026-03-08T13:00Z,2026-03-08 14:00,33461.154,336.317,2112.692
2026-03-08T14:00Z,2026-03-08 15:00,24520.180,401.007,2542.768
2026-03-08T15:00Z,2026-03-08 16:00,13074.372,501.430,3402.354
2026-03-08T16:00Z,2026-03-08 17:00,3459.054,645.232,5614.009
2026-03-08T17:00Z,2026-03-08 18:00,101.296,844.322,8993.908
2026-03-08T18:00Z,2026-03-08 19:00,0.000,1098.615,11802.597
2026-03-08T19:00Z,2026-03-08 20:00,0.000,1333.477,13401.920
2026-03-08T20:00Z,2026-03-08 21:00,0.000,1495.678,13973.055
2026-03-08T21:00Z,2026-03-08 22:00,0.000,1539.610,13389.933
2026-03-08T22:00Z,2026-03-08 23:00,0.000,1440.608,12241.065
2026-03-08T23:00Z,2026-03-09 00:00,0.000,1167.553,11330.208
2026-03-09T00:00Z,2026-03-09 01:00,0.000,972.175,10212.478
2026-03-09T01:00Z,2026-03-09 02:00,0.000,776.293,9045.845
2026-03-09T02:00Z,2026-03-09 03:00,0.000,612.462,7949.287
2026-03-09T03:00Z,2026-03-09 04:00,0.000,518.202,7254.861
2026-03-09T04:00Z,2026-03-09 05:00,0.000,483.957,6832.009
2026-03-09T05:00Z,2026-03-09 06:00,116.186,490.477,6586.322
2026-03-09T06:00Z,2026-03-09 07:00,3803.596,508.312,6046.148
2026-03-09T07:00Z,2026-03-09 08:00,13518.496,514.247,5114.228
2026-03-09T08:00Z,2026-03-09 09:00,25213.994,482.648,3270.860
2026-03-09T09:00Z,2026-03-09 10:00,34703.007,417.438,1771.787
2026-03-09T10:00Z,2026-03-09 11:00,40254.377,338.898,1279.116
2026-03-09T11:00Z,2026-03-09 12:00,41470.728,280.038,1248.488
2026-03-09T12:00Z,2026-03-09 13:00,38696.126,249.363,1252.347
2026-03-09T13:00Z,2026-03-09 14:00,32422.013,239.435,1276.561
2026-03-09T14:00Z,2026-03-09 15:00,23189.849,247.968,1284.171
2026-03-09T15:00Z,2026-03-09 16:00,12374.417,272.965,1341.943
2026-03-09T16:00Z,2026-03-09 17:00,3384.203,315.930,1661.524
2026-03-09T17:00Z,2026-03-09 18:00,117.219,359.142,2253.130
2026-03-09T18:00Z,2026-03-09 19:00,0.000,372.365,2665.641
2026-03-09T19:00Z,2026-03-09 20:00,0.000,360.010,2819.266
2026-03-09T20:00Z,2026-03-09 21:00,0.000,340.222,2843.926
2026-03-09T21:00Z,2026-03-09 22:00,0.000,322.822,2795.672
2026-03-09T22:00Z,2026-03-09 23:00,0.000,316.608,2753.011
2026-03-09T23:00Z,2026-03-10 00:00,0.000,498.845,2904.839
2026-03-10T00:00Z,2026-03-10 01:00,0.000,488.152,2898.334
2026-03-10T01:00Z,2026-03-10 02:00,0.000,434.745,2922.462
2026-03-10T02:00Z,2026-03-10 03:00,0.000,371.002,2957.199
2026-03-10T03:00Z,2026-03-10 04:00,0.000,312.165,2938.241
2026-03-10T04:00Z,2026-03-10 05:00,0.000,268.445,3005.431
2026-03-10T05:00Z,2026-03-10 06:00,130.040,266.730,3154.319
2026-03-10T06:00Z,2026-03-10 07:00,3640.119,337.600,3124.476
2026-03-10T07:00Z,2026-03-10 08:00,12458.698,483.123,2946.000
2026-03-10T08:00Z,2026-03-10 09:00,23078.795,636.220,2342.047
2026-03-10T09:00Z,2026-03-10 10:00,32009.623,780.433,1580.976
2026-03-10T10:00Z,2026-03-10 11:00,37153.811,943.225,1530.954
2026-03-10T11:00Z,2026-03-10 12:00,37686.395,1174.755,2111.050
2026-03-10T12:00Z,2026-03-10 13:00,34481.806,1410.745,2955.714
2026-03-10T13:00Z,2026-03-10 14:00,28762.646,1590.108,3661.058
2026-03-10T14:00Z,2026-03-10 15:00,20639.871,1750.900,4077.176
2026-03-10T15:00Z,2026-03-10 16:00,10957.328,1745.892,4190.631
2026-03-10T16:00Z,2026-03-10 17:00,2945.471,1715.392,4215.091
2026-03-10T17:00Z,2026-03-10 18:00,97.520,1770.213,4941.266
2026-03-10T18:00Z,2026-03-10 19:00,0.000,1996.425,6090.610
2026-03-10T19:00Z,2026-03-10 20:00,0.000,2418.635,7528.203
2026-03-10T20:00Z,2026-03-10 21:00,0.000,2911.725,9098.350
2026-03-10T21:00Z,2026-03-10 22:00,0.000,3345.250,10582.552
2026-03-10T22:00Z,2026-03-10 23:00,0.000,3817.555,12070.840
2026-03-10T23:00Z,2026-03-11 00:00,0.000,4671.405,15813.631
2026-03-11T00:00Z,2026-03-11 01:00,0.000,5464.645,17012.938
2026-03-11T01:00Z,2026-03-11 02:00,0.000,6014.562,18451.753
2026-03-11T02:00Z,2026-03-11 03:00,0.000,6284.952,20000.962
2026-03-11T03:00Z,2026-03-11 04:00,0.000,6457.688,21585.748
2026-03-11T04:00Z,2026-03-11 05:00,0.000,6508.592,23545.655
2026-03-11T05:00Z,2026-03-11 06:00,145.340,6454.420,26098.082
2026-03-11T06:00Z,2026-03-11 07:00,3267.665,6333.010,27477.021
2026-03-11T07:00Z,2026-03-11 08:00,10563.973,6196.512,28013.895
2026-03-11T08:00Z,2026-03-11 09:00,18513.260,6053.062,28183.195
2026-03-11T09:00Z,2026-03-11 10:00,23646.181,5908.450,29589.309
2026-03-11T10:00Z,2026-03-11 11:00,25404.806,5826.137,31935.967
2026-03-11T11:00Z,2026-03-11 12:00,23900.477,5667.672,33664.800
2026-03-11T12:00Z,2026-03-11 13:00,19957.125,5250.075,34218.289
2026-03-11T13:00Z,2026-03-11 14:00,15250.987,4813.870,33586.356
2026-03-11T14:00Z,2026-03-11 15:00,10097.310,4689.760,31057.154
2026-03-11T15:00Z,2026-03-11 16:00,5099.206,4933.585,27498.030
2026-03-11T16:00Z,2026-03-11 17:00,1383.043,5177.225,23910.002
2026-03-11T17:00Z,2026-03-11 18:00,68.581,5289.812,21561.938
2026-03-11T18:00Z,2026-03-11 19:00,0.000,5392.340,20383.843
2026-03-11T19:00Z,2026-03-11 20:00,0.000,5505.872,19968.946
2026-03-11T20:00Z,2026-03-11 21:00,0.000,5558.185,19123.619
2026-03-11T21:00Z,2026-03-11 22:00,0.000,5572.763,17895.851
2026-03-11T22:00Z,2026-03-11 23:00,0.000,5480.073,17334.291
2026-03-11T23:00Z,2026-03-12 00:00,0.000,5519.825,16894.491
2026-03-12T00:00Z,2026-03-12 01:00,0.000,5650.318,16427.522
2026-03-12T01:00Z,2026-03-12 02:00,0.000,5598.573,16245.838
2026-03-12T02:00Z,2026-03-12 03:00,0.000,5697.360,16144.171
2026-03-12T03:00Z,2026-03-12 04:00,0.000,6103.685,15858.554
2026-03-12T04:00Z,2026-03-12 05:00,0.000,6557.462,15749.340
2026-03-12T05:00Z,2026-03-12 06:00,147.331,6851.085,16226.272
2026-03-12T06:00Z,2026-03-12 07:00,3459.992,6989.153,16166.978
2026-03-12T07:00Z,2026-03-12 08:00,11541.094,6905.517,15223.789
2026-03-12T08:00Z,2026-03-12 09:00,21148.347,6781.278,14150.907
2026-03-12T09:00Z,2026-03-12 10:00,29326.948,6418.745,15299.021
2026-03-12T10:00Z,2026-03-12 11:00,34251.930,5995.932,17737.107
2026-03-12T11:00Z,2026-03-12 12:00,35629.062,5694.148,19987.316
2026-03-12T12:00Z,2026-03-12 13:00,34553.921,5516.635,21636.292
2026-03-12T13:00Z,2026-03-12 14:00,30647.197,5428.417,22693.170
2026-03-12T14:00Z,2026-03-12 15:00,23565.981,5477.337,24179.360
2026-03-12T15:00Z,2026-03-12 16:00,13532.506,5717.007,25676.213
2026-03-12T16:00Z,2026-03-12 17:00,3950.603,5934.450,26170.249
2026-03-12T17:00Z,2026-03-12 18:00,161.224,6065.630,27360.271
2026-03-12T18:00Z,2026-03-12 19:00,0.000,6018.148,29766.701
2026-03-12T19:00Z,2026-03-12 20:00,0.000,5903.573,32500.792
2026-03-12T20:00Z,2026-03-12 21:00,0.000,5824.783,34258.923
2026-03-12T21:00Z,2026-03-12 22:00,0.000,5752.663,34545.770
2026-03-12T22:00Z,2026-03-12 23:00,0.000,5706.215,35102.267
2026-03-12T23:00Z,2026-03-13 00:00,0.000,5676.618,34771.944
2026-03-13T00:00Z,2026-03-13 01:00,0.000,5570.115,34604.110
2026-03-13T01:00Z,2026-03-13 02:00,0.000,5510.090,34755.718
2026-03-13T02:00Z,2026-03-13 03:00,0.000,5424.977,35263.360
2026-03-13T03:00Z,2026-03-13 04:00,0.000,5315.695,36161.802
2026-03-13T04:00Z,2026-03-13 05:00,0.000,5220.870,37348.450
2026-03-13T05:00Z,2026-03-13 06:00,294.780,5230.400,39275.254
2026-03-13T06:00Z,2026-03-13 07:00,5165.475,5466.015,39504.790
2026-03-13T07:00Z,2026-03-13 08:00,14967.027,5832.145,38120.690
2026-03-13T08:00Z,2026-03-13 09:00,23832.457,6079.085,36865.227
2026-03-13T09:00Z,2026-03-13 10:00,29407.510,6227.377,36179.177
2026-03-13T10:00Z,2026-03-13 11:00,31984.763,6417.082,34568.942
2026-03-13T11:00Z,2026-03-13 12:00,31284.766,6796.328,32213.745
2026-03-13T12:00Z,2026-03-13 13:00,28024.143,6772.512,29632.775
2026-03-13T13:00Z,2026-03-13 14:00,23003.336,6701.940,26748.954
2026-03-13T14:00Z,2026-03-13 15:00,16395.371,6511.587,24151.981
2026-03-13T15:00Z,2026-03-13 16:00,8647.094,6075.528,21020.785
2026-03-13T16:00Z,2026-03-13 17:00,2431.973,5346.528,17655.892
2026-03-13T17:00Z,2026-03-13 18:00,108.253,4571.090,15617.638
2026-03-13T18:00Z,2026-03-13 19:00,0.000,3986.992,14553.491
2026-03-13T19:00Z,2026-03-13 20:00,0.000,3690.095,14000.154
2026-03-13T20:00Z,2026-03-13 21:00,0.000,3455.560,13277.916
2026-03-13T21:00Z,2026-03-13 22:00,0.000,3177.517,12431.811
2026-03-13T22:00Z,2026-03-13 23:00,0.000,2871.840,11941.303
2026-03-13T23:00Z,2026-03-14 00:00,0.000,2397.930,11616.253
2026-03-14T00:00Z,2026-03-14 01:00,0.000,1935.630,11050.023
2026-03-14T01:00Z,2026-03-14 02:00,0.000,1538.918,10596.067
2026-03-14T02:00Z,2026-03-14 03:00,0.000,1217.470,10385.061
2026-03-14T03:00Z,2026-03-14 04:00,0.000,960.192,10357.651
2026-03-14T04:00Z,2026-03-14 05:00,0.000,801.435,10477.526
2026-03-14T05:00Z,2026-03-14 06:00,127.605,711.870,10554.383
2026-03-14T06:00Z,2026-03-14 07:00,1765.218,695.518,10143.557
2026-03-14T07:00Z,2026-03-14 08:00,5346.199,681.950,9500.478
2026-03-14T08:00Z,2026-03-14 09:00,9660.036,677.770,8809.245
2026-03-14T09:00Z,2026-03-14 10:00,13145.532,675.793,8134.272
2026-03-14T10:00Z,2026-03-14 11:00,15163.754,685.940,7210.613
2026-03-14T11:00Z,2026-03-14 12:00,15317.455,696.255,6513.371
2026-03-14T12:00Z,2026-03-14 13:00,14147.767,655.138,6202.243
2026-03-14T13:00Z,2026-03-14 14:00,11849.295,595.735,5843.956
2026-03-14T14:00Z,2026-03-14 15:00,8461.119,537.585,5424.241
2026-03-14T15:00Z,2026-03-14 16:00,4554.593,474.322,5047.192
2026-03-14T16:00Z,2026-03-14 17:00,1415.980,426.280,4735.080
2026-03-14T17:00Z,2026-03-14 18:00,102.601,383.238,4569.984
2026-03-14T18:00Z,2026-03-14 19:00,0.000,369.495,4503.551
2026-03-14T19:00Z,2026-03-14 20:00,0.000,385.928,4517.293
2026-03-14T20:00Z,2026-03-14 21:00,0.000,429.822,4493.164
2026-03-14T21:00Z,2026-03-14 22:00,0.000,479.803,4410.616
2026-03-14T22:00Z,2026-03-14 23:00,0.000,509.675,4248.059
2026-03-14T23:00Z,2026-03-15 00:00,0.000,341.000,3236.634
2026-03-15T00:00Z,2026-03-15 01:00,0.000,357.775,3044.931
2026-03-15T01:00Z,2026-03-15 02:00,0.000,345.725,2878.823
2026-03-15T02:00Z,2026-03-15 03:00,0.000,300.195,2696.047
2026-03-15T03:00Z,2026-03-15 04:00,0.000,245.760,2420.851
2026-03-15T04:00Z,2026-03-15 05:00,0.000,208.100,2102.317
2026-03-15T05:00Z,2026-03-15 06:00,149.018,202.438,1842.649
2026-03-15T06:00Z,2026-03-15 07:00,2218.618,250.653,1627.165
2026-03-15T07:00Z,2026-03-15 08:00,6886.607,386.492,1379.065
2026-03-15T08:00Z,2026-03-15 09:00,12211.221,664.993,1168.419
2026-03-15T09:00Z,2026-03-15 10:00,16452.985,1190.380,1261.972
2026-03-15T10:00Z,2026-03-15 11:00,19281.589,1981.020,1643.638
2026-03-15T11:00Z,2026-03-15 12:00,20900.213,2797.410,2124.679
2026-03-15T12:00Z,2026-03-15 13:00,20925.191,3457.415,2676.841
2026-03-15T13:00Z,2026-03-15 14:00,18688.723,3979.588,3112.376
2026-03-15T14:00Z,2026-03-15 15:00,14214.075,4440.610,3414.469
2026-03-15T15:00Z,2026-03-15 16:00,8362.294,5028.347,3546.216
2026-03-15T16:00Z,2026-03-15 17:00,2791.371,5599.102,4072.905
2026-03-15T17:00Z,2026-03-15 18:00,213.410,6063.173,6073.722
2026-03-15T18:00Z,2026-03-15 19:00,0.000,6186.632,9830.811
2026-03-15T19:00Z,2026-03-15 20:00,0.000,6036.077,14217.823
2026-03-15T20:00Z,2026-03-15 21:00,0.000,5884.472,17991.599
2026-03-15T21:00Z,2026-03-15 22:00,0.000,5806.517,20699.684
2026-03-15T22:00Z,2026-03-15 23:00,0.000,5731.705,23675.092
2026-03-15T23:00Z,2026-03-16 00:00,0.000,5789.193,27278.630
2026-03-16T00:00Z,2026-03-16 01:00,0.000,5604.907,29779.291
2026-03-16T01:00Z,2026-03-16 02:00,0.000,5578.045,31533.002
2026-03-16T02:00Z,2026-03-16 03:00,0.000,5713.653,32642.669
2026-03-16T03:00Z,2026-03-16 04:00,0.000,5936.345,33116.819
2026-03-16T04:00Z,2026-03-16 05:00,0.000,6055.238,32772.138
2026-03-16T05:00Z,2026-03-16 06:00,260.234,6211.695,32358.497
2026-03-16T06:00Z,2026-03-16 07:00,3311.878,6113.145,30952.825
2026-03-16T07:00Z,2026-03-16 08:00,9087.533,5610.807,29748.956
2026-03-16T08:00Z,2026-03-16 09:00,14436.646,5452.345,29642.048
2026-03-16T09:00Z,2026-03-16 10:00,18494.601,5347.042,30037.149
2026-03-16T10:00Z,2026-03-16 11:00,21518.899,4867.575,29478.842
2026-03-16T11:00Z,2026-03-16 12:00,23107.253,4598.325,29050.161
2026-03-16T12:00Z,2026-03-16 13:00,22782.544,4483.710,28669.029
2026-03-16T13:00Z,2026-03-16 14:00,20582.384,4527.190,28084.257
2026-03-16T14:00Z,2026-03-16 15:00,15803.726,4666.717,25883.871
2026-03-16T15:00Z,2026-03-16 16:00,9306.282,4792.403,21774.243
2026-03-16T16:00Z,2026-03-16 17:00,3053.266,4692.800,17057.349
2026-03-16T17:00Z,2026-03-16 18:00,198.426,4386.430,13714.481
2026-03-16T18:00Z,2026-03-16 19:00,0.000,4126.788,12556.011
2026-03-16T19:00Z,2026-03-16 20:00,0.000,4135.337,12662.960
2026-03-16T20:00Z,2026-03-16 21:00,0.000,4297.500,12779.974
2026-03-16T21:00Z,2026-03-16 22:00,0.000,4491.007,12563.850
2026-03-16T22:00Z,2026-03-16 23:00,0.000,4623.425,12338.552
2026-03-16T23:00Z,2026-03-17 00:00,0.000,3965.273,9892.830
2026-03-17T00:00Z,2026-03-17 01:00,0.000,3992.293,9593.422
2026-03-17T01:00Z,2026-03-17 02:00,0.000,3866.418,8983.774
2026-03-17T02:00Z,2026-03-17 03:00,0.000,3831.932,8199.706
2026-03-17T03:00Z,2026-03-17 04:00,0.000,3820.742,7379.093
2026-03-17T04:00Z,2026-03-17 05:00,0.000,3830.975,6704.773
2026-03-17T05:00Z,2026-03-17 06:00,369.441,3913.278,6249.999
2026-03-17T06:00Z,2026-03-17 07:00,3694.834,3977.740,5737.341
2026-03-17T07:00Z,2026-03-17 08:00,9834.779,4025.220,5224.998
2026-03-17T08:00Z,2026-03-17 09:00,16221.375,3980.020,4496.308
2026-03-17T09:00Z,2026-03-17 10:00,21336.602,3804.740,3628.683
2026-03-17T10:00Z,2026-03-17 11:00,24726.837,3615.688,3216.271
2026-03-17T11:00Z,2026-03-17 12:00,26081.918,3421.592,3106.375
2026-03-17T12:00Z,2026-03-17 13:00,25625.986,3198.675,3124.537
2026-03-17T13:00Z,2026-03-17 14:00,22935.438,2965.767,3024.417
2026-03-17T14:00Z,2026-03-17 15:00,17676.196,2790.160,2888.815
2026-03-17T15:00Z,2026-03-17 16:00,10445.314,2743.115,2913.996
2026-03-17T16:00Z,2026-03-17 17:00,3365.325,2868.605,3637.464
2026-03-17T17:00Z,2026-03-17 18:00,226.825,3182.438,5529.145
2026-03-17T18:00Z,2026-03-17 19:00,0.000,3778.142,8121.457
2026-03-17T19:00Z,2026-03-17 20:00,0.000,4508.970,10767.801
2026-03-17T20:00Z,2026-03-17 21:00,0.000,5103.825,13146.381
2026-03-17T21:00Z,2026-03-17 22:00,0.000,5361.417,14870.258
2026-03-17T22:00Z,2026-03-17 23:00,0.000,5454.305,16271.259
2026-03-17T23:00Z,2026-03-18 00:00,0.000,5226.118,17516.305
2026-03-18T00:00Z,2026-03-18 01:00,0.000,5234.762,18099.253
2026-03-18T01:00Z,2026-03-18 02:00,0.000,5111.528,18317.786
2026-03-18T02:00Z,2026-03-18 03:00,0.000,4888.443,18238.857
2026-03-18T03:00Z,2026-03-18 04:00,0.000,4667.642,18039.194
2026-03-18T04:00Z,2026-03-18 05:00,0.000,4464.153,17962.346
2026-03-18T05:00Z,2026-03-18 06:00,704.276,4352.305,17947.959
2026-03-18T06:00Z,2026-03-18 07:00,7875.214,4186.602,16595.991
2026-03-18T07:00Z,2026-03-18 08:00,21068.467,4043.245,13429.847
2026-03-18T08:00Z,2026-03-18 09:00,33608.771,3946.495,9402.673
2026-03-18T09:00Z,2026-03-18 10:00,42393.546,3675.988,7785.187
2026-03-18T10:00Z,2026-03-18 11:00,47013.738,3241.525,7636.065
2026-03-18T11:00Z,2026-03-18 12:00,48260.678,2728.600,7791.657
2026-03-18T12:00Z,2026-03-18 13:00,46344.018,2241.677,8139.809
2026-03-18T13:00Z,2026-03-18 14:00,40885.424,1735.842,8814.283
2026-03-18T14:00Z,2026-03-18 15:00,31303.833,1265.200,9738.518
2026-03-18T15:00Z,2026-03-18 16:00,18300.738,914.092,10414.601
2026-03-18T16:00Z,2026-03-18 17:00,6004.463,723.060,11161.523
2026-03-18T17:00Z,2026-03-18 18:00,440.362,664.812,12939.557
2026-03-18T18:00Z,2026-03-18 19:00,0.000,719.388,15050.632
2026-03-18T19:00Z,2026-03-18 20:00,0.000,862.920,16326.488
2026-03-18T20:00Z,2026-03-18 21:00,0.000,1012.390,16589.065
2026-03-18T21:00Z,2026-03-18 22:00,0.000,1059.280,15893.601
2026-03-18T22:00Z,2026-03-18 23:00,0.000,999.923,14716.360
2026-03-18T23:00Z,2026-03-19 00:00,0.000,966.597,12846.178
2026-03-19T00:00Z,2026-03-19 01:00,0.000,777.135,11395.971
2026-03-19T01:00Z,2026-03-19 02:00,0.000,603.355,9929.175
2026-03-19T02:00Z,2026-03-19 03:00,0.000,483.405,8520.696
2026-03-19T03:00Z,2026-03-19 04:00,0.000,404.168,7414.160
2026-03-19T04:00Z,2026-03-19 05:00,0.000,357.733,6530.774
2026-03-19T05:00Z,2026-03-19 06:00,714.508,325.053,5630.678
2026-03-19T06:00Z,2026-03-19 07:00,7555.180,290.425,4473.249
2026-03-19T07:00Z,2026-03-19 08:00,19928.743,249.472,3087.428
2026-03-19T08:00Z,2026-03-19 09:00,32158.491,218.613,1708.697
2026-03-19T09:00Z,2026-03-19 10:00,41204.912,207.175,1158.254
2026-03-19T10:00Z,2026-03-19 11:00,46362.721,208.690,1137.085
2026-03-19T11:00Z,2026-03-19 12:00,48004.354,227.175,1233.868
2026-03-19T12:00Z,2026-03-19 13:00,46297.885,292.770,1414.973
2026-03-19T13:00Z,2026-03-19 14:00,40812.227,417.035,1658.923
2026-03-19T14:00Z,2026-03-19 15:00,31120.421,573.150,2032.312
2026-03-19T15:00Z,2026-03-19 16:00,18062.743,741.705,2365.350
2026-03-19T16:00Z,2026-03-19 17:00,5974.365,887.852,2943.411
2026-03-19T17:00Z,2026-03-19 18:00,448.183,991.985,4058.894
2026-03-19T18:00Z,2026-03-19 19:00,0.000,1101.342,5066.840
2026-03-19T19:00Z,2026-03-19 20:00,0.000,1191.295,5397.164
2026-03-19T20:00Z,2026-03-19 21:00,0.000,1265.440,5348.712
2026-03-19T21:00Z,2026-03-19 22:00,0.000,1332.435,5021.216
2026-03-19T22:00Z,2026-03-19 23:00,0.000,1336.497,4571.475
2026-03-19T23:00Z,2026-03-20 00:00,0.000,1455.295,5354.512
2026-03-20T00:00Z,2026-03-20 01:00,0.000,1124.075,4661.293
2026-03-20T01:00Z,2026-03-20 02:00,0.000,951.793,4031.288
2026-03-20T02:00Z,2026-03-20 03:00,0.000,896.058,3714.638
2026-03-20T03:00Z,2026-03-20 04:00,0.000,907.572,3748.589
2026-03-20T04:00Z,2026-03-20 05:00,0.000,872.435,3826.441
2026-03-20T05:00Z,2026-03-20 06:00,654.339,769.312,3668.487
2026-03-20T06:00Z,2026-03-20 07:00,6279.302,634.880,2979.370
2026-03-20T07:00Z,2026-03-20 08:00,16130.610,524.835,1958.168
2026-03-20T08:00Z,2026-03-20 09:00,25946.725,462.173,1011.820
2026-03-20T09:00Z,2026-03-20 10:00,33494.524,406.418,685.314
2026-03-20T10:00Z,2026-03-20 11:00,37727.720,351.855,725.596
2026-03-20T11:00Z,2026-03-20 12:00,38611.514,315.678,864.359
2026-03-20T12:00Z,2026-03-20 13:00,36779.405,299.760,1075.738
2026-03-20T13:00Z,2026-03-20 14:00,32220.743,317.097,1333.987
2026-03-20T14:00Z,2026-03-20 15:00,24377.785,345.282,1690.351
2026-03-20T15:00Z,2026-03-20 16:00,14252.812,359.625,2184.458
2026-03-20T16:00Z,2026-03-20 17:00,4937.412,355.902,2939.498
2026-03-20T17:00Z,2026-03-20 18:00,447.420,340.553,4229.387
2026-03-20T18:00Z,2026-03-20 19:00,0.000,319.303,5545.204
2026-03-20T19:00Z,2026-03-20 20:00,0.000,281.565,6135.122
2026-03-20T20:00Z,2026-03-20 21:00,0.000,247.555,6256.470
2026-03-20T21:00Z,2026-03-20 22:00,0.000,209.600,6031.976
2026-03-20T22:00Z,2026-03-20 23:00,0.000,185.787,5611.777
2026-03-20T23:00Z,2026-03-21 00:00,0.000,168.548,4787.645
2026-03-21T00:00Z,2026-03-21 01:00,0.000,158.238,4279.563
2026-03-21T01:00Z,2026-03-21 02:00,0.000,158.310,3737.393
2026-03-21T02:00Z,2026-03-21 03:00,0.000,166.125,3304.249
2026-03-21T03:00Z,2026-03-21 04:00,0.000,179.085,3091.027
2026-03-21T04:00Z,2026-03-21 05:00,0.000,193.023,3039.259
2026-03-21T05:00Z,2026-03-21 06:00,505.068,193.322,3049.774
2026-03-21T06:00Z,2026-03-21 07:00,4781.793,192.108,2915.989
2026-03-21T07:00Z,2026-03-21 08:00,12569.024,193.567,2289.214
2026-03-21T08:00Z,2026-03-21 09:00,21279.610,182.945,1607.009
2026-03-21T09:00Z,2026-03-21 10:00,27917.699,168.933,1684.189
2026-03-21T10:00Z,2026-03-21 11:00,31137.161,155.315,2301.599
2026-03-21T11:00Z,2026-03-21 12:00,31264.150,150.500,2990.092
2026-03-21T12:00Z,2026-03-21 13:00,29157.476,157.457,3694.624
2026-03-21T13:00Z,2026-03-21 14:00,25163.390,180.335,4345.431
2026-03-21T14:00Z,2026-03-21 15:00,18899.751,233.002,5060.435
2026-03-21T15:00Z,2026-03-21 16:00,11171.282,305.075,5919.459
2026-03-21T16:00Z,2026-03-21 17:00,3995.805,370.330,7004.078
2026-03-21T17:00Z,2026-03-21 18:00,403.144,414.900,8852.780
2026-03-21T18:00Z,2026-03-21 19:00,0.000,460.668,11376.120
2026-03-21T19:00Z,2026-03-21 20:00,0.000,550.115,13599.730
2026-03-21T20:00Z,2026-03-21 21:00,0.000,674.918,14808.759
2026-03-21T21:00Z,2026-03-21 22:00,0.000,799.685,14995.540
2026-03-21T22:00Z,2026-03-21 23:00,0.000,909.222,14747.425
2026-03-21T23:00Z,2026-03-22 00:00,0.000,1875.925,15375.657
2026-03-22T00:00Z,2026-03-22 01:00,0.000,1737.142,15129.683
2026-03-22T01:00Z,2026-03-22 02:00,0.000,1540.577,14893.598
2026-03-22T02:00Z,2026-03-22 03:00,0.000,1350.572,14701.204
2026-03-22T03:00Z,2026-03-22 04:00,0.000,1248.430,14575.246
2026-03-22T04:00Z,2026-03-22 05:00,0.000,1256.003,14439.086
2026-03-22T05:00Z,2026-03-22 06:00,1134.851,1302.033,14290.346
2026-03-22T06:00Z,2026-03-22 07:00,8877.168,1286.932,13023.292
2026-03-22T07:00Z,2026-03-22 08:00,21750.579,1199.278,9589.539
2026-03-22T08:00Z,2026-03-22 09:00,33793.371,1083.845,5966.165
2026-03-22T09:00Z,2026-03-22 10:00,41953.499,906.605,4775.841
2026-03-22T10:00Z,2026-03-22 11:00,46602.190,742.285,4571.184
2026-03-22T11:00Z,2026-03-22 12:00,47840.138,602.005,5023.707
2026-03-22T12:00Z,2026-03-22 13:00,45477.471,470.727,5694.407
2026-03-22T13:00Z,2026-03-22 14:00,39947.554,363.387,5950.389
2026-03-22T14:00Z,2026-03-22 15:00,30607.220,280.015,5950.464
2026-03-22T15:00Z,2026-03-22 16:00,18297.960,218.035,5800.687
2026-03-22T16:00Z,2026-03-22 17:00,6381.344,199.262,5536.036
2026-03-22T17:00Z,2026-03-22 18:00,607.820,214.960,6120.302
2026-03-22T18:00Z,2026-03-22 19:00,0.000,254.308,7188.350
2026-03-22T19:00Z,2026-03-22 20:00,0.000,303.983,7524.764
2026-03-22T20:00Z,2026-03-22 21:00,0.000,336.595,7109.254
2026-03-22T21:00Z,2026-03-22 22:00,0.000,326.727,6217.948
2026-03-22T22:00Z,2026-03-22 23:00,0.000,299.257,5206.998
2026-03-22T23:00Z,2026-03-23 00:00,0.000,179.895,4162.292
2026-03-23T00:00Z,2026-03-23 01:00,0.000,174.498,3000.930
2026-03-23T01:00Z,2026-03-23 02:00,0.000,216.972,2084.195
2026-03-23T02:00Z,2026-03-23 03:00,0.000,295.653,1462.550
2026-03-23T03:00Z,2026-03-23 04:00,0.000,441.722,1132.183
2026-03-23T04:00Z,2026-03-23 05:00,0.000,642.192,1038.376
2026-03-23T05:00Z,2026-03-23 06:00,1221.753,785.763,1136.230
2026-03-23T06:00Z,2026-03-23 07:00,8957.377,767.985,1237.128
2026-03-23T07:00Z,2026-03-23 08:00,21377.817,676.460,1159.244
2026-03-23T08:00Z,2026-03-23 09:00,33270.396,561.023,855.439
2026-03-23T09:00Z,2026-03-23 10:00,41996.130,471.065,549.549
2026-03-23T10:00Z,2026-03-23 11:00,46142.286,431.150,506.604
2026-03-23T11:00Z,2026-03-23 12:00,45495.529,407.692,570.234
2026-03-23T12:00Z,2026-03-23 13:00,41272.969,381.387,750.123
2026-03-23T13:00Z,2026-03-23 14:00,34519.028,362.625,1026.387
2026-03-23T14:00Z,2026-03-23 15:00,25647.172,357.793,1368.020
2026-03-23T15:00Z,2026-03-23 16:00,15237.238,334.940,1586.424
2026-03-23T16:00Z,2026-03-23 17:00,5490.092,285.558,1723.941
2026-03-23T17:00Z,2026-03-23 18:00,547.112,233.138,1953.032
2026-03-23T18:00Z,2026-03-23 19:00,0.000,182.278,1951.734
2026-03-23T19:00Z,2026-03-23 20:00,0.000,169.373,1532.220
2026-03-23T20:00Z,2026-03-23 21:00,0.000,214.880,1080.794
2026-03-23T21:00Z,2026-03-23 22:00,0.000,371.178,823.583
2026-03-23T22:00Z,2026-03-23 23:00,0.000,679.030,856.370
2026-03-23T23:00Z,2026-03-24 00:00,0.000,2303.275,2947.789
2026-03-24T00:00Z,2026-03-24 01:00,0.000,3142.717,4428.490
2026-03-24T01:00Z,2026-03-24 02:00,0.000,3951.785,6450.549
2026-03-24T02:00Z,2026-03-24 03:00,0.000,4711.812,8673.180
2026-03-24T03:00Z,2026-03-24 04:00,0.000,5314.468,11028.292
2026-03-24T04:00Z,2026-03-24 05:00,0.003,5702.885,13588.788
2026-03-24T05:00Z,2026-03-24 06:00,954.127,5946.307,16187.346
2026-03-24T06:00Z,2026-03-24 07:00,6549.107,5837.007,17496.331
2026-03-24T07:00Z,2026-03-24 08:00,15754.751,5776.972,17830.611
2026-03-24T08:00Z,2026-03-24 09:00,25377.080,5719.470,16942.105
2026-03-24T09:00Z,2026-03-24 10:00,32937.642,5556.997,16929.990
2026-03-24T10:00Z,2026-03-24 11:00,36842.387,5534.040,19092.284
2026-03-24T11:00Z,2026-03-24 12:00,37076.385,5558.488,20199.209
2026-03-24T12:00Z,2026-03-24 13:00,34444.353,5461.983,21594.778
2026-03-24T13:00Z,2026-03-24 14:00,29196.042,5736.930,23556.391
2026-03-24T14:00Z,2026-03-24 15:00,21690.638,6013.700,25779.239
2026-03-24T15:00Z,2026-03-24 16:00,12533.928,6297.770,26146.779
2026-03-24T16:00Z,2026-03-24 17:00,4537.787,6427.805,26497.557
2026-03-24T17:00Z,2026-03-24 18:00,461.039,6454.620,28207.613
2026-03-24T18:00Z,2026-03-24 19:00,0.000,6368.825,31122.549
2026-03-24T19:00Z,2026-03-24 20:00,0.000,6231.580,34619.469
2026-03-24T20:00Z,2026-03-24 21:00,0.000,6079.935,37511.708
2026-03-24T21:00Z,2026-03-24 22:00,0.000,5886.800,38583.120
2026-03-24T22:00Z,2026-03-24 23:00,0.000,5692.200,39879.313
2026-03-24T23:00Z,2026-03-25 00:00,0.000,5244.155,41863.498
2026-03-25T00:00Z,2026-03-25 01:00,0.000,5079.965,42731.120
2026-03-25T01:00Z,2026-03-25 02:00,0.000,5065.387,43594.550
2026-03-25T02:00Z,2026-03-25 03:00,0.000,5141.760,44130.672
2026-03-25T03:00Z,2026-03-25 04:00,0.000,5240.252,45025.528
2026-03-25T04:00Z,2026-03-25 05:00,0.060,5410.222,45751.190
2026-03-25T05:00Z,2026-03-25 06:00,870.721,5572.497,46937.939
2026-03-25T06:00Z,2026-03-25 07:00,5302.686,5659.885,46094.412
2026-03-25T07:00Z,2026-03-25 08:00,11558.835,5784.872,44964.692
2026-03-25T08:00Z,2026-03-25 09:00,16273.103,5904.480,42801.787
2026-03-25T09:00Z,2026-03-25 10:00,19038.732,5869.843,40249.343
2026-03-25T10:00Z,2026-03-25 11:00,20292.383,5712.097,38412.714
2026-03-25T11:00Z,2026-03-25 12:00,20231.223,5636.600,37166.610
2026-03-25T12:00Z,2026-03-25 13:00,19092.586,5633.767,36441.144
2026-03-25T13:00Z,2026-03-25 14:00,16703.737,5670.347,36346.680
2026-03-25T14:00Z,2026-03-25 15:00,13114.467,5769.153,35965.174
2026-03-25T15:00Z,2026-03-25 16:00,8290.868,5863.802,33938.418
2026-03-25T16:00Z,2026-03-25 17:00,3339.726,5983.100,31459.803
2026-03-25T17:00Z,2026-03-25 18:00,411.215,6124.070,29322.530
2026-03-25T18:00Z,2026-03-25 19:00,0.000,6231.953,27821.915
2026-03-25T19:00Z,2026-03-25 20:00,0.000,6259.755,27407.625
2026-03-25T20:00Z,2026-03-25 21:00,0.000,6252.023,27252.434
2026-03-25T21:00Z,2026-03-25 22:00,0.000,6216.085,26424.609
2026-03-25T22:00Z,2026-03-25 23:00,0.000,6159.097,26151.056
2026-03-25T23:00Z,2026-03-26 00:00,0.000,6233.743,22919.173
2026-03-26T00:00Z,2026-03-26 01:00,0.000,6198.398,23370.383
2026-03-26T01:00Z,2026-03-26 02:00,0.000,6177.158,23658.140
2026-03-26T02:00Z,2026-03-26 03:00,0.000,6131.538,23808.435
2026-03-26T03:00Z,2026-03-26 04:00,0.000,6088.573,23810.829
2026-03-26T04:00Z,2026-03-26 05:00,0.362,6071.762,23826.362
2026-03-26T05:00Z,2026-03-26 06:00,786.618,6069.592,24306.362
2026-03-26T06:00Z,2026-03-26 07:00,4844.295,6032.580,24018.308
2026-03-26T07:00Z,2026-03-26 08:00,11072.221,5800.903,25012.316
2026-03-26T08:00Z,2026-03-26 09:00,17212.029,5447.917,26293.480
2026-03-26T09:00Z,2026-03-26 10:00,22343.211,5359.212,26231.734
2026-03-26T10:00Z,2026-03-26 11:00,26279.524,5320.095,25758.638
2026-03-26T11:00Z,2026-03-26 12:00,28604.743,5298.380,25565.679
2026-03-26T12:00Z,2026-03-26 13:00,28708.486,5297.503,26211.699
2026-03-26T13:00Z,2026-03-26 14:00,26139.816,5320.800,27189.867
2026-03-26T14:00Z,2026-03-26 15:00,20779.886,5376.955,27544.950
2026-03-26T15:00Z,2026-03-26 16:00,13169.626,5643.297,26609.279
2026-03-26T16:00Z,2026-03-26 17:00,5306.241,5895.630,23783.782
2026-03-26T17:00Z,2026-03-26 18:00,672.911,5974.240,20494.466
2026-03-26T18:00Z,2026-03-26 19:00,0.000,5992.392,18523.579
2026-03-26T19:00Z,2026-03-26 20:00,0.000,5929.573,18230.864
2026-03-26T20:00Z,2026-03-26 21:00,0.000,5692.403,18257.717
2026-03-26T21:00Z,2026-03-26 22:00,0.000,5277.125,17919.368
2026-03-26T22:00Z,2026-03-26 23:00,0.000,4693.247,17664.058
2026-03-26T23:00Z,2026-03-27 00:00,0.000,3687.780,14994.357
2026-03-27T00:00Z,2026-03-27 01:00,0.000,2999.972,13796.111
2026-03-27T01:00Z,2026-03-27 02:00,0.000,2346.525,12588.496
2026-03-27T02:00Z,2026-03-27 03:00,0.000,1807.892,11439.863
2026-03-27T03:00Z,2026-03-27 04:00,0.000,1412.673,10323.411
2026-03-27T04:00Z,2026-03-27 05:00,1.040,1134.868,9204.199
2026-03-27T05:00Z,2026-03-27 06:00,1586.979,965.202,8060.385
2026-03-27T06:00Z,2026-03-27 07:00,9017.790,954.890,6301.636
2026-03-27T07:00Z,2026-03-27 08:00,19746.731,1144.247,4441.904
2026-03-27T08:00Z,2026-03-27 09:00,29153.617,1542.555,3437.759
2026-03-27T09:00Z,2026-03-27 10:00,35349.160,2123.990,3571.434
2026-03-27T10:00Z,2026-03-27 11:00,38388.515,2843.495,3894.761
2026-03-27T11:00Z,2026-03-27 12:00,38824.721,3623.322,4254.582
2026-03-27T12:00Z,2026-03-27 13:00,36711.959,4377.425,4800.659
2026-03-27T13:00Z,2026-03-27 14:00,32030.600,4954.783,5250.010
2026-03-27T14:00Z,2026-03-27 15:00,24821.528,5464.913,5519.094
2026-03-27T15:00Z,2026-03-27 16:00,15348.212,5927.955,5475.698
2026-03-27T16:00Z,2026-03-27 17:00,6023.480,6179.675,5252.934
2026-03-27T17:00Z,2026-03-27 18:00,740.400,6276.417,5641.450
2026-03-27T18:00Z,2026-03-27 19:00,3.726,6238.655,7095.633
2026-03-27T19:00Z,2026-03-27 20:00,0.000,6111.260,9311.294
2026-03-27T20:00Z,2026-03-27 21:00,0.000,5857.528,11591.561
2026-03-27T21:00Z,2026-03-27 22:00,0.000,5430.125,13249.664
2026-03-27T22:00Z,2026-03-27 23:00,0.000,4841.917,14728.397
2026-03-27T23:00Z,2026-03-28 00:00,0.000,3700.780,18840.118
2026-03-28T00:00Z,2026-03-28 01:00,0.000,3032.222,20004.967
2026-03-28T01:00Z,2026-03-28 02:00,0.000,2557.260,20579.357
2026-03-28T02:00Z,2026-03-28 03:00,0.000,2403.023,20480.817
2026-03-28T03:00Z,2026-03-28 04:00,0.000,2705.740,19691.930
2026-03-28T04:00Z,2026-03-28 05:00,9.184,3178.635,18382.973
2026-03-28T05:00Z,2026-03-28 06:00,1399.860,3490.892,16950.055
2026-03-28T06:00Z,2026-03-28 07:00,7193.700,3559.332,14673.489
2026-03-28T07:00Z,2026-03-28 08:00,14866.496,3524.318,12286.060
2026-03-28T08:00Z,2026-03-28 09:00,20946.255,3455.770,10267.376
2026-03-28T09:00Z,2026-03-28 10:00,24301.944,3315.820,9376.156
2026-03-28T10:00Z,2026-03-28 11:00,25309.559,3196.293,9146.250
2026-03-28T11:00Z,2026-03-28 12:00,24255.854,3171.117,9195.452
2026-03-28T12:00Z,2026-03-28 13:00,21689.853,3092.628,9734.429
2026-03-28T13:00Z,2026-03-28 14:00,18024.111,2906.790,10315.015
2026-03-28T14:00Z,2026-03-28 15:00,13416.401,2736.185,10516.512
2026-03-28T15:00Z,2026-03-28 16:00,8153.028,2709.740,10058.274
2026-03-28T16:00Z,2026-03-28 17:00,3350.737,2817.870,9121.603
2026-03-28T17:00Z,2026-03-28 18:00,521.855,2965.270,8350.631
2026-03-28T18:00Z,2026-03-28 19:00,5.505,2965.675,8291.998
2026-03-28T19:00Z,2026-03-28 20:00,0.000,2810.050,9019.675
2026-03-28T20:00Z,2026-03-28 21:00,0.000,2725.222,9951.486
2026-03-28T21:00Z,2026-03-28 22:00,0.000,2821.270,10714.397
2026-03-28T22:00Z,2026-03-28 23:00,0.000,2998.150,11287.134
2026-03-28T23:00Z,2026-03-29 00:00,0.000,2765.843,11333.011
2026-03-29T00:00Z,2026-03-29 01:00,0.000,2487.970,11285.831
2026-03-29T01:00Z,2026-03-29 03:00,0.000,2334.012,11072.931
2026-03-29T02:00Z,2026-03-29 04:00,0.000,2418.367,10784.673
2026-03-29T03:00Z,2026-03-29 05:00,0.000,2628.137,10389.083
2026-03-29T04:00Z,2026-03-29 06:00,12.266,2796.412,9992.430
2026-03-29T05:00Z,2026-03-29 07:00,1129.439,2876.470,9389.863
2026-03-29T06:00Z,2026-03-29 08:00,5885.603,2798.588,7947.221
2026-03-29T07:00Z,2026-03-29 09:00,12832.516,2740.660,6483.024
2026-03-29T08:00Z,2026-03-29 10:00,19603.683,2701.495,6151.670
2026-03-29T09:00Z,2026-03-29 11:00,25161.611,2883.450,6861.903
2026-03-29T10:00Z,2026-03-29 12:00,29423.719,3489.685,7712.936
2026-03-29T11:00Z,2026-03-29 13:00,31678.320,4429.085,8535.161
2026-03-29T12:00Z,2026-03-29 14:00,31729.125,5335.262,9972.848
2026-03-29T13:00Z,2026-03-29 15:00,28964.323,5901.505,11918.364
2026-03-29T14:00Z,2026-03-29 16:00,23076.573,6111.430,14174.716
2026-03-29T15:00Z,2026-03-29 17:00,14593.312,6272.870,15293.867
2026-03-29T16:00Z,2026-03-29 18:00,5994.974,6316.323,15626.875
2026-03-29T17:00Z,2026-03-29 19:00,862.931,6154.333,17331.694
2026-03-29T18:00Z,2026-03-29 20:00,24.861,5793.120,21239.548
2026-03-29T19:00Z,2026-03-29 21:00,0.000,5556.345,26377.824
2026-03-29T20:00Z,2026-03-29 22:00,0.000,5526.910,30455.908
2026-03-29T21:00Z,2026-03-29 23:00,0.000,5666.417,33640.994
2026-03-29T22:00Z,2026-03-30 00:00,0.000,5999.030,35816.877
2026-03-29T23:00Z,2026-03-30 01:00,0.000,6236.703,36692.338
2026-03-30T00:00Z,2026-03-30 02:00,0.000,6377.975,36887.970
2026-03-30T01:00Z,2026-03-30 03:00,0.000,6497.033,36458.795
2026-03-30T02:00Z,2026-03-30 04:00,0.000,6711.390,35958.846
2026-03-30T03:00Z,2026-03-30 05:00,0.000,6836.755,35693.871
2026-03-30T04:00Z,2026-03-30 06:00,7.389,6853.880,35235.615
2026-03-30T05:00Z,2026-03-30 07:00,607.681,6788.828,33291.172
2026-03-30T06:00Z,2026-03-30 08:00,3353.151,6527.165,30747.152
2026-03-30T07:00Z,2026-03-30 09:00,7830.235,6118.495,29149.414
2026-03-30T08:00Z,2026-03-30 10:00,13081.319,5451.993,28227.873
2026-03-30T09:00Z,2026-03-30 11:00,17904.060,5074.780,27626.117
2026-03-30T10:00Z,2026-03-30 12:00,21624.375,4933.260,27028.123
2026-03-30T11:00Z,2026-03-30 13:00,23683.671,4923.918,26256.687
2026-03-30T12:00Z,2026-03-30 14:00,24131.276,4989.905,26157.607
2026-03-30T13:00Z,2026-03-30 15:00,22235.717,5068.423,26332.181
2026-03-30T14:00Z,2026-03-30 16:00,17626.321,5185.240,26266.733
2026-03-30T15:00Z,2026-03-30 17:00,11344.716,5490.887,25219.510
2026-03-30T16:00Z,2026-03-30 18:00,4848.588,5828.340,23857.541
2026-03-30T17:00Z,2026-03-30 19:00,715.913,5989.415,22577.604
2026-03-30T18:00Z,2026-03-30 20:00,9.460,6024.493,22039.982
2026-03-30T19:00Z,2026-03-30 21:00,0.000,6063.403,22082.029
2026-03-30T20:00Z,2026-03-30 22:00,0.000,6034.910,21726.500
2026-03-30T21:00Z,2026-03-30 23:00,0.000,6011.730,21792.943
2026-03-30T22:00Z,2026-03-31 00:00,0.000,6146.115,19603.139
2026-03-30T23:00Z,2026-03-31 01:00,0.000,6168.227,19361.446
2026-03-31T00:00Z,2026-03-31 02:00,0.000,6202.525,19155.501
2026-03-31T01:00Z,2026-03-31 03:00,0.000,6209.315,19050.337
2026-03-31T02:00Z,2026-03-31 04:00,0.000,6195.962,19166.999
2026-03-31T03:00Z,2026-03-31 05:00,0.000,6211.955,19258.654
2026-03-31T04:00Z,2026-03-31 06:00,15.776,6188.085,19266.150
2026-03-31T05:00Z,2026-03-31 07:00,1147.887,6192.685,18454.769
2026-03-31T06:00Z,2026-03-31 08:00,5570.553,6047.642,17212.326
2026-03-31T07:00Z,2026-03-31 09:00,11902.131,5490.680,17344.782
2026-03-31T08:00Z,2026-03-31 10:00,18340.071,5000.887,18685.393
2026-03-31T09:00Z,2026-03-31 11:00,23407.688,4556.538,19904.756
2026-03-31T10:00Z,2026-03-31 12:00,26602.483,4243.837,20692.420
2026-03-31T11:00Z,2026-03-31 13:00,27960.072,3968.915,21536.915
2026-03-31T12:00Z,2026-03-31 14:00,27374.988,3786.702,22400.569
2026-03-31T13:00Z,2026-03-31 15:00,24780.617,3636.163,22838.328
2026-03-31T14:00Z,2026-03-31 16:00,19962.027,3477.133,22719.098
2026-03-31T15:00Z,2026-03-31 17:00,13045.299,3357.657,21165.267
2026-03-31T16:00Z,2026-03-31 18:00,5643.154,3137.698,18327.355
2026-03-31T17:00Z,2026-03-31 19:00,891.544,2745.043,15432.903
2026-03-31T18:00Z,2026-03-31 20:00,10.698,2257.213,13826.173
2026-03-31T19:00Z,2026-03-31 21:00,0.000,1751.925,12891.641
2026-03-31T20:00Z,2026-03-31 22:00,0.000,1289.370,11701.871
2026-03-31T21:00Z,2026-03-31 23:00,0.000,894.940,10405.204
2026-03-31T22:00Z,2026-04-01 00:00,0.000,432.173,7346.736
2026-03-31T23:00Z,2026-04-01 01:00,0.000,290.192,6143.142
2026-04-01T00:00Z,2026-04-01 02:00,0.000,182.882,5092.382
2026-04-01T01:00Z,2026-04-01 03:00,0.000,107.632,4103.948
2026-04-01T02:00Z,2026-04-01 04:00,0.000,62.510,3164.366
2026-04-01T03:00Z,2026-04-01 05:00,0.000,46.922,2392.896
2026-04-01T04:00Z,2026-04-01 06:00,24.621,49.483,1873.695
2026-04-01T05:00Z,2026-04-01 07:00,1617.888,64.350,1556.572
2026-04-01T06:00Z,2026-04-01 08:00,7290.872,87.120,1267.468
2026-04-01T07:00Z,2026-04-01 09:00,15240.763,130.340,1065.473
2026-04-01T08:00Z,2026-04-01 10:00,22994.956,225.082,996.350
2026-04-01T09:00Z,2026-04-01 11:00,29338.518,413.938,997.573
2026-04-01T10:00Z,2026-04-01 12:00,34172.980,686.065,1057.290
2026-04-01T11:00Z,2026-04-01 13:00,37203.878,951.025,1151.431
2026-04-01T12:00Z,2026-04-01 14:00,37509.003,1118.840,1276.256
2026-04-01T13:00Z,2026-04-01 15:00,34255.702,1178.000,1373.292
2026-04-01T14:00Z,2026-04-01 16:00,27691.721,1156.875,1420.001
2026-04-01T15:00Z,2026-04-01 17:00,18072.330,1106.065,1394.545
2026-04-01T16:00Z,2026-04-01 18:00,7724.229,1079.722,1407.950
2026-04-01T17:00Z,2026-04-01 19:00,1239.952,1104.298,1796.793
2026-04-01T18:00Z,2026-04-01 20:00,10.090,1199.598,2563.616
2026-04-01T19:00Z,2026-04-01 21:00,0.000,1340.477,3143.550
2026-04-01T20:00Z,2026-04-01 22:00,0.000,1531.472,3576.143
2026-04-01T21:00Z,2026-04-01 23:00,0.000,1751.638,3978.645
2026-04-01T22:00Z,2026-04-02 00:00,0.000,1710.050,4074.294
2026-04-01T23:00Z,2026-04-02 01:00,0.000,2062.050,4436.369
2026-04-02T00:00Z,2026-04-02 02:00,0.000,2358.898,4808.074
2026-04-02T01:00Z,2026-04-02 03:00,0.000,2600.303,5132.394
2026-04-02T02:00Z,2026-04-02 04:00,0.000,2812.903,5424.355
2026-04-02T03:00Z,2026-04-02 05:00,0.000,2953.235,5686.412
2026-04-02T04:00Z,2026-04-02 06:00,45.309,3005.102,5944.255
2026-04-02T05:00Z,2026-04-02 07:00,2932.885,3025.620,6000.346
2026-04-02T06:00Z,2026-04-02 08:00,12493.448,3053.700,5594.206
2026-04-02T07:00Z,2026-04-02 09:00,24598.712,3216.140,4472.782
2026-04-02T08:00Z,2026-04-02 10:00,34623.459,3560.015,3261.753
2026-04-02T09:00Z,2026-04-02 11:00,40868.768,3996.762,3137.326
2026-04-02T10:00Z,2026-04-02 12:00,42599.410,4379.788,3788.403
2026-04-02T11:00Z,2026-04-02 13:00,40826.178,4646.365,4578.101
2026-04-02T12:00Z,2026-04-02 14:00,36663.787,4611.923,5621.757
2026-04-02T13:00Z,2026-04-02 15:00,30513.799,4244.875,6817.433
2026-04-02T14:00Z,2026-04-02 16:00,22749.071,3919.472,8143.046
2026-04-02T15:00Z,2026-04-02 17:00,13916.302,3736.733,9214.157
2026-04-02T16:00Z,2026-04-02 18:00,5770.865,3620.540,9936.014
2026-04-02T17:00Z,2026-04-02 19:00,934.451,3523.980,10440.789
2026-04-02T18:00Z,2026-04-02 20:00,10.997,3442.398,10879.494
2026-04-02T19:00Z,2026-04-02 21:00,0.000,3316.512,11229.779
2026-04-02T20:00Z,2026-04-02 22:00,0.000,3106.915,11200.988
2026-04-02T21:00Z,2026-04-02 23:00,0.000,2917.310,11132.339
2026-04-02T22:00Z,2026-04-03 00:00,0.000,2098.372,8576.900
2026-04-02T23:00Z,2026-04-03 01:00,0.000,2034.128,8580.308
2026-04-03T00:00Z,2026-04-03 02:00,0.000,1937.838,8610.164
2026-04-03T01:00Z,2026-04-03 03:00,0.000,1784.932,8296.064
2026-04-03T02:00Z,2026-04-03 04:00,0.000,1800.005,7726.861
2026-04-03T03:00Z,2026-04-03 05:00,0.000,2048.108,7294.113
2026-04-03T04:00Z,2026-04-03 06:00,41.954,2445.907,6895.171
2026-04-03T05:00Z,2026-04-03 07:00,1993.052,2960.355,6445.188
2026-04-03T06:00Z,2026-04-03 08:00,8061.216,3631.122,5915.434
2026-04-03T07:00Z,2026-04-03 09:00,15886.439,4438.660,5515.699
2026-04-03T08:00Z,2026-04-03 10:00,22938.045,5149.352,6406.350
2026-04-03T09:00Z,2026-04-03 11:00,27963.677,5721.280,8387.810
2026-04-03T10:00Z,2026-04-03 12:00,30661.279,6214.375,9828.102
2026-04-03T11:00Z,2026-04-03 13:00,31454.892,6482.462,11281.003
2026-04-03T12:00Z,2026-04-03 14:00,30900.907,6573.847,13163.248
2026-04-03T13:00Z,2026-04-03 15:00,27917.579,6578.333,15076.254
2026-04-03T14:00Z,2026-04-03 16:00,21886.701,6533.670,17346.657
2026-04-03T15:00Z,2026-04-03 17:00,13751.289,6468.877,19042.665
2026-04-03T16:00Z,2026-04-03 18:00,5685.544,6295.625,19876.284
2026-04-03T17:00Z,2026-04-03 19:00,907.713,6068.632,21102.247
2026-04-03T18:00Z,2026-04-03 20:00,6.890,5825.070,23779.228
2026-04-03T19:00Z,2026-04-03 21:00,0.000,5507.528,27505.927
2026-04-03T20:00Z,2026-04-03 22:00,0.000,5074.165,29898.225
2026-04-03T21:00Z,2026-04-03 23:00,0.000,4787.465,31926.695
2026-04-03T22:00Z,2026-04-04 00:00,0.000,6115.727,36909.440
2026-04-03T23:00Z,2026-04-04 01:00,0.000,6271.710,37543.839
2026-04-04T00:00Z,2026-04-04 02:00,0.000,6348.212,37228.322
2026-04-04T01:00Z,2026-04-04 03:00,0.000,6319.135,36555.569
2026-04-04T02:00Z,2026-04-04 04:00,0.000,6261.400,35544.884
2026-04-04T03:00Z,2026-04-04 05:00,0.000,6247.120,34365.713
2026-04-04T04:00Z,2026-04-04 06:00,40.184,6294.655,33826.878
2026-04-04T05:00Z,2026-04-04 07:00,1199.709,6366.878,32090.360
2026-04-04T06:00Z,2026-04-04 08:00,4995.197,6202.435,29571.993
2026-04-04T07:00Z,2026-04-04 09:00,11068.160,5761.903,27924.590
2026-04-04T08:00Z,2026-04-04 10:00,17756.016,5221.700,26205.155
2026-04-04T09:00Z,2026-04-04 11:00,23432.743,4791.315,24225.287
2026-04-04T10:00Z,2026-04-04 12:00,26567.634,4201.970,22603.052
2026-04-04T11:00Z,2026-04-04 13:00,26949.107,3543.800,21584.017
2026-04-04T12:00Z,2026-04-04 14:00,25823.212,3070.545,20962.751
2026-04-04T13:00Z,2026-04-04 15:00,23242.159,2755.957,20552.668
2026-04-04T14:00Z,2026-04-04 16:00,19014.028,2581.323,19624.689
2026-04-04T15:00Z,2026-04-04 17:00,12815.539,2587.880,16632.084
2026-04-04T16:00Z,2026-04-04 18:00,5981.573,2876.255,12123.046
2026-04-04T17:00Z,2026-04-04 19:00,1124.376,3710.695,9516.512
2026-04-04T18:00Z,2026-04-04 20:00,12.076,5148.203,10541.936
2026-04-04T19:00Z,2026-04-04 21:00,0.000,6516.625,14223.034
2026-04-04T20:00Z,2026-04-04 22:00,0.000,6919.500,18371.780
2026-04-04T21:00Z,2026-04-04 23:00,0.000,6565.858,22453.559
2026-04-04T22:00Z,2026-04-05 00:00,0.000,6243.288,27381.634
2026-04-04T23:00Z,2026-04-05 01:00,0.000,5572.970,30997.665
2026-04-05T00:00Z,2026-04-05 02:00,0.000,5598.943,33437.619
2026-04-05T01:00Z,2026-04-05 03:00,0.000,5709.870,35350.000
2026-04-05T02:00Z,2026-04-05 04:00,0.000,5728.412,36479.692
2026-04-05T03:00Z,2026-04-05 05:00,0.000,5602.148,37346.443
2026-04-05T04:00Z,2026-04-05 06:00,79.446,5446.480,38698.858
2026-04-05T05:00Z,2026-04-05 07:00,2836.600,5400.517,38818.044
2026-04-05T06:00Z,2026-04-05 08:00,10488.627,5439.983,38174.264
2026-04-05T07:00Z,2026-04-05 09:00,19902.447,5504.747,37095.845
2026-04-05T08:00Z,2026-04-05 10:00,27992.118,5590.257,35824.495
2026-04-05T09:00Z,2026-04-05 11:00,33351.664,5622.855,34974.242
2026-04-05T10:00Z,2026-04-05 12:00,35942.392,5686.350,34321.204
2026-04-05T11:00Z,2026-04-05 13:00,35530.718,5754.542,33473.526
2026-04-05T12:00Z,2026-04-05 14:00,32529.781,5815.995,33339.555
2026-04-05T13:00Z,2026-04-05 15:00,27698.245,5882.595,33524.995
2026-04-05T14:00Z,2026-04-05 16:00,20898.552,5976.988,33536.863
2026-04-05T15:00Z,2026-04-05 17:00,12864.115,6113.065,33747.844
2026-04-05T16:00Z,2026-04-05 18:00,5605.185,6254.842,32712.227
2026-04-05T17:00Z,2026-04-05 19:00,1078.902,6369.975,30852.004
2026-04-05T18:00Z,2026-04-05 20:00,27.717,6715.220,29396.201
2026-04-05T19:00Z,2026-04-05 21:00,0.000,6691.100,29025.696
2026-04-05T20:00Z,2026-04-05 22:00,0.000,6599.023,28612.409
2026-04-05T21:00Z,2026-04-05 23:00,0.000,6441.702,29095.097
2026-04-05T22:00Z,2026-04-06 00:00,0.000,6116.580,27885.673
2026-04-05T23:00Z,2026-04-06 01:00,0.000,6092.682,28048.654
2026-04-06T00:00Z,2026-04-06 02:00,0.000,6111.750,27870.146
2026-04-06T01:00Z,2026-04-06 03:00,0.000,6120.173,27299.981
2026-04-06T02:00Z,2026-04-06 04:00,0.000,6124.443,26322.123
2026-04-06T03:00Z,2026-04-06 05:00,0.000,6164.010,25228.395
2026-04-06T04:00Z,2026-04-06 06:00,130.407,6254.280,24742.380
2026-04-06T05:00Z,2026-04-06 07:00,3685.915,6277.773,23624.983
2026-04-06T06:00Z,2026-04-06 08:00,13701.915,5844.185,21551.882
2026-04-06T07:00Z,2026-04-06 09:00,25561.482,5392.720,19788.192
2026-04-06T08:00Z,2026-04-06 10:00,34883.651,4987.913,19238.109
2026-04-06T09:00Z,2026-04-06 11:00,41162.392,4549.423,19032.546
2026-04-06T10:00Z,2026-04-06 12:00,44282.816,4081.240,18643.707
2026-04-06T11:00Z,2026-04-06 13:00,44733.003,3784.175,18390.269
2026-04-06T12:00Z,2026-04-06 14:00,42810.205,3605.852,18057.446
2026-04-06T13:00Z,2026-04-06 15:00,38111.656,3509.548,17745.146
2026-04-06T14:00Z,2026-04-06 16:00,30793.226,3435.033,18520.308
2026-04-06T15:00Z,2026-04-06 17:00,20918.747,3354.733,19335.046
2026-04-06T16:00Z,2026-04-06 18:00,9591.125,3284.602,18273.838
2026-04-06T17:00Z,2026-04-06 19:00,1904.291,3157.407,16018.366
2026-04-06T18:00Z,2026-04-06 20:00,32.854,2960.427,14453.120
2026-04-06T19:00Z,2026-04-06 21:00,0.000,2729.665,13740.940
2026-04-06T20:00Z,2026-04-06 22:00,0.000,2466.548,13132.256
2026-04-06T21:00Z,2026-04-06 23:00,0.000,2259.827,12752.182
2026-04-06T22:00Z,2026-04-07 00:00,0.000,2093.725,12236.363
2026-04-06T23:00Z,2026-04-07 01:00,0.000,1981.347,11918.923
2026-04-07T00:00Z,2026-04-07 02:00,0.000,1888.102,11653.513
2026-04-07T01:00Z,2026-04-07 03:00,0.000,1817.213,11340.208
2026-04-07T02:00Z,2026-04-07 04:00,0.000,1765.668,10980.543
2026-04-07T03:00Z,2026-04-07 05:00,0.000,1710.148,10623.078
2026-04-07T04:00Z,2026-04-07 06:00,159.425,1633.967,10301.307
2026-04-07T05:00Z,2026-04-07 07:00,4132.556,1511.925,9592.259
2026-04-07T06:00Z,2026-04-07 08:00,15113.580,1307.013,8308.419
2026-04-07T07:00Z,2026-04-07 09:00,28618.561,1051.112,6888.377
2026-04-07T08:00Z,2026-04-07 10:00,40181.374,835.845,5829.896
2026-04-07T09:00Z,2026-04-07 11:00,48190.311,715.852,5069.232
2026-04-07T10:00Z,2026-04-07 12:00,52621.511,712.790,4651.703
2026-04-07T11:00Z,2026-04-07 13:00,53449.083,769.933,4595.710
2026-04-07T12:00Z,2026-04-07 14:00,50770.823,844.232,4932.964
2026-04-07T13:00Z,2026-04-07 15:00,45011.836,913.232,5309.705
2026-04-07T14:00Z,2026-04-07 16:00,36428.341,985.923,5813.020
2026-04-07T15:00Z,2026-04-07 17:00,24106.024,1032.625,6411.110
2026-04-07T16:00Z,2026-04-07 18:00,10655.604,1077.020,6793.694
2026-04-07T17:00Z,2026-04-07 19:00,2041.103,1156.822,7732.324
2026-04-07T18:00Z,2026-04-07 20:00,36.365,1235.620,9603.993
2026-04-07T19:00Z,2026-04-07 21:00,0.000,1227.105,11383.278
2026-04-07T20:00Z,2026-04-07 22:00,0.000,1136.193,12244.855
2026-04-07T21:00Z,2026-04-07 23:00,0.000,1088.452,12415.910
2026-04-07T22:00Z,2026-04-08 00:00,0.000,1756.535,12725.515
2026-04-07T23:00Z,2026-04-08 01:00,0.000,2179.545,12188.627
2026-04-08T00:00Z,2026-04-08 02:00,0.000,2609.195,11358.901
2026-04-08T01:00Z,2026-04-08 03:00,0.000,2846.185,10355.259
2026-04-08T02:00Z,2026-04-08 04:00,0.000,2722.720,9344.791
2026-04-08T03:00Z,2026-04-08 05:00,0.000,2345.983,8528.055
2026-04-08T04:00Z,2026-04-08 06:00,211.458,1971.118,7979.835
2026-04-08T05:00Z,2026-04-08 07:00,4710.700,1739.590,7370.396
2026-04-08T06:00Z,2026-04-08 08:00,16566.970,1757.023,6153.349
2026-04-08T07:00Z,2026-04-08 09:00,30639.678,1907.280,4074.291
2026-04-08T08:00Z,2026-04-08 10:00,42339.234,1992.703,2308.887
2026-04-08T09:00Z,2026-04-08 11:00,50410.120,2093.783,1919.515
2026-04-08T10:00Z,2026-04-08 12:00,54499.343,2221.613,1903.027
2026-04-08T11:00Z,2026-04-08 13:00,54889.232,2376.913,2194.018
2026-04-08T12:00Z,2026-04-08 14:00,51918.924,2555.713,2891.765
2026-04-08T13:00Z,2026-04-08 15:00,45738.456,2792.363,3968.938
2026-04-08T14:00Z,2026-04-08 16:00,36474.296,3155.247,5243.509
2026-04-08T15:00Z,2026-04-08 17:00,23818.880,3504.293,6433.602
2026-04-08T16:00Z,2026-04-08 18:00,10458.225,3845.352,7836.590
2026-04-08T17:00Z,2026-04-08 19:00,2043.201,4199.327,10172.313
2026-04-08T18:00Z,2026-04-08 20:00,38.288,4637.220,13597.761
2026-04-08T19:00Z,2026-04-08 21:00,0.000,5075.150,16675.457
2026-04-08T20:00Z,2026-04-08 22:00,0.000,5388.155,18103.042
2026-04-08T21:00Z,2026-04-08 23:00,0.000,5501.660,18539.538
2026-04-08T22:00Z,2026-04-09 00:00,0.000,5474.860,16745.773
2026-04-08T23:00Z,2026-04-09 01:00,0.000,5411.193,16095.164
2026-04-09T00:00Z,2026-04-09 02:00,0.000,5362.503,15350.082
2026-04-09T01:00Z,2026-04-09 03:00,0.000,5346.092,14578.510
2026-04-09T02:00Z,2026-04-09 04:00,0.000,5416.267,13917.958
2026-04-09T03:00Z,2026-04-09 05:00,0.000,5510.915,13538.980
2026-04-09T04:00Z,2026-04-09 06:00,182.440,5611.535,13594.963
2026-04-09T05:00Z,2026-04-09 07:00,3410.471,5708.677,13096.013
2026-04-09T06:00Z,2026-04-09 08:00,11384.813,5738.852,11528.703
2026-04-09T07:00Z,2026-04-09 09:00,22140.347,5748.693,9433.706
2026-04-09T08:00Z,2026-04-09 10:00,32478.220,5623.605,7897.364
2026-04-09T09:00Z,2026-04-09 11:00,39805.500,5440.347,7643.674
2026-04-09T10:00Z,2026-04-09 12:00,43965.015,5308.462,7817.959
2026-04-09T11:00Z,2026-04-09 13:00,45049.514,5266.090,8215.158
2026-04-09T12:00Z,2026-04-09 14:00,43039.612,5290.975,8714.322
2026-04-09T13:00Z,2026-04-09 15:00,38117.257,5364.342,9274.476
2026-04-09T14:00Z,2026-04-09 16:00,30696.789,5434.510,9584.691
2026-04-09T15:00Z,2026-04-09 17:00,20228.030,5614.327,9591.895
2026-04-09T16:00Z,2026-04-09 18:00,9047.392,6000.538,10084.885
2026-04-09T17:00Z,2026-04-09 19:00,1850.454,6103.815,11991.781
2026-04-09T18:00Z,2026-04-09 20:00,31.443,6128.070,15328.792
2026-04-09T19:00Z,2026-04-09 21:00,0.000,6062.335,18460.683
2026-04-09T20:00Z,2026-04-09 22:00,0.000,5967.210,20086.368
2026-04-09T21:00Z,2026-04-09 23:00,0.000,5838.710,21509.530
2026-04-09T22:00Z,2026-04-10 00:00,0.000,5950.667,21754.358
2026-04-09T23:00Z,2026-04-10 01:00,0.000,5855.593,22263.106
2026-04-10T00:00Z,2026-04-10 02:00,0.000,5891.892,22346.699
2026-04-10T01:00Z,2026-04-10 03:00,0.000,5858.590,22488.410
2026-04-10T02:00Z,2026-04-10 04:00,0.000,5908.090,22292.084
2026-04-10T03:00Z,2026-04-10 05:00,0.000,6032.602,21597.192
2026-04-10T04:00Z,2026-04-10 06:00,84.451,6244.925,20656.626
2026-04-10T05:00Z,2026-04-10 07:00,1392.486,6200.218,18368.680
2026-04-10T06:00Z,2026-04-10 08:00,4692.587,5908.905,15527.404
2026-04-10T07:00Z,2026-04-10 09:00,9335.249,5333.318,13597.913
2026-04-10T08:00Z,2026-04-10 10:00,14706.462,4615.622,12352.513
2026-04-10T09:00Z,2026-04-10 11:00,19914.490,3898.615,10872.083
2026-04-10T10:00Z,2026-04-10 12:00,24155.870,3262.675,9125.883
2026-04-10T11:00Z,2026-04-10 13:00,26582.533,2643.477,7721.918
2026-04-10T12:00Z,2026-04-10 14:00,27245.944,2052.640,6890.773
2026-04-10T13:00Z,2026-04-10 15:00,25826.071,1643.838,6185.417
2026-04-10T14:00Z,2026-04-10 16:00,21678.462,1263.240,5517.308
2026-04-10T15:00Z,2026-04-10 17:00,15003.900,943.787,4609.757
2026-04-10T16:00Z,2026-04-10 18:00,7318.818,722.950,3527.255
2026-04-10T17:00Z,2026-04-10 19:00,1636.263,594.780,2736.766
2026-04-10T18:00Z,2026-04-10 20:00,38.353,511.923,2498.561
2026-04-10T19:00Z,2026-04-10 21:00,0.000,431.730,2461.316
2026-04-10T20:00Z,2026-04-10 22:00,0.000,352.038,2572.323
2026-04-10T21:00Z,2026-04-10 23:00,0.000,281.045,2920.864
2026-04-10T22:00Z,2026-04-11 00:00,0.000,240.905,4031.763
2026-04-10T23:00Z,2026-04-11 01:00,0.000,341.567,5375.412
2026-04-11T00:00Z,2026-04-11 02:00,0.000,786.697,6849.265
2026-04-11T01:00Z,2026-04-11 03:00,0.000,1574.855,8255.658
2026-04-11T02:00Z,2026-04-11 04:00,0.000,2504.033,9550.630
2026-04-11T03:00Z,2026-04-11 05:00,0.000,3468.450,10726.818
2026-04-11T04:00Z,2026-04-11 06:00,256.217,4335.850,11919.666
2026-04-11T05:00Z,2026-04-11 07:00,4202.087,4976.905,12543.177
2026-04-11T06:00Z,2026-04-11 08:00,14069.660,5366.360,12004.112
2026-04-11T07:00Z,2026-04-11 09:00,26604.812,5691.130,10466.849
2026-04-11T08:00Z,2026-04-11 10:00,37684.556,5396.778,9030.640
2026-04-11T09:00Z,2026-04-11 11:00,45481.744,5352.390,8937.665
2026-04-11T10:00Z,2026-04-11 12:00,49847.830,5218.730,8737.439
2026-04-11T11:00Z,2026-04-11 13:00,50474.742,5054.632,9423.687
2026-04-11T12:00Z,2026-04-11 14:00,46938.521,4922.852,10869.387
2026-04-11T13:00Z,2026-04-11 15:00,40107.662,4893.215,12928.625
2026-04-11T14:00Z,2026-04-11 16:00,30624.663,4990.115,17007.029
2026-04-11T15:00Z,2026-04-11 17:00,19310.022,5335.795,21026.446
2026-04-11T16:00Z,2026-04-11 18:00,8335.780,6069.613,23145.139
2026-04-11T17:00Z,2026-04-11 19:00,1661.743,6170.420,24903.769
2026-04-11T18:00Z,2026-04-11 20:00,34.520,5988.680,27804.431
2026-04-11T19:00Z,2026-04-11 21:00,0.000,5409.523,30748.967
2026-04-11T20:00Z,2026-04-11 22:00,0.000,4384.105,30340.224
2026-04-11T21:00Z,2026-04-11 23:00,0.000,3268.965,28173.270
2026-04-11T22:00Z,2026-04-12 00:00,0.000,2582.467,24728.670
2026-04-11T23:00Z,2026-04-12 01:00,0.000,2653.967,21378.170
2026-04-12T00:00Z,2026-04-12 02:00,0.000,3224.352,18343.259
2026-04-12T01:00Z,2026-04-12 03:00,0.000,3811.102,15904.455
2026-04-12T02:00Z,2026-04-12 04:00,0.000,4232.050,13719.879
2026-04-12T03:00Z,2026-04-12 05:00,0.000,4592.042,11949.994
2026-04-12T04:00Z,2026-04-12 06:00,143.795,4908.935,10629.113
2026-04-12T05:00Z,2026-04-12 07:00,1951.483,5278.550,9339.486
2026-04-12T06:00Z,2026-04-12 08:00,6204.622,5576.245,7304.564
2026-04-12T07:00Z,2026-04-12 09:00,11884.671,5669.250,5173.220
2026-04-12T08:00Z,2026-04-12 10:00,17573.179,5532.538,3729.670
2026-04-12T09:00Z,2026-04-12 11:00,22017.223,5095.075,3055.381
2026-04-12T10:00Z,2026-04-12 12:00,24441.366,4525.385,2675.520
2026-04-12T11:00Z,2026-04-12 13:00,24702.943,3946.178,2459.626
2026-04-12T12:00Z,2026-04-12 14:00,23243.011,3291.085,2367.115
2026-04-12T13:00Z,2026-04-12 15:00,19963.410,2673.108,2141.213
2026-04-12T14:00Z,2026-04-12 16:00,15078.647,2154.287,1832.432
2026-04-12T15:00Z,2026-04-12 17:00,9511.920,1725.352,1589.073
2026-04-12T16:00Z,2026-04-12 18:00,4474.276,1407.533,1554.924
2026-04-12T17:00Z,2026-04-12 19:00,1102.511,1207.733,2018.054
2026-04-12T18:00Z,2026-04-12 20:00,50.111,1090.925,2939.971
2026-04-12T19:00Z,2026-04-12 21:00,0.000,1093.787,4000.900
2026-04-12T20:00Z,2026-04-12 22:00,0.000,1251.120,4913.373
2026-04-12T21:00Z,2026-04-12 23:00,0.000,1520.753,5692.716
2026-04-12T22:00Z,2026-04-13 00:00,0.000,1801.215,5204.708
2026-04-12T23:00Z,2026-04-13 01:00,0.000,2164.332,5519.983
2026-04-13T00:00Z,2026-04-13 02:00,0.000,2414.985,5766.257
2026-04-13T01:00Z,2026-04-13 03:00,0.000,2520.640,6030.388
2026-04-13T02:00Z,2026-04-13 04:00,0.000,2487.965,6473.213
2026-04-13T03:00Z,2026-04-13 05:00,0.000,2379.332,7163.903
2026-04-13T04:00Z,2026-04-13 06:00,206.857,2247.052,7953.647
2026-04-13T05:00Z,2026-04-13 07:00,2323.747,2144.975,8446.425
2026-04-13T06:00Z,2026-04-13 08:00,7009.666,2078.247,8089.514
2026-04-13T07:00Z,2026-04-13 09:00,12683.728,2044.673,7251.137
2026-04-13T08:00Z,2026-04-13 10:00,17896.889,2012.205,6663.342
2026-04-13T09:00Z,2026-04-13 11:00,21984.777,1980.213,6964.475
2026-04-13T10:00Z,2026-04-13 12:00,24499.531,1929.175,7506.881
2026-04-13T11:00Z,2026-04-13 13:00,24402.076,1860.068,8170.584
2026-04-13T12:00Z,2026-04-13 14:00,22219.525,1859.632,9076.561
2026-04-13T13:00Z,2026-04-13 15:00,18514.207,1959.993,9626.031
2026-04-13T14:00Z,2026-04-13 16:00,13737.862,2069.665,9937.311
2026-04-13T15:00Z,2026-04-13 17:00,8489.119,2198.837,10129.025
2026-04-13T16:00Z,2026-04-13 18:00,3883.713,2300.485,10474.953
2026-04-13T17:00Z,2026-04-13 19:00,860.721,2318.670,11370.080
2026-04-13T18:00Z,2026-04-13 20:00,27.211,2180.408,12461.491
2026-04-13T19:00Z,2026-04-13 21:00,0.000,1938.543,13187.657
2026-04-13T20:00Z,2026-04-13 22:00,0.000,1718.495,13105.728
2026-04-13T21:00Z,2026-04-13 23:00,0.000,1583.487,12749.089
2026-04-13T22:00Z,2026-04-14 00:00,0.000,1621.370,11822.150
2026-04-13T23:00Z,2026-04-14 01:00,0.000,1641.095,11244.655
2026-04-14T00:00Z,2026-04-14 02:00,0.000,1685.543,10543.705
2026-04-14T01:00Z,2026-04-14 03:00,0.000,1745.592,9949.655
2026-04-14T02:00Z,2026-04-14 04:00,0.000,1803.773,9413.641
2026-04-14T03:00Z,2026-04-14 05:00,0.000,1841.372,8947.832
2026-04-14T04:00Z,2026-04-14 06:00,170.510,1833.395,8538.408
2026-04-14T05:00Z,2026-04-14 07:00,2059.234,1761.408,7879.990
2026-04-14T06:00Z,2026-04-14 08:00,6438.226,1670.658,6725.072
2026-04-14T07:00Z,2026-04-14 09:00,12116.754,1576.693,5870.073
2026-04-14T08:00Z,2026-04-14 10:00,17604.837,1455.745,5636.833
2026-04-14T09:00Z,2026-04-14 11:00,22144.420,1321.798,5804.871
2026-04-14T10:00Z,2026-04-14 12:00,25040.881,1170.650,5917.953
2026-04-14T11:00Z,2026-04-14 13:00,25686.107,1002.808,5791.798
2026-04-14T12:00Z,2026-04-14 14:00,24431.107,807.465,5731.861
2026-04-14T13:00Z,2026-04-14 15:00,21426.802,596.983,5535.023
2026-04-14T14:00Z,2026-04-14 16:00,17115.113,424.728,5201.145
2026-04-14T15:00Z,2026-04-14 17:00,11814.466,303.510,4719.174
2026-04-14T16:00Z,2026-04-14 18:00,6118.141,227.143,4114.800
2026-04-14T17:00Z,2026-04-14 19:00,1599.431,174.950,3763.385
2026-04-14T18:00Z,2026-04-14 20:00,66.081,141.055,3948.871
2026-04-14T19:00Z,2026-04-14 21:00,0.000,122.668,4131.486
2026-04-14T20:00Z,2026-04-14 22:00,0.000,134.075,4242.237
2026-04-14T21:00Z,2026-04-14 23:00,0.000,191.680,4395.584
2026-04-14T22:00Z,2026-04-15 00:00,0.000,418.763,3318.380
2026-04-14T23:00Z,2026-04-15 01:00,0.000,689.183,3434.200
2026-04-15T00:00Z,2026-04-15 02:00,0.000,965.567,3568.248
2026-04-15T01:00Z,2026-04-15 03:00,0.000,1190.062,3754.426
2026-04-15T02:00Z,2026-04-15 04:00,0.000,1339.595,3954.951
2026-04-15T03:00Z,2026-04-15 05:00,0.000,1452.457,4088.954
2026-04-15T04:00Z,2026-04-15 06:00,435.810,1540.513,4180.859
2026-04-15T05:00Z,2026-04-15 07:00,4725.054,1533.912,4111.718
2026-04-15T06:00Z,2026-04-15 08:00,14082.096,1543.653,3547.995
2026-04-15T07:00Z,2026-04-15 09:00,25119.562,1549.030,2408.429
2026-04-15T08:00Z,2026-04-15 10:00,34673.263,1563.790,1376.674
2026-04-15T09:00Z,2026-04-15 11:00,41032.763,1527.640,1184.590
2026-04-15T10:00Z,2026-04-15 12:00,42907.708,1432.160,1307.088
2026-04-15T11:00Z,2026-04-15 13:00,41185.469,1300.888,1362.001
2026-04-15T12:00Z,2026-04-15 14:00,37586.813,1177.243,1349.429
2026-04-15T13:00Z,2026-04-15 15:00,32033.479,1081.452,1207.955
2026-04-15T14:00Z,2026-04-15 16:00,24818.677,998.870,1064.428
2026-04-15T15:00Z,2026-04-15 17:00,16279.626,960.935,1039.416
2026-04-15T16:00Z,2026-04-15 18:00,7798.187,1032.815,1169.935
2026-04-15T17:00Z,2026-04-15 19:00,1887.010,1259.403,1676.398
2026-04-15T18:00Z,2026-04-15 20:00,64.493,1680.928,2629.229
2026-04-15T19:00Z,2026-04-15 21:00,0.000,2286.380,3659.968
2026-04-15T20:00Z,2026-04-15 22:00,0.000,2925.773,4626.757
2026-04-15T21:00Z,2026-04-15 23:00,0.000,3395.260,5518.433
2026-04-15T22:00Z,2026-04-16 00:00,0.000,3414.903,6454.088
2026-04-15T23:00Z,2026-04-16 01:00,0.000,3300.843,6675.395
2026-04-16T00:00Z,2026-04-16 02:00,0.000,3226.302,6867.953
2026-04-16T01:00Z,2026-04-16 03:00,0.000,3211.762,6884.194
2026-04-16T02:00Z,2026-04-16 04:00,0.000,3172.710,6752.363
2026-04-16T03:00Z,2026-04-16 05:00,0.000,3000.390,6401.993
2026-04-16T04:00Z,2026-04-16 06:00,350.900,2662.335,6018.653
2026-04-16T05:00Z,2026-04-16 07:00,3797.255,2254.637,5522.289
2026-04-16T06:00Z,2026-04-16 08:00,11226.986,1934.970,4445.560
2026-04-16T07:00Z,2026-04-16 09:00,20889.280,1757.158,3048.274
2026-04-16T08:00Z,2026-04-16 10:00,29833.852,1775.140,2136.556
2026-04-16T09:00Z,2026-04-16 11:00,36091.470,1945.303,2138.427
2026-04-16T10:00Z,2026-04-16 12:00,39015.052,2097.200,2572.211
2026-04-16T11:00Z,2026-04-16 13:00,38846.198,2086.615,3288.586
2026-04-16T12:00Z,2026-04-16 14:00,36498.231,1943.260,4138.242
2026-04-16T13:00Z,2026-04-16 15:00,32404.304,1708.638,4600.260
2026-04-16T14:00Z,2026-04-16 16:00,26374.274,1458.270,4511.942
2026-04-16T15:00Z,2026-04-16 17:00,18263.784,1231.702,3841.898
2026-04-16T16:00Z,2026-04-16 18:00,9237.371,995.472,3020.053
2026-04-16T17:00Z,2026-04-16 19:00,2320.891,720.778,2406.548
2026-04-16T18:00Z,2026-04-16 20:00,88.084,470.832,2240.269
2026-04-16T19:00Z,2026-04-16 21:00,0.000,300.765,2204.384
2026-04-16T20:00Z,2026-04-16 22:00,0.000,214.680,2126.190
2026-04-16T21:00Z,2026-04-16 23:00,0.000,169.735,2018.497
2026-04-16T22:00Z,2026-04-17 00:00,0.000,96.938,2035.075
2026-04-16T23:00Z,2026-04-17 01:00,0.000,110.940,1856.534
2026-04-17T00:00Z,2026-04-17 02:00,0.000,205.845,1763.456
2026-04-17T01:00Z,2026-04-17 03:00,0.000,408.697,1707.748
2026-04-17T02:00Z,2026-04-17 04:00,0.000,661.763,1658.007
2026-04-17T03:00Z,2026-04-17 05:00,0.000,883.065,1615.601
2026-04-17T04:00Z,2026-04-17 06:00,599.113,1007.972,1564.610
2026-04-17T05:00Z,2026-04-17 07:00,5505.006,1066.358,1474.499
2026-04-17T06:00Z,2026-04-17 08:00,15566.869,1099.395,1222.972
2026-04-17T07:00Z,2026-04-17 09:00,27302.653,1056.455,771.217
2026-04-17T08:00Z,2026-04-17 10:00,37145.034,923.283,393.755
2026-04-17T09:00Z,2026-04-17 11:00,43077.981,776.972,322.042
2026-04-17T10:00Z,2026-04-17 12:00,44783.445,653.347,343.336
2026-04-17T11:00Z,2026-04-17 13:00,43439.910,546.008,373.374
2026-04-17T12:00Z,2026-04-17 14:00,40063.959,444.103,421.555
2026-04-17T13:00Z,2026-04-17 15:00,34722.056,348.653,479.562
2026-04-17T14:00Z,2026-04-17 16:00,27428.559,274.195,553.998
2026-04-17T15:00Z,2026-04-17 17:00,18280.857,263.360,736.110
2026-04-17T16:00Z,2026-04-17 18:00,9011.701,347.375,1156.839
2026-04-17T17:00Z,2026-04-17 19:00,2330.403,516.460,2021.480
2026-04-17T18:00Z,2026-04-17 20:00,81.333,826.060,3352.444
2026-04-17T19:00Z,2026-04-17 21:00,0.000,1253.033,4559.125
2026-04-17T20:00Z,2026-04-17 22:00,0.000,1649.915,5342.652
2026-04-17T21:00Z,2026-04-17 23:00,0.000,1907.892,5775.892
2026-04-17T22:00Z,2026-04-18 00:00,0.000,1297.000,6802.656
2026-04-17T23:00Z,2026-04-18 01:00,0.000,1318.250,6542.810
2026-04-18T00:00Z,2026-04-18 02:00,0.000,1243.800,6119.452
2026-04-18T01:00Z,2026-04-18 03:00,0.000,1120.640,5606.117
2026-04-18T02:00Z,2026-04-18 04:00,0.000,1036.227,5081.424
2026-04-18T03:00Z,2026-04-18 05:00,0.000,996.592,4569.721
2026-04-18T04:00Z,2026-04-18 06:00,563.784,997.245,4192.546
2026-04-18T05:00Z,2026-04-18 07:00,5060.249,978.683,3710.521
2026-04-18T06:00Z,2026-04-18 08:00,14263.534,954.538,2761.072
2026-04-18T07:00Z,2026-04-18 09:00,25438.460,925.848,1617.282
2026-04-18T08:00Z,2026-04-18 10:00,34815.648,939.498,925.760
2026-04-18T09:00Z,2026-04-18 11:00,40218.133,982.230,943.603
2026-04-18T10:00Z,2026-04-18 12:00,41288.592,962.197,1344.883
2026-04-18T11:00Z,2026-04-18 13:00,38850.499,952.878,1913.350
2026-04-18T12:00Z,2026-04-18 14:00,34312.070,981.040,2610.535
2026-04-18T13:00Z,2026-04-18 15:00,28909.035,1031.495,3070.911
2026-04-18T14:00Z,2026-04-18 16:00,22293.366,1101.160,3347.813
2026-04-18T15:00Z,2026-04-18 17:00,14844.004,1218.557,3520.000
2026-04-18T16:00Z,2026-04-18 18:00,7355.543,1352.493,3601.381
2026-04-18T17:00Z,2026-04-18 19:00,1909.823,1417.247,3663.253
2026-04-18T18:00Z,2026-04-18 20:00,79.932,1374.165,3864.247
2026-04-18T19:00Z,2026-04-18 21:00,0.000,1259.807,4076.624
2026-04-18T20:00Z,2026-04-18 22:00,0.000,1162.080,4368.740
2026-04-18T21:00Z,2026-04-18 23:00,0.000,1092.745,4467.963
2026-04-18T22:00Z,2026-04-19 00:00,0.000,843.023,4105.115
2026-04-18T23:00Z,2026-04-19 01:00,0.000,883.138,4143.212
2026-04-19T00:00Z,2026-04-19 02:00,0.000,942.798,4309.936
2026-04-19T01:00Z,2026-04-19 03:00,0.000,1013.902,4380.907
2026-04-19T02:00Z,2026-04-19 04:00,0.000,1121.910,4458.724
2026-04-19T03:00Z,2026-04-19 05:00,0.000,1248.555,4818.365
2026-04-19T04:00Z,2026-04-19 06:00,295.102,1361.950,5722.496
2026-04-19T05:00Z,2026-04-19 07:00,2416.440,1514.148,6692.801
2026-04-19T06:00Z,2026-04-19 08:00,6175.736,1711.605,7007.987
2026-04-19T07:00Z,2026-04-19 09:00,10707.533,1931.467,7520.812
2026-04-19T08:00Z,2026-04-19 10:00,15430.644,2188.660,8643.105
2026-04-19T09:00Z,2026-04-19 11:00,19613.610,2450.747,10032.660
2026-04-19T10:00Z,2026-04-19 12:00,22472.078,2697.870,11481.989
2026-04-19T11:00Z,2026-04-19 13:00,24053.413,2852.075,12981.397
2026-04-19T12:00Z,2026-04-19 14:00,24606.406,2994.950,14632.398
2026-04-19T13:00Z,2026-04-19 15:00,23596.734,3177.815,15873.180
2026-04-19T14:00Z,2026-04-19 16:00,20412.539,3340.560,16684.281
2026-04-19T15:00Z,2026-04-19 17:00,14804.674,3462.230,16831.492
2026-04-19T16:00Z,2026-04-19 18:00,7968.702,3498.642,16162.209
2026-04-19T17:00Z,2026-04-19 19:00,2297.817,3527.352,14872.867
2026-04-19T18:00Z,2026-04-19 20:00,148.079,3602.762,13742.444
2026-04-19T19:00Z,2026-04-19 21:00,0.000,3592.275,13134.492
2026-04-19T20:00Z,2026-04-19 22:00,0.000,3534.150,12876.730
2026-04-19T21:00Z,2026-04-19 23:00,0.000,3420.003,12876.565
2026-04-19T22:00Z,2026-04-20 00:00,0.000,3119.345,16481.967
2026-04-19T23:00Z,2026-04-20 01:00,0.000,2912.662,16654.746
2026-04-20T00:00Z,2026-04-20 02:00,0.000,2772.265,16766.936
2026-04-20T01:00Z,2026-04-20 03:00,0.000,2711.327,16852.159
2026-04-20T02:00Z,2026-04-20 04:00,0.000,2677.980,16822.475
2026-04-20T03:00Z,2026-04-20 05:00,0.010,2661.680,16660.236
2026-04-20T04:00Z,2026-04-20 06:00,450.990,2721.090,16631.960
2026-04-20T05:00Z,2026-04-20 07:00,3833.674,2795.842,16121.259
2026-04-20T06:00Z,2026-04-20 08:00,10515.371,2866.185,15554.696
2026-04-20T07:00Z,2026-04-20 09:00,18139.449,3038.435,15757.030
2026-04-20T08:00Z,2026-04-20 10:00,24580.286,3237.573,16146.363
2026-04-20T09:00Z,2026-04-20 11:00,28966.407,3344.948,16398.763
2026-04-20T10:00Z,2026-04-20 12:00,31309.645,3434.135,16884.941
2026-04-20T11:00Z,2026-04-20 13:00,31755.248,3582.798,17299.042
2026-04-20T12:00Z,2026-04-20 14:00,30533.037,3784.523,17657.872
2026-04-20T13:00Z,2026-04-20 15:00,27356.825,3928.438,17762.202
2026-04-20T14:00Z,2026-04-20 16:00,22311.156,3893.260,17971.460
2026-04-20T15:00Z,2026-04-20 17:00,15542.402,4243.230,18308.344
2026-04-20T16:00Z,2026-04-20 18:00,8086.310,5056.843,18427.187
2026-04-20T17:00Z,2026-04-20 19:00,2281.011,5599.717,18436.176
2026-04-20T18:00Z,2026-04-20 20:00,141.967,5963.698,18542.054
2026-04-20T19:00Z,2026-04-20 21:00,0.000,6327.245,18855.730
2026-04-20T20:00Z,2026-04-20 22:00,0.000,6402.208,18467.896
2026-04-20T21:00Z,2026-04-20 23:00,0.000,6213.868,18165.916
2026-04-20T22:00Z,2026-04-21 00:00,0.000,5275.970,17687.107
2026-04-20T23:00Z,2026-04-21 01:00,0.000,4858.413,16836.310
2026-04-21T00:00Z,2026-04-21 02:00,0.000,4433.222,15987.677
2026-04-21T01:00Z,2026-04-21 03:00,0.000,4001.323,15301.221
2026-04-21T02:00Z,2026-04-21 04:00,0.000,3622.287,14828.774
2026-04-21T03:00Z,2026-04-21 05:00,0.300,3272.980,14526.791
2026-04-21T04:00Z,2026-04-21 06:00,862.003,2939.207,14331.644
2026-04-21T05:00Z,2026-04-21 07:00,5901.127,2640.637,13003.821
2026-04-21T06:00Z,2026-04-21 08:00,15392.758,2328.153,10074.198
2026-04-21T07:00Z,2026-04-21 09:00,25925.769,2055.742,8291.061
2026-04-21T08:00Z,2026-04-21 10:00,34848.606,1786.692,8177.756
2026-04-21T09:00Z,2026-04-21 11:00,40840.042,1537.713,8533.252
2026-04-21T10:00Z,2026-04-21 12:00,43686.734,1341.640,9311.713
2026-04-21T11:00Z,2026-04-21 13:00,43719.093,1212.347,10192.028
2026-04-21T12:00Z,2026-04-21 14:00,41618.499,1151.138,11123.948
2026-04-21T13:00Z,2026-04-21 15:00,36930.422,1102.400,11823.936
2026-04-21T14:00Z,2026-04-21 16:00,30030.839,1034.923,12569.064
2026-04-21T15:00Z,2026-04-21 17:00,21020.489,1023.062,13182.649
2026-04-21T16:00Z,2026-04-21 18:00,10978.110,1127.368,13005.254
2026-04-21T17:00Z,2026-04-21 19:00,3123.394,1306.638,12871.376
2026-04-21T18:00Z,2026-04-21 20:00,198.036,1469.767,13923.895
2026-04-21T19:00Z,2026-04-21 21:00,0.000,1508.483,15717.166
2026-04-21T20:00Z,2026-04-21 22:00,0.000,1421.257,16176.541
2026-04-21T21:00Z,2026-04-21 23:00,0.000,1225.800,15423.065
2026-04-21T22:00Z,2026-04-22 00:00,0.000,952.043,13627.376
2026-04-21T23:00Z,2026-04-22 01:00,0.000,826.862,12124.751
2026-04-22T00:00Z,2026-04-22 02:00,0.000,753.003,10924.779
2026-04-22T01:00Z,2026-04-22 03:00,0.000,671.058,10082.580
2026-04-22T02:00Z,2026-04-22 04:00,0.000,571.895,9568.799
2026-04-22T03:00Z,2026-04-22 05:00,0.993,507.168,9302.402
2026-04-22T04:00Z,2026-04-22 06:00,1218.200,501.995,9204.997
2026-04-22T05:00Z,2026-04-22 07:00,7937.548,555.790,8739.242
2026-04-22T06:00Z,2026-04-22 08:00,20765.889,628.462,6757.827
2026-04-22T07:00Z,2026-04-22 09:00,34547.593,687.312,4725.876
2026-04-22T08:00Z,2026-04-22 10:00,45635.753,734.905,4557.445
2026-04-22T09:00Z,2026-04-22 11:00,52722.979,754.298,4842.761
2026-04-22T10:00Z,2026-04-22 12:00,56403.349,874.707,4843.130
2026-04-22T11:00Z,2026-04-22 13:00,56908.071,1035.080,4933.680
2026-04-22T12:00Z,2026-04-22 14:00,54235.533,1190.940,5725.914
2026-04-22T13:00Z,2026-04-22 15:00,48438.286,1323.475,6556.804
2026-04-22T14:00Z,2026-04-22 16:00,39343.538,1464.452,7754.754
2026-04-22T15:00Z,2026-04-22 17:00,27218.739,1945.810,8654.123
2026-04-22T16:00Z,2026-04-22 18:00,13705.749,2200.285,9075.865
2026-04-22T17:00Z,2026-04-22 19:00,3784.828,2464.847,9931.600
2026-04-22T18:00Z,2026-04-22 20:00,238.483,2749.095,11796.037
2026-04-22T19:00Z,2026-04-22 21:00,0.000,3048.733,13764.777
2026-04-22T20:00Z,2026-04-22 22:00,0.000,3357.858,14773.849
2026-04-22T21:00Z,2026-04-22 23:00,0.000,3539.460,15144.433
2026-04-22T22:00Z,2026-04-23 00:00,0.000,3685.483,15115.186
2026-04-22T23:00Z,2026-04-23 01:00,0.000,3680.653,14848.024
2026-04-23T00:00Z,2026-04-23 02:00,0.000,3736.245,14887.979
2026-04-23T01:00Z,2026-04-23 03:00,0.000,3917.965,14988.059
2026-04-23T02:00Z,2026-04-23 04:00,0.000,4144.300,15215.539
2026-04-23T03:00Z,2026-04-23 05:00,8.607,4355.417,15496.453
2026-04-23T04:00Z,2026-04-23 06:00,1203.052,4516.922,15745.271
2026-04-23T05:00Z,2026-04-23 07:00,7468.824,4534.948,14911.800
2026-04-23T06:00Z,2026-04-23 08:00,19158.642,4361.645,13065.634
2026-04-23T07:00Z,2026-04-23 09:00,32049.592,4244.785,11240.990
2026-04-23T08:00Z,2026-04-23 10:00,42802.076,1837.933,9547.648
2026-04-23T09:00Z,2026-04-23 11:00,49971.687,1735.805,8618.319
2026-04-23T10:00Z,2026-04-23 12:00,53868.794,1697.125,8202.385
2026-04-23T11:00Z,2026-04-23 13:00,54628.735,1693.807,8095.297
2026-04-23T12:00Z,2026-04-23 14:00,52213.737,1741.830,8920.458
2026-04-23T13:00Z,2026-04-23 15:00,46818.218,1880.820,10690.368
2026-04-23T14:00Z,2026-04-23 16:00,38497.231,2125.955,13519.987
2026-04-23T15:00Z,2026-04-23 17:00,26800.163,4956.555,16126.518
2026-04-23T16:00Z,2026-04-23 18:00,13538.002,5283.847,17017.971
2026-04-23T17:00Z,2026-04-23 19:00,3823.825,5570.352,17369.470
2026-04-23T18:00Z,2026-04-23 20:00,268.121,5655.660,18334.914
2026-04-23T19:00Z,2026-04-23 21:00,0.000,5512.477,19489.654
2026-04-23T20:00Z,2026-04-23 22:00,0.000,5423.705,19515.134
2026-04-23T21:00Z,2026-04-23 23:00,0.000,5344.358,19030.548
2026-04-23T22:00Z,2026-04-24 00:00,0.000,4869.818,19834.752
2026-04-23T23:00Z,2026-04-24 01:00,0.000,4999.085,18774.846
2026-04-24T00:00Z,2026-04-24 02:00,0.000,5104.073,17671.441
2026-04-24T01:00Z,2026-04-24 03:00,0.000,5163.927,16542.714
2026-04-24T02:00Z,2026-04-24 04:00,0.000,5220.615,15398.036
2026-04-24T03:00Z,2026-04-24 05:00,4.997,5330.557,14364.235
2026-04-24T04:00Z,2026-04-24 06:00,1013.306,5360.092,13503.372
2026-04-24T05:00Z,2026-04-24 07:00,6303.234,5302.898,12432.660
2026-04-24T06:00Z,2026-04-24 08:00,15814.448,5149.753,11083.758
2026-04-24T07:00Z,2026-04-24 09:00,26356.249,4918.740,9733.076
2026-04-24T08:00Z,2026-04-24 10:00,35893.966,4637.645,8743.232
2026-04-24T09:00Z,2026-04-24 11:00,43203.887,2271.245,8162.261
2026-04-24T10:00Z,2026-04-24 12:00,47361.005,2175.530,7927.601
2026-04-24T11:00Z,2026-04-24 13:00,48761.477,2183.203,8082.112
2026-04-24T12:00Z,2026-04-24 14:00,47643.966,2244.535,8660.734
2026-04-24T13:00Z,2026-04-24 15:00,43770.958,2304.690,9808.571
2026-04-24T14:00Z,2026-04-24 16:00,36658.365,2345.325,11816.358
2026-04-24T15:00Z,2026-04-24 17:00,25929.436,4236.820,13444.929
2026-04-24T16:00Z,2026-04-24 18:00,13315.080,4263.110,14009.195
2026-04-24T17:00Z,2026-04-24 19:00,3822.794,4286.318,14112.014
2026-04-24T18:00Z,2026-04-24 20:00,265.669,4158.733,14861.664
2026-04-24T19:00Z,2026-04-24 21:00,0.000,4048.582,16034.440
2026-04-24T20:00Z,2026-04-24 22:00,0.000,4026.460,16457.439
2026-04-24T21:00Z,2026-04-24 23:00,0.000,4098.925,16599.672
2026-04-24T22:00Z,2026-04-25 00:00,0.000,3490.655,16752.788
2026-04-24T23:00Z,2026-04-25 01:00,0.000,3730.375,16337.567
2026-04-25T00:00Z,2026-04-25 02:00,0.000,4126.618,16023.446
2026-04-25T01:00Z,2026-04-25 03:00,0.000,4424.225,15996.631
2026-04-25T02:00Z,2026-04-25 04:00,0.000,4539.708,16264.124
2026-04-25T03:00Z,2026-04-25 05:00,7.790,4644.438,16763.201
2026-04-25T04:00Z,2026-04-25 06:00,1197.220,4582.640,17518.726
2026-04-25T05:00Z,2026-04-25 07:00,6973.508,4266.115,17475.590
2026-04-25T06:00Z,2026-04-25 08:00,17359.267,3898.137,16643.936
2026-04-25T07:00Z,2026-04-25 09:00,28771.894,2471.233,15382.887
2026-04-25T08:00Z,2026-04-25 10:00,38523.943,2414.662,13375.103
2026-04-25T09:00Z,2026-04-25 11:00,45452.176,2389.950,11267.540
2026-04-25T10:00Z,2026-04-25 12:00,49394.285,2383.628,9659.643
2026-04-25T11:00Z,2026-04-25 13:00,50343.543,2414.938,9457.581
2026-04-25T12:00Z,2026-04-25 14:00,47984.010,2510.450,10253.709
2026-04-25T13:00Z,2026-04-25 15:00,42664.072,2633.650,11974.446
2026-04-25T14:00Z,2026-04-25 16:00,34723.353,2759.495,14993.909
2026-04-25T15:00Z,2026-04-25 17:00,24750.978,2958.640,21155.786
2026-04-25T16:00Z,2026-04-25 18:00,13160.301,5196.993,26521.303
2026-04-25T17:00Z,2026-04-25 19:00,3879.422,5463.882,28124.141
2026-04-25T18:00Z,2026-04-25 20:00,293.101,5716.243,28885.764
2026-04-25T19:00Z,2026-04-25 21:00,0.000,5863.983,29413.669
2026-04-25T20:00Z,2026-04-25 22:00,0.000,5931.073,28325.607
2026-04-25T21:00Z,2026-04-25 23:00,0.000,5878.717,26984.557
2026-04-25T22:00Z,2026-04-26 00:00,0.000,5210.613,23073.586
2026-04-25T23:00Z,2026-04-26 01:00,0.000,4850.730,20182.486
2026-04-26T00:00Z,2026-04-26 02:00,0.000,4411.423,17459.532
2026-04-26T01:00Z,2026-04-26 03:00,0.000,3870.312,15047.120
2026-04-26T02:00Z,2026-04-26 04:00,0.000,3250.472,12787.358
2026-04-26T03:00Z,2026-04-26 05:00,20.250,2614.017,10729.435
2026-04-26T04:00Z,2026-04-26 06:00,1621.220,2010.638,8765.992
2026-04-26T05:00Z,2026-04-26 07:00,8679.688,1480.595,6327.147
2026-04-26T06:00Z,2026-04-26 08:00,21060.213,1024.405,3845.410
2026-04-26T07:00Z,2026-04-26 09:00,33597.529,552.725,2362.642
2026-04-26T08:00Z,2026-04-26 10:00,42882.718,372.592,1672.206
2026-04-26T09:00Z,2026-04-26 11:00,48710.418,290.462,1265.862
2026-04-26T10:00Z,2026-04-26 12:00,51436.297,272.340,1065.746
2026-04-26T11:00Z,2026-04-26 13:00,51330.037,298.783,960.754
2026-04-26T12:00Z,2026-04-26 14:00,48609.885,358.598,991.217
2026-04-26T13:00Z,2026-04-26 15:00,43179.882,416.630,1186.575
2026-04-26T14:00Z,2026-04-26 16:00,35376.736,462.442,1403.280
2026-04-26T15:00Z,2026-04-26 17:00,24741.007,605.438,1787.064
2026-04-26T16:00Z,2026-04-26 18:00,12799.706,547.487,2250.572
2026-04-26T17:00Z,2026-04-26 19:00,3919.117,432.650,2514.029
2026-04-26T18:00Z,2026-04-26 20:00,347.376,320.475,3182.198
2026-04-26T19:00Z,2026-04-26 21:00,0.000,246.195,3999.917
2026-04-26T20:00Z,2026-04-26 22:00,0.000,211.005,4496.285
2026-04-26T21:00Z,2026-04-26 23:00,0.000,212.635,4603.166
2026-04-26T22:00Z,2026-04-27 00:00,0.000,228.675,5182.755
2026-04-26T23:00Z,2026-04-27 01:00,0.000,243.017,4883.405
2026-04-27T00:00Z,2026-04-27 02:00,0.000,232.108,4508.272
2026-04-27T01:00Z,2026-04-27 03:00,0.000,196.850,3985.514
2026-04-27T02:00Z,2026-04-27 04:00,0.000,158.675,3428.733
2026-04-27T03:00Z,2026-04-27 05:00,21.145,127.330,3019.317
2026-04-27T04:00Z,2026-04-27 06:00,1705.224,98.550,2742.083
2026-04-27T05:00Z,2026-04-27 07:00,8788.279,82.112,2362.895
2026-04-27T06:00Z,2026-04-27 08:00,20635.839,71.623,1605.798
2026-04-27T07:00Z,2026-04-27 09:00,32560.789,56.553,865.823
2026-04-27T08:00Z,2026-04-27 10:00,41522.902,42.660,531.699
2026-04-27T09:00Z,2026-04-27 11:00,46914.207,32.322,433.053
2026-04-27T10:00Z,2026-04-27 12:00,48962.403,28.345,402.418
2026-04-27T11:00Z,2026-04-27 13:00,48358.035,29.635,430.692
2026-04-27T12:00Z,2026-04-27 14:00,45666.890,49.085,580.571
2026-04-27T13:00Z,2026-04-27 15:00,40116.185,77.272,867.696
2026-04-27T14:00Z,2026-04-27 16:00,31422.576,120.853,1286.488
2026-04-27T15:00Z,2026-04-27 17:00,21071.933,183.140,1844.091
2026-04-27T16:00Z,2026-04-27 18:00,10915.250,277.248,2596.738
2026-04-27T17:00Z,2026-04-27 19:00,3466.343,402.392,3843.073
2026-04-27T18:00Z,2026-04-27 20:00,296.876,588.202,6038.661
2026-04-27T19:00Z,2026-04-27 21:00,0.000,845.170,8628.518
2026-04-27T20:00Z,2026-04-27 22:00,0.000,1137.638,10493.195
2026-04-27T21:00Z,2026-04-27 23:00,0.000,1388.825,11574.789
2026-04-27T22:00Z,2026-04-28 00:00,0.000,1667.172,14056.644
2026-04-27T23:00Z,2026-04-28 01:00,0.000,1743.352,14388.467
2026-04-28T00:00Z,2026-04-28 02:00,0.000,1704.370,14546.906
2026-04-28T01:00Z,2026-04-28 03:00,0.000,1625.500,14573.003
2026-04-28T02:00Z,2026-04-28 04:00,0.000,1630.352,14673.533
2026-04-28T03:00Z,2026-04-28 05:00,31.044,1782.005,14904.819
2026-04-28T04:00Z,2026-04-28 06:00,1558.223,1970.947,15261.214
2026-04-28T05:00Z,2026-04-28 07:00,7565.530,2063.440,14400.756
2026-04-28T06:00Z,2026-04-28 08:00,17879.813,1983.525,10977.535
2026-04-28T07:00Z,2026-04-28 09:00,29486.488,1973.767,8454.090
2026-04-28T08:00Z,2026-04-28 10:00,39332.344,1897.605,8438.320
2026-04-28T09:00Z,2026-04-28 11:00,45486.122,716.835,8885.784
2026-04-28T10:00Z,2026-04-28 12:00,48361.277,647.222,9621.447
2026-04-28T11:00Z,2026-04-28 13:00,48926.691,598.288,10376.499
2026-04-28T12:00Z,2026-04-28 14:00,46826.792,603.587,11308.076
2026-04-28T13:00Z,2026-04-28 15:00,42153.204,655.087,12639.778
2026-04-28T14:00Z,2026-04-28 16:00,35096.506,838.225,14632.929
2026-04-28T15:00Z,2026-04-28 17:00,25091.965,2205.845,16983.607
2026-04-28T16:00Z,2026-04-28 18:00,13190.170,2854.197,18329.822
2026-04-28T17:00Z,2026-04-28 19:00,4149.544,3532.243,19009.470
2026-04-28T18:00Z,2026-04-28 20:00,419.968,3804.427,20317.359
2026-04-28T19:00Z,2026-04-28 21:00,0.000,3706.900,22064.879
2026-04-28T20:00Z,2026-04-28 22:00,0.000,3377.988,22190.852
2026-04-28T21:00Z,2026-04-28 23:00,0.000,2949.265,21575.653
2026-04-28T22:00Z,2026-04-29 00:00,0.000,2160.005,21061.904
2026-04-28T23:00Z,2026-04-29 01:00,0.000,1659.037,19895.106
2026-04-29T00:00Z,2026-04-29 02:00,0.000,1219.807,18568.619
2026-04-29T01:00Z,2026-04-29 03:00,0.000,891.010,17387.498
2026-04-29T02:00Z,2026-04-29 04:00,0.000,665.800,16469.871
2026-04-29T03:00Z,2026-04-29 05:00,32.470,552.883,15717.437
2026-04-29T04:00Z,2026-04-29 06:00,1885.353,502.607,15053.980
2026-04-29T05:00Z,2026-04-29 07:00,9249.132,466.285,13463.111
2026-04-29T06:00Z,2026-04-29 08:00,21712.596,425.712,10017.565
2026-04-29T07:00Z,2026-04-29 09:00,34664.422,411.998,7738.661
2026-04-29T08:00Z,2026-04-29 10:00,44318.883,192.197,8175.233
2026-04-29T09:00Z,2026-04-29 11:00,50122.526,186.157,8691.529
2026-04-29T10:00Z,2026-04-29 12:00,53207.174,187.707,8658.493
2026-04-29T11:00Z,2026-04-29 13:00,53466.065,209.370,8593.049
2026-04-29T12:00Z,2026-04-29 14:00,51049.657,236.132,9479.985
2026-04-29T13:00Z,2026-04-29 15:00,45771.098,270.585,10893.965
2026-04-29T14:00Z,2026-04-29 16:00,38176.835,333.502,12675.650
2026-04-29T15:00Z,2026-04-29 17:00,27960.500,839.908,14803.391
2026-04-29T16:00Z,2026-04-29 18:00,15104.820,1113.332,15754.848
2026-04-29T17:00Z,2026-04-29 19:00,4760.917,1414.200,16109.831
2026-04-29T18:00Z,2026-04-29 20:00,478.573,1653.618,17071.046
2026-04-29T19:00Z,2026-04-29 21:00,0.000,1760.152,18626.836
2026-04-29T20:00Z,2026-04-29 22:00,0.000,1731.475,19020.734
2026-04-29T21:00Z,2026-04-29 23:00,0.000,1618.132,18669.100
2026-04-29T22:00Z,2026-04-30 00:00,0.000,1964.097,17645.653
2026-04-29T23:00Z,2026-04-30 01:00,0.000,1647.028,16468.952
2026-04-30T00:00Z,2026-04-30 02:00,0.000,1334.010,15194.063
2026-04-30T01:00Z,2026-04-30 03:00,0.000,1062.947,14203.523
2026-04-30T02:00Z,2026-04-30 04:00,0.000,843.428,13564.646
2026-04-30T03:00Z,2026-04-30 05:00,42.271,686.320,13161.228
2026-04-30T04:00Z,2026-04-30 06:00,2192.915,588.830,12988.081
2026-04-30T05:00Z,2026-04-30 07:00,10280.541,530.525,12181.012
2026-04-30T06:00Z,2026-04-30 08:00,23466.743,511.365,10265.610
2026-04-30T07:00Z,2026-04-30 09:00,36486.905,519.368,8958.401
2026-04-30T08:00Z,2026-04-30 10:00,45830.581,318.965,9021.116
2026-04-30T09:00Z,2026-04-30 11:00,51461.117,323.505,9044.292
2026-04-30T10:00Z,2026-04-30 12:00,54268.073,344.595,8770.177
2026-04-30T11:00Z,2026-04-30 13:00,54419.813,396.278,8555.760
2026-04-30T12:00Z,2026-04-30 14:00,51875.743,485.605,8857.482
2026-04-30T13:00Z,2026-04-30 15:00,46491.462,647.753,9546.776
2026-04-30T14:00Z,2026-04-30 16:00,38932.107,855.325,10507.885
2026-04-30T15:00Z,2026-04-30 17:00,28393.269,1947.227,11661.525
2026-04-30T16:00Z,2026-04-30 18:00,15339.230,2459.898,12181.047
2026-04-30T17:00Z,2026-04-30 19:00,4927.599,2724.730,12131.774
2026-04-30T18:00Z,2026-04-30 20:00,530.954,2907.363,12827.328
2026-04-30T19:00Z,2026-04-30 21:00,1.923,3058.815,14358.683
2026-04-30T20:00Z,2026-04-30 22:00,0.000,3234.740,15041.591
2026-04-30T21:00Z,2026-04-30 23:00,0.000,3331.535,15093.356
2026-04-30T22:00Z,2026-05-01 00:00,0.000,3265.940,14028.207
2026-04-30T23:00Z,2026-05-01 01:00,0.000,3094.988,13236.694
2026-05-01T00:00Z,2026-05-01 02:00,0.000,2807.160,12356.378
2026-05-01T01:00Z,2026-05-01 03:00,0.000,2482.395,11698.514
2026-05-01T02:00Z,2026-05-01 04:00,0.000,2206.012,11325.717
2026-05-01T03:00Z,2026-05-01 05:00,49.986,2074.932,11166.042
2026-05-01T04:00Z,2026-05-01 06:00,2273.128,2146.173,11158.133
2026-05-01T05:00Z,2026-05-01 07:00,10298.157,2334.920,10622.122
2026-05-01T06:00Z,2026-05-01 08:00,23264.917,2420.155,8367.839
2026-05-01T07:00Z,2026-05-01 09:00,35712.098,988.505,6058.351
2026-05-01T08:00Z,2026-05-01 10:00,44157.317,1024.582,5547.012
2026-05-01T09:00Z,2026-05-01 11:00,49583.300,979.785,5247.438
2026-05-01T10:00Z,2026-05-01 12:00,52199.976,938.737,4568.330
2026-05-01T11:00Z,2026-05-01 13:00,52387.145,906.380,4145.458
2026-05-01T12:00Z,2026-05-01 14:00,49900.557,908.705,4203.920
2026-05-01T13:00Z,2026-05-01 15:00,44633.162,954.280,4637.286
2026-05-01T14:00Z,2026-05-01 16:00,37929.085,1039.068,5302.000
2026-05-01T15:00Z,2026-05-01 17:00,27972.671,2411.557,6103.103
2026-05-01T16:00Z,2026-05-01 18:00,15235.306,2675.205,6714.278
2026-05-01T17:00Z,2026-05-01 19:00,4944.874,2994.267,7355.779
2026-05-01T18:00Z,2026-05-01 20:00,570.047,3317.260,9490.976
2026-05-01T19:00Z,2026-05-01 21:00,4.619,3622.717,12717.594
2026-05-01T20:00Z,2026-05-01 22:00,0.000,3819.010,15215.084
2026-05-01T21:00Z,2026-05-01 23:00,0.000,3861.720,17007.936
2026-05-01T22:00Z,2026-05-02 00:00,0.000,3570.105,17716.217
2026-05-01T23:00Z,2026-05-02 01:00,0.000,3377.993,18269.240
2026-05-02T00:00Z,2026-05-02 02:00,0.000,3282.195,18589.346
2026-05-02T01:00Z,2026-05-02 03:00,0.000,3275.827,18768.265
2026-05-02T02:00Z,2026-05-02 04:00,0.000,3356.503,18959.377
2026-05-02T03:00Z,2026-05-02 05:00,49.367,3363.910,19146.367
2026-05-02T04:00Z,2026-05-02 06:00,2310.980,3282.155,19376.175
2026-05-02T05:00Z,2026-05-02 07:00,10245.929,3347.543,17920.896
2026-05-02T06:00Z,2026-05-02 08:00,22634.769,3323.407,13216.906
2026-05-02T07:00Z,2026-05-02 09:00,34388.894,3331.017,8035.269
2026-05-02T08:00Z,2026-05-02 10:00,42488.910,1760.267,6032.225
2026-05-02T09:00Z,2026-05-02 11:00,47596.242,1616.312,5000.472
2026-05-02T10:00Z,2026-05-02 12:00,49635.258,1461.000,4330.336
2026-05-02T11:00Z,2026-05-02 13:00,48938.988,1330.517,4284.210
2026-05-02T12:00Z,2026-05-02 14:00,45621.158,1253.030,4875.608
2026-05-02T13:00Z,2026-05-02 15:00,39964.525,1259.602,5733.228
2026-05-02T14:00Z,2026-05-02 16:00,33092.726,2458.093,6662.350
2026-05-02T15:00Z,2026-05-02 17:00,23841.824,2252.515,7122.919
2026-05-02T16:00Z,2026-05-02 18:00,12880.876,1845.213,6632.690
2026-05-02T17:00Z,2026-05-02 19:00,4316.163,1356.395,6228.074
2026-05-02T18:00Z,2026-05-02 20:00,462.126,1002.717,6843.175
2026-05-02T19:00Z,2026-05-02 21:00,1.719,834.830,7942.424
2026-05-02T20:00Z,2026-05-02 22:00,0.000,746.710,8726.535
2026-05-02T21:00Z,2026-05-02 23:00,0.000,667.390,9149.641
2026-05-02T22:00Z,2026-05-03 00:00,0.000,711.003,9245.092
2026-05-02T23:00Z,2026-05-03 01:00,0.000,522.740,9162.237
2026-05-03T00:00Z,2026-05-03 02:00,0.000,362.515,8980.129
2026-05-03T01:00Z,2026-05-03 03:00,0.000,277.920,8718.727
2026-05-03T02:00Z,2026-05-03 04:00,0.000,228.192,8647.578
2026-05-03T03:00Z,2026-05-03 05:00,50.535,206.030,8784.359
2026-05-03T04:00Z,2026-05-03 06:00,1959.858,213.340,9160.038
2026-05-03T05:00Z,2026-05-03 07:00,8302.365,254.060,9287.168
2026-05-03T06:00Z,2026-05-03 08:00,17885.972,339.775,8018.120
2026-05-03T07:00Z,2026-05-03 09:00,27639.420,409.038,6036.305
2026-05-03T08:00Z,2026-05-03 10:00,35033.750,466.832,5269.258
2026-05-03T09:00Z,2026-05-03 11:00,39057.246,466.467,5486.274
2026-05-03T10:00Z,2026-05-03 12:00,40293.602,407.593,6219.616
2026-05-03T11:00Z,2026-05-03 13:00,39250.069,335.090,7377.753
2026-05-03T12:00Z,2026-05-03 14:00,36156.374,278.598,8805.074
2026-05-03T13:00Z,2026-05-03 15:00,31010.601,276.805,10561.393
2026-05-03T14:00Z,2026-05-03 16:00,24282.011,325.660,12490.331
2026-05-03T15:00Z,2026-05-03 17:00,16231.480,388.080,13248.168
2026-05-03T16:00Z,2026-05-03 18:00,8521.558,452.197,12688.633
2026-05-03T17:00Z,2026-05-03 19:00,2930.191,492.892,12093.738
2026-05-03T18:00Z,2026-05-03 20:00,298.348,530.692,12043.899
2026-05-03T19:00Z,2026-05-03 21:00,7.178,608.503,12111.994
2026-05-03T20:00Z,2026-05-03 22:00,0.000,730.587,12059.030
2026-05-03T21:00Z,2026-05-03 23:00,0.000,957.438,12119.469
2026-05-03T22:00Z,2026-05-04 00:00,0.000,1531.242,13159.974
2026-05-03T23:00Z,2026-05-04 01:00,0.000,1503.213,12225.542
2026-05-04T00:00Z,2026-05-04 02:00,0.000,1519.847,11239.949
2026-05-04T01:00Z,2026-05-04 03:00,0.000,1549.300,10151.503
2026-05-04T02:00Z,2026-05-04 04:00,0.000,1561.783,9013.275
2026-05-04T03:00Z,2026-05-04 05:00,45.186,1506.270,7925.347
2026-05-04T04:00Z,2026-05-04 06:00,1718.558,1418.450,6803.160
2026-05-04T05:00Z,2026-05-04 07:00,7317.340,1310.733,5366.747
2026-05-04T06:00Z,2026-05-04 08:00,16088.637,1211.075,3866.206
2026-05-04T07:00Z,2026-05-04 09:00,25606.081,1115.970,3182.371
2026-05-04T08:00Z,2026-05-04 10:00,33223.925,1029.398,3046.228
2026-05-04T09:00Z,2026-05-04 11:00,37953.017,912.438,3103.525
2026-05-04T10:00Z,2026-05-04 12:00,39736.546,776.560,3269.419
2026-05-04T11:00Z,2026-05-04 13:00,38438.021,697.283,3377.327
2026-05-04T12:00Z,2026-05-04 14:00,34500.136,662.763,3498.234
2026-05-04T13:00Z,2026-05-04 15:00,28867.208,667.457,3500.702
2026-05-04T14:00Z,2026-05-04 16:00,21901.333,674.540,3413.856
2026-05-04T15:00Z,2026-05-04 17:00,14448.174,687.840,3346.676
2026-05-04T16:00Z,2026-05-04 18:00,7798.373,709.967,3327.979
2026-05-04T17:00Z,2026-05-04 19:00,2822.038,699.205,3416.291
2026-05-04T18:00Z,2026-05-04 20:00,360.505,662.033,3716.801
2026-05-04T19:00Z,2026-05-04 21:00,7.476,614.507,3881.955
2026-05-04T20:00Z,2026-05-04 22:00,0.000,563.923,3906.258
2026-05-04T21:00Z,2026-05-04 23:00,0.000,511.377,3793.863
2026-05-04T22:00Z,2026-05-05 00:00,0.000,219.640,3372.702
2026-05-04T23:00Z,2026-05-05 01:00,0.000,184.170,3156.434
2026-05-05T00:00Z,2026-05-05 02:00,0.000,187.938,3064.955
2026-05-05T01:00Z,2026-05-05 03:00,0.000,228.170,3072.812
2026-05-05T02:00Z,2026-05-05 04:00,0.000,288.183,3132.003
2026-05-05T03:00Z,2026-05-05 05:00,50.836,344.873,3253.465
2026-05-05T04:00Z,2026-05-05 06:00,1352.625,383.405,3308.926
2026-05-05T05:00Z,2026-05-05 07:00,5563.517,354.105,3142.781
2026-05-05T06:00Z,2026-05-05 08:00,12328.498,313.267,2760.425
2026-05-05T07:00Z,2026-05-05 09:00,19880.181,262.620,2448.838
2026-05-05T08:00Z,2026-05-05 10:00,26063.261,227.255,2244.894
2026-05-05T09:00Z,2026-05-05 11:00,29810.860,216.958,2142.783
2026-05-05T10:00Z,2026-05-05 12:00,30761.375,215.808,2184.129
2026-05-05T11:00Z,2026-05-05 13:00,29041.439,237.240,2372.299
2026-05-05T12:00Z,2026-05-05 14:00,25504.999,288.428,2927.656
2026-05-05T13:00Z,2026-05-05 15:00,21403.948,388.688,3750.065
2026-05-05T14:00Z,2026-05-05 16:00,16544.105,585.745,4889.416
2026-05-05T15:00Z,2026-05-05 17:00,11256.445,870.572,6142.165
2026-05-05T16:00Z,2026-05-05 18:00,6337.362,1188.628,7201.770
2026-05-05T17:00Z,2026-05-05 19:00,2347.312,1548.293,8080.675
2026-05-05T18:00Z,2026-05-05 20:00,316.422,1922.170,8941.491
2026-05-05T19:00Z,2026-05-05 21:00,7.490,2224.415,9705.878
2026-05-05T20:00Z,2026-05-05 22:00,0.000,2447.673,10240.743
2026-05-05T21:00Z,2026-05-05 23:00,0.000,2583.198,10776.814
2026-05-05T22:00Z,2026-05-06 00:00,0.000,2819.800,11561.974
2026-05-05T23:00Z,2026-05-06 01:00,0.000,2857.438,12241.831
2026-05-06T00:00Z,2026-05-06 02:00,0.000,2908.500,13107.096
2026-05-06T01:00Z,2026-05-06 03:00,0.000,3046.017,13840.782
2026-05-06T02:00Z,2026-05-06 04:00,0.000,3326.463,14422.116
2026-05-06T03:00Z,2026-05-06 05:00,59.948,3700.085,14737.285
2026-05-06T04:00Z,2026-05-06 06:00,1297.223,3975.242,14815.824
2026-05-06T05:00Z,2026-05-06 07:00,5007.732,4039.387,13907.859
2026-05-06T06:00Z,2026-05-06 08:00,10546.912,3930.110,12630.409
2026-05-06T07:00Z,2026-05-06 09:00,16137.255,3557.295,12043.570
2026-05-06T08:00Z,2026-05-06 10:00,20528.836,3390.532,11601.984
2026-05-06T09:00Z,2026-05-06 11:00,23648.400,3251.365,11087.846
2026-05-06T10:00Z,2026-05-06 12:00,25449.634,3169.930,10540.997
2026-05-06T11:00Z,2026-05-06 13:00,25468.122,3134.858,10018.510
2026-05-06T12:00Z,2026-05-06 14:00,23638.926,3147.210,9756.216
2026-05-06T13:00Z,2026-05-06 15:00,20792.406,3213.420,9452.530
2026-05-06T14:00Z,2026-05-06 16:00,16620.648,3305.173,9246.740
2026-05-06T15:00Z,2026-05-06 17:00,11471.491,3403.725,9117.609
2026-05-06T16:00Z,2026-05-06 18:00,6414.811,3480.977,8909.570
2026-05-06T17:00Z,2026-05-06 19:00,2400.059,3508.505,8568.404
2026-05-06T18:00Z,2026-05-06 20:00,317.274,3432.493,8437.201
2026-05-06T19:00Z,2026-05-06 21:00,5.838,3218.852,8552.442
2026-05-06T20:00Z,2026-05-06 22:00,0.000,2897.188,8331.386
2026-05-06T21:00Z,2026-05-06 23:00,0.000,2508.660,7981.113
2026-05-06T22:00Z,2026-05-07 00:00,0.000,2674.760,9380.118
2026-05-06T23:00Z,2026-05-07 01:00,0.000,2277.790,8892.604
2026-05-07T00:00Z,2026-05-07 02:00,0.000,1892.720,8634.616
2026-05-07T01:00Z,2026-05-07 03:00,0.000,1561.430,8495.551
2026-05-07T02:00Z,2026-05-07 04:00,0.000,1321.217,8384.575
2026-05-07T03:00Z,2026-05-07 05:00,55.472,1135.465,8157.981
2026-05-07T04:00Z,2026-05-07 06:00,1110.087,964.467,7664.889
2026-05-07T05:00Z,2026-05-07 07:00,4399.578,815.290,6782.384
2026-05-07T06:00Z,2026-05-07 08:00,9282.748,668.245,5877.820
2026-05-07T07:00Z,2026-05-07 09:00,14276.296,529.570,5306.518
2026-05-07T08:00Z,2026-05-07 10:00,18460.707,412.498,4833.711
2026-05-07T09:00Z,2026-05-07 11:00,21978.954,317.025,4493.130
2026-05-07T10:00Z,2026-05-07 12:00,24430.095,250.773,4293.404
2026-05-07T11:00Z,2026-05-07 13:00,25522.040,201.387,4118.804
2026-05-07T12:00Z,2026-05-07 14:00,25201.485,169.998,4127.752
2026-05-07T13:00Z,2026-05-07 15:00,23216.567,153.080,4010.419
2026-05-07T14:00Z,2026-05-07 16:00,19728.517,146.765,3850.027
2026-05-07T15:00Z,2026-05-07 17:00,14799.436,163.257,3693.089
2026-05-07T16:00Z,2026-05-07 18:00,8955.527,193.100,3483.652
2026-05-07T17:00Z,2026-05-07 19:00,3518.700,219.082,3340.436
2026-05-07T18:00Z,2026-05-07 20:00,531.509,243.760,3571.541
2026-05-07T19:00Z,2026-05-07 21:00,7.116,277.368,4107.638
2026-05-07T20:00Z,2026-05-07 22:00,0.000,327.075,4593.141
2026-05-07T21:00Z,2026-05-07 23:00,0.000,386.470,4821.048
2026-05-07T22:00Z,2026-05-08 00:00,0.000,720.550,4812.466
2026-05-07T23:00Z,2026-05-08 01:00,0.000,835.688,4850.464
2026-05-08T00:00Z,2026-05-08 02:00,0.000,848.072,4880.410
2026-05-08T01:00Z,2026-05-08 03:00,0.000,765.635,4897.598
2026-05-08T02:00Z,2026-05-08 04:00,0.000,680.577,5013.561
2026-05-08T03:00Z,2026-05-08 05:00,99.458,627.305,5292.784
2026-05-08T04:00Z,2026-05-08 06:00,2277.660,639.345,5469.031
2026-05-08T05:00Z,2026-05-08 07:00,8797.596,719.192,4618.873
2026-05-08T06:00Z,2026-05-08 08:00,18871.031,811.275,2959.427
2026-05-08T07:00Z,2026-05-08 09:00,29326.584,928.393,2608.282
2026-05-08T08:00Z,2026-05-08 10:00,36987.128,982.697,2966.539
2026-05-08T09:00Z,2026-05-08 11:00,40868.653,985.908,3443.560
2026-05-08T10:00Z,2026-05-08 12:00,41546.610,992.710,3744.165
2026-05-08T11:00Z,2026-05-08 13:00,40477.991,1004.605,3962.410
2026-05-08T12:00Z,2026-05-08 14:00,38129.043,1022.842,4385.702
2026-05-08T13:00Z,2026-05-08 15:00,34126.264,1074.247,4591.648
2026-05-08T14:00Z,2026-05-08 16:00,28371.237,1090.088,4693.326
2026-05-08T15:00Z,2026-05-08 17:00,20871.131,1169.452,4855.604
2026-05-08T16:00Z,2026-05-08 18:00,12257.332,1396.243,5272.237
2026-05-08T17:00Z,2026-05-08 19:00,4668.080,1777.033,5987.786
2026-05-08T18:00Z,2026-05-08 20:00,715.059,2278.865,7339.341
2026-05-08T19:00Z,2026-05-08 21:00,11.442,2871.477,9142.446
2026-05-08T20:00Z,2026-05-08 22:00,0.000,3048.230,10274.603
2026-05-08T21:00Z,2026-05-08 23:00,0.000,2988.495,10599.227
2026-05-08T22:00Z,2026-05-09 00:00,0.000,2656.842,9451.357
2026-05-08T23:00Z,2026-05-09 01:00,0.000,2436.908,8578.982
2026-05-09T00:00Z,2026-05-09 02:00,0.000,2050.570,7829.506
2026-05-09T01:00Z,2026-05-09 03:00,0.000,1656.938,7162.373
2026-05-09T02:00Z,2026-05-09 04:00,0.000,1399.908,6685.964
2026-05-09T03:00Z,2026-05-09 05:00,129.940,1246.710,6417.570
2026-05-09T04:00Z,2026-05-09 06:00,2630.011,1124.138,6158.244
2026-05-09T05:00Z,2026-05-09 07:00,9802.638,998.382,4994.909
2026-05-09T06:00Z,2026-05-09 08:00,20946.025,856.450,2802.561
2026-05-09T07:00Z,2026-05-09 09:00,32551.326,731.085,1674.961
2026-05-09T08:00Z,2026-05-09 10:00,40996.970,596.635,1176.083
2026-05-09T09:00Z,2026-05-09 11:00,44534.302,514.000,930.344
2026-05-09T10:00Z,2026-05-09 12:00,44560.975,491.535,859.562
2026-05-09T11:00Z,2026-05-09 13:00,42777.727,485.178,839.991
2026-05-09T12:00Z,2026-05-09 14:00,40297.629,461.148,952.711
2026-05-09T13:00Z,2026-05-09 15:00,36600.253,441.808,1179.988
2026-05-09T14:00Z,2026-05-09 16:00,30907.669,462.690,1520.732
2026-05-09T15:00Z,2026-05-09 17:00,23011.817,523.902,2032.318
2026-05-09T16:00Z,2026-05-09 18:00,13481.043,579.090,2798.326
2026-05-09T17:00Z,2026-05-09 19:00,5072.314,612.028,3863.854
2026-05-09T18:00Z,2026-05-09 20:00,797.109,632.048,5555.718
2026-05-09T19:00Z,2026-05-09 21:00,10.305,668.035,7565.287
2026-05-09T20:00Z,2026-05-09 22:00,0.000,706.298,8733.740
2026-05-09T21:00Z,2026-05-09 23:00,0.000,721.015,8768.243
2026-05-09T22:00Z,2026-05-10 00:00,0.000,530.355,7477.093
2026-05-09T23:00Z,2026-05-10 01:00,0.000,416.135,6695.271
2026-05-10T00:00Z,2026-05-10 02:00,0.000,349.423,5967.482
2026-05-10T01:00Z,2026-05-10 03:00,0.000,346.033,5288.983
2026-05-10T02:00Z,2026-05-10 04:00,0.000,418.712,4720.550
2026-05-10T03:00Z,2026-05-10 05:00,140.958,663.290,4344.104
2026-05-10T04:00Z,2026-05-10 06:00,2715.514,1122.207,4203.344
2026-05-10T05:00Z,2026-05-10 07:00,9904.063,1687.992,3871.065
2026-05-10T06:00Z,2026-05-10 08:00,20210.863,2185.475,2749.453
2026-05-10T07:00Z,2026-05-10 09:00,30387.147,2394.200,2097.198
2026-05-10T08:00Z,2026-05-10 10:00,37665.203,2585.230,2065.979
2026-05-10T09:00Z,2026-05-10 11:00,41480.343,2779.375,2206.411
2026-05-10T10:00Z,2026-05-10 12:00,42655.952,2753.900,2481.470
2026-05-10T11:00Z,2026-05-10 13:00,41797.341,2588.870,2995.306
2026-05-10T12:00Z,2026-05-10 14:00,38748.758,2347.135,3944.437
2026-05-10T13:00Z,2026-05-10 15:00,33661.099,2185.555,5136.077
2026-05-10T14:00Z,2026-05-10 16:00,27079.760,2156.200,6464.507
2026-05-10T15:00Z,2026-05-10 17:00,18600.829,2215.220,7811.552
2026-05-10T16:00Z,2026-05-10 18:00,10241.739,2255.517,9220.516
2026-05-10T17:00Z,2026-05-10 19:00,3867.233,2190.117,10395.033
2026-05-10T18:00Z,2026-05-10 20:00,609.385,1974.195,11402.452
2026-05-10T19:00Z,2026-05-10 21:00,12.472,1617.303,12122.439
2026-05-10T20:00Z,2026-05-10 22:00,0.000,1236.223,12057.520
2026-05-10T21:00Z,2026-05-10 23:00,0.000,925.923,11488.501
2026-05-10T22:00Z,2026-05-11 00:00,0.000,663.013,9632.061
2026-05-10T23:00Z,2026-05-11 01:00,0.000,481.933,8934.771
2026-05-11T00:00Z,2026-05-11 02:00,0.000,361.960,8685.075
2026-05-11T01:00Z,2026-05-11 03:00,0.000,298.195,8823.179
2026-05-11T02:00Z,2026-05-11 04:00,0.000,265.145,9109.246
2026-05-11T03:00Z,2026-05-11 05:00,76.619,287.907,9340.977
2026-05-11T04:00Z,2026-05-11 06:00,1284.421,383.730,9447.750
2026-05-11T05:00Z,2026-05-11 07:00,4576.010,593.965,9101.194
2026-05-11T06:00Z,2026-05-11 08:00,9013.938,990.535,8525.802
2026-05-11T07:00Z,2026-05-11 09:00,13447.159,1486.832,8595.579
2026-05-11T08:00Z,2026-05-11 10:00,17023.487,2067.613,9198.419
2026-05-11T09:00Z,2026-05-11 11:00,19483.280,2602.375,10437.792
2026-05-11T10:00Z,2026-05-11 12:00,21083.323,3020.790,12426.482
2026-05-11T11:00Z,2026-05-11 13:00,21078.069,3223.747,14866.546
2026-05-11T12:00Z,2026-05-11 14:00,19855.165,3144.885,17623.847
2026-05-11T13:00Z,2026-05-11 15:00,17676.408,3007.100,19936.666
2026-05-11T14:00Z,2026-05-11 16:00,14298.287,2992.515,21831.179
2026-05-11T15:00Z,2026-05-11 17:00,10583.163,3394.750,22688.740
2026-05-11T16:00Z,2026-05-11 18:00,6637.202,4080.117,22135.407
2026-05-11T17:00Z,2026-05-11 19:00,2831.765,4939.795,20782.409
2026-05-11T18:00Z,2026-05-11 20:00,525.144,5538.267,19554.279
2026-05-11T19:00Z,2026-05-11 21:00,11.548,5909.470,19600.056
2026-05-11T20:00Z,2026-05-11 22:00,0.000,6067.695,19892.783
2026-05-11T21:00Z,2026-05-11 23:00,0.000,6102.337,20921.705
2026-05-11T22:00Z,2026-05-12 00:00,0.000,6201.462,21088.335
2026-05-11T23:00Z,2026-05-12 01:00,0.000,6087.983,21827.122
2026-05-12T00:00Z,2026-05-12 02:00,0.000,5972.717,22227.693
2026-05-12T01:00Z,2026-05-12 03:00,0.000,5898.452,22611.371
2026-05-12T02:00Z,2026-05-12 04:00,0.000,5827.465,22799.326
2026-05-12T03:00Z,2026-05-12 05:00,127.206,5814.720,22667.023
2026-05-12T04:00Z,2026-05-12 06:00,2094.872,5878.427,22527.207
2026-05-12T05:00Z,2026-05-12 07:00,7470.121,5890.290,21894.834
2026-05-12T06:00Z,2026-05-12 08:00,14910.559,5690.798,21657.768
2026-05-12T07:00Z,2026-05-12 09:00,21932.253,5150.330,22189.003
2026-05-12T08:00Z,2026-05-12 10:00,26969.606,4556.980,22113.668
2026-05-12T09:00Z,2026-05-12 11:00,30133.379,3860.278,21455.901
2026-05-12T10:00Z,2026-05-12 12:00,31897.485,3185.150,20835.533
2026-05-12T11:00Z,2026-05-12 13:00,32375.300,2828.325,20548.242
2026-05-12T12:00Z,2026-05-12 14:00,31614.468,2662.597,21075.336
2026-05-12T13:00Z,2026-05-12 15:00,29305.057,2690.457,21750.378
2026-05-12T14:00Z,2026-05-12 16:00,24931.930,2909.153,22460.947
2026-05-12T15:00Z,2026-05-12 17:00,18491.517,3188.648,22438.613
2026-05-12T16:00Z,2026-05-12 18:00,10942.337,3519.075,20611.176
2026-05-12T17:00Z,2026-05-12 19:00,4328.671,3920.965,17728.073
2026-05-12T18:00Z,2026-05-12 20:00,681.400,4147.865,15403.949
2026-05-12T19:00Z,2026-05-12 21:00,14.252,4364.438,15003.242
2026-05-12T20:00Z,2026-05-12 22:00,0.000,4489.810,15447.608
2026-05-12T21:00Z,2026-05-12 23:00,0.000,4497.115,16504.353
2026-05-12T22:00Z,2026-05-13 00:00,0.000,4171.663,17674.814
2026-05-12T23:00Z,2026-05-13 01:00,0.000,4099.498,18835.692
2026-05-13T00:00Z,2026-05-13 02:00,0.000,4027.392,19249.777
2026-05-13T01:00Z,2026-05-13 03:00,0.000,3716.085,19076.461
2026-05-13T02:00Z,2026-05-13 04:00,0.000,3220.415,18879.519
2026-05-13T03:00Z,2026-05-13 05:00,109.304,2692.715,18501.346
2026-05-13T04:00Z,2026-05-13 06:00,2144.293,2161.378,18035.218
2026-05-13T05:00Z,2026-05-13 07:00,7592.634,1634.977,16870.858
2026-05-13T06:00Z,2026-05-13 08:00,15261.882,1160.725,15976.899
2026-05-13T07:00Z,2026-05-13 09:00,23091.121,814.795,16425.966
2026-05-13T08:00Z,2026-05-13 10:00,28354.676,576.485,17162.941
2026-05-13T09:00Z,2026-05-13 11:00,30003.779,465.988,17414.551
2026-05-13T10:00Z,2026-05-13 12:00,30199.400,437.442,17767.027
2026-05-13T11:00Z,2026-05-13 13:00,29692.286,462.837,18036.592
2026-05-13T12:00Z,2026-05-13 14:00,28103.931,509.122,18292.874
2026-05-13T13:00Z,2026-05-13 15:00,25522.563,540.810,17962.648
2026-05-13T14:00Z,2026-05-13 16:00,21263.661,583.263,16933.872
2026-05-13T15:00Z,2026-05-13 17:00,15339.471,595.490,15154.838
2026-05-13T16:00Z,2026-05-13 18:00,9202.634,591.087,13228.778
2026-05-13T17:00Z,2026-05-13 19:00,3870.493,593.888,11951.557
2026-05-13T18:00Z,2026-05-13 20:00,675.875,570.348,11831.481
2026-05-13T19:00Z,2026-05-13 21:00,18.287,554.055,12701.162
2026-05-13T20:00Z,2026-05-13 22:00,0.000,545.048,13628.006
2026-05-13T21:00Z,2026-05-13 23:00,0.000,574.840,14480.368
2026-05-13T22:00Z,2026-05-14 00:00,0.000,566.650,13964.161
2026-05-13T23:00Z,2026-05-14 01:00,0.000,555.572,14315.466
2026-05-14T00:00Z,2026-05-14 02:00,0.000,578.348,14492.523
2026-05-14T01:00Z,2026-05-14 03:00,0.000,673.683,14527.844
2026-05-14T02:00Z,2026-05-14 04:00,0.000,838.935,14452.639
2026-05-14T03:00Z,2026-05-14 05:00,125.117,1089.740,14159.101
2026-05-14T04:00Z,2026-05-14 06:00,2096.485,1346.480,13820.873
2026-05-14T05:00Z,2026-05-14 07:00,7172.659,1509.150,13176.847
2026-05-14T06:00Z,2026-05-14 08:00,13850.948,1564.680,12534.040
2026-05-14T07:00Z,2026-05-14 09:00,20182.209,1524.577,12305.040
2026-05-14T08:00Z,2026-05-14 10:00,24889.077,1453.765,11908.574
2026-05-14T09:00Z,2026-05-14 11:00,28307.112,1423.870,11400.797
2026-05-14T10:00Z,2026-05-14 12:00,30652.602,1513.832,10973.563
2026-05-14T11:00Z,2026-05-14 13:00,31473.249,1657.705,10481.631
2026-05-14T12:00Z,2026-05-14 14:00,30949.267,1818.767,9980.983
2026-05-14T13:00Z,2026-05-14 15:00,28910.457,2038.787,9173.295
2026-05-14T14:00Z,2026-05-14 16:00,24616.552,2232.430,8074.277
2026-05-14T15:00Z,2026-05-14 17:00,18453.798,2341.512,6652.411
2026-05-14T16:00Z,2026-05-14 18:00,11283.144,2390.217,5150.457
2026-05-14T17:00Z,2026-05-14 19:00,4736.523,2356.398,3759.928
2026-05-14T18:00Z,2026-05-14 20:00,925.464,2310.898,2773.015
2026-05-14T19:00Z,2026-05-14 21:00,20.833,2199.900,2218.528
2026-05-14T20:00Z,2026-05-14 22:00,0.000,2067.048,2133.479
2026-05-14T21:00Z,2026-05-14 23:00,0.000,2063.745,2348.175
2026-05-14T22:00Z,2026-05-15 00:00,0.000,1709.473,1998.804
2026-05-14T23:00Z,2026-05-15 01:00,0.000,1866.185,2295.840
2026-05-15T00:00Z,2026-05-15 02:00,0.000,2100.923,2684.713
2026-05-15T01:00Z,2026-05-15 03:00,0.000,2414.635,2986.035
2026-05-15T02:00Z,2026-05-15 04:00,0.000,2689.935,3170.777
2026-05-15T03:00Z,2026-05-15 05:00,210.652,2902.497,3241.279
2026-05-15T04:00Z,2026-05-15 06:00,2572.920,3038.827,3189.664
2026-05-15T05:00Z,2026-05-15 07:00,8379.056,3118.740,2913.555
2026-05-15T06:00Z,2026-05-15 08:00,16483.996,3176.895,2748.290
2026-05-15T07:00Z,2026-05-15 09:00,24435.180,3163.500,3094.272
2026-05-15T08:00Z,2026-05-15 10:00,29688.859,3227.735,3718.852
2026-05-15T09:00Z,2026-05-15 11:00,32620.880,3310.005,4261.101
2026-05-15T10:00Z,2026-05-15 12:00,34695.091,3375.830,4811.525
2026-05-15T11:00Z,2026-05-15 13:00,35227.736,3470.690,5459.216
2026-05-15T12:00Z,2026-05-15 14:00,33853.470,3550.693,6234.622
2026-05-15T13:00Z,2026-05-15 15:00,30360.120,3686.135,6807.217
2026-05-15T14:00Z,2026-05-15 16:00,25106.184,3871.280,7123.826
2026-05-15T15:00Z,2026-05-15 17:00,18427.973,3997.033,7207.438
2026-05-15T16:00Z,2026-05-15 18:00,11203.420,4190.792,7125.193
2026-05-15T17:00Z,2026-05-15 19:00,4749.711,4232.310,6736.370
2026-05-15T18:00Z,2026-05-15 20:00,919.654,4153.557,6506.945
2026-05-15T19:00Z,2026-05-15 21:00,18.109,4069.510,6373.132
2026-05-15T20:00Z,2026-05-15 22:00,0.000,4076.938,6613.625
2026-05-15T21:00Z,2026-05-15 23:00,0.000,4178.020,7229.114
2026-05-15T22:00Z,2026-05-16 00:00,0.000,4994.997,8101.347
2026-05-15T23:00Z,2026-05-16 01:00,0.000,5132.472,8900.134
2026-05-16T00:00Z,2026-05-16 02:00,0.000,5228.135,9769.266
2026-05-16T01:00Z,2026-05-16 03:00,0.000,5299.568,10566.484
2026-05-16T02:00Z,2026-05-16 04:00,0.000,5422.440,11323.800
2026-05-16T03:00Z,2026-05-16 05:00,254.546,5476.113,11835.358
2026-05-16T04:00Z,2026-05-16 06:00,2866.155,5530.122,11902.338
2026-05-16T05:00Z,2026-05-16 07:00,9271.846,4802.062,11012.993
2026-05-16T06:00Z,2026-05-16 08:00,17791.602,4708.542,10731.308
2026-05-16T07:00Z,2026-05-16 09:00,25585.174,4259.542,11822.862
2026-05-16T08:00Z,2026-05-16 10:00,30761.019,4152.153,12645.093
2026-05-16T09:00Z,2026-05-16 11:00,33853.513,4101.250,12853.822
2026-05-16T10:00Z,2026-05-16 12:00,35653.011,4034.757,12905.150
2026-05-16T11:00Z,2026-05-16 13:00,36109.032,3981.387,12921.453
2026-05-16T12:00Z,2026-05-16 14:00,35286.520,3936.092,13253.081
2026-05-16T13:00Z,2026-05-16 15:00,32880.149,3892.662,13535.020
2026-05-16T14:00Z,2026-05-16 16:00,28379.902,3843.550,13793.617
2026-05-16T15:00Z,2026-05-16 17:00,21777.675,3824.122,13336.099
2026-05-16T16:00Z,2026-05-16 18:00,13541.420,3691.713,11520.636
2026-05-16T17:00Z,2026-05-16 19:00,5685.344,3398.613,9110.607
2026-05-16T18:00Z,2026-05-16 20:00,1163.248,2981.690,7205.825
2026-05-16T19:00Z,2026-05-16 21:00,22.148,2581.520,6420.541
2026-05-16T20:00Z,2026-05-16 22:00,0.000,2263.600,6538.624
2026-05-16T21:00Z,2026-05-16 23:00,0.000,2018.180,7020.362
2026-05-16T22:00Z,2026-05-17 00:00,0.000,1629.580,7044.545
2026-05-16T23:00Z,2026-05-17 01:00,0.000,1522.795,7414.030
2026-05-17T00:00Z,2026-05-17 02:00,0.000,1397.300,7613.379
2026-05-17T01:00Z,2026-05-17 03:00,0.000,1236.210,7677.370
2026-05-17T02:00Z,2026-05-17 04:00,0.000,1223.443,7741.673
2026-05-17T03:00Z,2026-05-17 05:00,304.280,1481.840,7799.135
2026-05-17T04:00Z,2026-05-17 06:00,3649.506,1887.457,7819.459
2026-05-17T05:00Z,2026-05-17 07:00,11825.513,2234.283,6892.627
2026-05-17T06:00Z,2026-05-17 08:00,22471.284,2590.568,4864.091
2026-05-17T07:00Z,2026-05-17 09:00,31407.889,2885.517,4430.484
2026-05-17T08:00Z,2026-05-17 10:00,36421.668,3052.097,5196.608
2026-05-17T09:00Z,2026-05-17 11:00,37900.226,3029.068,6251.758
2026-05-17T10:00Z,2026-05-17 12:00,37712.029,2854.080,6935.708
2026-05-17T11:00Z,2026-05-17 13:00,36228.739,2548.662,7214.508
2026-05-17T12:00Z,2026-05-17 14:00,33718.445,2114.335,7152.176
2026-05-17T13:00Z,2026-05-17 15:00,30217.336,1669.347,6681.862
2026-05-17T14:00Z,2026-05-17 16:00,24939.284,1318.967,6023.042
2026-05-17T15:00Z,2026-05-17 17:00,18471.882,1073.503,5185.902
2026-05-17T16:00Z,2026-05-17 18:00,11274.342,900.433,4369.157
2026-05-17T17:00Z,2026-05-17 19:00,4843.425,795.935,3873.315
2026-05-17T18:00Z,2026-05-17 20:00,971.833,757.260,3889.250
2026-05-17T19:00Z,2026-05-17 21:00,25.571,780.967,4233.598
2026-05-17T20:00Z,2026-05-17 22:00,0.000,827.340,4885.384
2026-05-17T21:00Z,2026-05-17 23:00,0.000,870.303,5454.283
2026-05-17T22:00Z,2026-05-18 00:00,0.000,1121.027,7102.031
2026-05-17T23:00Z,2026-05-18 01:00,0.000,1005.955,7461.563
2026-05-18T00:00Z,2026-05-18 02:00,0.000,860.240,7687.768
2026-05-18T01:00Z,2026-05-18 03:00,0.000,703.515,7727.168
2026-05-18T02:00Z,2026-05-18 04:00,0.000,566.983,7677.054
2026-05-18T03:00Z,2026-05-18 05:00,290.783,475.673,7565.583
2026-05-18T04:00Z,2026-05-18 06:00,3145.456,445.455,7360.751
2026-05-18T05:00Z,2026-05-18 07:00,9785.987,461.947,6564.045
2026-05-18T06:00Z,2026-05-18 08:00,18465.028,511.197,4964.346
2026-05-18T07:00Z,2026-05-18 09:00,26581.171,575.600,4049.494
2026-05-18T08:00Z,2026-05-18 10:00,32219.571,624.530,4349.086
2026-05-18T09:00Z,2026-05-18 11:00,34547.570,660.298,5153.520
2026-05-18T10:00Z,2026-05-18 12:00,34820.322,718.505,5696.884
2026-05-18T11:00Z,2026-05-18 13:00,33922.293,743.580,5668.155
2026-05-18T12:00Z,2026-05-18 14:00,32144.546,706.370,5348.493
2026-05-18T13:00Z,2026-05-18 15:00,29047.215,651.250,4799.143
2026-05-18T14:00Z,2026-05-18 16:00,24353.403,606.903,4372.732
2026-05-18T15:00Z,2026-05-18 17:00,18193.468,580.658,4020.352
2026-05-18T16:00Z,2026-05-18 18:00,11166.656,547.870,3659.502
2026-05-18T17:00Z,2026-05-18 19:00,4849.631,498.140,3526.156
2026-05-18T18:00Z,2026-05-18 20:00,1045.040,444.865,3814.328
2026-05-18T19:00Z,2026-05-18 21:00,31.897,391.058,4246.731
2026-05-18T20:00Z,2026-05-18 22:00,0.000,345.795,4516.076
2026-05-18T21:00Z,2026-05-18 23:00,0.000,306.275,4494.439
2026-05-18T22:00Z,2026-05-19 00:00,0.000,283.475,3764.795
2026-05-18T23:00Z,2026-05-19 01:00,0.000,247.305,3235.113
2026-05-19T00:00Z,2026-05-19 02:00,0.000,225.985,2971.314
2026-05-19T01:00Z,2026-05-19 03:00,0.000,223.088,2728.524
2026-05-19T02:00Z,2026-05-19 04:00,0.000,245.532,2474.783
2026-05-19T03:00Z,2026-05-19 05:00,313.237,276.525,2268.512
2026-05-19T04:00Z,2026-05-19 06:00,3406.023,310.900,2071.333
2026-05-19T05:00Z,2026-05-19 07:00,10650.626,367.840,1720.169
2026-05-19T06:00Z,2026-05-19 08:00,20691.383,439.555,1282.583
2026-05-19T07:00Z,2026-05-19 09:00,30218.192,507.947,1075.754
2026-05-19T08:00Z,2026-05-19 10:00,36310.169,589.170,1340.349
2026-05-19T09:00Z,2026-05-19 11:00,38594.238,728.122,1894.559
2026-05-19T10:00Z,2026-05-19 12:00,38854.395,870.120,2558.345
2026-05-19T11:00Z,2026-05-19 13:00,37584.038,1012.725,3249.463
2026-05-19T12:00Z,2026-05-19 14:00,35040.375,1138.553,3881.440
2026-05-19T13:00Z,2026-05-19 15:00,30673.646,1264.827,4397.184
2026-05-19T14:00Z,2026-05-19 16:00,24902.390,1438.233,4831.513
2026-05-19T15:00Z,2026-05-19 17:00,17883.234,1647.688,4975.464
2026-05-19T16:00Z,2026-05-19 18:00,10561.832,1882.412,4824.562
2026-05-19T17:00Z,2026-05-19 19:00,4403.307,2198.495,4785.004
2026-05-19T18:00Z,2026-05-19 20:00,870.785,2618.193,5321.000
2026-05-19T19:00Z,2026-05-19 21:00,22.152,3146.910,6456.457
2026-05-19T20:00Z,2026-05-19 22:00,0.000,3628.122,7719.833
2026-05-19T21:00Z,2026-05-19 23:00,0.000,3986.633,8878.612
2026-05-19T22:00Z,2026-05-20 00:00,0.000,4357.663,10126.339
2026-05-19T23:00Z,2026-05-20 01:00,0.000,4441.780,10907.416
2026-05-20T00:00Z,2026-05-20 02:00,0.000,4479.757,11495.086
2026-05-20T01:00Z,2026-05-20 03:00,0.000,4472.627,11925.480
2026-05-20T02:00Z,2026-05-20 04:00,0.000,4359.547,12219.735
2026-05-20T03:00Z,2026-05-20 05:00,187.300,4210.073,12183.790
2026-05-20T04:00Z,2026-05-20 06:00,1972.569,4083.608,11833.613
2026-05-20T05:00Z,2026-05-20 07:00,6097.353,3990.677,10966.147
2026-05-20T06:00Z,2026-05-20 08:00,11679.786,3859.890,10044.633
2026-05-20T07:00Z,2026-05-20 09:00,17770.462,3620.927,9937.829
2026-05-20T08:00Z,2026-05-20 10:00,22783.819,3337.305,10604.593
2026-05-20T09:00Z,2026-05-20 11:00,26266.183,3008.970,11181.765
2026-05-20T10:00Z,2026-05-20 12:00,28574.638,2709.360,11678.067
2026-05-20T11:00Z,2026-05-20 13:00,29650.099,2496.137,12286.815
2026-05-20T12:00Z,2026-05-20 14:00,29643.981,2415.740,12917.029
2026-05-20T13:00Z,2026-05-20 15:00,28165.953,2492.108,13156.272
2026-05-20T14:00Z,2026-05-20 16:00,24500.651,2576.340,12976.918
2026-05-20T15:00Z,2026-05-20 17:00,18978.436,2550.858,12123.800
2026-05-20T16:00Z,2026-05-20 18:00,12267.543,2430.608,10487.184
2026-05-20T17:00Z,2026-05-20 19:00,5543.217,2369.400,8472.330
2026-05-20T18:00Z,2026-05-20 20:00,1211.641,2363.758,7032.728
2026-05-20T19:00Z,2026-05-20 21:00,32.849,2329.658,6647.773
2026-05-20T20:00Z,2026-05-20 22:00,0.000,2378.005,7129.214
2026-05-20T21:00Z,2026-05-20 23:00,0.000,2564.253,8110.624
2026-05-20T22:00Z,2026-05-21 00:00,0.000,2388.525,9468.512
2026-05-20T23:00Z,2026-05-21 01:00,0.000,2456.972,10295.809
2026-05-21T00:00Z,2026-05-21 02:00,0.000,2498.807,10832.617
2026-05-21T01:00Z,2026-05-21 03:00,0.000,2449.620,10924.509
2026-05-21T02:00Z,2026-05-21 04:00,0.005,2303.102,10530.181
2026-05-21T03:00Z,2026-05-21 05:00,335.242,2094.500,9651.761
2026-05-21T04:00Z,2026-05-21 06:00,3559.507,1888.220,8292.311
2026-05-21T05:00Z,2026-05-21 07:00,10976.183,1729.057,6296.115
2026-05-21T06:00Z,2026-05-21 08:00,20996.601,1548.983,4823.274
2026-05-21T07:00Z,2026-05-21 09:00,30099.704,1324.185,4399.895
2026-05-21T08:00Z,2026-05-21 10:00,36252.797,1109.000,4452.524
2026-05-21T09:00Z,2026-05-21 11:00,39407.301,953.200,4944.126
2026-05-21T10:00Z,2026-05-21 12:00,40754.368,922.905,5515.196
2026-05-21T11:00Z,2026-05-21 13:00,40770.178,1056.322,5917.737
2026-05-21T12:00Z,2026-05-21 14:00,39152.511,1197.325,6275.655
2026-05-21T13:00Z,2026-05-21 15:00,35511.453,1296.400,6243.284
2026-05-21T14:00Z,2026-05-21 16:00,29983.461,1399.438,5943.987
2026-05-21T15:00Z,2026-05-21 17:00,22648.120,1670.862,5412.487
2026-05-21T16:00Z,2026-05-21 18:00,14168.884,1888.312,4475.280
2026-05-21T17:00Z,2026-05-21 19:00,6345.570,1999.015,3367.230
2026-05-21T18:00Z,2026-05-21 20:00,1451.227,1993.000,2704.035
2026-05-21T19:00Z,2026-05-21 21:00,39.353,1902.130,2451.326
2026-05-21T20:00Z,2026-05-21 22:00,0.000,1812.928,2471.335
2026-05-21T21:00Z,2026-05-21 23:00,0.000,1682.265,2467.143
2026-05-21T22:00Z,2026-05-22 00:00,0.000,1601.610,2235.571
2026-05-21T23:00Z,2026-05-22 01:00,0.000,1398.717,2020.199
2026-05-22T00:00Z,2026-05-22 02:00,0.000,1215.015,1901.633
2026-05-22T01:00Z,2026-05-22 03:00,0.000,1105.485,1825.340
2026-05-22T02:00Z,2026-05-22 04:00,0.020,1046.265,1876.629
2026-05-22T03:00Z,2026-05-22 05:00,388.061,1010.678,2044.338
2026-05-22T04:00Z,2026-05-22 06:00,4029.454,998.090,2198.449
2026-05-22T05:00Z,2026-05-22 07:00,12387.733,1007.947,2096.100
2026-05-22T06:00Z,2026-05-22 08:00,23913.139,1035.045,1635.656
2026-05-22T07:00Z,2026-05-22 09:00,34932.442,1058.250,1217.037
2026-05-22T08:00Z,2026-05-22 10:00,42859.286,1021.040,1237.858
2026-05-22T09:00Z,2026-05-22 11:00,47125.668,918.003,1311.001
2026-05-22T10:00Z,2026-05-22 12:00,48776.585,836.543,1246.247
2026-05-22T11:00Z,2026-05-22 13:00,48333.532,760.690,1160.008
2026-05-22T12:00Z,2026-05-22 14:00,46077.448,686.415,1130.822
2026-05-22T13:00Z,2026-05-22 15:00,41649.457,610.935,1088.490
2026-05-22T14:00Z,2026-05-22 16:00,35414.377,543.342,984.026
2026-05-22T15:00Z,2026-05-22 17:00,26609.246,482.660,905.195
2026-05-22T16:00Z,2026-05-22 18:00,16151.454,420.887,893.771
2026-05-22T17:00Z,2026-05-22 19:00,6973.808,408.058,1001.063
2026-05-22T18:00Z,2026-05-22 20:00,1617.786,478.045,1458.438
2026-05-22T19:00Z,2026-05-22 21:00,43.426,653.773,2073.362
2026-05-22T20:00Z,2026-05-22 22:00,0.000,980.888,2793.924
2026-05-22T21:00Z,2026-05-22 23:00,0.000,1461.648,3272.969
2026-05-22T22:00Z,2026-05-23 00:00,0.000,2166.677,3568.305
2026-05-22T23:00Z,2026-05-23 01:00,0.000,2566.650,3823.701
2026-05-23T00:00Z,2026-05-23 02:00,0.000,2863.517,4184.397
2026-05-23T01:00Z,2026-05-23 03:00,0.000,3130.488,4466.786
2026-05-23T02:00Z,2026-05-23 04:00,0.075,3397.597,4704.115
2026-05-23T03:00Z,2026-05-23 05:00,490.371,3629.802,4900.484
2026-05-23T04:00Z,2026-05-23 06:00,4283.579,3782.270,4932.008
2026-05-23T05:00Z,2026-05-23 07:00,12989.158,3750.430,4365.521
2026-05-23T06:00Z,2026-05-23 08:00,25298.106,3444.403,3144.229
2026-05-23T07:00Z,2026-05-23 09:00,36695.097,2920.823,1606.830
2026-05-23T08:00Z,2026-05-23 10:00,44156.664,1024.395,1092.251
2026-05-23T09:00Z,2026-05-23 11:00,48011.870,797.048,994.418
2026-05-23T10:00Z,2026-05-23 12:00,49689.035,618.155,1035.866
2026-05-23T11:00Z,2026-05-23 13:00,49541.893,503.528,1057.714
2026-05-23T12:00Z,2026-05-23 14:00,47559.791,432.240,1083.721
2026-05-23T13:00Z,2026-05-23 15:00,43644.977,365.135,1136.603
2026-05-23T14:00Z,2026-05-23 16:00,37798.496,341.245,1361.113
2026-05-23T15:00Z,2026-05-23 17:00,28266.138,666.362,1847.470
2026-05-23T16:00Z,2026-05-23 18:00,16776.202,641.258,2099.279
2026-05-23T17:00Z,2026-05-23 19:00,7121.522,623.600,2179.130
2026-05-23T18:00Z,2026-05-23 20:00,1699.541,641.110,2519.768
2026-05-23T19:00Z,2026-05-23 21:00,43.063,691.763,2956.153
2026-05-23T20:00Z,2026-05-23 22:00,0.000,748.240,3621.408
2026-05-23T21:00Z,2026-05-23 23:00,0.000,774.257,4015.112
2026-05-23T22:00Z,2026-05-24 00:00,0.000,645.163,3036.836
2026-05-23T23:00Z,2026-05-24 01:00,0.000,664.080,3399.943
2026-05-24T00:00Z,2026-05-24 02:00,0.000,659.737,3897.050
2026-05-24T01:00Z,2026-05-24 03:00,0.000,634.722,4310.836
2026-05-24T02:00Z,2026-05-24 04:00,0.100,569.655,4478.969
2026-05-24T03:00Z,2026-05-24 05:00,435.011,492.725,4413.316
2026-05-24T04:00Z,2026-05-24 06:00,4056.588,421.630,3961.162
2026-05-24T05:00Z,2026-05-24 07:00,12128.634,370.613,3009.300
2026-05-24T06:00Z,2026-05-24 08:00,23465.353,330.665,2126.247
2026-05-24T07:00Z,2026-05-24 09:00,34482.382,296.720,1782.887
2026-05-24T08:00Z,2026-05-24 10:00,42179.408,314.312,1844.531
2026-05-24T09:00Z,2026-05-24 11:00,46413.656,353.515,2131.411
2026-05-24T10:00Z,2026-05-24 12:00,48031.012,400.095,2589.029
2026-05-24T11:00Z,2026-05-24 13:00,47537.464,429.930,3239.987
2026-05-24T12:00Z,2026-05-24 14:00,45191.003,448.572,4165.343
2026-05-24T13:00Z,2026-05-24 15:00,41074.113,443.978,5147.696
2026-05-24T14:00Z,2026-05-24 16:00,35186.321,455.275,6221.136
2026-05-24T15:00Z,2026-05-24 17:00,26655.963,553.673,6637.758
2026-05-24T16:00Z,2026-05-24 18:00,15994.202,536.658,6403.478
2026-05-24T17:00Z,2026-05-24 19:00,6932.714,473.098,6164.126
2026-05-24T18:00Z,2026-05-24 20:00,1730.136,412.738,6417.395
2026-05-24T19:00Z,2026-05-24 21:00,59.531,388.375,7216.173
2026-05-24T20:00Z,2026-05-24 22:00,0.000,447.892,7622.087
2026-05-24T21:00Z,2026-05-24 23:00,0.000,558.192,7258.810
2026-05-24T22:00Z,2026-05-25 00:00,0.000,366.798,6415.774
2026-05-24T23:00Z,2026-05-25 01:00,0.000,434.283,5353.898
2026-05-25T00:00Z,2026-05-25 02:00,0.000,481.105,4498.854
2026-05-25T01:00Z,2026-05-25 03:00,0.000,503.495,3747.470
2026-05-25T02:00Z,2026-05-25 04:00,0.273,528.842,3144.800
2026-05-25T03:00Z,2026-05-25 05:00,537.185,593.993,2703.747
2026-05-25T04:00Z,2026-05-25 06:00,4404.079,691.615,2292.938
2026-05-25T05:00Z,2026-05-25 07:00,13177.715,834.920,1663.880
2026-05-25T06:00Z,2026-05-25 08:00,25615.484,992.835,956.416
2026-05-25T07:00Z,2026-05-25 09:00,37303.190,1129.378,620.823
2026-05-25T08:00Z,2026-05-25 10:00,44485.820,732.592,697.107
2026-05-25T09:00Z,2026-05-25 11:00,48401.560,784.092,824.856
2026-05-25T10:00Z,2026-05-25 12:00,50019.246,837.207,908.889
2026-05-25T11:00Z,2026-05-25 13:00,49984.032,883.805,1009.184
2026-05-25T12:00Z,2026-05-25 14:00,48138.367,937.608,1229.339
2026-05-25T13:00Z,2026-05-25 15:00,44119.210,964.830,1677.670
2026-05-25T14:00Z,2026-05-25 16:00,38886.046,1018.075,2241.229
2026-05-25T15:00Z,2026-05-25 17:00,30563.533,1314.818,2713.998
2026-05-25T16:00Z,2026-05-25 18:00,18291.581,1255.290,2903.880
2026-05-25T17:00Z,2026-05-25 19:00,7797.772,1218.108,3110.038
2026-05-25T18:00Z,2026-05-25 20:00,1972.291,1237.622,3713.985
2026-05-25T19:00Z,2026-05-25 21:00,58.635,1292.860,4630.459
2026-05-25T20:00Z,2026-05-25 22:00,0.000,1383.882,5526.403
2026-05-25T21:00Z,2026-05-25 23:00,0.000,1502.783,5915.896
2026-05-25T22:00Z,2026-05-26 00:00,0.000,1805.592,6224.204
2026-05-25T23:00Z,2026-05-26 01:00,0.000,1863.270,6289.484
2026-05-26T00:00Z,2026-05-26 02:00,0.000,1837.255,6205.302
2026-05-26T01:00Z,2026-05-26 03:00,0.000,1749.775,5967.844
2026-05-26T02:00Z,2026-05-26 04:00,0.580,1645.838,5660.572
2026-05-26T03:00Z,2026-05-26 05:00,581.529,1546.495,5359.540
2026-05-26T04:00Z,2026-05-26 06:00,4473.134,1510.275,4927.917
2026-05-26T05:00Z,2026-05-26 07:00,13171.334,1667.197,3778.799
2026-05-26T06:00Z,2026-05-26 08:00,25395.265,2125.372,2429.553
2026-05-26T07:00Z,2026-05-26 09:00,37092.661,2765.787,1747.321
2026-05-26T08:00Z,2026-05-26 10:00,46011.497,3298.967,1945.556
2026-05-26T09:00Z,2026-05-26 11:00,51651.328,3511.590,2462.923
2026-05-26T10:00Z,2026-05-26 12:00,53813.687,3463.350,3035.403
2026-05-26T11:00Z,2026-05-26 13:00,53633.710,3177.688,3661.710
2026-05-26T12:00Z,2026-05-26 14:00,51586.850,2708.472,4672.077
2026-05-26T13:00Z,2026-05-26 15:00,47003.378,2188.815,6199.453
2026-05-26T14:00Z,2026-05-26 16:00,39864.239,1801.727,7495.594
2026-05-26T15:00Z,2026-05-26 17:00,29676.456,1764.227,7601.825
2026-05-26T16:00Z,2026-05-26 18:00,17680.469,1995.332,7305.933
2026-05-26T17:00Z,2026-05-26 19:00,7548.440,2375.950,7298.118
2026-05-26T18:00Z,2026-05-26 20:00,1922.992,2818.938,7972.886
2026-05-26T19:00Z,2026-05-26 21:00,57.757,3251.970,9190.558
2026-05-26T20:00Z,2026-05-26 22:00,0.000,3445.213,10544.850
2026-05-26T21:00Z,2026-05-26 23:00,0.000,3337.295,11412.473
2026-05-26T22:00Z,2026-05-27 00:00,0.000,3149.052,12245.173
2026-05-26T23:00Z,2026-05-27 01:00,0.000,3219.785,12382.060
2026-05-27T00:00Z,2026-05-27 02:00,0.000,3344.637,12391.498
2026-05-27T01:00Z,2026-05-27 03:00,0.000,3485.302,12397.039
2026-05-27T02:00Z,2026-05-27 04:00,0.905,3649.165,12512.044
2026-05-27T03:00Z,2026-05-27 05:00,650.681,3798.560,12437.817
2026-05-27T04:00Z,2026-05-27 06:00,4526.110,3819.883,11685.160
2026-05-27T05:00Z,2026-05-27 07:00,12982.333,3723.438,10302.433
2026-05-27T06:00Z,2026-05-27 08:00,24758.159,3433.688,8844.423
2026-05-27T07:00Z,2026-05-27 09:00,36164.999,3115.795,7589.754
2026-05-27T08:00Z,2026-05-27 10:00,44986.874,2724.528,6908.322
2026-05-27T09:00Z,2026-05-27 11:00,50564.005,1554.340,6498.263
2026-05-27T10:00Z,2026-05-27 12:00,52746.261,1414.230,6676.206
2026-05-27T11:00Z,2026-05-27 13:00,52453.014,1332.293,7311.293
2026-05-27T12:00Z,2026-05-27 14:00,50402.970,1317.912,8539.225
2026-05-27T13:00Z,2026-05-27 15:00,46149.318,1351.515,10268.688
2026-05-27T14:00Z,2026-05-27 16:00,39424.736,1449.175,12411.981
2026-05-27T15:00Z,2026-05-27 17:00,29917.206,2156.997,14655.994
2026-05-27T16:00Z,2026-05-27 18:00,18322.037,2290.053,15209.823
2026-05-27T17:00Z,2026-05-27 19:00,8081.261,2395.318,14847.303
2026-05-27T18:00Z,2026-05-27 20:00,2169.244,2391.555,14038.760
2026-05-27T19:00Z,2026-05-27 21:00,91.668,2245.653,13518.482
2026-05-27T20:00Z,2026-05-27 22:00,0.000,2083.188,12822.849
2026-05-27T21:00Z,2026-05-27 23:00,0.000,1889.795,11641.694
2026-05-27T22:00Z,2026-05-28 00:00,0.000,1622.565,9578.142
2026-05-27T23:00Z,2026-05-28 01:00,0.000,1417.390,8177.199
2026-05-28T00:00Z,2026-05-28 02:00,0.000,1240.132,7139.508
2026-05-28T01:00Z,2026-05-28 03:00,0.000,1075.317,6340.895
2026-05-28T02:00Z,2026-05-28 04:00,1.253,940.785,5745.484
2026-05-28T03:00Z,2026-05-28 05:00,712.977,836.727,5228.610
2026-05-28T04:00Z,2026-05-28 06:00,4753.668,742.632,4239.387
2026-05-28T05:00Z,2026-05-28 07:00,13627.484,636.148,2646.426
2026-05-28T06:00Z,2026-05-28 08:00,26362.661,511.180,1528.418
2026-05-28T07:00Z,2026-05-28 09:00,38549.385,391.283,1083.568
2026-05-28T08:00Z,2026-05-28 10:00,47502.716,307.873,907.230
2026-05-28T09:00Z,2026-05-28 11:00,52728.686,259.795,751.726
2026-05-28T10:00Z,2026-05-28 12:00,54829.017,247.213,670.656
2026-05-28T11:00Z,2026-05-28 13:00,54892.689,265.380,718.860
2026-05-28T12:00Z,2026-05-28 14:00,53295.470,303.090,870.593
2026-05-28T13:00Z,2026-05-28 15:00,49104.063,353.462,1148.112
2026-05-28T14:00Z,2026-05-28 16:00,41777.915,398.688,1356.379
2026-05-28T15:00Z,2026-05-28 17:00,31567.860,429.975,1470.003
2026-05-28T16:00Z,2026-05-28 18:00,19171.056,439.715,1508.172
2026-05-28T17:00Z,2026-05-28 19:00,8375.149,455.778,1539.470
2026-05-28T18:00Z,2026-05-28 20:00,2266.562,499.900,1772.270
2026-05-28T19:00Z,2026-05-28 21:00,95.510,552.335,2032.077
2026-05-28T20:00Z,2026-05-28 22:00,0.000,616.500,2187.609
2026-05-28T21:00Z,2026-05-28 23:00,0.000,738.472,2189.755
2026-05-28T22:00Z,2026-05-29 00:00,0.000,1056.670,2188.503
2026-05-28T23:00Z,2026-05-29 01:00,0.000,1490.815,2405.112
2026-05-29T00:00Z,2026-05-29 02:00,0.000,2002.168,2881.319
2026-05-29T01:00Z,2026-05-29 03:00,0.000,2504.150,3345.487
2026-05-29T02:00Z,2026-05-29 04:00,1.517,2970.090,3873.534
2026-05-29T03:00Z,2026-05-29 05:00,745.426,3406.312,4359.114
2026-05-29T04:00Z,2026-05-29 06:00,4830.506,3751.023,4684.705
2026-05-29T05:00Z,2026-05-29 07:00,13748.549,3999.688,4543.245
2026-05-29T06:00Z,2026-05-29 08:00,26171.658,4163.823,3654.030
2026-05-29T07:00Z,2026-05-29 09:00,37808.617,4159.368,2519.301
2026-05-29T08:00Z,2026-05-29 10:00,46278.087,3775.730,2232.732
2026-05-29T09:00Z,2026-05-29 11:00,51030.071,3429.875,2083.520
2026-05-29T10:00Z,2026-05-29 12:00,52773.684,2942.918,2118.160
2026-05-29T11:00Z,2026-05-29 13:00,52469.378,2343.588,2306.317
2026-05-29T12:00Z,2026-05-29 14:00,50020.957,1839.715,2779.631
2026-05-29T13:00Z,2026-05-29 15:00,44901.160,1426.655,3636.289
2026-05-29T14:00Z,2026-05-29 16:00,37264.869,1171.300,4693.210
2026-05-29T15:00Z,2026-05-29 17:00,27122.136,1042.225,5327.593
2026-05-29T16:00Z,2026-05-29 18:00,16041.480,982.615,5638.959
2026-05-29T17:00Z,2026-05-29 19:00,7104.254,1045.212,5609.645
2026-05-29T18:00Z,2026-05-29 20:00,1809.907,1192.775,6008.675
2026-05-29T19:00Z,2026-05-29 21:00,64.005,1410.780,7090.254
2026-05-29T20:00Z,2026-05-29 22:00,0.000,1567.270,8757.605
2026-05-29T21:00Z,2026-05-29 23:00,0.000,1693.970,10272.434
2026-05-29T22:00Z,2026-05-30 00:00,0.000,2525.525,10338.647
2026-05-29T23:00Z,2026-05-30 01:00,0.000,2912.510,10349.403
2026-05-30T00:00Z,2026-05-30 02:00,0.000,3185.990,9963.523
2026-05-30T01:00Z,2026-05-30 03:00,0.000,3356.110,9664.551
2026-05-30T02:00Z,2026-05-30 04:00,1.311,3310.008,9511.481
2026-05-30T03:00Z,2026-05-30 05:00,546.417,2969.773,9115.154
2026-05-30T04:00Z,2026-05-30 06:00,3846.212,2488.470,8389.723
2026-05-30T05:00Z,2026-05-30 07:00,10706.381,2019.260,7265.873
2026-05-30T06:00Z,2026-05-30 08:00,20407.083,1574.702,6429.872
2026-05-30T07:00Z,2026-05-30 09:00,30451.654,1312.098,6115.979
2026-05-30T08:00Z,2026-05-30 10:00,38301.118,1194.255,6076.432
2026-05-30T09:00Z,2026-05-30 11:00,43103.637,1191.750,6386.609
2026-05-30T10:00Z,2026-05-30 12:00,45434.516,1226.362,7111.896
2026-05-30T11:00Z,2026-05-30 13:00,45614.013,1197.935,7950.384
2026-05-30T12:00Z,2026-05-30 14:00,43509.107,1121.312,8817.813
2026-05-30T13:00Z,2026-05-30 15:00,39679.672,1066.840,9422.436
2026-05-30T14:00Z,2026-05-30 16:00,33817.172,1029.305,9900.431
2026-05-30T15:00Z,2026-05-30 17:00,25872.684,982.880,9995.416
2026-05-30T16:00Z,2026-05-30 18:00,16180.060,895.183,8967.734
2026-05-30T17:00Z,2026-05-30 19:00,7431.377,816.550,7495.065
2026-05-30T18:00Z,2026-05-30 20:00,2048.870,770.508,6199.282
2026-05-30T19:00Z,2026-05-30 21:00,98.689,734.100,5581.896
2026-05-30T20:00Z,2026-05-30 22:00,0.000,693.507,5663.951
2026-05-30T21:00Z,2026-05-30 23:00,0.000,686.735,5532.894
2026-05-30T22:00Z,2026-05-31 00:00,0.000,624.663,4988.405
2026-05-30T23:00Z,2026-05-31 01:00,0.000,573.685,4448.813
2026-05-31T00:00Z,2026-05-31 02:00,0.000,511.963,4042.619
2026-05-31T01:00Z,2026-05-31 03:00,0.000,449.322,3679.935
2026-05-31T02:00Z,2026-05-31 04:00,1.486,366.678,3408.071
2026-05-31T03:00Z,2026-05-31 05:00,611.551,289.270,3178.877
2026-05-31T04:00Z,2026-05-31 06:00,4119.661,230.090,2923.205
2026-05-31T05:00Z,2026-05-31 07:00,11087.141,189.960,2625.115
2026-05-31T06:00Z,2026-05-31 08:00,19831.386,151.120,2218.927
2026-05-31T07:00Z,2026-05-31 09:00,27879.123,109.903,2051.485
2026-05-31T08:00Z,2026-05-31 10:00,33654.793,81.458,2188.226
2026-05-31T09:00Z,2026-05-31 11:00,36739.322,65.990,2374.947
2026-05-31T10:00Z,2026-05-31 12:00,37769.691,56.078,2904.531
2026-05-31T11:00Z,2026-05-31 13:00,37653.266,53.602,3496.043
2026-05-31T12:00Z,2026-05-31 14:00,35829.435,50.708,4230.179
2026-05-31T13:00Z,2026-05-31 15:00,31985.688,49.080,5236.204
2026-05-31T14:00Z,2026-05-31 16:00,25937.661,55.685,6709.098
2026-05-31T15:00Z,2026-05-31 17:00,18493.743,65.250,7742.270
2026-05-31T16:00Z,2026-05-31 18:00,11113.463,78.450,8248.891
2026-05-31T17:00Z,2026-05-31 19:00,5115.552,98.832,8274.634
2026-05-31T18:00Z,2026-05-31 20:00,1344.861,119.905,8246.006
2026-05-31T19:00Z,2026-05-31 21:00,74.161,132.587,8353.993
2026-05-31T20:00Z,2026-05-31 22:00,0.000,159.257,8331.565
2026-05-31T21:00Z,2026-05-31 23:00,0.000,232.355,8176.739
2026-05-31T22:00Z,2026-06-01 00:00,0.000,86.555,7586.136
2026-05-31T23:00Z,2026-06-01 01:00,0.000,162.470,7174.181
2026-06-01T00:00Z,2026-06-01 02:00,0.000,268.665,6919.387
2026-06-01T01:00Z,2026-06-01 03:00,0.000,372.223,6655.343
2026-06-01T02:00Z,2026-06-01 04:00,1.760,410.605,6410.079
2026-06-01T03:00Z,2026-06-01 05:00,515.193,383.392,6024.559
2026-06-01T04:00Z,2026-06-01 06:00,3629.934,327.125,5195.117
2026-06-01T05:00Z,2026-06-01 07:00,10181.582,267.842,3841.563
2026-06-01T06:00Z,2026-06-01 08:00,19352.099,226.870,2739.644
2026-06-01T07:00Z,2026-06-01 09:00,28764.266,201.293,2435.548
2026-06-01T08:00Z,2026-06-01 10:00,36028.205,201.907,2456.737
2026-06-01T09:00Z,2026-06-01 11:00,40629.946,231.243,2598.136
2026-06-01T10:00Z,2026-06-01 12:00,42800.457,302.900,2802.329
2026-06-01T11:00Z,2026-06-01 13:00,42731.853,365.835,2978.013
2026-06-01T12:00Z,2026-06-01 14:00,41315.527,381.480,3060.039
2026-06-01T13:00Z,2026-06-01 15:00,37700.466,368.688,2807.458
2026-06-01T14:00Z,2026-06-01 16:00,31996.767,331.755,2321.991
2026-06-01T15:00Z,2026-06-01 17:00,24245.187,286.840,1796.427
2026-06-01T16:00Z,2026-06-01 18:00,15324.754,251.653,1331.451
2026-06-01T17:00Z,2026-06-01 19:00,7290.025,225.215,965.595
2026-06-01T18:00Z,2026-06-01 20:00,2021.202,221.028,806.177
2026-06-01T19:00Z,2026-06-01 21:00,95.745,266.055,977.852
2026-06-01T20:00Z,2026-06-01 22:00,0.000,407.627,1578.398
2026-06-01T21:00Z,2026-06-01 23:00,0.000,651.847,2521.534
2026-06-01T22:00Z,2026-06-02 00:00,0.000,1587.045,4203.298
2026-06-01T23:00Z,2026-06-02 01:00,0.000,1985.785,5727.963
2026-06-02T00:00Z,2026-06-02 02:00,0.000,2316.173,7060.333
2026-06-02T01:00Z,2026-06-02 03:00,0.000,2571.025,7935.662
2026-06-02T02:00Z,2026-06-02 04:00,2.420,2755.283,8481.014
2026-06-02T03:00Z,2026-06-02 05:00,646.448,2931.448,8877.889
2026-06-02T04:00Z,2026-06-02 06:00,4151.900,3062.755,9166.408
2026-06-02T05:00Z,2026-06-02 07:00,11033.034,3032.945,8604.941
2026-06-02T06:00Z,2026-06-02 08:00,19994.120,2757.960,6801.664
2026-06-02T07:00Z,2026-06-02 09:00,28610.020,2332.705,5159.535
2026-06-02T08:00Z,2026-06-02 10:00,34676.699,1936.380,5080.793
2026-06-02T09:00Z,2026-06-02 11:00,37867.363,1646.848,5875.410
2026-06-02T10:00Z,2026-06-02 12:00,38691.802,1444.533,6800.580
2026-06-02T11:00Z,2026-06-02 13:00,37276.326,1295.625,7219.511
2026-06-02T12:00Z,2026-06-02 14:00,34252.382,1170.755,7095.648
2026-06-02T13:00Z,2026-06-02 15:00,29698.177,1059.245,6808.221
2026-06-02T14:00Z,2026-06-02 16:00,23668.953,1021.590,6997.244
2026-06-02T15:00Z,2026-06-02 17:00,16883.910,1043.193,7455.115
2026-06-02T16:00Z,2026-06-02 18:00,10224.572,1149.862,8253.028
2026-06-02T17:00Z,2026-06-02 19:00,4802.974,1274.590,9335.510
2026-06-02T18:00Z,2026-06-02 20:00,1305.304,1358.543,10602.724
2026-06-02T19:00Z,2026-06-02 21:00,85.994,1401.160,12323.685
2026-06-02T20:00Z,2026-06-02 22:00,0.000,1393.695,13975.030
2026-06-02T21:00Z,2026-06-02 23:00,0.000,1395.720,14969.691
2026-06-02T22:00Z,2026-06-03 00:00,0.000,2279.548,17134.144
2026-06-02T23:00Z,2026-06-03 01:00,0.000,2175.073,16892.970
2026-06-03T00:00Z,2026-06-03 02:00,0.000,2158.242,16382.596
2026-06-03T01:00Z,2026-06-03 03:00,0.000,2188.878,15827.004
2026-06-03T02:00Z,2026-06-03 04:00,1.596,2259.068,15458.731
2026-06-03T03:00Z,2026-06-03 05:00,373.618,2366.470,15202.631
2026-06-03T04:00Z,2026-06-03 06:00,2770.773,2473.193,14889.801
2026-06-03T05:00Z,2026-06-03 07:00,7613.821,2530.200,14552.383
2026-06-03T06:00Z,2026-06-03 08:00,13989.712,2449.425,14750.532
2026-06-03T07:00Z,2026-06-03 09:00,20726.029,2422.090,14978.521
2026-06-03T08:00Z,2026-06-03 10:00,26471.217,2469.938,14770.044
2026-06-03T09:00Z,2026-06-03 11:00,30692.782,2592.270,14457.884
2026-06-03T10:00Z,2026-06-03 12:00,33404.317,2774.713,14209.345
2026-06-03T11:00Z,2026-06-03 13:00,34780.719,2902.220,14162.860
2026-06-03T12:00Z,2026-06-03 14:00,34534.457,2915.945,14278.067
2026-06-03T13:00Z,2026-06-03 15:00,32378.843,2847.948,14333.763
2026-06-03T14:00Z,2026-06-03 16:00,28059.738,2794.605,13973.237
2026-06-03T15:00Z,2026-06-03 17:00,21686.095,3015.883,13043.650
2026-06-03T16:00Z,2026-06-03 18:00,13913.314,3243.775,11742.099
2026-06-03T17:00Z,2026-06-03 19:00,6557.258,3336.225,10342.923
2026-06-03T18:00Z,2026-06-03 20:00,1775.249,3383.575,10049.629
2026-06-03T19:00Z,2026-06-03 21:00,89.409,4039.575,11945.059
2026-06-03T20:00Z,2026-06-03 22:00,0.000,5198.130,15243.986
2026-06-03T21:00Z,2026-06-03 23:00,0.000,5943.967,18820.023
2026-06-03T22:00Z,2026-06-04 00:00,0.000,6346.807,23982.822
2026-06-03T23:00Z,2026-06-04 01:00,0.000,6303.630,25699.218
2026-06-04T00:00Z,2026-06-04 02:00,0.000,6236.243,26274.258
2026-06-04T01:00Z,2026-06-04 03:00,0.000,6103.400,26173.179
2026-06-04T02:00Z,2026-06-04 04:00,4.390,6031.828,25430.944
2026-06-04T03:00Z,2026-06-04 05:00,531.014,6025.505,24438.357
2026-06-04T04:00Z,2026-06-04 06:00,3461.530,6040.427,23594.846
2026-06-04T05:00Z,2026-06-04 07:00,9283.105,6027.970,21580.034
2026-06-04T06:00Z,2026-06-04 08:00,16453.874,5867.172,19877.813
2026-06-04T07:00Z,2026-06-04 09:00,22990.683,5716.092,20247.767
2026-06-04T08:00Z,2026-06-04 10:00,27280.511,5529.130,20663.225
2026-06-04T09:00Z,2026-06-04 11:00,29256.434,5324.725,20778.557
2026-06-04T10:00Z,2026-06-04 12:00,29857.507,5142.923,21060.689
2026-06-04T11:00Z,2026-06-04 13:00,28767.751,4899.110,21832.336
2026-06-04T12:00Z,2026-06-04 14:00,26216.894,4623.863,23394.156
2026-06-04T13:00Z,2026-06-04 15:00,22199.601,4447.028,24099.182
2026-06-04T14:00Z,2026-06-04 16:00,17484.840,4461.090,24323.467
2026-06-04T15:00Z,2026-06-04 17:00,12652.262,4570.050,23726.726
2026-06-04T16:00Z,2026-06-04 18:00,7942.675,4801.448,22957.529
2026-06-04T17:00Z,2026-06-04 19:00,3950.458,4978.715,22366.010
2026-06-04T18:00Z,2026-06-04 20:00,1137.848,5167.910,21943.246
2026-06-04T19:00Z,2026-06-04 21:00,104.244,5451.330,22037.070
2026-06-04T20:00Z,2026-06-04 22:00,0.000,5682.320,22200.837
2026-06-04T21:00Z,2026-06-04 23:00,0.000,5843.727,23022.251
2026-06-04T22:00Z,2026-06-05 00:00,0.000,6203.483,23572.690
2026-06-04T23:00Z,2026-06-05 01:00,0.000,6196.100,23219.661
2026-06-05T00:00Z,2026-06-05 02:00,0.000,6075.113,22067.177
2026-06-05T01:00Z,2026-06-05 03:00,0.000,5878.830,20542.052
2026-06-05T02:00Z,2026-06-05 04:00,2.056,5543.560,18903.386
2026-06-05T03:00Z,2026-06-05 05:00,386.872,5158.365,17540.934
2026-06-05T04:00Z,2026-06-05 06:00,2788.704,4701.690,16551.861
2026-06-05T05:00Z,2026-06-05 07:00,7685.977,4259.035,15477.813
2026-06-05T06:00Z,2026-06-05 08:00,14404.004,3882.653,15052.453
2026-06-05T07:00Z,2026-06-05 09:00,21732.581,3638.543,14606.702
2026-06-05T08:00Z,2026-06-05 10:00,28118.490,3403.068,13511.005
2026-06-05T09:00Z,2026-06-05 11:00,32543.527,3077.432,12445.450
2026-06-05T10:00Z,2026-06-05 12:00,35596.955,2760.420,11430.746
2026-06-05T11:00Z,2026-06-05 13:00,36968.708,2593.280,10636.000
2026-06-05T12:00Z,2026-06-05 14:00,36609.041,2456.943,10120.245
2026-06-05T13:00Z,2026-06-05 15:00,34616.932,2305.827,9518.465
2026-06-05T14:00Z,2026-06-05 16:00,30688.514,2061.823,8706.689
2026-06-05T15:00Z,2026-06-05 17:00,24154.498,1696.807,7499.065
2026-06-05T16:00Z,2026-06-05 18:00,15740.824,1266.580,5813.836
2026-06-05T17:00Z,2026-06-05 19:00,7624.733,868.985,4007.987
2026-06-05T18:00Z,2026-06-05 20:00,2244.776,604.115,2584.554
2026-06-05T19:00Z,2026-06-05 21:00,140.687,492.550,1736.324
2026-06-05T20:00Z,2026-06-05 22:00,0.000,491.062,1502.504
2026-06-05T21:00Z,2026-06-05 23:00,0.000,509.418,1468.511
2026-06-05T22:00Z,2026-06-06 00:00,0.000,394.555,1429.323
2026-06-05T23:00Z,2026-06-06 01:00,0.000,375.033,1418.872
2026-06-06T00:00Z,2026-06-06 02:00,0.000,368.428,1421.065
2026-06-06T01:00Z,2026-06-06 03:00,0.000,386.697,1354.334
2026-06-06T02:00Z,2026-06-06 04:00,6.300,450.545,1335.626
2026-06-06T03:00Z,2026-06-06 05:00,789.596,557.572,1428.048
2026-06-06T04:00Z,2026-06-06 06:00,4601.025,693.380,1649.675
2026-06-06T05:00Z,2026-06-06 07:00,12194.939,796.360,1768.089
2026-06-06T06:00Z,2026-06-06 08:00,22058.934,784.700,1490.906
2026-06-06T07:00Z,2026-06-06 09:00,30466.016,735.148,1323.677
2026-06-06T08:00Z,2026-06-06 10:00,35663.311,732.758,1787.550
2026-06-06T09:00Z,2026-06-06 11:00,38015.201,763.070,2373.988
2026-06-06T10:00Z,2026-06-06 12:00,38441.860,799.572,2877.075
2026-06-06T11:00Z,2026-06-06 13:00,37241.480,819.955,3522.519
2026-06-06T12:00Z,2026-06-06 14:00,34857.857,799.215,4217.874
2026-06-06T13:00Z,2026-06-06 15:00,30985.849,773.518,5001.324
2026-06-06T14:00Z,2026-06-06 16:00,25821.925,776.128,5466.843
2026-06-06T15:00Z,2026-06-06 17:00,19243.729,790.775,5635.652
2026-06-06T16:00Z,2026-06-06 18:00,12223.929,871.283,5446.293
2026-06-06T17:00Z,2026-06-06 19:00,5998.909,1149.072,5543.179
2026-06-06T18:00Z,2026-06-06 20:00,1696.457,1588.628,6232.618
2026-06-06T19:00Z,2026-06-06 21:00,109.155,2014.230,7236.916
2026-06-06T20:00Z,2026-06-06 22:00,0.209,2440.122,9001.670
2026-06-06T21:00Z,2026-06-06 23:00,0.000,2883.868,10928.257
2026-06-06T22:00Z,2026-06-07 00:00,0.000,3709.427,12237.602
2026-06-06T23:00Z,2026-06-07 01:00,0.000,4050.560,13733.917
2026-06-07T00:00Z,2026-06-07 02:00,0.000,4359.278,15128.509
2026-06-07T01:00Z,2026-06-07 03:00,0.000,4756.610,16350.344
2026-06-07T02:00Z,2026-06-07 04:00,3.653,5044.787,17570.793
2026-06-07T03:00Z,2026-06-07 05:00,622.649,5053.975,18652.191
2026-06-07T04:00Z,2026-06-07 06:00,4035.614,4790.985,19153.043
2026-06-07T05:00Z,2026-06-07 07:00,10763.912,4317.980,18298.998
2026-06-07T06:00Z,2026-06-07 08:00,19475.659,2080.938,17642.960
2026-06-07T07:00Z,2026-06-07 09:00,26921.879,2073.095,17491.180
2026-06-07T08:00Z,2026-06-07 10:00,31350.630,2108.870,16905.721
2026-06-07T09:00Z,2026-06-07 11:00,33935.012,2155.015,15811.166
2026-06-07T10:00Z,2026-06-07 12:00,35322.575,2200.865,14794.506
2026-06-07T11:00Z,2026-06-07 13:00,36024.401,2262.532,13870.545
2026-06-07T12:00Z,2026-06-07 14:00,35729.471,2320.400,13419.669
2026-06-07T13:00Z,2026-06-07 15:00,34199.017,2370.438,13878.795
2026-06-07T14:00Z,2026-06-07 16:00,31021.493,2343.432,15574.583
2026-06-07T15:00Z,2026-06-07 17:00,25112.318,2274.528,16877.618
2026-06-07T16:00Z,2026-06-07 18:00,16535.047,4070.410,16348.123
2026-06-07T17:00Z,2026-06-07 19:00,7933.176,3819.673,13571.754
2026-06-07T18:00Z,2026-06-07 20:00,2359.477,3683.328,10587.144
2026-06-07T19:00Z,2026-06-07 21:00,151.754,3524.823,7894.061
2026-06-07T20:00Z,2026-06-07 22:00,1.036,3433.007,6229.273
2026-06-07T21:00Z,2026-06-07 23:00,0.000,3430.283,5255.963
2026-06-07T22:00Z,2026-06-08 00:00,0.000,2989.568,3391.393
2026-06-07T23:00Z,2026-06-08 01:00,0.000,2897.630,2988.925
2026-06-08T00:00Z,2026-06-08 02:00,0.000,2883.298,2984.226
2026-06-08T01:00Z,2026-06-08 03:00,0.000,2974.783,3269.701
2026-06-08T02:00Z,2026-06-08 04:00,5.004,3063.140,3721.873
2026-06-08T03:00Z,2026-06-08 05:00,812.114,3089.318,4112.100
2026-06-08T04:00Z,2026-06-08 06:00,4749.746,3039.380,4334.556
2026-06-08T05:00Z,2026-06-08 07:00,12519.315,2892.365,4161.692
2026-06-08T06:00Z,2026-06-08 08:00,23069.650,2756.807,3449.854
2026-06-08T07:00Z,2026-06-08 09:00,32836.255,2516.315,2739.534
2026-06-08T08:00Z,2026-06-08 10:00,39565.936,2197.010,3106.497
2026-06-08T09:00Z,2026-06-08 11:00,43091.734,1833.600,3564.707
2026-06-08T10:00Z,2026-06-08 12:00,43737.196,1530.903,3906.537
2026-06-08T11:00Z,2026-06-08 13:00,41663.617,1386.825,4354.913
2026-06-08T12:00Z,2026-06-08 14:00,37739.188,1303.158,5021.393
2026-06-08T13:00Z,2026-06-08 15:00,32137.734,1243.332,5632.021
2026-06-08T14:00Z,2026-06-08 16:00,25301.503,1284.680,6195.357
2026-06-08T15:00Z,2026-06-08 17:00,17850.841,1340.168,6619.830
2026-06-08T16:00Z,2026-06-08 18:00,10810.445,1382.472,6827.396
2026-06-08T17:00Z,2026-06-08 19:00,5206.714,1405.007,7328.909
2026-06-08T18:00Z,2026-06-08 20:00,1429.082,1351.735,8448.369
2026-06-08T19:00Z,2026-06-08 21:00,99.804,1313.312,10065.963
2026-06-08T20:00Z,2026-06-08 22:00,0.710,1424.303,12015.507
2026-06-08T21:00Z,2026-06-08 23:00,0.000,1793.997,13288.831
2026-06-08T22:00Z,2026-06-09 00:00,0.000,2174.930,15304.926
2026-06-08T23:00Z,2026-06-09 01:00,0.000,2723.622,15987.726
2026-06-09T00:00Z,2026-06-09 02:00,0.000,3222.960,16490.445
2026-06-09T01:00Z,2026-06-09 03:00,0.000,3633.593,16965.417
2026-06-09T02:00Z,2026-06-09 04:00,6.693,3924.240,17525.765
2026-06-09T03:00Z,2026-06-09 05:00,431.502,4009.243,17625.826
2026-06-09T04:00Z,2026-06-09 06:00,2753.410,3802.505,17444.641
2026-06-09T05:00Z,2026-06-09 07:00,7116.761,3481.628,16685.183
2026-06-09T06:00Z,2026-06-09 08:00,12406.662,3087.775,16660.006
2026-06-09T07:00Z,2026-06-09 09:00,17876.249,2868.940,17489.753
2026-06-09T08:00Z,2026-06-09 10:00,22958.005,2845.483,18232.358
2026-06-09T09:00Z,2026-06-09 11:00,27278.129,3125.725,18666.928
2026-06-09T10:00Z,2026-06-09 12:00,30577.138,3416.903,18804.720
2026-06-09T11:00Z,2026-06-09 13:00,32745.944,3598.778,18551.032
2026-06-09T12:00Z,2026-06-09 14:00,33405.683,3689.190,18802.182
2026-06-09T13:00Z,2026-06-09 15:00,31888.624,3784.253,18725.776
2026-06-09T14:00Z,2026-06-09 16:00,28228.872,3808.245,18588.710
2026-06-09T15:00Z,2026-06-09 17:00,22373.504,3720.440,17574.292
2026-06-09T16:00Z,2026-06-09 18:00,14768.746,3490.805,14922.811
2026-06-09T17:00Z,2026-06-09 19:00,7271.936,3309.037,12131.737
2026-06-09T18:00Z,2026-06-09 20:00,2251.570,3148.630,9964.045
2026-06-09T19:00Z,2026-06-09 21:00,180.372,3146.173,8850.940
2026-06-09T20:00Z,2026-06-09 22:00,0.991,3264.010,9284.986
2026-06-09T21:00Z,2026-06-09 23:00,0.000,3456.032,10245.044
2026-06-09T22:00Z,2026-06-10 00:00,0.000,4444.877,11741.291
2026-06-09T23:00Z,2026-06-10 01:00,0.000,4607.612,12391.767
2026-06-10T00:00Z,2026-06-10 02:00,0.000,4740.990,12526.192
2026-06-10T01:00Z,2026-06-10 03:00,0.000,4841.075,12300.371
2026-06-10T02:00Z,2026-06-10 04:00,5.186,4878.990,11861.519
2026-06-10T03:00Z,2026-06-10 05:00,626.077,4964.868,11281.682
2026-06-10T04:00Z,2026-06-10 06:00,3611.944,5104.710,10163.384
2026-06-10T05:00Z,2026-06-10 07:00,9180.928,5214.387,8363.939
2026-06-10T06:00Z,2026-06-10 08:00,16013.739,5193.050,7858.061
2026-06-10T07:00Z,2026-06-10 09:00,22498.594,4922.075,8104.334
2026-06-10T08:00Z,2026-06-10 10:00,27375.792,4412.828,8707.828
2026-06-10T09:00Z,2026-06-10 11:00,29889.155,4018.150,9174.318
2026-06-10T10:00Z,2026-06-10 12:00,30867.512,3657.032,9324.564
2026-06-10T11:00Z,2026-06-10 13:00,30241.577,3273.265,9209.549
2026-06-10T12:00Z,2026-06-10 14:00,28636.529,2816.340,9006.962
2026-06-10T13:00Z,2026-06-10 15:00,25811.951,2352.790,8486.429
2026-06-10T14:00Z,2026-06-10 16:00,21779.843,1878.512,7979.115
2026-06-10T15:00Z,2026-06-10 17:00,16727.781,1414.745,7102.749
2026-06-10T16:00Z,2026-06-10 18:00,11210.654,1007.750,6215.867
2026-06-10T17:00Z,2026-06-10 19:00,5834.233,691.190,5425.259
2026-06-10T18:00Z,2026-06-10 20:00,1784.796,468.890,4919.721
2026-06-10T19:00Z,2026-06-10 21:00,149.383,330.743,4370.926
2026-06-10T20:00Z,2026-06-10 22:00,0.447,270.882,4450.033
2026-06-10T21:00Z,2026-06-10 23:00,0.000,263.480,4699.290
2026-06-10T22:00Z,2026-06-11 00:00,0.000,209.692,5093.427
2026-06-10T23:00Z,2026-06-11 01:00,0.000,212.070,5445.034
2026-06-11T00:00Z,2026-06-11 02:00,0.000,196.222,5903.031
2026-06-11T01:00Z,2026-06-11 03:00,0.000,179.907,6300.828
2026-06-11T02:00Z,2026-06-11 04:00,8.231,178.110,6643.988
2026-06-11T03:00Z,2026-06-11 05:00,677.614,172.262,6713.044
2026-06-11T04:00Z,2026-06-11 06:00,4113.774,160.910,6204.091
2026-06-11T05:00Z,2026-06-11 07:00,10651.861,152.300,5121.361
2026-06-11T06:00Z,2026-06-11 08:00,18913.985,154.358,4623.601
2026-06-11T07:00Z,2026-06-11 09:00,26690.486,169.355,4808.248
2026-06-11T08:00Z,2026-06-11 10:00,32215.472,207.567,5488.023
2026-06-11T09:00Z,2026-06-11 11:00,35469.968,281.143,6481.836
2026-06-11T10:00Z,2026-06-11 12:00,37156.162,397.785,7618.327
2026-06-11T11:00Z,2026-06-11 13:00,37616.535,581.178,8784.060
2026-06-11T12:00Z,2026-06-11 14:00,36970.223,828.420,9927.437
2026-06-11T13:00Z,2026-06-11 15:00,34098.331,1139.570,10604.112
2026-06-11T14:00Z,2026-06-11 16:00,29000.988,1454.320,10693.340
2026-06-11T15:00Z,2026-06-11 17:00,21907.603,1687.660,10094.787
2026-06-11T16:00Z,2026-06-11 18:00,13904.872,1802.612,9024.897
2026-06-11T17:00Z,2026-06-11 19:00,6768.559,1796.990,7479.454
2026-06-11T18:00Z,2026-06-11 20:00,1980.206,1693.392,6174.336
2026-06-11T19:00Z,2026-06-11 21:00,145.079,1627.575,5555.509
2026-06-11T20:00Z,2026-06-11 22:00,1.403,1944.938,6087.085
2026-06-11T21:00Z,2026-06-11 23:00,0.000,2664.070,7485.781
2026-06-11T22:00Z,2026-06-12 00:00,0.000,2856.455,9494.428
2026-06-11T23:00Z,2026-06-12 01:00,0.000,3537.780,11730.713
2026-06-12T00:00Z,2026-06-12 02:00,0.000,3944.312,13419.373
2026-06-12T01:00Z,2026-06-12 03:00,0.000,3986.523,14446.189
2026-06-12T02:00Z,2026-06-12 04:00,4.987,3708.065,15103.012
2026-06-12T03:00Z,2026-06-12 05:00,434.016,3211.457,15634.031
2026-06-12T04:00Z,2026-06-12 06:00,2238.267,2867.153,16163.900
2026-06-12T05:00Z,2026-06-12 07:00,5298.071,2828.363,16044.266
2026-06-12T06:00Z,2026-06-12 08:00,8732.223,2904.448,15769.795
2026-06-12T07:00Z,2026-06-12 09:00,11779.502,3031.730,16199.957
2026-06-12T08:00Z,2026-06-12 10:00,14145.075,3360.570,17047.646
2026-06-12T09:00Z,2026-06-12 11:00,15958.876,3686.310,17782.104
2026-06-12T10:00Z,2026-06-12 12:00,17464.146,3783.648,18689.143
2026-06-12T11:00Z,2026-06-12 13:00,18376.390,3946.060,20072.750
2026-06-12T12:00Z,2026-06-12 14:00,18573.391,4149.165,21896.528
2026-06-12T13:00Z,2026-06-12 15:00,17494.841,4253.658,23038.334
2026-06-12T14:00Z,2026-06-12 16:00,15528.231,4198.282,23740.308
2026-06-12T15:00Z,2026-06-12 17:00,12208.356,3951.365,23638.410
2026-06-12T16:00Z,2026-06-12 18:00,8133.370,3502.262,22426.365
2026-06-12T17:00Z,2026-06-12 19:00,4173.575,3086.282,20664.669
2026-06-12T18:00Z,2026-06-12 20:00,1248.849,2763.883,19308.236
2026-06-12T19:00Z,2026-06-12 21:00,104.699,2642.695,18813.786
2026-06-12T20:00Z,2026-06-12 22:00,0.054,2791.918,18590.423
2026-06-12T21:00Z,2026-06-12 23:00,0.000,2999.205,18841.355
2026-06-12T22:00Z,2026-06-13 00:00,0.000,3198.062,20083.504
2026-06-12T23:00Z,2026-06-13 01:00,0.000,3857.065,19898.973
2026-06-13T00:00Z,2026-06-13 02:00,0.000,4583.408,19532.084
2026-06-13T01:00Z,2026-06-13 03:00,0.000,5142.167,19571.116
2026-06-13T02:00Z,2026-06-13 04:00,5.755,5414.045,19739.374
2026-06-13T03:00Z,2026-06-13 05:00,536.992,5507.990,20189.494
2026-06-13T04:00Z,2026-06-13 06:00,3560.355,5627.100,21002.643
2026-06-13T05:00Z,2026-06-13 07:00,9589.604,5658.327,21197.947
2026-06-13T06:00Z,2026-06-13 08:00,17471.790,5341.885,20484.545
2026-06-13T07:00Z,2026-06-13 09:00,24818.146,2687.872,19705.098
2026-06-13T08:00Z,2026-06-13 10:00,30838.222,2631.347,18567.900
2026-06-13T09:00Z,2026-06-13 11:00,35197.037,2590.450,17027.360
2026-06-13T10:00Z,2026-06-13 12:00,37915.594,2661.345,16248.318
2026-06-13T11:00Z,2026-06-13 13:00,38821.581,2834.132,16584.568
2026-06-13T12:00Z,2026-06-13 14:00,38037.009,2896.577,17256.117
2026-06-13T13:00Z,2026-06-13 15:00,35118.185,2912.610,17898.427
2026-06-13T14:00Z,2026-06-13 16:00,30380.623,2969.925,19841.083
2026-06-13T15:00Z,2026-06-13 17:00,23780.799,3304.883,23883.834
2026-06-13T16:00Z,2026-06-13 18:00,15995.964,3365.847,28531.974
2026-06-13T17:00Z,2026-06-13 19:00,8184.924,6087.130,31191.378
2026-06-13T18:00Z,2026-06-13 20:00,2536.495,6123.417,29605.078
2026-06-13T19:00Z,2026-06-13 21:00,199.810,6078.810,27827.192
2026-06-13T20:00Z,2026-06-13 22:00,1.403,6039.470,25431.101
2026-06-13T21:00Z,2026-06-13 23:00,0.000,5937.602,24629.192
2026-06-13T22:00Z,2026-06-14 00:00,0.000,6354.532,23534.388
2026-06-13T23:00Z,2026-06-14 01:00,0.000,6436.922,23574.065
2026-06-14T00:00Z,2026-06-14 02:00,0.000,6498.562,23420.646
2026-06-14T01:00Z,2026-06-14 03:00,0.000,6567.278,23572.650
2026-06-14T02:00Z,2026-06-14 04:00,5.659,6592.785,23790.271
2026-06-14T03:00Z,2026-06-14 05:00,669.931,6545.828,23811.933
2026-06-14T04:00Z,2026-06-14 06:00,4233.891,6329.480,24077.122
2026-06-14T05:00Z,2026-06-14 07:00,10751.740,6251.090,23636.564
2026-06-14T06:00Z,2026-06-14 08:00,17975.102,3542.463,22768.907
2026-06-14T07:00Z,2026-06-14 09:00,23877.716,3272.062,22155.554
2026-06-14T08:00Z,2026-06-14 10:00,28274.333,3093.122,20150.383
2026-06-14T09:00Z,2026-06-14 11:00,31683.644,2944.230,18167.939
2026-06-14T10:00Z,2026-06-14 12:00,34167.815,2804.068,17160.180
2026-06-14T11:00Z,2026-06-14 13:00,35213.919,2705.335,16738.572
2026-06-14T12:00Z,2026-06-14 14:00,34575.059,2685.677,17543.806
2026-06-14T13:00Z,2026-06-14 15:00,31975.615,2712.580,18573.336
2026-06-14T14:00Z,2026-06-14 16:00,27903.062,2817.995,20383.921
2026-06-14T15:00Z,2026-06-14 17:00,22051.954,2995.698,24449.913
2026-06-14T16:00Z,2026-06-14 18:00,15338.056,5401.377,27957.426
2026-06-14T17:00Z,2026-06-14 19:00,7986.218,5544.640,28537.592
2026-06-14T18:00Z,2026-06-14 20:00,2477.179,5919.735,26577.302
2026-06-14T19:00Z,2026-06-14 21:00,196.627,6126.545,24576.275
2026-06-14T20:00Z,2026-06-14 22:00,1.395,6199.962,22456.061
2026-06-14T21:00Z,2026-06-14 23:00,0.000,6241.557,21414.106
2026-06-14T22:00Z,2026-06-15 00:00,0.000,6149.415,21060.090
2026-06-14T23:00Z,2026-06-15 01:00,0.000,6262.227,20646.436
2026-06-15T00:00Z,2026-06-15 02:00,0.000,6453.815,20484.764
2026-06-15T01:00Z,2026-06-15 03:00,0.000,6553.552,20574.146
2026-06-15T02:00Z,2026-06-15 04:00,4.079,6493.440,20830.036
2026-06-15T03:00Z,2026-06-15 05:00,586.513,6299.847,21134.518
2026-06-15T04:00Z,2026-06-15 06:00,3907.920,6189.590,21738.942
2026-06-15T05:00Z,2026-06-15 07:00,10134.490,5950.315,21874.215
2026-06-15T06:00Z,2026-06-15 08:00,18011.127,5679.523,22331.730
2026-06-15T07:00Z,2026-06-15 09:00,25293.997,5336.712,23219.620
2026-06-15T08:00Z,2026-06-15 10:00,31009.353,5065.215,22187.071
2026-06-15T09:00Z,2026-06-15 11:00,35497.895,4903.395,20888.680
2026-06-15T10:00Z,2026-06-15 12:00,38809.578,4721.275,19651.875
2026-06-15T11:00Z,2026-06-15 13:00,40467.741,4537.568,18962.034
2026-06-15T12:00Z,2026-06-15 14:00,40500.947,4340.903,19025.496
2026-06-15T13:00Z,2026-06-15 15:00,38342.078,4174.585,19616.278
2026-06-15T14:00Z,2026-06-15 16:00,33924.186,4023.363,20988.847
2026-06-15T15:00Z,2026-06-15 17:00,27395.176,3878.540,22993.467
2026-06-15T16:00Z,2026-06-15 18:00,18314.848,3700.275,23182.894
2026-06-15T17:00Z,2026-06-15 19:00,8920.521,3534.885,20992.303
2026-06-15T18:00Z,2026-06-15 20:00,2815.453,3257.847,17956.198
2026-06-15T19:00Z,2026-06-15 21:00,237.238,2861.202,15024.859
2026-06-15T20:00Z,2026-06-15 22:00,1.106,2485.545,12841.463
2026-06-15T21:00Z,2026-06-15 23:00,0.000,2214.760,11432.905
2026-06-15T22:00Z,2026-06-16 00:00,0.000,1878.572,9599.293
2026-06-15T23:00Z,2026-06-16 01:00,0.000,1726.037,8587.474
2026-06-16T00:00Z,2026-06-16 02:00,0.000,1633.303,7899.496
2026-06-16T01:00Z,2026-06-16 03:00,0.000,1543.340,7348.597
2026-06-16T02:00Z,2026-06-16 04:00,6.777,1362.595,7025.790
2026-06-16T03:00Z,2026-06-16 05:00,763.496,1104.227,6927.234
2026-06-16T04:00Z,2026-06-16 06:00,4127.364,909.545,6900.259
2026-06-16T05:00Z,2026-06-16 07:00,10228.043,807.472,6610.063
2026-06-16T06:00Z,2026-06-16 08:00,17209.018,729.910,6240.882
2026-06-16T07:00Z,2026-06-16 09:00,23339.492,657.933,5738.623
2026-06-16T08:00Z,2026-06-16 10:00,28078.118,609.795,5561.529
2026-06-16T09:00Z,2026-06-16 11:00,31284.607,596.225,5641.324
2026-06-16T10:00Z,2026-06-16 12:00,33096.120,605.705,5947.019
2026-06-16T11:00Z,2026-06-16 13:00,33599.951,615.370,6518.544
2026-06-16T12:00Z,2026-06-16 14:00,32821.329,621.562,7177.569
2026-06-16T13:00Z,2026-06-16 15:00,30507.381,605.170,7394.072
2026-06-16T14:00Z,2026-06-16 16:00,26804.122,583.455,7307.658
2026-06-16T15:00Z,2026-06-16 17:00,21432.185,546.533,7038.242
2026-06-16T16:00Z,2026-06-16 18:00,14420.676,517.832,6483.898
2026-06-16T17:00Z,2026-06-16 19:00,7328.275,496.730,5794.096
2026-06-16T18:00Z,2026-06-16 20:00,2296.304,443.885,5342.147
2026-06-16T19:00Z,2026-06-16 21:00,217.512,378.485,4888.212
2026-06-16T20:00Z,2026-06-16 22:00,1.474,340.528,4686.484
2026-06-16T21:00Z,2026-06-16 23:00,0.000,313.488,4437.988
2026-06-16T22:00Z,2026-06-17 00:00,0.000,231.493,4175.052
2026-06-16T23:00Z,2026-06-17 01:00,0.000,229.683,3463.530
2026-06-17T00:00Z,2026-06-17 02:00,0.000,245.502,2931.504
2026-06-17T01:00Z,2026-06-17 03:00,0.000,280.468,2464.852
2026-06-17T02:00Z,2026-06-17 04:00,6.612,338.620,2125.602
2026-06-17T03:00Z,2026-06-17 05:00,709.781,401.523,1902.629
2026-06-17T04:00Z,2026-06-17 06:00,4367.371,491.188,1787.888
2026-06-17T05:00Z,2026-06-17 07:00,11220.568,644.930,1575.025
2026-06-17T06:00Z,2026-06-17 08:00,20041.582,853.585,1185.558
2026-06-17T07:00Z,2026-06-17 09:00,28728.250,1130.033,1046.760
2026-06-17T08:00Z,2026-06-17 10:00,35317.164,1448.265,1415.522
2026-06-17T09:00Z,2026-06-17 11:00,39183.342,1755.997,2029.184
2026-06-17T10:00Z,2026-06-17 12:00,40528.069,2092.658,2770.680
2026-06-17T11:00Z,2026-06-17 13:00,39403.180,2498.238,3594.603
2026-06-17T12:00Z,2026-06-17 14:00,36819.287,2905.033,4479.653
2026-06-17T13:00Z,2026-06-17 15:00,32971.343,3222.352,5167.081
2026-06-17T14:00Z,2026-06-17 16:00,28014.151,3543.113,5564.792
2026-06-17T15:00Z,2026-06-17 17:00,21697.619,3784.363,5560.117
2026-06-17T16:00Z,2026-06-17 18:00,14420.286,3812.177,5220.342
2026-06-17T17:00Z,2026-06-17 19:00,7353.012,3713.755,4669.488
2026-06-17T18:00Z,2026-06-17 20:00,2278.524,3449.205,4214.112
2026-06-17T19:00Z,2026-06-17 21:00,194.947,3072.328,3747.522
2026-06-17T20:00Z,2026-06-17 22:00,0.841,2694.658,3826.072
2026-06-17T21:00Z,2026-06-17 23:00,0.000,2326.122,4081.629
2026-06-17T22:00Z,2026-06-18 00:00,0.000,1914.310,4276.236
2026-06-17T23:00Z,2026-06-18 01:00,0.000,1712.115,4489.321
2026-06-18T00:00Z,2026-06-18 02:00,0.000,1578.903,4855.496
2026-06-18T01:00Z,2026-06-18 03:00,0.000,1535.822,5103.793
2026-06-18T02:00Z,2026-06-18 04:00,5.095,1504.102,5131.112
2026-06-18T03:00Z,2026-06-18 05:00,741.873,1437.717,4921.269
2026-06-18T04:00Z,2026-06-18 06:00,4640.123,1323.682,4531.253
2026-06-18T05:00Z,2026-06-18 07:00,12304.670,1223.300,3561.249
2026-06-18T06:00Z,2026-06-18 08:00,22893.425,1149.630,2420.792
2026-06-18T07:00Z,2026-06-18 09:00,33216.414,1122.132,2252.699
2026-06-18T08:00Z,2026-06-18 10:00,41171.213,1117.307,2811.111
2026-06-18T09:00Z,2026-06-18 11:00,46226.899,1105.392,3434.786
2026-06-18T10:00Z,2026-06-18 12:00,48653.449,1053.065,3841.311
2026-06-18T11:00Z,2026-06-18 13:00,48891.421,990.303,4006.061
2026-06-18T12:00Z,2026-06-18 14:00,47274.425,890.820,3977.736
2026-06-18T13:00Z,2026-06-18 15:00,43600.540,782.798,3500.399
2026-06-18T14:00Z,2026-06-18 16:00,37760.825,648.990,2760.189
2026-06-18T15:00Z,2026-06-18 17:00,29343.132,518.388,1992.430
2026-06-18T16:00Z,2026-06-18 18:00,19037.176,389.725,1318.477
2026-06-18T17:00Z,2026-06-18 19:00,9203.907,277.615,867.541
2026-06-18T18:00Z,2026-06-18 20:00,2934.326,218.007,854.392
2026-06-18T19:00Z,2026-06-18 21:00,268.732,205.062,1292.125
2026-06-18T20:00Z,2026-06-18 22:00,0.537,256.310,2133.084
2026-06-18T21:00Z,2026-06-18 23:00,0.000,353.075,3139.612
2026-06-18T22:00Z,2026-06-19 00:00,0.000,724.758,4495.928
2026-06-18T23:00Z,2026-06-19 01:00,0.000,956.815,5329.914
2026-06-19T00:00Z,2026-06-19 02:00,0.000,1070.997,5938.300
2026-06-19T01:00Z,2026-06-19 03:00,0.000,1043.355,6212.302
2026-06-19T02:00Z,2026-06-19 04:00,5.860,1008.915,6429.657
2026-06-19T03:00Z,2026-06-19 05:00,777.239,984.628,6543.342
2026-06-19T04:00Z,2026-06-19 06:00,4654.741,911.015,6398.043
2026-06-19T05:00Z,2026-06-19 07:00,12213.265,794.415,5687.914
2026-06-19T06:00Z,2026-06-19 08:00,22699.129,704.685,4391.664
2026-06-19T07:00Z,2026-06-19 09:00,32967.423,668.240,2984.595
2026-06-19T08:00Z,2026-06-19 10:00,41293.641,713.923,2314.881
2026-06-19T09:00Z,2026-06-19 11:00,47102.506,784.812,2139.072
2026-06-19T10:00Z,2026-06-19 12:00,50134.372,840.783,2168.466
2026-06-19T11:00Z,2026-06-19 13:00,50307.592,852.765,2309.847
2026-06-19T12:00Z,2026-06-19 14:00,47776.875,824.402,2539.609
2026-06-19T13:00Z,2026-06-19 15:00,43044.280,850.303,2733.430
2026-06-19T14:00Z,2026-06-19 16:00,36301.081,972.975,3069.631
2026-06-19T15:00Z,2026-06-19 17:00,27431.028,1222.463,3353.253
2026-06-19T16:00Z,2026-06-19 18:00,17360.936,1676.432,3687.502
2026-06-19T17:00Z,2026-06-19 19:00,8292.870,2183.477,4590.230
2026-06-19T18:00Z,2026-06-19 20:00,2628.131,2372.510,5894.941
2026-06-19T19:00Z,2026-06-19 21:00,240.139,2267.835,7286.006
2026-06-19T20:00Z,2026-06-19 22:00,2.375,2171.570,8813.190
2026-06-19T21:00Z,2026-06-19 23:00,0.000,2076.365,10076.214
2026-06-19T22:00Z,2026-06-20 00:00,0.000,2017.145,11409.151
2026-06-19T23:00Z,2026-06-20 01:00,0.000,1812.003,10891.737
2026-06-20T00:00Z,2026-06-20 02:00,0.000,1614.680,9779.147
2026-06-20T01:00Z,2026-06-20 03:00,0.000,1379.953,9245.379
2026-06-20T02:00Z,2026-06-20 04:00,7.525,1282.872,8317.047
2026-06-20T03:00Z,2026-06-20 05:00,726.941,1333.170,7618.250
2026-06-20T04:00Z,2026-06-20 06:00,4396.525,1462.775,6995.899
2026-06-20T05:00Z,2026-06-20 07:00,11456.205,1561.895,6092.081
2026-06-20T06:00Z,2026-06-20 08:00,20962.809,1633.290,4743.228
2026-06-20T07:00Z,2026-06-20 09:00,30698.956,1606.162,3358.610
2026-06-20T08:00Z,2026-06-20 10:00,38574.891,1519.202,2823.746
2026-06-20T09:00Z,2026-06-20 11:00,44008.925,1398.057,2523.386
2026-06-20T10:00Z,2026-06-20 12:00,46895.752,1338.325,2443.238
2026-06-20T11:00Z,2026-06-20 13:00,47000.771,1319.283,2662.683
2026-06-20T12:00Z,2026-06-20 14:00,44801.712,1329.925,3243.881
2026-06-20T13:00Z,2026-06-20 15:00,40679.257,1360.193,3911.025
2026-06-20T14:00Z,2026-06-20 16:00,34619.030,1346.735,4653.255
2026-06-20T15:00Z,2026-06-20 17:00,26490.500,1251.240,5256.550
2026-06-20T16:00Z,2026-06-20 18:00,17203.477,1080.972,5410.747
2026-06-20T17:00Z,2026-06-20 19:00,8501.019,886.425,5279.236
2026-06-20T18:00Z,2026-06-20 20:00,2711.911,657.938,5153.841
2026-06-20T19:00Z,2026-06-20 21:00,251.882,540.467,5145.154
2026-06-20T20:00Z,2026-06-20 22:00,1.137,544.528,5418.780
2026-06-20T21:00Z,2026-06-20 23:00,0.000,527.367,5319.714
2026-06-20T22:00Z,2026-06-21 00:00,0.000,445.225,4417.615
2026-06-20T23:00Z,2026-06-21 01:00,0.000,515.300,4150.494
2026-06-21T00:00Z,2026-06-21 02:00,0.000,566.625,3956.193
2026-06-21T01:00Z,2026-06-21 03:00,0.000,554.985,3733.658
2026-06-21T02:00Z,2026-06-21 04:00,7.361,485.312,3627.853
2026-06-21T03:00Z,2026-06-21 05:00,865.331,480.998,3491.267
2026-06-21T04:00Z,2026-06-21 06:00,4833.209,512.315,3013.291
2026-06-21T05:00Z,2026-06-21 07:00,12571.950,514.533,2372.486
2026-06-21T06:00Z,2026-06-21 08:00,23144.019,482.062,1946.795
2026-06-21T07:00Z,2026-06-21 09:00,33163.063,427.255,1720.306
2026-06-21T08:00Z,2026-06-21 10:00,40907.778,405.507,1533.561
2026-06-21T09:00Z,2026-06-21 11:00,45652.312,423.252,1486.699
2026-06-21T10:00Z,2026-06-21 12:00,47195.896,460.183,1550.577
2026-06-21T11:00Z,2026-06-21 13:00,46351.454,514.595,1924.120
2026-06-21T12:00Z,2026-06-21 14:00,43766.057,589.878,2423.553
2026-06-21T13:00Z,2026-06-21 15:00,39482.671,694.025,2869.798
2026-06-21T14:00Z,2026-06-21 16:00,33457.385,863.273,3457.842
2026-06-21T15:00Z,2026-06-21 17:00,25683.042,1085.168,4032.082
2026-06-21T16:00Z,2026-06-21 18:00,16714.764,1281.400,4425.754
2026-06-21T17:00Z,2026-06-21 19:00,8301.547,1513.767,4868.321
2026-06-21T18:00Z,2026-06-21 20:00,2648.765,1749.247,5682.566
2026-06-21T19:00Z,2026-06-21 21:00,272.580,1975.818,6612.089
2026-06-21T20:00Z,2026-06-21 22:00,4.273,2177.340,7708.306
2026-06-21T21:00Z,2026-06-21 23:00,0.000,2291.995,7974.140
2026-06-21T22:00Z,2026-06-22 00:00,0.000,2564.230,7413.605
2026-06-21T23:00Z,2026-06-22 01:00,0.000,2373.935,7000.643
2026-06-22T00:00Z,2026-06-22 02:00,0.000,2172.878,6663.359
2026-06-22T01:00Z,2026-06-22 03:00,0.000,1972.540,6261.499
2026-06-22T02:00Z,2026-06-22 04:00,8.600,1772.703,5937.249
2026-06-22T03:00Z,2026-06-22 05:00,796.843,1625.610,5522.559
2026-06-22T04:00Z,2026-06-22 06:00,4627.508,1471.592,4773.825
2026-06-22T05:00Z,2026-06-22 07:00,12240.648,1235.920,3459.059
2026-06-22T06:00Z,2026-06-22 08:00,22954.001,1020.788,2182.254
2026-06-22T07:00Z,2026-06-22 09:00,33614.596,833.688,1761.866
2026-06-22T08:00Z,2026-06-22 10:00,42284.872,728.035,1573.320
2026-06-22T09:00Z,2026-06-22 11:00,47972.498,674.322,1464.955
2026-06-22T10:00Z,2026-06-22 12:00,50702.730,651.090,1502.166
2026-06-22T11:00Z,2026-06-22 13:00,50632.639,681.205,1732.802
2026-06-22T12:00Z,2026-06-22 14:00,48288.989,742.930,2291.474
2026-06-22T13:00Z,2026-06-22 15:00,43631.036,828.868,2969.104
2026-06-22T14:00Z,2026-06-22 16:00,37130.112,976.535,3748.917
2026-06-22T15:00Z,2026-06-22 17:00,28630.792,1091.622,4518.301
2026-06-22T16:00Z,2026-06-22 18:00,18447.127,1160.572,5290.405
2026-06-22T17:00Z,2026-06-22 19:00,8920.597,1164.133,6046.935
2026-06-22T18:00Z,2026-06-22 20:00,2856.143,1122.372,6896.635
2026-06-22T19:00Z,2026-06-22 21:00,278.497,1026.770,7448.239
2026-06-22T20:00Z,2026-06-22 22:00,2.788,911.108,7805.681
2026-06-22T21:00Z,2026-06-22 23:00,0.000,773.175,7296.936
2026-06-22T22:00Z,2026-06-23 00:00,0.000,756.385,6497.156
2026-06-22T23:00Z,2026-06-23 01:00,0.000,589.227,5386.603
2026-06-23T00:00Z,2026-06-23 02:00,0.000,453.983,4461.362
2026-06-23T01:00Z,2026-06-23 03:00,0.000,353.108,3558.405
2026-06-23T02:00Z,2026-06-23 04:00,10.078,294.095,2875.590
2026-06-23T03:00Z,2026-06-23 05:00,826.631,278.380,2407.675
2026-06-23T04:00Z,2026-06-23 06:00,4781.992,255.028,2051.921
2026-06-23T05:00Z,2026-06-23 07:00,12510.450,217.460,1404.129
2026-06-23T06:00Z,2026-06-23 08:00,23174.796,187.178,789.348
2026-06-23T07:00Z,2026-06-23 09:00,33356.787,150.863,552.237
2026-06-23T08:00Z,2026-06-23 10:00,41296.251,122.340,515.590
2026-06-23T09:00Z,2026-06-23 11:00,46591.885,125.578,509.650
2026-06-23T10:00Z,2026-06-23 12:00,49387.719,137.525,522.089
2026-06-23T11:00Z,2026-06-23 13:00,49730.482,150.190,551.450
2026-06-23T12:00Z,2026-06-23 14:00,48062.446,169.015,628.531
2026-06-23T13:00Z,2026-06-23 15:00,44302.260,194.757,793.297
2026-06-23T14:00Z,2026-06-23 16:00,38331.527,243.632,1009.851
2026-06-23T15:00Z,2026-06-23 17:00,29769.174,313.950,1247.302
2026-06-23T16:00Z,2026-06-23 18:00,19325.444,401.938,1557.218
2026-06-23T17:00Z,2026-06-23 19:00,9314.315,489.683,1977.879
2026-06-23T18:00Z,2026-06-23 20:00,3005.567,588.957,2606.066
2026-06-23T19:00Z,2026-06-23 21:00,308.128,669.102,3225.697
2026-06-23T20:00Z,2026-06-23 22:00,2.947,741.190,3757.575
2026-06-23T21:00Z,2026-06-23 23:00,0.000,819.125,3878.078
2026-06-23T22:00Z,2026-06-24 00:00,0.000,475.705,2608.871
2026-06-23T23:00Z,2026-06-24 01:00,0.000,547.003,2582.372
2026-06-24T00:00Z,2026-06-24 02:00,0.000,638.040,2619.048
2026-06-24T01:00Z,2026-06-24 03:00,0.000,684.367,2535.090
2026-06-24T02:00Z,2026-06-24 04:00,10.140,641.040,2383.230
2026-06-24T03:00Z,2026-06-24 05:00,908.746,530.860,2083.247
2026-06-24T04:00Z,2026-06-24 06:00,5015.375,412.800,1617.860
2026-06-24T05:00Z,2026-06-24 07:00,13354.728,306.990,1027.954
2026-06-24T06:00Z,2026-06-24 08:00,25152.435,229.662,581.096
2026-06-24T07:00Z,2026-06-24 09:00,36148.574,178.933,309.579
2026-06-24T08:00Z,2026-06-24 10:00,44766.607,151.910,250.708
2026-06-24T09:00Z,2026-06-24 11:00,50659.862,144.155,268.776
2026-06-24T10:00Z,2026-06-24 12:00,53800.036,141.433,320.032
2026-06-24T11:00Z,2026-06-24 13:00,54212.554,139.987,393.050
2026-06-24T12:00Z,2026-06-24 14:00,52048.674,137.477,483.339
2026-06-24T13:00Z,2026-06-24 15:00,47340.860,139.570,592.238
2026-06-24T14:00Z,2026-06-24 16:00,40446.893,153.782,722.246
2026-06-24T15:00Z,2026-06-24 17:00,31182.247,199.887,847.245
2026-06-24T16:00Z,2026-06-24 18:00,19990.486,237.918,1019.243
2026-06-24T17:00Z,2026-06-24 19:00,9420.055,292.400,1263.723
2026-06-24T18:00Z,2026-06-24 20:00,3040.413,354.702,1625.167
2026-06-24T19:00Z,2026-06-24 21:00,296.831,411.713,1961.566
2026-06-24T20:00Z,2026-06-24 22:00,1.821,459.485,2276.018
2026-06-24T21:00Z,2026-06-24 23:00,0.000,500.408,2334.659
2026-06-24T22:00Z,2026-06-25 00:00,0.000,509.150,2343.648
2026-06-24T23:00Z,2026-06-25 01:00,0.000,541.065,2239.653
2026-06-25T00:00Z,2026-06-25 02:00,0.000,615.467,2283.197
2026-06-25T01:00Z,2026-06-25 03:00,0.000,718.430,2323.845
2026-06-25T02:00Z,2026-06-25 04:00,8.852,807.785,2430.186
2026-06-25T03:00Z,2026-06-25 05:00,848.809,868.312,2522.771
2026-06-25T04:00Z,2026-06-25 06:00,4857.830,894.675,2384.185
2026-06-25T05:00Z,2026-06-25 07:00,13045.390,886.467,1885.096
2026-06-25T06:00Z,2026-06-25 08:00,24803.007,837.905,1414.159
2026-06-25T07:00Z,2026-06-25 09:00,35932.380,762.447,1243.675
2026-06-25T08:00Z,2026-06-25 10:00,44816.828,727.935,1378.298
2026-06-25T09:00Z,2026-06-25 11:00,50840.721,734.090,1638.367
2026-06-25T10:00Z,2026-06-25 12:00,53674.038,777.758,1993.531
2026-06-25T11:00Z,2026-06-25 13:00,53773.455,844.607,2412.558
2026-06-25T12:00Z,2026-06-25 14:00,51447.482,947.555,2949.998
2026-06-25T13:00Z,2026-06-25 15:00,46887.230,1064.658,3478.687
2026-06-25T14:00Z,2026-06-25 16:00,40151.404,1159.495,3918.160
2026-06-25T15:00Z,2026-06-25 17:00,31017.953,1241.110,4331.742
2026-06-25T16:00Z,2026-06-25 18:00,19924.602,1355.222,4809.892
2026-06-25T17:00Z,2026-06-25 19:00,9382.312,1468.225,5518.709
2026-06-25T18:00Z,2026-06-25 20:00,3018.800,1597.273,6811.494
2026-06-25T19:00Z,2026-06-25 21:00,303.264,1712.840,8518.113
2026-06-25T20:00Z,2026-06-25 22:00,3.142,1755.582,9978.395
2026-06-25T21:00Z,2026-06-25 23:00,0.000,1694.638,10147.504
2026-06-25T22:00Z,2026-06-26 00:00,0.000,1399.918,9223.978
2026-06-25T23:00Z,2026-06-26 01:00,0.000,1442.030,8361.989
2026-06-26T00:00Z,2026-06-26 02:00,0.000,1464.470,7859.714
2026-06-26T01:00Z,2026-06-26 03:00,0.000,1509.280,7665.752
2026-06-26T02:00Z,2026-06-26 04:00,9.368,1586.850,7690.838
2026-06-26T03:00Z,2026-06-26 05:00,859.576,1647.388,7641.987
2026-06-26T04:00Z,2026-06-26 06:00,4840.269,1807.707,7276.953
2026-06-26T05:00Z,2026-06-26 07:00,13093.060,2131.918,6009.296
2026-06-26T06:00Z,2026-06-26 08:00,24914.420,2449.430,4029.783
2026-06-26T07:00Z,2026-06-26 09:00,36155.323,2509.182,2445.864
2026-06-26T08:00Z,2026-06-26 10:00,45269.954,2444.435,1890.783
2026-06-26T09:00Z,2026-06-26 11:00,51777.714,2304.340,1819.509
2026-06-26T10:00Z,2026-06-26 12:00,55270.375,2224.972,1908.590
2026-06-26T11:00Z,2026-06-26 13:00,55673.687,2166.420,2054.914
2026-06-26T12:00Z,2026-06-26 14:00,53158.788,2055.285,2239.157
2026-06-26T13:00Z,2026-06-26 15:00,47888.481,1928.533,2281.664
2026-06-26T14:00Z,2026-06-26 16:00,40247.168,1859.497,2257.302
2026-06-26T15:00Z,2026-06-26 17:00,30508.761,1917.567,2343.708
2026-06-26T16:00Z,2026-06-26 18:00,19254.725,1936.503,2644.056
2026-06-26T17:00Z,2026-06-26 19:00,8941.657,1909.580,3342.557
2026-06-26T18:00Z,2026-06-26 20:00,2901.042,1912.267,4929.439
2026-06-26T19:00Z,2026-06-26 21:00,274.469,1932.435,7346.110
2026-06-26T20:00Z,2026-06-26 22:00,1.860,1980.415,10548.084
2026-06-26T21:00Z,2026-06-26 23:00,0.000,1900.832,12924.623
2026-06-26T22:00Z,2026-06-27 00:00,0.000,1934.003,13422.679
2026-06-26T23:00Z,2026-06-27 01:00,0.000,1692.865,13075.225
2026-06-27T00:00Z,2026-06-27 02:00,0.000,1528.150,12431.024
2026-06-27T01:00Z,2026-06-27 03:00,0.000,1361.380,11714.648
2026-06-27T02:00Z,2026-06-27 04:00,8.587,1216.905,10901.318
2026-06-27T03:00Z,2026-06-27 05:00,815.744,1087.440,9815.170
2026-06-27T04:00Z,2026-06-27 06:00,4733.364,953.910,8440.200
2026-06-27T05:00Z,2026-06-27 07:00,12738.010,836.870,6250.577
2026-06-27T06:00Z,2026-06-27 08:00,23969.617,734.025,4288.684
2026-06-27T07:00Z,2026-06-27 09:00,34632.954,626.275,2867.293
2026-06-27T08:00Z,2026-06-27 10:00,43135.340,530.092,1669.809
2026-06-27T09:00Z,2026-06-27 11:00,49102.440,443.280,1092.266
2026-06-27T10:00Z,2026-06-27 12:00,52215.208,360.725,903.902
2026-06-27T11:00Z,2026-06-27 13:00,52226.351,310.462,899.955
2026-06-27T12:00Z,2026-06-27 14:00,49253.774,276.655,989.474
2026-06-27T13:00Z,2026-06-27 15:00,44003.345,266.595,1186.384
2026-06-27T14:00Z,2026-06-27 16:00,36946.095,299.800,1375.610
2026-06-27T15:00Z,2026-06-27 17:00,27888.812,332.938,1683.601
2026-06-27T16:00Z,2026-06-27 18:00,17705.157,360.845,2015.300
2026-06-27T17:00Z,2026-06-27 19:00,8493.815,416.600,2286.237
2026-06-27T18:00Z,2026-06-27 20:00,2749.186,501.845,2980.567
2026-06-27T19:00Z,2026-06-27 21:00,251.994,594.460,3967.729
2026-06-27T20:00Z,2026-06-27 22:00,2.460,677.928,5182.531
2026-06-27T21:00Z,2026-06-27 23:00,0.000,783.685,6372.762
2026-06-27T22:00Z,2026-06-28 00:00,0.000,896.967,7429.633
2026-06-27T23:00Z,2026-06-28 01:00,0.000,1007.258,8160.066
2026-06-28T00:00Z,2026-06-28 02:00,0.000,1126.102,9365.442
2026-06-28T01:00Z,2026-06-28 03:00,0.000,1207.485,10554.488
2026-06-28T02:00Z,2026-06-28 04:00,5.145,1172.625,10547.499
2026-06-28T03:00Z,2026-06-28 05:00,712.243,966.620,10275.261
2026-06-28T04:00Z,2026-06-28 06:00,4449.296,798.402,10085.900
2026-06-28T05:00Z,2026-06-28 07:00,12144.329,724.660,8677.773
2026-06-28T06:00Z,2026-06-28 08:00,22827.595,764.970,6124.518
2026-06-28T07:00Z,2026-06-28 09:00,33040.153,933.348,4174.318
2026-06-28T08:00Z,2026-06-28 10:00,41104.677,1133.062,3246.305
2026-06-28T09:00Z,2026-06-28 11:00,46403.659,1298.515,3118.625
2026-06-28T10:00Z,2026-06-28 12:00,48769.101,1411.072,3271.914
2026-06-28T11:00Z,2026-06-28 13:00,48118.443,1348.842,3514.749
2026-06-28T12:00Z,2026-06-28 14:00,45050.820,1313.180,4287.889
2026-06-28T13:00Z,2026-06-28 15:00,40027.707,1334.245,5277.590
2026-06-28T14:00Z,2026-06-28 16:00,33194.724,1354.990,5848.474
2026-06-28T15:00Z,2026-06-28 17:00,24632.870,1331.882,6225.667
2026-06-28T16:00Z,2026-06-28 18:00,15467.127,1258.295,6571.139
2026-06-28T17:00Z,2026-06-28 19:00,7521.968,1150.710,6824.664
2026-06-28T18:00Z,2026-06-28 20:00,2371.895,1006.130,7163.906
2026-06-28T19:00Z,2026-06-28 21:00,213.972,820.825,7435.398
2026-06-28T20:00Z,2026-06-28 22:00,2.595,726.173,7617.028
2026-06-28T21:00Z,2026-06-28 23:00,0.000,705.582,7488.267
2026-06-28T22:00Z,2026-06-29 00:00,0.000,1273.338,6763.285
2026-06-28T23:00Z,2026-06-29 01:00,0.000,1118.568,5941.390
2026-06-29T00:00Z,2026-06-29 02:00,0.000,1006.742,5646.124
2026-06-29T01:00Z,2026-06-29 03:00,0.000,924.775,5332.891
2026-06-29T02:00Z,2026-06-29 04:00,3.701,857.180,5162.550
2026-06-29T03:00Z,2026-06-29 05:00,475.223,822.215,5266.581
2026-06-29T04:00Z,2026-06-29 06:00,3208.729,834.102,5465.490
2026-06-29T05:00Z,2026-06-29 07:00,8405.491,832.185,5105.063
2026-06-29T06:00Z,2026-06-29 08:00,14819.842,845.440,4731.846
2026-06-29T07:00Z,2026-06-29 09:00,21459.569,882.570,4515.132
2026-06-29T08:00Z,2026-06-29 10:00,27114.177,899.055,4378.047
2026-06-29T09:00Z,2026-06-29 11:00,31472.854,839.025,4430.642
2026-06-29T10:00Z,2026-06-29 12:00,34045.246,777.967,4539.938
2026-06-29T11:00Z,2026-06-29 13:00,34872.616,744.898,4760.590
2026-06-29T12:00Z,2026-06-29 14:00,33748.537,773.367,5380.372
2026-06-29T13:00Z,2026-06-29 15:00,30587.008,792.447,5933.126
2026-06-29T14:00Z,2026-06-29 16:00,25892.204,732.163,6329.056
2026-06-29T15:00Z,2026-06-29 17:00,19709.388,640.595,6398.589
2026-06-29T16:00Z,2026-06-29 18:00,12916.273,547.185,6161.378
2026-06-29T17:00Z,2026-06-29 19:00,6595.485,455.283,5783.957
2026-06-29T18:00Z,2026-06-29 20:00,2089.503,358.260,5427.397
2026-06-29T19:00Z,2026-06-29 21:00,228.628,289.507,5110.184
2026-06-29T20:00Z,2026-06-29 22:00,1.436,248.075,5140.739
2026-06-29T21:00Z,2026-06-29 23:00,0.000,202.100,4871.305
2026-06-29T22:00Z,2026-06-30 00:00,0.000,211.707,4859.505
2026-06-29T23:00Z,2026-06-30 01:00,0.000,157.678,4479.046
2026-06-30T00:00Z,2026-06-30 02:00,0.000,104.045,4368.072
2026-06-30T01:00Z,2026-06-30 03:00,0.000,66.748,4141.977
2026-06-30T02:00Z,2026-06-30 04:00,6.144,44.182,3923.487
2026-06-30T03:00Z,2026-06-30 05:00,546.661,36.530,3758.883
2026-06-30T04:00Z,2026-06-30 06:00,3610.819,38.795,3342.677
2026-06-30T05:00Z,2026-06-30 07:00,9761.798,39.740,2399.675
2026-06-30T06:00Z,2026-06-30 08:00,18110.637,44.968,1551.631
2026-06-30T07:00Z,2026-06-30 09:00,26455.555,50.453,1159.080
2026-06-30T08:00Z,2026-06-30 10:00,33195.521,64.835,970.389
2026-06-30T09:00Z,2026-06-30 11:00,37710.580,100.110,846.989
2026-06-30T10:00Z,2026-06-30 12:00,39853.539,156.855,822.202
2026-06-30T11:00Z,2026-06-30 13:00,39745.713,212.548,871.767
2026-06-30T12:00Z,2026-06-30 14:00,37581.094,224.175,980.953
2026-06-30T13:00Z,2026-06-30 15:00,33493.274,211.248,1206.153
2026-06-30T14:00Z,2026-06-30 16:00,27423.979,209.430,1684.439
2026-06-30T15:00Z,2026-06-30 17:00,20219.607,228.292,2549.725
2026-06-30T16:00Z,2026-06-30 18:00,12822.522,287.303,3818.142
2026-06-30T17:00Z,2026-06-30 19:00,6317.681,369.525,5041.969
2026-06-30T18:00Z,2026-06-30 20:00,1914.050,441.952,6021.856
2026-06-30T19:00Z,2026-06-30 21:00,156.887,516.865,6310.478
2026-06-30T20:00Z,2026-06-30 22:00,0.612,517.653,6239.097
2026-06-30T21:00Z,2026-06-30 23:00,0.000,412.680,5840.566
2026-06-30T22:00Z,2026-07-01 00:00,0.000,448.358,4132.750
2026-06-30T23:00Z,2026-07-01 01:00,0.000,403.245,3588.354
2026-07-01T00:00Z,2026-07-01 02:00,0.000,393.567,3428.432
2026-07-01T01:00Z,2026-07-01 03:00,0.000,406.440,3332.253
2026-07-01T02:00Z,2026-07-01 04:00,3.947,420.202,3408.129
2026-07-01T03:00Z,2026-07-01 05:00,281.204,431.803,3489.041
2026-07-01T04:00Z,2026-07-01 06:00,2099.944,435.770,3495.037
2026-07-01T05:00Z,2026-07-01 07:00,5877.365,443.315,3246.454
2026-07-01T06:00Z,2026-07-01 08:00,11185.079,463.613,2990.919
2026-07-01T07:00Z,2026-07-01 09:00,17232.294,451.310,3062.471
2026-07-01T08:00Z,2026-07-01 10:00,22973.860,388.265,3294.090
2026-07-01T09:00Z,2026-07-01 11:00,27695.837,335.855,3628.336
2026-07-01T10:00Z,2026-07-01 12:00,30853.675,285.900,4093.438
2026-07-01T11:00Z,2026-07-01 13:00,32683.335,267.155,4660.727
2026-07-01T12:00Z,2026-07-01 14:00,32948.297,290.050,5477.242
2026-07-01T13:00Z,2026-07-01 15:00,31526.866,334.582,6150.032
2026-07-01T14:00Z,2026-07-01 16:00,28014.776,371.293,6719.249
2026-07-01T15:00Z,2026-07-01 17:00,22448.459,390.972,7000.032
2026-07-01T16:00Z,2026-07-01 18:00,15421.212,393.660,6849.139
2026-07-01T17:00Z,2026-07-01 19:00,7910.866,401.438,6027.992
2026-07-01T18:00Z,2026-07-01 20:00,2538.691,387.577,4996.108
2026-07-01T19:00Z,2026-07-01 21:00,256.209,345.238,3977.333
2026-07-01T20:00Z,2026-07-01 22:00,0.743,309.275,3465.500
2026-07-01T21:00Z,2026-07-01 23:00,0.000,328.045,3214.905
2026-07-01T22:00Z,2026-07-02 00:00,0.000,450.142,2766.716
2026-07-01T23:00Z,2026-07-02 01:00,0.000,837.080,2513.196
2026-07-02T00:00Z,2026-07-02 02:00,0.000,1618.118,2472.333
2026-07-02T01:00Z,2026-07-02 03:00,0.000,2677.095,2645.575
2026-07-02T02:00Z,2026-07-02 04:00,2.802,3788.055,3383.635
2026-07-02T03:00Z,2026-07-02 05:00,673.800,4669.663,4727.838
2026-07-02T04:00Z,2026-07-02 06:00,4438.052,5295.385,6144.913
2026-07-02T05:00Z,2026-07-02 07:00,12390.374,5751.292,6713.338
2026-07-02T06:00Z,2026-07-02 08:00,23754.846,5316.475,8008.208
2026-07-02T07:00Z,2026-07-02 09:00,34144.886,4831.885,10636.084
2026-07-02T08:00Z,2026-07-02 10:00,41174.803,4739.208,12966.837
2026-07-02T09:00Z,2026-07-02 11:00,44138.248,2022.920,15042.133
2026-07-02T10:00Z,2026-07-02 12:00,44498.103,2511.793,17122.889
2026-07-02T11:00Z,2026-07-02 13:00,42752.617,2428.875,19274.433
2026-07-02T12:00Z,2026-07-02 14:00,39206.234,2387.480,21964.701
2026-07-02T13:00Z,2026-07-02 15:00,34734.215,2378.825,24303.646
2026-07-02T14:00Z,2026-07-02 16:00,28821.480,2458.900,26418.529
2026-07-02T15:00Z,2026-07-02 17:00,22058.458,4973.252,29148.895
2026-07-02T16:00Z,2026-07-02 18:00,14367.124,5293.938,31369.005
2026-07-02T17:00Z,2026-07-02 19:00,7176.403,5537.585,31296.191
2026-07-02T18:00Z,2026-07-02 20:00,2229.284,5677.372,30230.101
2026-07-02T19:00Z,2026-07-02 21:00,181.027,5796.158,29507.455
2026-07-02T20:00Z,2026-07-02 22:00,0.644,5795.135,27467.836
2026-07-02T21:00Z,2026-07-02 23:00,0.000,5785.262,26755.489
2026-07-02T22:00Z,2026-07-03 00:00,0.000,5609.295,26989.379
2026-07-02T23:00Z,2026-07-03 01:00,0.000,5570.847,26530.454
2026-07-03T00:00Z,2026-07-03 02:00,0.000,5533.503,25922.804
2026-07-03T01:00Z,2026-07-03 03:00,0.000,5498.283,25555.894
2026-07-03T02:00Z,2026-07-03 04:00,2.346,5484.003,25333.708
2026-07-03T03:00Z,2026-07-03 05:00,633.798,5529.225,25089.831
2026-07-03T04:00Z,2026-07-03 06:00,4216.370,5654.668,25594.324
2026-07-03T05:00Z,2026-07-03 07:00,11905.699,5493.208,25334.967
2026-07-03T06:00Z,2026-07-03 08:00,22478.812,4957.618,26256.995
2026-07-03T07:00Z,2026-07-03 09:00,31962.253,4817.495,27463.889
2026-07-03T08:00Z,2026-07-03 10:00,38073.248,2522.577,26456.938
2026-07-03T09:00Z,2026-07-03 11:00,41872.602,2464.350,24982.693
2026-07-03T10:00Z,2026-07-03 12:00,44096.828,2421.810,24476.588
2026-07-03T11:00Z,2026-07-03 13:00,45038.675,2407.190,24337.932
2026-07-03T12:00Z,2026-07-03 14:00,44326.447,2398.695,24276.878
2026-07-03T13:00Z,2026-07-03 15:00,41399.792,2446.505,24940.091
2026-07-03T14:00Z,2026-07-03 16:00,36466.179,2533.955,26650.962
2026-07-03T15:00Z,2026-07-03 17:00,29322.119,2640.060,28386.531
2026-07-03T16:00Z,2026-07-03 18:00,19430.642,4820.807,29092.007
2026-07-03T17:00Z,2026-07-03 19:00,9380.890,4786.290,27611.220
2026-07-03T18:00Z,2026-07-03 20:00,2914.363,4627.952,24739.415
2026-07-03T19:00Z,2026-07-03 21:00,260.293,4256.100,22001.539
2026-07-03T20:00Z,2026-07-03 22:00,0.504,3878.887,19451.894
2026-07-03T21:00Z,2026-07-03 23:00,0.000,3670.922,18261.757
2026-07-03T22:00Z,2026-07-04 00:00,0.000,3626.837,15669.753
2026-07-03T23:00Z,2026-07-04 01:00,0.000,3553.577,14922.100
2026-07-04T00:00Z,2026-07-04 02:00,0.000,3586.380,14598.533
2026-07-04T01:00Z,2026-07-04 03:00,0.000,3715.512,14280.740
2026-07-04T02:00Z,2026-07-04 04:00,1.795,3783.735,14100.459
2026-07-04T03:00Z,2026-07-04 05:00,558.251,3807.507,13656.999
2026-07-04T04:00Z,2026-07-04 06:00,4025.568,3753.595,12807.150
2026-07-04T05:00Z,2026-07-04 07:00,11098.995,3424.620,11781.420
2026-07-04T06:00Z,2026-07-04 08:00,20345.562,2942.690,11793.952
2026-07-04T07:00Z,2026-07-04 09:00,28865.274,2603.865,11830.253
2026-07-04T08:00Z,2026-07-04 10:00,34859.050,1643.970,11522.782
2026-07-04T09:00Z,2026-07-04 11:00,39036.556,1584.888,10825.691
2026-07-04T10:00Z,2026-07-04 12:00,41044.814,1668.830,10557.186
2026-07-04T11:00Z,2026-07-04 13:00,40655.304,1925.495,10902.464
2026-07-04T12:00Z,2026-07-04 14:00,38329.359,2195.750,11925.216
2026-07-04T13:00Z,2026-07-04 15:00,34748.082,2470.162,13638.197
2026-07-04T14:00Z,2026-07-04 16:00,29788.567,2747.017,15269.534
2026-07-04T15:00Z,2026-07-04 17:00,23177.726,5295.368,17152.063
2026-07-04T16:00Z,2026-07-04 18:00,15041.687,5360.975,18716.212
2026-07-04T17:00Z,2026-07-04 19:00,7407.186,5317.783,18421.364
2026-07-04T18:00Z,2026-07-04 20:00,2246.780,5309.198,17260.652
2026-07-04T19:00Z,2026-07-04 21:00,177.990,5426.370,16049.953
2026-07-04T20:00Z,2026-07-04 22:00,0.777,5736.495,15394.923
2026-07-04T21:00Z,2026-07-04 23:00,0.000,5949.097,15814.325
2026-07-04T22:00Z,2026-07-05 00:00,0.000,5384.657,15911.743
2026-07-04T23:00Z,2026-07-05 01:00,0.000,5363.330,17424.569
2026-07-05T00:00Z,2026-07-05 02:00,0.000,5266.528,18675.616
2026-07-05T01:00Z,2026-07-05 03:00,0.000,5236.855,19302.727
2026-07-05T02:00Z,2026-07-05 04:00,1.140,5101.040,19710.072
2026-07-05T03:00Z,2026-07-05 05:00,315.780,4852.387,19904.225
2026-07-05T04:00Z,2026-07-05 06:00,2923.246,4437.910,20369.185
2026-07-05T05:00Z,2026-07-05 07:00,8363.447,3917.372,20231.545
2026-07-05T06:00Z,2026-07-05 08:00,15364.707,3616.445,20049.109
2026-07-05T07:00Z,2026-07-05 09:00,22512.934,3378.963,20150.401
2026-07-05T08:00Z,2026-07-05 10:00,27299.823,2021.368,19803.502
2026-07-05T09:00Z,2026-07-05 11:00,30150.562,1912.303,19032.017
2026-07-05T10:00Z,2026-07-05 12:00,31952.953,1869.467,18751.434
2026-07-05T11:00Z,2026-07-05 13:00,32404.976,1858.210,18549.546
2026-07-05T12:00Z,2026-07-05 14:00,31539.227,1870.005,19243.804
2026-07-05T13:00Z,2026-07-05 15:00,29007.807,1888.560,20104.196
2026-07-05T14:00Z,2026-07-05 16:00,25073.013,1947.705,21408.751
2026-07-05T15:00Z,2026-07-05 17:00,19647.802,2950.370,23079.349
2026-07-05T16:00Z,2026-07-05 18:00,13246.222,2968.028,23733.486
2026-07-05T17:00Z,2026-07-05 19:00,6748.851,2944.432,22413.676
2026-07-05T18:00Z,2026-07-05 20:00,2102.200,2938.332,19833.587
2026-07-05T19:00Z,2026-07-05 21:00,194.090,2869.738,17146.116
2026-07-05T20:00Z,2026-07-05 22:00,0.595,2764.005,15128.521
2026-07-05T21:00Z,2026-07-05 23:00,0.000,2723.597,14032.841
2026-07-05T22:00Z,2026-07-06 00:00,0.000,2038.418,11498.291
2026-07-05T23:00Z,2026-07-06 01:00,0.000,2297.840,10911.661
2026-07-06T00:00Z,2026-07-06 02:00,0.000,2720.880,10642.735
2026-07-06T01:00Z,2026-07-06 03:00,0.000,3289.773,10457.214
2026-07-06T02:00Z,2026-07-06 04:00,1.493,3838.420,10389.047
2026-07-06T03:00Z,2026-07-06 05:00,339.111,4460.155,10443.190
2026-07-06T04:00Z,2026-07-06 06:00,2810.849,4995.212,10689.213
2026-07-06T05:00Z,2026-07-06 07:00,7899.602,5365.993,11063.495
2026-07-06T06:00Z,2026-07-06 08:00,14381.118,5600.160,12310.309
2026-07-06T07:00Z,2026-07-06 09:00,20637.278,5603.927,14123.652
2026-07-06T08:00Z,2026-07-06 10:00,25202.050,5349.090,16078.222
2026-07-06T09:00Z,2026-07-06 11:00,28242.294,5049.070,18340.925
2026-07-06T10:00Z,2026-07-06 12:00,29876.523,4877.855,20723.828
2026-07-06T11:00Z,2026-07-06 13:00,30617.140,4617.950,22904.672
2026-07-06T12:00Z,2026-07-06 14:00,30282.091,4542.158,25004.667
2026-07-06T13:00Z,2026-07-06 15:00,28425.791,4565.085,26520.402
2026-07-06T14:00Z,2026-07-06 16:00,24789.636,4704.773,27860.461
2026-07-06T15:00Z,2026-07-06 17:00,19495.249,4838.385,28826.381
2026-07-06T16:00Z,2026-07-06 18:00,13157.904,4946.562,28157.642
2026-07-06T17:00Z,2026-07-06 19:00,6703.940,5107.262,26258.934
2026-07-06T18:00Z,2026-07-06 20:00,2033.062,5139.892,24159.281
2026-07-06T19:00Z,2026-07-06 21:00,151.435,5172.333,22601.228
2026-07-06T20:00Z,2026-07-06 22:00,0.153,5057.885,20461.270
2026-07-06T21:00Z,2026-07-06 23:00,0.000,4842.778,19512.685
2026-07-06T22:00Z,2026-07-07 00:00,0.000,4252.155,20842.210
2026-07-06T23:00Z,2026-07-07 01:00,0.000,4309.470,21202.586
2026-07-07T00:00Z,2026-07-07 02:00,0.000,4518.745,21730.060
2026-07-07T01:00Z,2026-07-07 03:00,0.000,4792.255,22333.832
2026-07-07T02:00Z,2026-07-07 04:00,1.161,5050.972,22721.274
2026-07-07T03:00Z,2026-07-07 05:00,319.644,5411.450,23073.694
2026-07-07T04:00Z,2026-07-07 06:00,2936.662,5647.290,23963.101
2026-07-07T05:00Z,2026-07-07 07:00,8372.552,5839.975,23982.472
2026-07-07T06:00Z,2026-07-07 08:00,15594.979,5631.483,23657.971
2026-07-07T07:00Z,2026-07-07 09:00,22968.194,5525.975,24378.885
2026-07-07T08:00Z,2026-07-07 10:00,29471.226,5381.665,25507.243
2026-07-07T09:00Z,2026-07-07 11:00,34382.034,5189.668,26608.196
2026-07-07T10:00Z,2026-07-07 12:00,36877.950,5042.613,27673.305
2026-07-07T11:00Z,2026-07-07 13:00,36983.820,4955.535,29117.483
2026-07-07T12:00Z,2026-07-07 14:00,35177.464,4915.597,31028.982
2026-07-07T13:00Z,2026-07-07 15:00,31340.945,4915.613,33410.317
2026-07-07T14:00Z,2026-07-07 16:00,25669.936,4936.833,36257.686
2026-07-07T15:00Z,2026-07-07 17:00,18918.972,4964.257,38035.038
2026-07-07T16:00Z,2026-07-07 18:00,12075.658,4986.688,39285.629
2026-07-07T17:00Z,2026-07-07 19:00,6006.648,4952.927,39179.177
2026-07-07T18:00Z,2026-07-07 20:00,1769.455,5094.573,37359.232
2026-07-07T19:00Z,2026-07-07 21:00,161.385,5213.618,35137.408
2026-07-07T20:00Z,2026-07-07 22:00,1.368,5432.755,31345.628
2026-07-07T21:00Z,2026-07-07 23:00,0.000,5626.950,29007.446
2026-07-07T22:00Z,2026-07-08 00:00,0.000,5395.160,25871.425
2026-07-07T23:00Z,2026-07-08 01:00,0.000,5274.320,23816.265
2026-07-08T00:00Z,2026-07-08 02:00,0.000,5152.950,22037.292
2026-07-08T01:00Z,2026-07-08 03:00,0.000,5104.202,20342.465
2026-07-08T02:00Z,2026-07-08 04:00,2.233,5093.908,18845.768
2026-07-08T03:00Z,2026-07-08 05:00,460.016,5056.610,17578.037
2026-07-08T04:00Z,2026-07-08 06:00,3213.076,4960.212,16618.402
2026-07-08T05:00Z,2026-07-08 07:00,9211.234,4661.070,16052.125
2026-07-08T06:00Z,2026-07-08 08:00,17433.837,4035.108,16800.428
2026-07-08T07:00Z,2026-07-08 09:00,25426.072,3463.195,17291.244
2026-07-08T08:00Z,2026-07-08 10:00,31788.681,3118.840,17119.899
2026-07-08T09:00Z,2026-07-08 11:00,36329.911,2828.227,17011.647
2026-07-08T10:00Z,2026-07-08 12:00,39405.442,2648.358,17021.144
2026-07-08T11:00Z,2026-07-08 13:00,41176.182,2606.557,17459.509
2026-07-08T12:00Z,2026-07-08 14:00,40925.217,2570.775,18553.562
2026-07-08T13:00Z,2026-07-08 15:00,38446.942,2543.810,19605.769
2026-07-08T14:00Z,2026-07-08 16:00,33927.625,2561.923,20736.271
2026-07-08T15:00Z,2026-07-08 17:00,26981.577,2645.020,21683.470
2026-07-08T16:00Z,2026-07-08 18:00,17718.076,2723.450,21940.217
2026-07-08T17:00Z,2026-07-08 19:00,8641.799,2818.385,20551.715
2026-07-08T18:00Z,2026-07-08 20:00,2718.916,2910.905,17959.417
2026-07-08T19:00Z,2026-07-08 21:00,228.633,2886.815,15508.747
2026-07-08T20:00Z,2026-07-08 22:00,0.668,2820.302,13848.950
2026-07-08T21:00Z,2026-07-08 23:00,0.000,2771.575,12751.011
2026-07-08T22:00Z,2026-07-09 00:00,0.000,2831.440,12075.022
2026-07-08T23:00Z,2026-07-09 01:00,0.000,2859.523,11409.863
2026-07-09T00:00Z,2026-07-09 02:00,0.000,2897.588,10808.398
2026-07-09T01:00Z,2026-07-09 03:00,0.000,2892.938,9939.423
2026-07-09T02:00Z,2026-07-09 04:00,1.603,2780.170,8926.515
2026-07-09T03:00Z,2026-07-09 05:00,433.162,2537.225,7819.221
2026-07-09T04:00Z,2026-07-09 06:00,3655.076,2299.142,6729.806
2026-07-09T05:00Z,2026-07-09 07:00,10579.748,2132.387,5826.306
2026-07-09T06:00Z,2026-07-09 08:00,19560.479,1991.665,5447.466
2026-07-09T07:00Z,2026-07-09 09:00,28025.534,1800.152,5168.046
2026-07-09T08:00Z,2026-07-09 10:00,35034.344,1561.415,5006.251
2026-07-09T09:00Z,2026-07-09 11:00,40852.106,1335.775,4891.991
2026-07-09T10:00Z,2026-07-09 12:00,45126.061,1209.925,4811.295
2026-07-09T11:00Z,2026-07-09 13:00,47280.201,1166.025,4829.649
2026-07-09T12:00Z,2026-07-09 14:00,47099.963,1197.145,5016.168
2026-07-09T13:00Z,2026-07-09 15:00,44292.278,1241.983,5276.911
2026-07-09T14:00Z,2026-07-09 16:00,38667.348,1280.560,5507.876
2026-07-09T15:00Z,2026-07-09 17:00,30212.556,1267.445,5670.220
2026-07-09T16:00Z,2026-07-09 18:00,19726.313,1208.438,5619.949
2026-07-09T17:00Z,2026-07-09 19:00,9469.419,1098.400,5358.452
2026-07-09T18:00Z,2026-07-09 20:00,2875.943,1015.890,5163.581
2026-07-09T19:00Z,2026-07-09 21:00,229.084,947.908,5414.585
2026-07-09T20:00Z,2026-07-09 22:00,1.065,932.148,6245.080
2026-07-09T21:00Z,2026-07-09 23:00,0.000,939.940,6617.609
2026-07-09T22:00Z,2026-07-10 00:00,0.000,749.105,6365.747
2026-07-09T23:00Z,2026-07-10 01:00,0.000,723.140,6137.187
2026-07-10T00:00Z,2026-07-10 02:00,0.000,627.320,5816.685
2026-07-10T01:00Z,2026-07-10 03:00,0.000,505.570,5312.864
2026-07-10T02:00Z,2026-07-10 04:00,1.605,431.370,4841.072
2026-07-10T03:00Z,2026-07-10 05:00,549.013,389.483,4367.800
2026-07-10T04:00Z,2026-07-10 06:00,4098.478,345.955,3656.417
2026-07-10T05:00Z,2026-07-10 07:00,11975.245,305.798,2416.829
2026-07-10T06:00Z,2026-07-10 08:00,23708.460,265.105,1473.909
2026-07-10T07:00Z,2026-07-10 09:00,34881.795,222.115,1208.185
2026-07-10T08:00Z,2026-07-10 10:00,43763.769,171.860,1340.729
2026-07-10T09:00Z,2026-07-10 11:00,50097.705,140.180,1589.896
2026-07-10T10:00Z,2026-07-10 12:00,53820.685,130.517,1929.136
2026-07-10T11:00Z,2026-07-10 13:00,54614.875,135.020,2301.399
2026-07-10T12:00Z,2026-07-10 14:00,52634.886,135.880,2767.239
2026-07-10T13:00Z,2026-07-10 15:00,48003.581,143.032,3342.559
2026-07-10T14:00Z,2026-07-10 16:00,41050.974,162.798,4060.376
2026-07-10T15:00Z,2026-07-10 17:00,31562.491,195.140,4778.181
2026-07-10T16:00Z,2026-07-10 18:00,20137.069,241.542,5431.006
2026-07-10T17:00Z,2026-07-10 19:00,9277.195,288.998,5988.950
2026-07-10T18:00Z,2026-07-10 20:00,2815.011,316.475,6637.478
2026-07-10T19:00Z,2026-07-10 21:00,235.689,325.377,7484.621
2026-07-10T20:00Z,2026-07-10 22:00,1.044,318.645,8329.700
2026-07-10T21:00Z,2026-07-10 23:00,0.000,284.135,8298.467
2026-07-10T22:00Z,2026-07-11 00:00,0.000,148.030,7717.916
2026-07-10T23:00Z,2026-07-11 01:00,0.000,119.340,6644.387
2026-07-11T00:00Z,2026-07-11 02:00,0.000,88.317,5729.227
2026-07-11T01:00Z,2026-07-11 03:00,0.000,63.780,4801.325
2026-07-11T02:00Z,2026-07-11 04:00,1.317,50.690,4060.892
2026-07-11T03:00Z,2026-07-11 05:00,533.875,43.930,3551.149
2026-07-11T04:00Z,2026-07-11 06:00,4107.359,40.865,3124.819
2026-07-11T05:00Z,2026-07-11 07:00,12312.456,44.148,2370.966
2026-07-11T06:00Z,2026-07-11 08:00,24711.677,43.112,1460.198
2026-07-11T07:00Z,2026-07-11 09:00,36319.259,37.922,1056.956
2026-07-11T08:00Z,2026-07-11 10:00,44766.498,29.360,1149.463
2026-07-11T09:00Z,2026-07-11 11:00,50146.735,27.340,1302.292
2026-07-11T10:00Z,2026-07-11 12:00,52456.796,31.655,1490.032
2026-07-11T11:00Z,2026-07-11 13:00,52471.002,41.060,1671.236
2026-07-11T12:00Z,2026-07-11 14:00,50595.523,63.075,2023.989
2026-07-11T13:00Z,2026-07-11 15:00,46563.988,107.770,2707.476
2026-07-11T14:00Z,2026-07-11 16:00,40160.471,219.965,3794.606
2026-07-11T15:00Z,2026-07-11 17:00,31259.691,392.577,5100.325
2026-07-11T16:00Z,2026-07-11 18:00,20282.880,625.900,6261.714
2026-07-11T17:00Z,2026-07-11 19:00,9416.533,921.005,7125.990
2026-07-11T18:00Z,2026-07-11 20:00,2865.006,1181.193,7930.190
2026-07-11T19:00Z,2026-07-11 21:00,240.894,1348.387,8901.612
2026-07-11T20:00Z,2026-07-11 22:00,1.165,1464.908,9718.245
2026-07-11T21:00Z,2026-07-11 23:00,0.000,1513.855,9494.012
2026-07-11T22:00Z,2026-07-12 00:00,0.000,2312.600,9260.653
2026-07-11T23:00Z,2026-07-12 01:00,0.000,2385.827,8743.900
2026-07-12T00:00Z,2026-07-12 02:00,0.000,2468.943,8381.809
2026-07-12T01:00Z,2026-07-12 03:00,0.000,2494.990,8083.287
2026-07-12T02:00Z,2026-07-12 04:00,0.158,2560.023,8002.875
2026-07-12T03:00Z,2026-07-12 05:00,494.180,2705.077,8016.763
2026-07-12T04:00Z,2026-07-12 06:00,4060.301,2868.517,7726.398
2026-07-12T05:00Z,2026-07-12 07:00,12301.269,2990.580,6141.839
2026-07-12T06:00Z,2026-07-12 08:00,24700.571,2996.060,4211.101
2026-07-12T07:00Z,2026-07-12 09:00,36118.714,2922.957,3428.211
2026-07-12T08:00Z,2026-07-12 10:00,44493.233,1559.075,3350.244
2026-07-12T09:00Z,2026-07-12 11:00,49682.417,1518.920,3240.199
2026-07-12T10:00Z,2026-07-12 12:00,52161.990,1471.023,3215.551
2026-07-12T11:00Z,2026-07-12 13:00,52320.515,1426.053,3413.253
2026-07-12T12:00Z,2026-07-12 14:00,50327.230,1410.655,4026.161
2026-07-12T13:00Z,2026-07-12 15:00,46202.660,1433.005,5086.565
2026-07-12T14:00Z,2026-07-12 16:00,39808.416,1486.132,6354.954
2026-07-12T15:00Z,2026-07-12 17:00,30906.515,3075.805,7722.718
2026-07-12T16:00Z,2026-07-12 18:00,19926.703,3115.195,8687.254
2026-07-12T17:00Z,2026-07-12 19:00,9278.478,3165.832,8819.595
2026-07-12T18:00Z,2026-07-12 20:00,2810.152,3145.925,8880.570
2026-07-12T19:00Z,2026-07-12 21:00,225.287,3136.080,9220.183
2026-07-12T20:00Z,2026-07-12 22:00,0.000,3093.335,9512.243
2026-07-12T21:00Z,2026-07-12 23:00,0.000,3052.122,9015.403
2026-07-12T22:00Z,2026-07-13 00:00,0.000,2916.495,7915.518
2026-07-12T23:00Z,2026-07-13 01:00,0.000,2775.948,6738.481
2026-07-13T00:00Z,2026-07-13 02:00,0.000,2578.273,5999.864
2026-07-13T01:00Z,2026-07-13 03:00,0.000,2342.470,5429.942
2026-07-13T02:00Z,2026-07-13 04:00,0.050,2136.133,4954.512
2026-07-13T03:00Z,2026-07-13 05:00,405.880,1987.898,4545.937
2026-07-13T04:00Z,2026-07-13 06:00,3735.164,1843.197,4074.904
2026-07-13T05:00Z,2026-07-13 07:00,11306.003,1645.395,3205.231
2026-07-13T06:00Z,2026-07-13 08:00,22750.646,1367.957,2236.666
2026-07-13T07:00Z,2026-07-13 09:00,34050.027,1090.183,1893.372
2026-07-13T08:00Z,2026-07-13 10:00,43023.982,879.240,2238.701
2026-07-13T09:00Z,2026-07-13 11:00,48921.001,738.273,2651.566
2026-07-13T10:00Z,2026-07-13 12:00,51529.822,656.665,3053.370
2026-07-13T11:00Z,2026-07-13 13:00,51234.279,649.072,3319.825
2026-07-13T12:00Z,2026-07-13 14:00,48454.265,712.258,3550.112
2026-07-13T13:00Z,2026-07-13 15:00,43407.382,889.180,3795.756
2026-07-13T14:00Z,2026-07-13 16:00,36175.473,1237.560,4266.857
2026-07-13T15:00Z,2026-07-13 17:00,26935.558,1744.390,4977.178
2026-07-13T16:00Z,2026-07-13 18:00,16834.996,2387.575,6016.588
2026-07-13T17:00Z,2026-07-13 19:00,7906.138,2959.262,7571.677
2026-07-13T18:00Z,2026-07-13 20:00,2329.734,3339.142,9481.456
2026-07-13T19:00Z,2026-07-13 21:00,168.249,3421.088,12083.420
2026-07-13T20:00Z,2026-07-13 22:00,0.000,3284.910,14391.499
2026-07-13T21:00Z,2026-07-13 23:00,0.000,3099.410,15070.935
2026-07-13T22:00Z,2026-07-14 00:00,0.000,2340.500,15640.357
2026-07-13T23:00Z,2026-07-14 01:00,0.000,2075.815,14523.139
2026-07-14T00:00Z,2026-07-14 02:00,0.000,1830.842,13444.286
2026-07-14T01:00Z,2026-07-14 03:00,0.000,1698.378,12578.295
2026-07-14T02:00Z,2026-07-14 04:00,0.030,1680.290,12056.804
2026-07-14T03:00Z,2026-07-14 05:00,339.359,1656.773,11631.924
2026-07-14T04:00Z,2026-07-14 06:00,3135.704,1576.497,10737.876
2026-07-14T05:00Z,2026-07-14 07:00,9411.090,1427.925,8120.796
2026-07-14T06:00Z,2026-07-14 08:00,18549.508,1277.418,5802.100
2026-07-14T07:00Z,2026-07-14 09:00,28022.112,1164.327,5038.708
2026-07-14T08:00Z,2026-07-14 10:00,36042.373,1088.682,5102.313
2026-07-14T09:00Z,2026-07-14 11:00,41977.384,1031.433,5396.992
2026-07-14T10:00Z,2026-07-14 12:00,45483.842,1003.110,5679.596
2026-07-14T11:00Z,2026-07-14 13:00,46323.332,1012.660,5822.593
2026-07-14T12:00Z,2026-07-14 14:00,44389.315,1096.043,6230.412
2026-07-14T13:00Z,2026-07-14 15:00,39866.581,1313.648,7063.690
2026-07-14T14:00Z,2026-07-14 16:00,32953.215,1645.932,8350.709
2026-07-14T15:00Z,2026-07-14 17:00,24456.165,2070.955,9421.805
2026-07-14T16:00Z,2026-07-14 18:00,15399.247,2401.653,9914.917
2026-07-14T17:00Z,2026-07-14 19:00,7289.186,2710.280,9750.263
2026-07-14T18:00Z,2026-07-14 20:00,2148.441,2897.940,9376.206
2026-07-14T19:00Z,2026-07-14 21:00,167.853,2936.838,9585.629
2026-07-14T20:00Z,2026-07-14 22:00,0.000,2858.088,10097.431
2026-07-14T21:00Z,2026-07-14 23:00,0.000,2669.130,10005.290
2026-07-14T22:00Z,2026-07-15 00:00,0.000,1968.275,9360.875
2026-07-14T23:00Z,2026-07-15 01:00,0.000,1676.015,8715.060
2026-07-15T00:00Z,2026-07-15 02:00,0.000,1310.095,8488.166
2026-07-15T01:00Z,2026-07-15 03:00,0.000,1047.005,8141.996
2026-07-15T02:00Z,2026-07-15 04:00,0.013,913.087,7730.584
2026-07-15T03:00Z,2026-07-15 05:00,359.600,769.220,7356.989
2026-07-15T04:00Z,2026-07-15 06:00,3296.301,622.472,6671.283
2026-07-15T05:00Z,2026-07-15 07:00,10045.646,526.243,4780.898
2026-07-15T06:00Z,2026-07-15 08:00,20022.669,441.910,2905.497
2026-07-15T07:00Z,2026-07-15 09:00,29964.063,350.442,2457.635
2026-07-15T08:00Z,2026-07-15 10:00,37998.607,306.715,3102.977
2026-07-15T09:00Z,2026-07-15 11:00,43677.712,341.300,4025.556
2026-07-15T10:00Z,2026-07-15 12:00,47048.626,428.232,4702.210
2026-07-15T11:00Z,2026-07-15 13:00,47660.332,580.773,5110.542
2026-07-15T12:00Z,2026-07-15 14:00,45652.047,822.295,5560.945
2026-07-15T13:00Z,2026-07-15 15:00,41316.848,1223.862,6059.665
2026-07-15T14:00Z,2026-07-15 16:00,34736.178,1618.487,6627.748
2026-07-15T15:00Z,2026-07-15 17:00,25803.843,1989.940,7215.836
2026-07-15T16:00Z,2026-07-15 18:00,16157.064,2446.630,7746.521
2026-07-15T17:00Z,2026-07-15 19:00,7547.423,2638.923,7903.411
2026-07-15T18:00Z,2026-07-15 20:00,2167.325,2576.230,7833.126
2026-07-15T19:00Z,2026-07-15 21:00,147.217,2272.242,7987.108
2026-07-15T20:00Z,2026-07-15 22:00,0.000,1822.053,8443.671
2026-07-15T21:00Z,2026-07-15 23:00,0.000,1363.787,8302.624
2026-07-15T22:00Z,2026-07-16 00:00,0.000,1058.255,7896.912
2026-07-15T23:00Z,2026-07-16 01:00,0.000,887.690,6788.268
2026-07-16T00:00Z,2026-07-16 02:00,0.000,775.030,6143.955
2026-07-16T01:00Z,2026-07-16 03:00,0.000,667.510,5346.765
2026-07-16T02:00Z,2026-07-16 04:00,0.003,585.783,4607.444
2026-07-16T03:00Z,2026-07-16 05:00,283.047,514.962,4063.669
2026-07-16T04:00Z,2026-07-16 06:00,3135.801,456.998,3539.040
2026-07-16T05:00Z,2026-07-16 07:00,9932.810,421.342,2532.904
2026-07-16T06:00Z,2026-07-16 08:00,20160.690,374.618,1553.011
2026-07-16T07:00Z,2026-07-16 09:00,30438.651,301.342,994.193
2026-07-16T08:00Z,2026-07-16 10:00,38701.219,227.613,876.232
2026-07-16T09:00Z,2026-07-16 11:00,44534.145,182.230,862.054
2026-07-16T10:00Z,2026-07-16 12:00,47437.815,159.695,879.632
2026-07-16T11:00Z,2026-07-16 13:00,47720.156,164.102,919.145
2026-07-16T12:00Z,2026-07-16 14:00,45956.126,182.730,1071.431
2026-07-16T13:00Z,2026-07-16 15:00,41870.300,209.238,1316.915
2026-07-16T14:00Z,2026-07-16 16:00,35490.974,242.615,1596.897
2026-07-16T15:00Z,2026-07-16 17:00,26763.881,285.312,1943.564
2026-07-16T16:00Z,2026-07-16 18:00,16721.170,329.798,2270.035
2026-07-16T17:00Z,2026-07-16 19:00,7672.983,386.973,2591.992
2026-07-16T18:00Z,2026-07-16 20:00,2164.164,453.697,3225.597
2026-07-16T19:00Z,2026-07-16 21:00,119.746,504.003,4157.496
2026-07-16T20:00Z,2026-07-16 22:00,0.000,508.350,5548.565
2026-07-16T21:00Z,2026-07-16 23:00,0.000,486.030,6367.486
2026-07-16T22:00Z,2026-07-17 00:00,0.000,464.842,6314.634
2026-07-16T23:00Z,2026-07-17 01:00,0.000,462.945,6170.803
2026-07-17T00:00Z,2026-07-17 02:00,0.000,435.045,6024.340
2026-07-17T01:00Z,2026-07-17 03:00,0.000,397.722,5554.332
2026-07-17T02:00Z,2026-07-17 04:00,0.000,357.722,4924.420
2026-07-17T03:00Z,2026-07-17 05:00,263.387,300.910,4384.586
2026-07-17T04:00Z,2026-07-17 06:00,2784.293,256.158,4086.077
2026-07-17T05:00Z,2026-07-17 07:00,8683.482,232.095,3561.103
2026-07-17T06:00Z,2026-07-17 08:00,17052.617,228.607,2659.811
2026-07-17T07:00Z,2026-07-17 09:00,25737.592,233.390,1851.928
2026-07-17T08:00Z,2026-07-17 10:00,32829.473,240.577,1707.296
2026-07-17T09:00Z,2026-07-17 11:00,37630.099,273.368,1834.426
2026-07-17T10:00Z,2026-07-17 12:00,39562.052,334.780,2145.319
2026-07-17T11:00Z,2026-07-17 13:00,38893.891,443.625,2921.078
2026-07-17T12:00Z,2026-07-17 14:00,36496.999,632.170,4422.186
2026-07-17T13:00Z,2026-07-17 15:00,32909.051,973.153,6359.599
2026-07-17T14:00Z,2026-07-17 16:00,27649.681,1492.760,8262.570
2026-07-17T15:00Z,2026-07-17 17:00,20777.890,2036.322,9756.641
2026-07-17T16:00Z,2026-07-17 18:00,13299.895,2413.180,10361.582
2026-07-17T17:00Z,2026-07-17 19:00,6384.915,2765.847,10273.892
2026-07-17T18:00Z,2026-07-17 20:00,1770.301,2910.597,9928.486
2026-07-17T19:00Z,2026-07-17 21:00,105.417,3064.795,9248.575
2026-07-17T20:00Z,2026-07-17 22:00,0.000,3276.015,9448.002
2026-07-17T21:00Z,2026-07-17 23:00,0.000,3461.970,10164.224
2026-07-17T22:00Z,2026-07-18 00:00,0.000,3472.255,10139.334
2026-07-17T23:00Z,2026-07-18 01:00,0.000,3763.227,10878.957
2026-07-18T00:00Z,2026-07-18 02:00,0.000,4030.023,11433.171
2026-07-18T01:00Z,2026-07-18 03:00,0.000,4298.538,11712.641
2026-07-18T02:00Z,2026-07-18 04:00,0.000,4631.855,11983.395
2026-07-18T03:00Z,2026-07-18 05:00,229.574,4914.153,11986.344
2026-07-18T04:00Z,2026-07-18 06:00,2712.142,5068.665,11827.168
2026-07-18T05:00Z,2026-07-18 07:00,8667.686,5002.180,11797.363
2026-07-18T06:00Z,2026-07-18 08:00,17189.972,4687.625,12654.192
2026-07-18T07:00Z,2026-07-18 09:00,26072.926,4473.040,13313.701
2026-07-18T08:00Z,2026-07-18 10:00,33305.319,4333.100,12853.256
2026-07-18T09:00Z,2026-07-18 11:00,38337.364,2434.057,12476.253
2026-07-18T10:00Z,2026-07-18 12:00,40986.056,2506.250,12317.918
2026-07-18T11:00Z,2026-07-18 13:00,41489.591,2581.392,12464.357
2026-07-18T12:00Z,2026-07-18 14:00,39844.727,2651.985,13300.094
2026-07-18T13:00Z,2026-07-18 15:00,36389.808,2771.745,14713.105
2026-07-18T14:00Z,2026-07-18 16:00,31265.456,2887.573,16657.780
2026-07-18T15:00Z,2026-07-18 17:00,24331.895,5233.140,18774.634
2026-07-18T16:00Z,2026-07-18 18:00,15888.060,5616.767,19859.418
2026-07-18T17:00Z,2026-07-18 19:00,7549.254,5786.445,18622.299
2026-07-18T18:00Z,2026-07-18 20:00,2087.215,5987.613,16495.846
2026-07-18T19:00Z,2026-07-18 21:00,108.542,6328.333,14471.350
2026-07-18T20:00Z,2026-07-18 22:00,0.000,6238.812,13026.286
2026-07-18T21:00Z,2026-07-18 23:00,0.000,6089.458,12242.229
2026-07-18T22:00Z,2026-07-19 00:00,0.000,5955.887,11147.636
2026-07-18T23:00Z,2026-07-19 01:00,0.000,5711.610,10791.576
2026-07-19T00:00Z,2026-07-19 02:00,0.000,5643.535,10898.087
2026-07-19T01:00Z,2026-07-19 03:00,0.000,5670.953,10997.701
2026-07-19T02:00Z,2026-07-19 04:00,0.000,5733.208,11088.823
2026-07-19T03:00Z,2026-07-19 05:00,195.289,5760.065,11148.914
2026-07-19T04:00Z,2026-07-19 06:00,2388.468,5682.115,11063.207
2026-07-19T05:00Z,2026-07-19 07:00,7639.976,5492.667,10304.056
2026-07-19T06:00Z,2026-07-19 08:00,14638.104,5320.990,10075.698
2026-07-19T07:00Z,2026-07-19 09:00,21511.123,5117.350,10852.360
2026-07-19T08:00Z,2026-07-19 10:00,27638.638,4874.745,11558.607
2026-07-19T09:00Z,2026-07-19 11:00,32711.615,2430.720,11642.943
2026-07-19T10:00Z,2026-07-19 12:00,36735.760,2374.655,11434.281
2026-07-19T11:00Z,2026-07-19 13:00,39154.733,2282.610,11321.605
2026-07-19T12:00Z,2026-07-19 14:00,39576.520,2217.898,12170.917
2026-07-19T13:00Z,2026-07-19 15:00,37545.479,2162.653,13750.802
2026-07-19T14:00Z,2026-07-19 16:00,32891.987,2096.007,16344.675
2026-07-19T15:00Z,2026-07-19 17:00,26110.558,1970.348,19072.406
2026-07-19T16:00Z,2026-07-19 18:00,17189.543,3472.017,20627.570
2026-07-19T17:00Z,2026-07-19 19:00,8125.167,3462.540,19621.113
2026-07-19T18:00Z,2026-07-19 20:00,2145.190,3560.528,17889.453
2026-07-19T19:00Z,2026-07-19 21:00,91.145,3728.320,16700.231
2026-07-19T20:00Z,2026-07-19 22:00,0.000,3789.975,16384.333
2026-07-19T21:00Z,2026-07-19 23:00,0.000,3716.530,16951.378
2026-07-19T22:00Z,2026-07-20 00:00,0.000,4287.477,14836.584
2026-07-19T23:00Z,2026-07-20 01:00,0.000,4081.470,15649.490
2026-07-20T00:00Z,2026-07-20 02:00,0.000,3895.438,16301.146
2026-07-20T01:00Z,2026-07-20 03:00,0.000,3769.875,16601.279
2026-07-20T02:00Z,2026-07-20 04:00,0.000,3728.658,16784.673
2026-07-20T03:00Z,2026-07-20 05:00,194.482,3798.778,16820.926
2026-07-20T04:00Z,2026-07-20 06:00,2918.483,3870.217,16917.446
2026-07-20T05:00Z,2026-07-20 07:00,9807.036,3848.400,16274.673
2026-07-20T06:00Z,2026-07-20 08:00,19704.376,3637.180,15840.106
2026-07-20T07:00Z,2026-07-20 09:00,29161.671,3303.273,15881.225
2026-07-20T08:00Z,2026-07-20 10:00,35945.880,3048.535,15709.707
2026-07-20T09:00Z,2026-07-20 11:00,39843.356,2902.895,15271.261
2026-07-20T10:00Z,2026-07-20 12:00,41551.423,2773.068,14771.141
2026-07-20T11:00Z,2026-07-20 13:00,41957.628,2676.762,14619.360
2026-07-20T12:00Z,2026-07-20 14:00,41083.875,2670.622,15128.172
2026-07-20T13:00Z,2026-07-20 15:00,38154.742,2767.270,15607.945
2026-07-20T14:00Z,2026-07-20 16:00,33027.201,2952.250,16418.335
2026-07-20T15:00Z,2026-07-20 17:00,25483.594,3240.210,16487.749
2026-07-20T16:00Z,2026-07-20 18:00,16528.893,3532.270,15573.645
2026-07-20T17:00Z,2026-07-20 19:00,7834.429,3737.835,13826.508
2026-07-20T18:00Z,2026-07-20 20:00,2070.663,3801.755,11894.983
2026-07-20T19:00Z,2026-07-20 21:00,105.082,3801.423,10886.756
2026-07-20T20:00Z,2026-07-20 22:00,0.000,3639.207,11032.293
2026-07-20T21:00Z,2026-07-20 23:00,0.000,3238.572,11334.501
2026-07-20T22:00Z,2026-07-21 00:00,0.000,2592.695,10738.219
2026-07-20T23:00Z,2026-07-21 01:00,0.000,2145.720,10564.081
2026-07-21T00:00Z,2026-07-21 02:00,0.000,1751.443,10304.015
2026-07-21T01:00Z,2026-07-21 03:00,0.000,1503.398,9797.920
2026-07-21T02:00Z,2026-07-21 04:00,0.000,1405.460,9207.031
2026-07-21T03:00Z,2026-07-21 05:00,241.040,1413.257,8556.014
2026-07-21T04:00Z,2026-07-21 06:00,3203.409,1486.275,7639.058
2026-07-21T05:00Z,2026-07-21 07:00,10717.259,1523.388,5823.255
2026-07-21T06:00Z,2026-07-21 08:00,22161.692,1455.207,4115.651
2026-07-21T07:00Z,2026-07-21 09:00,33418.964,1305.483,3726.134
2026-07-21T08:00Z,2026-07-21 10:00,41478.179,1181.070,4312.644
2026-07-21T09:00Z,2026-07-21 11:00,46024.733,1090.162,5101.916
2026-07-21T10:00Z,2026-07-21 12:00,47845.549,1001.623,5767.385
2026-07-21T11:00Z,2026-07-21 13:00,47701.803,965.008,6506.700
2026-07-21T12:00Z,2026-07-21 14:00,45760.002,1047.735,7472.129
2026-07-21T13:00Z,2026-07-21 15:00,41708.239,1260.725,8369.564
2026-07-21T14:00Z,2026-07-21 16:00,35601.054,1579.975,9402.104
2026-07-21T15:00Z,2026-07-21 17:00,27168.627,2002.440,9896.869
2026-07-21T16:00Z,2026-07-21 18:00,17417.627,2408.655,9939.807
2026-07-21T17:00Z,2026-07-21 19:00,8099.456,2731.312,9564.536
2026-07-21T18:00Z,2026-07-21 20:00,2137.270,2910.670,8895.542
2026-07-21T19:00Z,2026-07-21 21:00,98.387,3040.645,8338.186
2026-07-21T20:00Z,2026-07-21 22:00,0.000,3200.905,8463.915
2026-07-21T21:00Z,2026-07-21 23:00,0.000,3463.640,8586.131
2026-07-21T22:00Z,2026-07-22 00:00,0.000,3854.017,7849.103
2026-07-21T23:00Z,2026-07-22 01:00,0.000,4393.363,7661.078
2026-07-22T00:00Z,2026-07-22 02:00,0.000,4962.800,8094.490
2026-07-22T01:00Z,2026-07-22 03:00,0.000,5276.878,8717.342
2026-07-22T02:00Z,2026-07-22 04:00,0.000,5474.472,9464.750
2026-07-22T03:00Z,2026-07-22 05:00,181.611,5478.730,10052.546
2026-07-22T04:00Z,2026-07-22 06:00,2700.432,5731.078,10634.664
2026-07-22T05:00Z,2026-07-22 07:00,9201.419,5896.953,10816.244
2026-07-22T06:00Z,2026-07-22 08:00,18005.624,5760.370,11713.653
2026-07-22T07:00Z,2026-07-22 09:00,26027.478,5544.205,14464.276
2026-07-22T08:00Z,2026-07-22 10:00,31181.863,5293.903,16812.232
2026-07-22T09:00Z,2026-07-22 11:00,33709.424,5016.312,18504.204
2026-07-22T10:00Z,2026-07-22 12:00,34840.936,4876.078,19331.909
2026-07-22T11:00Z,2026-07-22 13:00,35088.981,4898.245,20520.041
2026-07-22T12:00Z,2026-07-22 14:00,34045.554,4964.182,21983.248
2026-07-22T13:00Z,2026-07-22 15:00,31523.350,5080.642,23509.667
2026-07-22T14:00Z,2026-07-22 16:00,27354.343,5247.355,25395.747
2026-07-22T15:00Z,2026-07-22 17:00,21272.970,5461.280,27429.367
2026-07-22T16:00Z,2026-07-22 18:00,13991.889,5633.545,27714.118
2026-07-22T17:00Z,2026-07-22 19:00,6702.389,5789.358,26250.626
2026-07-22T18:00Z,2026-07-22 20:00,1698.638,6102.655,24222.858
2026-07-22T19:00Z,2026-07-22 21:00,83.400,6163.480,22514.073
2026-07-22T20:00Z,2026-07-22 22:00,0.000,6240.188,20843.606
2026-07-22T21:00Z,2026-07-22 23:00,0.000,6173.220,20459.253
2026-07-22T22:00Z,2026-07-23 00:00,0.000,6138.552,20223.781
2026-07-22T23:00Z,2026-07-23 01:00,0.000,6038.782,19508.320
2026-07-23T00:00Z,2026-07-23 02:00,0.000,5815.972,18628.836
2026-07-23T01:00Z,2026-07-23 03:00,0.000,5557.480,17640.529
2026-07-23T02:00Z,2026-07-23 04:00,0.000,5443.588,16550.407
2026-07-23T03:00Z,2026-07-23 05:00,143.663,5265.318,15548.399
2026-07-23T04:00Z,2026-07-23 06:00,2341.057,4937.648,14665.390
2026-07-23T05:00Z,2026-07-23 07:00,8332.879,4502.038,13511.388
2026-07-23T06:00Z,2026-07-23 08:00,16798.747,4027.418,12763.043
2026-07-23T07:00Z,2026-07-23 09:00,25201.789,3550.190,12788.315
2026-07-23T08:00Z,2026-07-23 10:00,32611.393,3059.057,12583.159
2026-07-23T09:00Z,2026-07-23 11:00,39070.119,2689.597,12229.462
2026-07-23T10:00Z,2026-07-23 12:00,43571.212,2427.260,11680.512
2026-07-23T11:00Z,2026-07-23 13:00,45776.093,2283.230,11408.079
2026-07-23T12:00Z,2026-07-23 14:00,45679.799,2223.705,12051.352
2026-07-23T13:00Z,2026-07-23 15:00,42711.065,2178.860,12886.787
2026-07-23T14:00Z,2026-07-23 16:00,36897.902,2140.620,14032.150
2026-07-23T15:00Z,2026-07-23 17:00,28292.624,2059.383,14233.692
2026-07-23T16:00Z,2026-07-23 18:00,18061.252,1937.483,13502.993
2026-07-23T17:00Z,2026-07-23 19:00,8286.268,1871.030,12044.660
2026-07-23T18:00Z,2026-07-23 20:00,2133.898,1880.015,10433.402
2026-07-23T19:00Z,2026-07-23 21:00,93.647,1824.997,9139.977
2026-07-23T20:00Z,2026-07-23 22:00,0.000,1666.330,8916.175
2026-07-23T21:00Z,2026-07-23 23:00,0.000,1442.057,8739.322
2026-07-23T22:00Z,2026-07-24 00:00,0.000,1584.428,8094.517
2026-07-23T23:00Z,2026-07-24 01:00,0.000,1333.352,7332.666
2026-07-24T00:00Z,2026-07-24 02:00,0.000,1241.812,6688.845
2026-07-24T01:00Z,2026-07-24 03:00,0.000,1239.085,6066.800
2026-07-24T02:00Z,2026-07-24 04:00,0.000,1243.303,5497.880
2026-07-24T03:00Z,2026-07-24 05:00,184.426,1238.293,4996.289
2026-07-24T04:00Z,2026-07-24 06:00,2927.362,1172.695,4379.931
2026-07-24T05:00Z,2026-07-24 07:00,10099.975,1040.600,3333.211
2026-07-24T06:00Z,2026-07-24 08:00,20969.882,870.995,2705.294
2026-07-24T07:00Z,2026-07-24 09:00,31472.737,734.800,2954.070
2026-07-24T08:00Z,2026-07-24 10:00,39497.930,632.692,3306.037
2026-07-24T09:00Z,2026-07-24 11:00,45834.485,592.197,3552.474
2026-07-24T10:00Z,2026-07-24 12:00,50558.385,664.678,3572.898
2026-07-24T11:00Z,2026-07-24 13:00,53051.308,875.060,3443.887
2026-07-24T12:00Z,2026-07-24 14:00,52599.439,1183.412,3384.699
2026-07-24T13:00Z,2026-07-24 15:00,48952.716,1543.368,3239.818
2026-07-24T14:00Z,2026-07-24 16:00,42239.717,1935.330,3126.225
2026-07-24T15:00Z,2026-07-24 17:00,32324.408,2202.443,2960.687
2026-07-24T16:00Z,2026-07-24 18:00,19941.792,2274.562,2768.614
2026-07-24T17:00Z,2026-07-24 19:00,8486.466,2222.512,2444.409
2026-07-24T18:00Z,2026-07-24 20:00,2136.673,2060.950,2122.057
2026-07-24T19:00Z,2026-07-24 21:00,76.860,1816.362,1861.522
2026-07-24T20:00Z,2026-07-24 22:00,0.000,1568.155,1993.105
2026-07-24T21:00Z,2026-07-24 23:00,0.000,1375.767,2135.220
2026-07-24T22:00Z,2026-07-25 00:00,0.000,1750.155,2099.789
2026-07-24T23:00Z,2026-07-25 01:00,0.000,1576.973,2404.004
2026-07-25T00:00Z,2026-07-25 02:00,0.000,1305.550,2962.985
2026-07-25T01:00Z,2026-07-25 03:00,0.000,1072.398,3412.717
2026-07-25T02:00Z,2026-07-25 04:00,0.000,941.470,3722.632
2026-07-25T03:00Z,2026-07-25 05:00,201.817,956.860,3924.169
2026-07-25T04:00Z,2026-07-25 06:00,3116.766,1159.330,4065.950
2026-07-25T05:00Z,2026-07-25 07:00,10808.212,1564.605,3817.703
2026-07-25T06:00Z,2026-07-25 08:00,23036.868,2032.220,3023.940
2026-07-25T07:00Z,2026-07-25 09:00,35351.555,2350.595,2452.046
2026-07-25T08:00Z,2026-07-25 10:00,44816.589,1355.275,2915.862
2026-07-25T09:00Z,2026-07-25 11:00,51149.192,1397.572,3583.482
2026-07-25T10:00Z,2026-07-25 12:00,54190.918,1422.188,4238.807
2026-07-25T11:00Z,2026-07-25 13:00,54218.556,1432.590,4790.045
2026-07-25T12:00Z,2026-07-25 14:00,51503.550,1495.227,5597.418
2026-07-25T13:00Z,2026-07-25 15:00,46196.111,1619.040,6575.548
2026-07-25T14:00Z,2026-07-25 16:00,38804.714,1805.255,7691.349
2026-07-25T15:00Z,2026-07-25 17:00,29116.277,4143.757,8627.932
2026-07-25T16:00Z,2026-07-25 18:00,17811.908,4246.335,9321.269
2026-07-25T17:00Z,2026-07-25 19:00,7617.772,4422.358,8876.241
2026-07-25T18:00Z,2026-07-25 20:00,1874.306,4407.677,8131.145
2026-07-25T19:00Z,2026-07-25 21:00,62.104,4265.372,7139.774
2026-07-25T20:00Z,2026-07-25 22:00,0.000,3875.193,6909.481
2026-07-25T21:00Z,2026-07-25 23:00,0.000,3303.052,6927.875
2026-07-25T22:00Z,2026-07-26 00:00,0.000,2202.512,5561.284
2026-07-25T23:00Z,2026-07-26 01:00,0.000,1571.485,5058.491
2026-07-26T00:00Z,2026-07-26 02:00,0.000,1160.780,4857.478
2026-07-26T01:00Z,2026-07-26 03:00,0.000,920.670,5081.220
2026-07-26T02:00Z,2026-07-26 04:00,0.000,804.357,5663.583
2026-07-26T03:00Z,2026-07-26 05:00,119.861,773.262,6384.662
2026-07-26T04:00Z,2026-07-26 06:00,2295.624,774.092,7141.411
2026-07-26T05:00Z,2026-07-26 07:00,8235.447,783.612,7327.250
2026-07-26T06:00Z,2026-07-26 08:00,17007.309,766.562,6764.737
2026-07-26T07:00Z,2026-07-26 09:00,25825.051,741.553,6687.844
2026-07-26T08:00Z,2026-07-26 10:00,32454.587,735.445,8231.693
2026-07-26T09:00Z,2026-07-26 11:00,36199.099,774.780,10006.470
2026-07-26T10:00Z,2026-07-26 12:00,37313.802,852.933,11698.143
2026-07-26T11:00Z,2026-07-26 13:00,36359.367,1001.855,13155.183
2026-07-26T12:00Z,2026-07-26 14:00,33851.254,1207.457,14510.468
2026-07-26T13:00Z,2026-07-26 15:00,30143.014,1331.035,16114.590
2026-07-26T14:00Z,2026-07-26 16:00,25025.011,1348.072,17766.300
2026-07-26T15:00Z,2026-07-26 17:00,18719.993,1409.362,18938.692
2026-07-26T16:00Z,2026-07-26 18:00,11801.302,1491.205,18414.038
2026-07-26T17:00Z,2026-07-26 19:00,5387.554,1656.358,17158.913
2026-07-26T18:00Z,2026-07-26 20:00,1266.444,1984.335,16150.019
2026-07-26T19:00Z,2026-07-26 21:00,49.369,2488.575,15997.601
2026-07-26T20:00Z,2026-07-26 22:00,0.000,3098.055,16597.811
2026-07-26T21:00Z,2026-07-26 23:00,0.000,3636.968,18106.807
2026-07-26T22:00Z,2026-07-27 00:00,0.000,5126.360,28346.822
2026-07-26T23:00Z,2026-07-27 01:00,0.000,5192.980,28787.503
2026-07-27T00:00Z,2026-07-27 02:00,0.000,5333.530,27914.038
2026-07-27T01:00Z,2026-07-27 03:00,0.000,5379.698,26920.984
2026-07-27T02:00Z,2026-07-27 04:00,0.000,5341.873,26116.632
2026-07-27T03:00Z,2026-07-27 05:00,80.708,5287.712,25014.024
2026-07-27T04:00Z,2026-07-27 06:00,1778.258,4950.670,23753.989
2026-07-27T05:00Z,2026-07-27 07:00,6808.466,4452.415,21620.620
2026-07-27T06:00Z,2026-07-27 08:00,14601.796,3899.168,19901.816
2026-07-27T07:00Z,2026-07-27 09:00,23488.851,3419.867,19801.456
2026-07-27T08:00Z,2026-07-27 10:00,30954.579,3062.778,19870.976
2026-07-27T09:00Z,2026-07-27 11:00,36115.635,2831.872,19527.359
2026-07-27T10:00Z,2026-07-27 12:00,38561.588,2666.858,19391.580
2026-07-27T11:00Z,2026-07-27 13:00,38831.995,2575.452,19546.243
2026-07-27T12:00Z,2026-07-27 14:00,37642.069,2531.280,20520.303
2026-07-27T13:00Z,2026-07-27 15:00,34821.359,2492.628,21926.567
2026-07-27T14:00Z,2026-07-27 16:00,29996.616,2474.025,22825.213
2026-07-27T15:00Z,2026-07-27 17:00,23468.619,2529.445,22710.121
2026-07-27T16:00Z,2026-07-27 18:00,15259.836,2707.807,21101.788
2026-07-27T17:00Z,2026-07-27 19:00,6921.603,3013.705,18004.720
2026-07-27T18:00Z,2026-07-27 20:00,1610.256,3288.965,14618.169
2026-07-27T19:00Z,2026-07-27 21:00,46.764,3317.977,12061.602
2026-07-27T20:00Z,2026-07-27 22:00,0.000,3278.040,10849.695
2026-07-27T21:00Z,2026-07-27 23:00,0.000,3253.702,10544.187
2026-07-27T22:00Z,2026-07-28 00:00,0.000,3679.620,9388.252
2026-07-27T23:00Z,2026-07-28 01:00,0.000,3538.805,9256.849
2026-07-28T00:00Z,2026-07-28 02:00,0.000,3344.253,9101.982
2026-07-28T01:00Z,2026-07-28 03:00,0.000,3099.565,8726.403
2026-07-28T02:00Z,2026-07-28 04:00,0.000,2792.865,8278.750
2026-07-28T03:00Z,2026-07-28 05:00,125.650,2571.065,7892.806
2026-07-28T04:00Z,2026-07-28 06:00,2694.642,2416.332,7484.512
2026-07-28T05:00Z,2026-07-28 07:00,10072.706,2259.665,6362.251
2026-07-28T06:00Z,2026-07-28 08:00,21817.746,2052.767,5261.675
2026-07-28T07:00Z,2026-07-28 09:00,33641.646,1867.000,5264.468
2026-07-28T08:00Z,2026-07-28 10:00,42774.104,1776.392,5888.169
2026-07-28T09:00Z,2026-07-28 11:00,48796.402,1849.985,6183.803
2026-07-28T10:00Z,2026-07-28 12:00,51605.666,2036.350,6278.521
2026-07-28T11:00Z,2026-07-28 13:00,51940.870,2215.988,6436.495
2026-07-28T12:00Z,2026-07-28 14:00,50223.770,2444.823,6497.848
2026-07-28T13:00Z,2026-07-28 15:00,46155.966,2690.120,6155.405
2026-07-28T14:00Z,2026-07-28 16:00,39650.107,2899.738,5458.876
2026-07-28T15:00Z,2026-07-28 17:00,30249.954,2956.640,4450.518
2026-07-28T16:00Z,2026-07-28 18:00,18660.555,2884.850,3420.306
2026-07-28T17:00Z,2026-07-28 19:00,7882.286,2724.280,2418.613
2026-07-28T18:00Z,2026-07-28 20:00,1810.864,2425.010,2030.752
2026-07-28T19:00Z,2026-07-28 21:00,56.530,2018.395,2426.279
2026-07-28T20:00Z,2026-07-28 22:00,0.000,1656.405,3458.380
2026-07-28T21:00Z,2026-07-28 23:00,0.000,1437.763,4628.174
2026-07-28T22:00Z,2026-07-29 00:00,0.000,2007.827,7053.131
2026-07-28T23:00Z,2026-07-29 01:00,0.000,2045.410,8421.808
2026-07-29T00:00Z,2026-07-29 02:00,0.000,2069.720,9544.858
2026-07-29T01:00Z,2026-07-29 03:00,0.000,2069.863,9876.061
2026-07-29T02:00Z,2026-07-29 04:00,0.000,2021.475,9720.574
2026-07-29T03:00Z,2026-07-29 05:00,107.869,1959.970,9323.553
2026-07-29T04:00Z,2026-07-29 06:00,2605.639,1933.920,8730.737
2026-07-29T05:00Z,2026-07-29 07:00,9931.626,1723.572,7572.668
2026-07-29T06:00Z,2026-07-29 08:00,21730.921,1649.258,5452.493
2026-07-29T07:00Z,2026-07-29 09:00,33990.477,1466.953,3108.440
2026-07-29T08:00Z,2026-07-29 10:00,43982.649,1241.602,2242.713
2026-07-29T09:00Z,2026-07-29 11:00,51001.190,1026.135,2249.563
2026-07-29T10:00Z,2026-07-29 12:00,54943.098,802.878,2464.174
2026-07-29T11:00Z,2026-07-29 13:00,56043.030,636.300,2697.942
2026-07-29T12:00Z,2026-07-29 14:00,54705.017,521.903,2990.021
2026-07-29T13:00Z,2026-07-29 15:00,50162.846,460.635,3139.349
2026-07-29T14:00Z,2026-07-29 16:00,42568.161,420.938,3178.890
2026-07-29T15:00Z,2026-07-29 17:00,31885.963,423.668,3100.732
2026-07-29T16:00Z,2026-07-29 18:00,19176.300,531.525,2962.605
2026-07-29T17:00Z,2026-07-29 19:00,7859.598,588.630,3020.755
2026-07-29T18:00Z,2026-07-29 20:00,1803.241,681.798,3901.705
2026-07-29T19:00Z,2026-07-29 21:00,45.936,833.668,5241.261
2026-07-29T20:00Z,2026-07-29 22:00,0.000,1042.557,6916.732
2026-07-29T21:00Z,2026-07-29 23:00,0.000,1305.115,8054.580
2026-07-29T22:00Z,2026-07-30 00:00,0.000,1107.182,8820.827
2026-07-29T23:00Z,2026-07-30 01:00,0.000,1407.878,8565.363
2026-07-30T00:00Z,2026-07-30 02:00,0.000,1912.655,8592.431
2026-07-30T01:00Z,2026-07-30 03:00,0.000,2512.008,8775.318
2026-07-30T02:00Z,2026-07-30 04:00,0.000,3139.000,9127.569
2026-07-30T03:00Z,2026-07-30 05:00,116.013,3626.440,9652.728
2026-07-30T04:00Z,2026-07-30 06:00,2689.348,3857.872,10218.657
2026-07-30T05:00Z,2026-07-30 07:00,10366.245,3861.742,10089.951
2026-07-30T06:00Z,2026-07-30 08:00,22772.331,3883.655,8830.809
2026-07-30T07:00Z,2026-07-30 09:00,35071.253,3590.658,6667.571
2026-07-30T08:00Z,2026-07-30 10:00,44736.007,3327.488,5381.326
2026-07-30T09:00Z,2026-07-30 11:00,51401.908,2947.707,6190.837
2026-07-30T10:00Z,2026-07-30 12:00,54230.964,2608.102,7905.220
2026-07-30T11:00Z,2026-07-30 13:00,53224.763,2492.267,9415.077
2026-07-30T12:00Z,2026-07-30 14:00,48499.022,2522.758,10947.161
2026-07-30T13:00Z,2026-07-30 15:00,41037.003,2570.658,12464.133
2026-07-30T14:00Z,2026-07-30 16:00,32146.289,2535.568,13370.994
2026-07-30T15:00Z,2026-07-30 17:00,22496.724,2453.483,13562.725
2026-07-30T16:00Z,2026-07-30 18:00,13252.414,2312.870,12542.197
2026-07-30T17:00Z,2026-07-30 19:00,5620.203,2113.125,11207.802
2026-07-30T18:00Z,2026-07-30 20:00,1233.792,1864.952,10177.755
2026-07-30T19:00Z,2026-07-30 21:00,25.554,1613.388,8734.367
2026-07-30T20:00Z,2026-07-30 22:00,0.000,1495.787,7806.068
2026-07-30T21:00Z,2026-07-30 23:00,0.000,1411.838,6779.993
2026-07-30T22:00Z,2026-07-31 00:00,0.000,1107.805,4495.559
2026-07-30T23:00Z,2026-07-31 01:00,0.000,902.275,3467.173
2026-07-31T00:00Z,2026-07-31 02:00,0.000,687.778,2871.604
2026-07-31T01:00Z,2026-07-31 03:00,0.000,477.902,2389.793
2026-07-31T02:00Z,2026-07-31 04:00,0.000,357.772,2051.215
2026-07-31T03:00Z,2026-07-31 05:00,88.408,334.712,1847.951
2026-07-31T04:00Z,2026-07-31 06:00,2179.621,357.077,1758.273
2026-07-31T05:00Z,2026-07-31 07:00,8578.618,371.613,1497.404
2026-07-31T06:00Z,2026-07-31 08:00,18392.541,375.710,1242.309
2026-07-31T07:00Z,2026-07-31 09:00,28754.461,394.252,974.105
2026-07-31T08:00Z,2026-07-31 10:00,37557.304,410.788,916.985
2026-07-31T09:00Z,2026-07-31 11:00,43962.804,452.988,1168.557
2026-07-31T10:00Z,2026-07-31 12:00,46728.147,491.827,1677.030
2026-07-31T11:00Z,2026-07-31 13:00,45717.520,517.810,2489.804
2026-07-31T12:00Z,2026-07-31 14:00,42069.728,501.977,3658.221
2026-07-31T13:00Z,2026-07-31 15:00,36774.459,410.908,4874.926
2026-07-31T14:00Z,2026-07-31 16:00,29424.016,324.442,6023.200
2026-07-31T15:00Z,2026-07-31 17:00,20526.832,280.250,7132.433
2026-07-31T16:00Z,2026-07-31 18:00,11947.816,283.397,7953.998
2026-07-31T17:00Z,2026-07-31 19:00,5044.162,311.165,8272.659
2026-07-31T18:00Z,2026-07-31 20:00,1038.263,317.395,8224.436
2026-07-31T19:00Z,2026-07-31 21:00,28.336,281.700,7473.420
2026-07-31T20:00Z,2026-07-31 22:00,0.000,249.002,6887.904
2026-07-31T21:00Z,2026-07-31 23:00,0.000,223.630,6162.317
2026-07-31T22:00Z,2026-08-01 00:00,0.000,234.505,5962.565
2026-07-31T23:00Z,2026-08-01 01:00,0.000,282.495,5806.233
2026-08-01T00:00Z,2026-08-01 02:00,0.000,351.555,5999.704
2026-08-01T01:00Z,2026-08-01 03:00,0.000,422.625,6061.618
2026-08-01T02:00Z,2026-08-01 04:00,0.000,493.940,5931.773
2026-08-01T03:00Z,2026-08-01 05:00,58.579,524.890,5538.306
2026-08-01T04:00Z,2026-08-01 06:00,1611.193,495.162,5025.805
2026-08-01T05:00Z,2026-08-01 07:00,6643.875,442.322,4149.061
2026-08-01T06:00Z,2026-08-01 08:00,14225.164,424.055,3387.244
2026-08-01T07:00Z,2026-08-01 09:00,22746.429,487.025,2921.000
2026-08-01T08:00Z,2026-08-01 10:00,30775.714,608.585,2705.450
2026-08-01T09:00Z,2026-08-01 11:00,37385.941,786.600,2596.808
2026-08-01T10:00Z,2026-08-01 12:00,41702.022,1011.777,2625.129
2026-08-01T11:00Z,2026-08-01 13:00,43747.893,1254.388,2937.877
2026-08-01T12:00Z,2026-08-01 14:00,43418.988,1490.755,3457.427
2026-08-01T13:00Z,2026-08-01 15:00,40800.357,1528.695,3897.508
2026-08-01T14:00Z,2026-08-01 16:00,35399.603,1564.050,4203.671
2026-08-01T15:00Z,2026-08-01 17:00,27179.883,1585.915,4217.330
2026-08-01T16:00Z,2026-08-01 18:00,16937.654,1503.577,4064.367
2026-08-01T17:00Z,2026-08-01 19:00,7064.027,1310.065,3876.384
2026-08-01T18:00Z,2026-08-01 20:00,1501.631,1101.507,4015.667
2026-08-01T19:00Z,2026-08-01 21:00,32.141,940.940,4319.865
2026-08-01T20:00Z,2026-08-01 22:00,0.000,881.950,4743.095
2026-08-01T21:00Z,2026-08-01 23:00,0.000,919.188,4858.668
2026-08-01T22:00Z,2026-08-02 00:00,0.000,994.325,4502.992
2026-08-01T23:00Z,2026-08-02 01:00,0.000,1057.372,4479.827
2026-08-02T00:00Z,2026-08-02 02:00,0.000,1080.352,4582.560
2026-08-02T01:00Z,2026-08-02 03:00,0.000,1052.945,4510.815
2026-08-02T02:00Z,2026-08-02 04:00,0.000,1010.770,4422.154
2026-08-02T03:00Z,2026-08-02 05:00,62.353,934.023,4402.245
2026-08-02T04:00Z,2026-08-02 06:00,2130.634,835.875,4374.723
2026-08-02T05:00Z,2026-08-02 07:00,8705.993,745.675,3928.787
2026-08-02T06:00Z,2026-08-02 08:00,19558.590,652.938,2913.629
2026-08-02T07:00Z,2026-08-02 09:00,31146.734,549.015,2118.381
2026-08-02T08:00Z,2026-08-02 10:00,40532.835,457.712,2132.162
2026-08-02T09:00Z,2026-08-02 11:00,46915.402,376.150,2200.226
2026-08-02T10:00Z,2026-08-02 12:00,50344.649,297.505,2245.630
2026-08-02T11:00Z,2026-08-02 13:00,51176.135,238.625,2161.395
2026-08-02T12:00Z,2026-08-02 14:00,49434.533,194.030,2046.730
2026-08-02T13:00Z,2026-08-02 15:00,45175.290,159.275,1976.959
2026-08-02T14:00Z,2026-08-02 16:00,38471.819,136.445,2072.492
2026-08-02T15:00Z,2026-08-02 17:00,29022.245,138.315,2603.275
2026-08-02T16:00Z,2026-08-02 18:00,17529.809,171.040,3569.972
2026-08-02T17:00Z,2026-08-02 19:00,7040.478,230.290,5340.259
2026-08-02T18:00Z,2026-08-02 20:00,1450.923,324.680,8381.580
2026-08-02T19:00Z,2026-08-02 21:00,26.558,439.493,12122.508
2026-08-02T20:00Z,2026-08-02 22:00,0.000,570.918,15062.604
2026-08-02T21:00Z,2026-08-02 23:00,0.000,698.993,16506.301
2026-08-02T22:00Z,2026-08-03 00:00,0.000,996.467,17290.263
2026-08-02T23:00Z,2026-08-03 01:00,0.000,1247.688,16853.605
2026-08-03T00:00Z,2026-08-03 02:00,0.000,1498.888,16068.666
2026-08-03T01:00Z,2026-08-03 03:00,0.000,1721.315,15246.171
2026-08-03T02:00Z,2026-08-03 04:00,0.000,1976.483,14375.101
2026-08-03T03:00Z,2026-08-03 05:00,59.290,2257.120,13663.840
2026-08-03T04:00Z,2026-08-03 06:00,2211.935,2538.658,13187.598
2026-08-03T05:00Z,2026-08-03 07:00,9210.767,2770.463,11719.989
2026-08-03T06:00Z,2026-08-03 08:00,20831.303,2834.085,8563.518
2026-08-03T07:00Z,2026-08-03 09:00,32929.184,2687.448,5531.501
2026-08-03T08:00Z,2026-08-03 10:00,42999.657,2486.835,4808.929
2026-08-03T09:00Z,2026-08-03 11:00,50228.394,2405.805,5076.054
2026-08-03T10:00Z,2026-08-03 12:00,54239.632,2446.685,5144.677
2026-08-03T11:00Z,2026-08-03 13:00,54909.785,2702.750,4767.752
2026-08-03T12:00Z,2026-08-03 14:00,52129.804,2807.900,4551.942
2026-08-03T13:00Z,2026-08-03 15:00,46404.539,3234.003,4593.214
2026-08-03T14:00Z,2026-08-03 16:00,38198.704,3482.940,5089.799
2026-08-03T15:00Z,2026-08-03 17:00,27823.480,3896.453,5940.376
2026-08-03T16:00Z,2026-08-03 18:00,16206.472,4550.632,7319.370
2026-08-03T17:00Z,2026-08-03 19:00,6304.545,5002.470,9130.244
2026-08-03T18:00Z,2026-08-03 20:00,1194.918,5391.128,11631.673
2026-08-03T19:00Z,2026-08-03 21:00,12.609,5585.672,13701.547
2026-08-03T20:00Z,2026-08-03 22:00,0.000,5642.435,14659.901
2026-08-03T21:00Z,2026-08-03 23:00,0.000,5613.085,14593.722
2026-08-03T22:00Z,2026-08-04 00:00,0.000,5405.730,14099.673
2026-08-03T23:00Z,2026-08-04 01:00,0.000,5298.200,13298.954
2026-08-04T00:00Z,2026-08-04 02:00,0.000,5152.115,12478.213
2026-08-04T01:00Z,2026-08-04 03:00,0.000,4716.265,11458.161
2026-08-04T02:00Z,2026-08-04 04:00,0.000,4149.370,10614.505
2026-08-04T03:00Z,2026-08-04 05:00,44.009,3504.515,9973.325
2026-08-04T04:00Z,2026-08-04 06:00,1831.461,2860.952,9434.377
2026-08-04T05:00Z,2026-08-04 07:00,7944.567,2441.562,8257.958
2026-08-04T06:00Z,2026-08-04 08:00,17777.522,2059.875,6520.764
2026-08-04T07:00Z,2026-08-04 09:00,28253.031,1675.940,4864.318
2026-08-04T08:00Z,2026-08-04 10:00,37222.249,1346.275,3851.807
2026-08-04T09:00Z,2026-08-04 11:00,43662.998,1156.173,3535.815
2026-08-04T10:00Z,2026-08-04 12:00,47050.142,1108.447,3774.256
2026-08-04T11:00Z,2026-08-04 13:00,47410.519,1032.470,4360.682
2026-08-04T12:00Z,2026-08-04 14:00,44799.558,1037.707,5024.958
2026-08-04T13:00Z,2026-08-04 15:00,39666.368,1114.275,5578.304
2026-08-04T14:00Z,2026-08-04 16:00,32488.745,1278.322,5881.563
2026-08-04T15:00Z,2026-08-04 17:00,23740.882,1498.003,6029.564
2026-08-04T16:00Z,2026-08-04 18:00,13983.868,1676.790,6026.739
2026-08-04T17:00Z,2026-08-04 19:00,5492.260,1925.310,6203.564
2026-08-04T18:00Z,2026-08-04 20:00,952.326,2113.695,7109.044
2026-08-04T19:00Z,2026-08-04 21:00,10.197,2237.105,7830.305
2026-08-04T20:00Z,2026-08-04 22:00,0.000,2524.310,8859.573
2026-08-04T21:00Z,2026-08-04 23:00,0.000,2855.370,9637.277
2026-08-04T22:00Z,2026-08-05 00:00,0.000,2883.673,8244.607
2026-08-04T23:00Z,2026-08-05 01:00,0.000,3363.210,7951.071
2026-08-05T00:00Z,2026-08-05 02:00,0.000,3833.757,7951.391
2026-08-05T01:00Z,2026-08-05 03:00,0.000,4301.930,7887.420
2026-08-05T02:00Z,2026-08-05 04:00,0.000,4733.672,8137.346
2026-08-05T03:00Z,2026-08-05 05:00,36.222,4985.122,8936.288
2026-08-05T04:00Z,2026-08-05 06:00,1847.910,5052.900,9760.361
2026-08-05T05:00Z,2026-08-05 07:00,8292.378,5009.137,9664.205
2026-08-05T06:00Z,2026-08-05 08:00,19336.457,4934.800,8681.510
2026-08-05T07:00Z,2026-08-05 09:00,31205.846,4394.095,8134.230
2026-08-05T08:00Z,2026-08-05 10:00,40755.434,4128.555,8735.607
2026-08-05T09:00Z,2026-08-05 11:00,46878.056,3968.852,9558.387
2026-08-05T10:00Z,2026-08-05 12:00,49474.193,3873.977,10453.428
2026-08-05T11:00Z,2026-08-05 13:00,49222.795,3854.390,11289.210
2026-08-05T12:00Z,2026-08-05 14:00,46495.443,3929.162,12582.858
2026-08-05T13:00Z,2026-08-05 15:00,41665.397,4007.050,13264.910
2026-08-05T14:00Z,2026-08-05 16:00,34484.568,4120.450,13699.829
2026-08-05T15:00Z,2026-08-05 17:00,25140.325,4120.472,13508.402
2026-08-05T16:00Z,2026-08-05 18:00,14758.021,3965.913,11688.397
2026-08-05T17:00Z,2026-08-05 19:00,5825.483,3508.097,9617.736
2026-08-05T18:00Z,2026-08-05 20:00,1034.628,2899.860,7854.340
2026-08-05T19:00Z,2026-08-05 21:00,14.535,2364.503,6453.843
2026-08-05T20:00Z,2026-08-05 22:00,0.000,2114.390,5860.599
2026-08-05T21:00Z,2026-08-05 23:00,0.000,2195.293,5816.630
2026-08-05T22:00Z,2026-08-06 00:00,0.000,2789.843,6537.378
2026-08-05T23:00Z,2026-08-06 01:00,0.000,3178.765,7233.271
2026-08-06T00:00Z,2026-08-06 02:00,0.000,3699.028,8057.879
2026-08-06T01:00Z,2026-08-06 03:00,0.000,4234.887,8382.349
2026-08-06T02:00Z,2026-08-06 04:00,0.000,4618.845,8497.509
2026-08-06T03:00Z,2026-08-06 05:00,30.548,4977.710,8762.279
2026-08-06T04:00Z,2026-08-06 06:00,1713.548,5269.927,9034.020
2026-08-06T05:00Z,2026-08-06 07:00,7972.869,5417.770,8212.908
2026-08-06T06:00Z,2026-08-06 08:00,18476.000,5388.177,7994.926
2026-08-06T07:00Z,2026-08-06 09:00,29274.591,4362.090,9756.816
2026-08-06T08:00Z,2026-08-06 10:00,37419.018,4197.698,12381.216
2026-08-06T09:00Z,2026-08-06 11:00,42554.725,4122.485,14762.739
2026-08-06T10:00Z,2026-08-06 12:00,45065.032,4129.610,16568.021
2026-08-06T11:00Z,2026-08-06 13:00,45379.479,4152.820,17950.975
2026-08-06T12:00Z,2026-08-06 14:00,43535.551,4167.873,18813.697
2026-08-06T13:00Z,2026-08-06 15:00,39554.484,4203.398,19848.375
2026-08-06T14:00Z,2026-08-06 16:00,33186.592,4253.512,20605.796
2026-08-06T15:00Z,2026-08-06 17:00,24568.754,4383.158,21510.262
2026-08-06T16:00Z,2026-08-06 18:00,14700.285,4902.498,21261.962
2026-08-06T17:00Z,2026-08-06 19:00,5793.392,5100.300,19440.772
2026-08-06T18:00Z,2026-08-06 20:00,999.374,5293.555,17226.034
2026-08-06T19:00Z,2026-08-06 21:00,13.943,5195.910,14995.889
2026-08-06T20:00Z,2026-08-06 22:00,0.000,4958.488,13300.110
2026-08-06T21:00Z,2026-08-06 23:00,0.000,4722.488,12131.455
2026-08-06T22:00Z,2026-08-07 00:00,0.000,4688.523,11119.564
2026-08-06T23:00Z,2026-08-07 01:00,0.000,4472.650,10505.499
2026-08-07T00:00Z,2026-08-07 02:00,0.000,4368.717,10268.323
2026-08-07T01:00Z,2026-08-07 03:00,0.000,4272.720,9682.334
2026-08-07T02:00Z,2026-08-07 04:00,0.000,4124.847,9132.241
2026-08-07T03:00Z,2026-08-07 05:00,29.898,3948.950,8717.453
2026-08-07T04:00Z,2026-08-07 06:00,1843.916,3728.137,8134.769
2026-08-07T05:00Z,2026-08-07 07:00,8634.827,3333.033,6508.776
2026-08-07T06:00Z,2026-08-07 08:00,20046.904,2836.020,5495.176
2026-08-07T07:00Z,2026-08-07 09:00,31531.523,2352.955,5489.093
2026-08-07T08:00Z,2026-08-07 10:00,40070.234,1927.753,5521.774
2026-08-07T09:00Z,2026-08-07 11:00,45367.506,1657.293,5659.464
2026-08-07T10:00Z,2026-08-07 12:00,47700.138,1467.868,5756.252
2026-08-07T11:00Z,2026-08-07 13:00,47797.327,1360.535,5705.809
2026-08-07T12:00Z,2026-08-07 14:00,45824.819,1313.457,5810.477
2026-08-07T13:00Z,2026-08-07 15:00,41612.146,1284.918,5744.239
2026-08-07T14:00Z,2026-08-07 16:00,35140.074,1297.290,5582.580
2026-08-07T15:00Z,2026-08-07 17:00,26190.603,1330.202,5275.889
2026-08-07T16:00Z,2026-08-07 18:00,15612.813,1318.775,4933.587
2026-08-07T17:00Z,2026-08-07 19:00,5988.131,1236.352,4664.079
2026-08-07T18:00Z,2026-08-07 20:00,987.138,1064.450,4667.184
2026-08-07T19:00Z,2026-08-07 21:00,10.015,845.482,4680.844
2026-08-07T20:00Z,2026-08-07 22:00,0.000,693.020,4984.924
2026-08-07T21:00Z,2026-08-07 23:00,0.000,595.565,4936.041
2026-08-07T22:00Z,2026-08-08 00:00,0.000,741.825,4823.647
2026-08-07T23:00Z,2026-08-08 01:00,0.000,738.337,4630.278
