ts_utc,ts_local,price_eur_mwh
2024-12-31T23:00Z,2025-01-01 00:00,2.160
2025-01-01T00:00Z,2025-01-01 01:00,1.600
2025-01-01T01:00Z,2025-01-01 02:00,0.000
2025-01-01T02:00Z,2025-01-01 03:00,-0.010
2025-01-01T03:00Z,2025-01-01 04:00,-0.010
2025-01-01T04:00Z,2025-01-01 05:00,-0.060
2025-01-01T05:00Z,2025-01-01 06:00,-0.090
2025-01-01T06:00Z,2025-01-01 07:00,-0.010
2025-01-01T07:00Z,2025-01-01 08:00,-0.010
2025-01-01T08:00Z,2025-01-01 09:00,-0.040
2025-01-01T09:00Z,2025-01-01 10:00,-0.030
2025-01-01T10:00Z,2025-01-01 11:00,-0.100
2025-01-01T11:00Z,2025-01-01 12:00,-0.050
2025-01-01T12:00Z,2025-01-01 13:00,-0.100
2025-01-01T13:00Z,2025-01-01 14:00,-1.010
2025-01-01T14:00Z,2025-01-01 15:00,-0.010
2025-01-01T15:00Z,2025-01-01 16:00,-0.010
2025-01-01T16:00Z,2025-01-01 17:00,0.070
2025-01-01T17:00Z,2025-01-01 18:00,1.010
2025-01-01T18:00Z,2025-01-01 19:00,1.480
2025-01-01T19:00Z,2025-01-01 20:00,1.000
2025-01-01T20:00Z,2025-01-01 21:00,0.070
2025-01-01T21:00Z,2025-01-01 22:00,10.050
2025-01-01T22:00Z,2025-01-01 23:00,7.010
2025-01-01T23:00Z,2025-01-02 00:00,2.550
2025-01-02T00:00Z,2025-01-02 01:00,1.560
2025-01-02T01:00Z,2025-01-02 02:00,3.450
2025-01-02T02:00Z,2025-01-02 03:00,7.020
2025-01-02T03:00Z,2025-01-02 04:00,12.750
2025-01-02T04:00Z,2025-01-02 05:00,30.070
2025-01-02T05:00Z,2025-01-02 06:00,67.130
2025-01-02T06:00Z,2025-01-02 07:00,98.830
2025-01-02T07:00Z,2025-01-02 08:00,121.530
2025-01-02T08:00Z,2025-01-02 09:00,127.230
2025-01-02T09:00Z,2025-01-02 10:00,126.350
2025-01-02T10:00Z,2025-01-02 11:00,119.970
2025-01-02T11:00Z,2025-01-02 12:00,115.950
2025-01-02T12:00Z,2025-01-02 13:00,113.900
2025-01-02T13:00Z,2025-01-02 14:00,122.210
2025-01-02T14:00Z,2025-01-02 15:00,130.110
2025-01-02T15:00Z,2025-01-02 16:00,138.590
2025-01-02T16:00Z,2025-01-02 17:00,152.870
2025-01-02T17:00Z,2025-01-02 18:00,152.940
2025-01-02T18:00Z,2025-01-02 19:00,139.150
2025-01-02T19:00Z,2025-01-02 20:00,130.000
2025-01-02T20:00Z,2025-01-02 21:00,119.780
2025-01-02T21:00Z,2025-01-02 22:00,113.420
2025-01-02T22:00Z,2025-01-02 23:00,82.470
2025-01-02T23:00Z,2025-01-03 00:00,99.560
2025-01-03T00:00Z,2025-01-03 01:00,87.530
2025-01-03T01:00Z,2025-01-03 02:00,85.010
2025-01-03T02:00Z,2025-01-03 03:00,83.790
2025-01-03T03:00Z,2025-01-03 04:00,77.500
2025-01-03T04:00Z,2025-01-03 05:00,79.880
2025-01-03T05:00Z,2025-01-03 06:00,83.560
2025-01-03T06:00Z,2025-01-03 07:00,78.430
2025-01-03T07:00Z,2025-01-03 08:00,82.570
2025-01-03T08:00Z,2025-01-03 09:00,80.760
2025-01-03T09:00Z,2025-01-03 10:00,77.640
2025-01-03T10:00Z,2025-01-03 11:00,70.480
2025-01-03T11:00Z,2025-01-03 12:00,69.940
2025-01-03T12:00Z,2025-01-03 13:00,77.800
2025-01-03T13:00Z,2025-01-03 14:00,78.810
2025-01-03T14:00Z,2025-01-03 15:00,85.290
2025-01-03T15:00Z,2025-01-03 16:00,105.510
2025-01-03T16:00Z,2025-01-03 17:00,116.660
2025-01-03T17:00Z,2025-01-03 18:00,115.060
2025-01-03T18:00Z,2025-01-03 19:00,114.910
2025-01-03T19:00Z,2025-01-03 20:00,113.300
2025-01-03T20:00Z,2025-01-03 21:00,107.800
2025-01-03T21:00Z,2025-01-03 22:00,98.220
2025-01-03T22:00Z,2025-01-03 23:00,88.570
2025-01-03T23:00Z,2025-01-04 00:00,90.430
2025-01-04T00:00Z,2025-01-04 01:00,90.290
2025-01-04T01:00Z,2025-01-04 02:00,90.200
2025-01-04T02:00Z,2025-01-04 03:00,91.520
2025-01-04T03:00Z,2025-01-04 04:00,95.950
2025-01-04T04:00Z,2025-01-04 05:00,102.110
2025-01-04T05:00Z,2025-01-04 06:00,110.660
2025-01-04T06:00Z,2025-01-04 07:00,119.960
2025-01-04T07:00Z,2025-01-04 08:00,128.390
2025-01-04T08:00Z,2025-01-04 09:00,130.750
2025-01-04T09:00Z,2025-01-04 10:00,130.340
2025-01-04T10:00Z,2025-01-04 11:00,128.290
2025-01-04T11:00Z,2025-01-04 12:00,130.030
2025-01-04T12:00Z,2025-01-04 13:00,129.850
2025-01-04T13:00Z,2025-01-04 14:00,136.400
2025-01-04T14:00Z,2025-01-04 15:00,138.720
2025-01-04T15:00Z,2025-01-04 16:00,142.000
2025-01-04T16:00Z,2025-01-04 17:00,151.240
2025-01-04T17:00Z,2025-01-04 18:00,143.850
2025-01-04T18:00Z,2025-01-04 19:00,137.960
2025-01-04T19:00Z,2025-01-04 20:00,129.490
2025-01-04T20:00Z,2025-01-04 21:00,122.830
2025-01-04T21:00Z,2025-01-04 22:00,118.290
2025-01-04T22:00Z,2025-01-04 23:00,109.490
2025-01-04T23:00Z,2025-01-05 00:00,113.840
2025-01-05T00:00Z,2025-01-05 01:00,100.330
2025-01-05T01:00Z,2025-01-05 02:00,93.610
2025-01-05T02:00Z,2025-01-05 03:00,93.870
2025-01-05T03:00Z,2025-01-05 04:00,89.380
2025-01-05T04:00Z,2025-01-05 05:00,83.550
2025-01-05T05:00Z,2025-01-05 06:00,83.920
2025-01-05T06:00Z,2025-01-05 07:00,82.530
2025-01-05T07:00Z,2025-01-05 08:00,84.050
2025-01-05T08:00Z,2025-01-05 09:00,89.150
2025-01-05T09:00Z,2025-01-05 10:00,82.950
2025-01-05T10:00Z,2025-01-05 11:00,88.820
2025-01-05T11:00Z,2025-01-05 12:00,81.660
2025-01-05T12:00Z,2025-01-05 13:00,78.390
2025-01-05T13:00Z,2025-01-05 14:00,68.000
2025-01-05T14:00Z,2025-01-05 15:00,50.640
2025-01-05T15:00Z,2025-01-05 16:00,49.910
2025-01-05T16:00Z,2025-01-05 17:00,66.300
2025-01-05T17:00Z,2025-01-05 18:00,65.050
2025-01-05T18:00Z,2025-01-05 19:00,51.280
2025-01-05T19:00Z,2025-01-05 20:00,36.850
2025-01-05T20:00Z,2025-01-05 21:00,36.800
2025-01-05T21:00Z,2025-01-05 22:00,34.680
2025-01-05T22:00Z,2025-01-05 23:00,28.140
2025-01-05T23:00Z,2025-01-06 00:00,27.520
2025-01-06T00:00Z,2025-01-06 01:00,19.260
2025-01-06T01:00Z,2025-01-06 02:00,11.350
2025-01-06T02:00Z,2025-01-06 03:00,9.200
2025-01-06T03:00Z,2025-01-06 04:00,10.000
2025-01-06T04:00Z,2025-01-06 05:00,14.810
2025-01-06T05:00Z,2025-01-06 06:00,23.820
2025-01-06T06:00Z,2025-01-06 07:00,31.720
2025-01-06T07:00Z,2025-01-06 08:00,41.370
2025-01-06T08:00Z,2025-01-06 09:00,36.360
2025-01-06T09:00Z,2025-01-06 10:00,34.690
2025-01-06T10:00Z,2025-01-06 11:00,32.830
2025-01-06T11:00Z,2025-01-06 12:00,31.280
2025-01-06T12:00Z,2025-01-06 13:00,28.600
2025-01-06T13:00Z,2025-01-06 14:00,25.610
2025-01-06T14:00Z,2025-01-06 15:00,26.320
2025-01-06T15:00Z,2025-01-06 16:00,26.870
2025-01-06T16:00Z,2025-01-06 17:00,31.660
2025-01-06T17:00Z,2025-01-06 18:00,31.580
2025-01-06T18:00Z,2025-01-06 19:00,28.740
2025-01-06T19:00Z,2025-01-06 20:00,26.590
2025-01-06T20:00Z,2025-01-06 21:00,13.820
2025-01-06T21:00Z,2025-01-06 22:00,26.940
2025-01-06T22:00Z,2025-01-06 23:00,12.990
2025-01-06T23:00Z,2025-01-07 00:00,19.070
2025-01-07T00:00Z,2025-01-07 01:00,8.710
2025-01-07T01:00Z,2025-01-07 02:00,8.900
2025-01-07T02:00Z,2025-01-07 03:00,5.010
2025-01-07T03:00Z,2025-01-07 04:00,5.130
2025-01-07T04:00Z,2025-01-07 05:00,5.800
2025-01-07T05:00Z,2025-01-07 06:00,48.860
2025-01-07T06:00Z,2025-01-07 07:00,76.830
2025-01-07T07:00Z,2025-01-07 08:00,85.080
2025-01-07T08:00Z,2025-01-07 09:00,84.240
2025-01-07T09:00Z,2025-01-07 10:00,75.250
2025-01-07T10:00Z,2025-01-07 11:00,62.800
2025-01-07T11:00Z,2025-01-07 12:00,62.440
2025-01-07T12:00Z,2025-01-07 13:00,63.900
2025-01-07T13:00Z,2025-01-07 14:00,72.560
2025-01-07T14:00Z,2025-01-07 15:00,78.110
2025-01-07T15:00Z,2025-01-07 16:00,79.980
2025-01-07T16:00Z,2025-01-07 17:00,96.030
2025-01-07T17:00Z,2025-01-07 18:00,101.110
2025-01-07T18:00Z,2025-01-07 19:00,86.210
2025-01-07T19:00Z,2025-01-07 20:00,78.010
2025-01-07T20:00Z,2025-01-07 21:00,72.450
2025-01-07T21:00Z,2025-01-07 22:00,72.450
2025-01-07T22:00Z,2025-01-07 23:00,50.040
2025-01-07T23:00Z,2025-01-08 00:00,71.050
2025-01-08T00:00Z,2025-01-08 01:00,68.010
2025-01-08T01:00Z,2025-01-08 02:00,63.340
2025-01-08T02:00Z,2025-01-08 03:00,57.010
2025-01-08T03:00Z,2025-01-08 04:00,66.290
2025-01-08T04:00Z,2025-01-08 05:00,72.070
2025-01-08T05:00Z,2025-01-08 06:00,82.700
2025-01-08T06:00Z,2025-01-08 07:00,100.730
2025-01-08T07:00Z,2025-01-08 08:00,128.220
2025-01-08T08:00Z,2025-01-08 09:00,108.180
2025-01-08T09:00Z,2025-01-08 10:00,94.650
2025-01-08T10:00Z,2025-01-08 11:00,100.010
2025-01-08T11:00Z,2025-01-08 12:00,89.990
2025-01-08T12:00Z,2025-01-08 13:00,97.200
2025-01-08T13:00Z,2025-01-08 14:00,110.190
2025-01-08T14:00Z,2025-01-08 15:00,127.800
2025-01-08T15:00Z,2025-01-08 16:00,135.820
2025-01-08T16:00Z,2025-01-08 17:00,155.460
2025-01-08T17:00Z,2025-01-08 18:00,149.230
2025-01-08T18:00Z,2025-01-08 19:00,146.480
2025-01-08T19:00Z,2025-01-08 20:00,136.860
2025-01-08T20:00Z,2025-01-08 21:00,127.860
2025-01-08T21:00Z,2025-01-08 22:00,115.920
2025-01-08T22:00Z,2025-01-08 23:00,103.590
2025-01-08T23:00Z,2025-01-09 00:00,101.440
2025-01-09T00:00Z,2025-01-09 01:00,100.000
2025-01-09T01:00Z,2025-01-09 02:00,98.770
2025-01-09T02:00Z,2025-01-09 03:00,95.220
2025-01-09T03:00Z,2025-01-09 04:00,98.280
2025-01-09T04:00Z,2025-01-09 05:00,102.650
2025-01-09T05:00Z,2025-01-09 06:00,133.540
2025-01-09T06:00Z,2025-01-09 07:00,148.800
2025-01-09T07:00Z,2025-01-09 08:00,164.880
2025-01-09T08:00Z,2025-01-09 09:00,156.150
2025-01-09T09:00Z,2025-01-09 10:00,147.640
2025-01-09T10:00Z,2025-01-09 11:00,140.210
2025-01-09T11:00Z,2025-01-09 12:00,128.180
2025-01-09T12:00Z,2025-01-09 13:00,121.150
2025-01-09T13:00Z,2025-01-09 14:00,123.950
2025-01-09T14:00Z,2025-01-09 15:00,127.530
2025-01-09T15:00Z,2025-01-09 16:00,123.750
2025-01-09T16:00Z,2025-01-09 17:00,130.910
2025-01-09T17:00Z,2025-01-09 18:00,134.750
2025-01-09T18:00Z,2025-01-09 19:00,125.440
2025-01-09T19:00Z,2025-01-09 20:00,119.230
2025-01-09T20:00Z,2025-01-09 21:00,104.990
2025-01-09T21:00Z,2025-01-09 22:00,101.100
2025-01-09T22:00Z,2025-01-09 23:00,88.190
2025-01-09T23:00Z,2025-01-10 00:00,84.790
2025-01-10T00:00Z,2025-01-10 01:00,80.230
2025-01-10T01:00Z,2025-01-10 02:00,71.290
2025-01-10T02:00Z,2025-01-10 03:00,69.050
2025-01-10T03:00Z,2025-01-10 04:00,69.890
2025-01-10T04:00Z,2025-01-10 05:00,83.900
2025-01-10T05:00Z,2025-01-10 06:00,99.090
2025-01-10T06:00Z,2025-01-10 07:00,123.920
2025-01-10T07:00Z,2025-01-10 08:00,139.470
2025-01-10T08:00Z,2025-01-10 09:00,136.920
2025-01-10T09:00Z,2025-01-10 10:00,123.570
2025-01-10T10:00Z,2025-01-10 11:00,113.590
2025-01-10T11:00Z,2025-01-10 12:00,107.430
2025-01-10T12:00Z,2025-01-10 13:00,105.010
2025-01-10T13:00Z,2025-01-10 14:00,110.010
2025-01-10T14:00Z,2025-01-10 15:00,128.690
2025-01-10T15:00Z,2025-01-10 16:00,134.870
2025-01-10T16:00Z,2025-01-10 17:00,142.560
2025-01-10T17:00Z,2025-01-10 18:00,144.120
2025-01-10T18:00Z,2025-01-10 19:00,141.050
2025-01-10T19:00Z,2025-01-10 20:00,134.820
2025-01-10T20:00Z,2025-01-10 21:00,122.510
2025-01-10T21:00Z,2025-01-10 22:00,119.770
2025-01-10T22:00Z,2025-01-10 23:00,111.710
2025-01-10T23:00Z,2025-01-11 00:00,106.640
2025-01-11T00:00Z,2025-01-11 01:00,98.990
2025-01-11T01:00Z,2025-01-11 02:00,95.710
2025-01-11T02:00Z,2025-01-11 03:00,89.450
2025-01-11T03:00Z,2025-01-11 04:00,88.350
2025-01-11T04:00Z,2025-01-11 05:00,88.400
2025-01-11T05:00Z,2025-01-11 06:00,88.130
2025-01-11T06:00Z,2025-01-11 07:00,94.680
2025-01-11T07:00Z,2025-01-11 08:00,107.650
2025-01-11T08:00Z,2025-01-11 09:00,103.140
2025-01-11T09:00Z,2025-01-11 10:00,101.130
2025-01-11T10:00Z,2025-01-11 11:00,99.560
2025-01-11T11:00Z,2025-01-11 12:00,96.740
2025-01-11T12:00Z,2025-01-11 13:00,93.150
2025-01-11T13:00Z,2025-01-11 14:00,94.900
2025-01-11T14:00Z,2025-01-11 15:00,104.890
2025-01-11T15:00Z,2025-01-11 16:00,112.120
2025-01-11T16:00Z,2025-01-11 17:00,119.800
2025-01-11T17:00Z,2025-01-11 18:00,122.340
2025-01-11T18:00Z,2025-01-11 19:00,114.850
2025-01-11T19:00Z,2025-01-11 20:00,111.190
2025-01-11T20:00Z,2025-01-11 21:00,104.800
2025-01-11T21:00Z,2025-01-11 22:00,103.070
2025-01-11T22:00Z,2025-01-11 23:00,105.690
2025-01-11T23:00Z,2025-01-12 00:00,83.580
2025-01-12T00:00Z,2025-01-12 01:00,83.790
2025-01-12T01:00Z,2025-01-12 02:00,86.750
2025-01-12T02:00Z,2025-01-12 03:00,84.200
2025-01-12T03:00Z,2025-01-12 04:00,85.000
2025-01-12T04:00Z,2025-01-12 05:00,83.750
2025-01-12T05:00Z,2025-01-12 06:00,85.900
2025-01-12T06:00Z,2025-01-12 07:00,101.750
2025-01-12T07:00Z,2025-01-12 08:00,114.670
2025-01-12T08:00Z,2025-01-12 09:00,120.070
2025-01-12T09:00Z,2025-01-12 10:00,117.770
2025-01-12T10:00Z,2025-01-12 11:00,105.610
2025-01-12T11:00Z,2025-01-12 12:00,102.990
2025-01-12T12:00Z,2025-01-12 13:00,99.610
2025-01-12T13:00Z,2025-01-12 14:00,104.740
2025-01-12T14:00Z,2025-01-12 15:00,118.700
2025-01-12T15:00Z,2025-01-12 16:00,132.920
2025-01-12T16:00Z,2025-01-12 17:00,141.000
2025-01-12T17:00Z,2025-01-12 18:00,146.660
2025-01-12T18:00Z,2025-01-12 19:00,143.660
2025-01-12T19:00Z,2025-01-12 20:00,134.860
2025-01-12T20:00Z,2025-01-12 21:00,127.490
2025-01-12T21:00Z,2025-01-12 22:00,121.200
2025-01-12T22:00Z,2025-01-12 23:00,114.900
2025-01-12T23:00Z,2025-01-13 00:00,112.390
2025-01-13T00:00Z,2025-01-13 01:00,105.070
2025-01-13T01:00Z,2025-01-13 02:00,104.460
2025-01-13T02:00Z,2025-01-13 03:00,100.370
2025-01-13T03:00Z,2025-01-13 04:00,100.000
2025-01-13T04:00Z,2025-01-13 05:00,110.110
2025-01-13T05:00Z,2025-01-13 06:00,140.280
2025-01-13T06:00Z,2025-01-13 07:00,181.920
2025-01-13T07:00Z,2025-01-13 08:00,223.090
2025-01-13T08:00Z,2025-01-13 09:00,174.090
2025-01-13T09:00Z,2025-01-13 10:00,141.690
2025-01-13T10:00Z,2025-01-13 11:00,115.730
2025-01-13T11:00Z,2025-01-13 12:00,104.100
2025-01-13T12:00Z,2025-01-13 13:00,103.040
2025-01-13T13:00Z,2025-01-13 14:00,104.670
2025-01-13T14:00Z,2025-01-13 15:00,138.200
2025-01-13T15:00Z,2025-01-13 16:00,142.620
2025-01-13T16:00Z,2025-01-13 17:00,149.000
2025-01-13T17:00Z,2025-01-13 18:00,149.000
2025-01-13T18:00Z,2025-01-13 19:00,139.730
2025-01-13T19:00Z,2025-01-13 20:00,123.180
2025-01-13T20:00Z,2025-01-13 21:00,120.220
2025-01-13T21:00Z,2025-01-13 22:00,115.570
2025-01-13T22:00Z,2025-01-13 23:00,102.310
2025-01-13T23:00Z,2025-01-14 00:00,106.380
2025-01-14T00:00Z,2025-01-14 01:00,103.700
2025-01-14T01:00Z,2025-01-14 02:00,99.080
2025-01-14T02:00Z,2025-01-14 03:00,97.990
2025-01-14T03:00Z,2025-01-14 04:00,101.880
2025-01-14T04:00Z,2025-01-14 05:00,107.640
2025-01-14T05:00Z,2025-01-14 06:00,123.400
2025-01-14T06:00Z,2025-01-14 07:00,156.620
2025-01-14T07:00Z,2025-01-14 08:00,184.030
2025-01-14T08:00Z,2025-01-14 09:00,151.860
2025-01-14T09:00Z,2025-01-14 10:00,117.620
2025-01-14T10:00Z,2025-01-14 11:00,109.310
2025-01-14T11:00Z,2025-01-14 12:00,103.110
2025-01-14T12:00Z,2025-01-14 13:00,108.110
2025-01-14T13:00Z,2025-01-14 14:00,115.350
2025-01-14T14:00Z,2025-01-14 15:00,125.350
2025-01-14T15:00Z,2025-01-14 16:00,141.970
2025-01-14T16:00Z,2025-01-14 17:00,165.860
2025-01-14T17:00Z,2025-01-14 18:00,170.070
2025-01-14T18:00Z,2025-01-14 19:00,158.380
2025-01-14T19:00Z,2025-01-14 20:00,135.460
2025-01-14T20:00Z,2025-01-14 21:00,117.690
2025-01-14T21:00Z,2025-01-14 22:00,121.000
2025-01-14T22:00Z,2025-01-14 23:00,121.760
2025-01-14T23:00Z,2025-01-15 00:00,108.280
2025-01-15T00:00Z,2025-01-15 01:00,107.720
2025-01-15T01:00Z,2025-01-15 02:00,108.410
2025-01-15T02:00Z,2025-01-15 03:00,108.040
2025-01-15T03:00Z,2025-01-15 04:00,108.750
2025-01-15T04:00Z,2025-01-15 05:00,114.920
2025-01-15T05:00Z,2025-01-15 06:00,134.490
2025-01-15T06:00Z,2025-01-15 07:00,191.790
2025-01-15T07:00Z,2025-01-15 08:00,307.240
2025-01-15T08:00Z,2025-01-15 09:00,315.020
2025-01-15T09:00Z,2025-01-15 10:00,311.030
2025-01-15T10:00Z,2025-01-15 11:00,304.800
2025-01-15T11:00Z,2025-01-15 12:00,311.020
2025-01-15T12:00Z,2025-01-15 13:00,309.340
2025-01-15T13:00Z,2025-01-15 14:00,285.830
2025-01-15T14:00Z,2025-01-15 15:00,301.740
2025-01-15T15:00Z,2025-01-15 16:00,333.520
2025-01-15T16:00Z,2025-01-15 17:00,377.990
2025-01-15T17:00Z,2025-01-15 18:00,324.740
2025-01-15T18:00Z,2025-01-15 19:00,270.090
2025-01-15T19:00Z,2025-01-15 20:00,181.660
2025-01-15T20:00Z,2025-01-15 21:00,150.870
2025-01-15T21:00Z,2025-01-15 22:00,141.160
2025-01-15T22:00Z,2025-01-15 23:00,123.900
2025-01-15T23:00Z,2025-01-16 00:00,126.330
2025-01-16T00:00Z,2025-01-16 01:00,119.120
2025-01-16T01:00Z,2025-01-16 02:00,117.620
2025-01-16T02:00Z,2025-01-16 03:00,115.030
2025-01-16T03:00Z,2025-01-16 04:00,115.750
2025-01-16T04:00Z,2025-01-16 05:00,123.270
2025-01-16T05:00Z,2025-01-16 06:00,138.700
2025-01-16T06:00Z,2025-01-16 07:00,173.040
2025-01-16T07:00Z,2025-01-16 08:00,199.650
2025-01-16T08:00Z,2025-01-16 09:00,175.000
2025-01-16T09:00Z,2025-01-16 10:00,151.900
2025-01-16T10:00Z,2025-01-16 11:00,140.640
2025-01-16T11:00Z,2025-01-16 12:00,131.130
2025-01-16T12:00Z,2025-01-16 13:00,130.580
2025-01-16T13:00Z,2025-01-16 14:00,138.420
2025-01-16T14:00Z,2025-01-16 15:00,163.040
2025-01-16T15:00Z,2025-01-16 16:00,179.200
2025-01-16T16:00Z,2025-01-16 17:00,191.560
2025-01-16T17:00Z,2025-01-16 18:00,184.320
2025-01-16T18:00Z,2025-01-16 19:00,179.970
2025-01-16T19:00Z,2025-01-16 20:00,159.600
2025-01-16T20:00Z,2025-01-16 21:00,141.600
2025-01-16T21:00Z,2025-01-16 22:00,135.290
2025-01-16T22:00Z,2025-01-16 23:00,123.750
2025-01-16T23:00Z,2025-01-17 00:00,118.870
2025-01-17T00:00Z,2025-01-17 01:00,118.390
2025-01-17T01:00Z,2025-01-17 02:00,115.710
2025-01-17T02:00Z,2025-01-17 03:00,114.720
2025-01-17T03:00Z,2025-01-17 04:00,115.480
2025-01-17T04:00Z,2025-01-17 05:00,122.160
2025-01-17T05:00Z,2025-01-17 06:00,140.800
2025-01-17T06:00Z,2025-01-17 07:00,175.010
2025-01-17T07:00Z,2025-01-17 08:00,208.130
2025-01-17T08:00Z,2025-01-17 09:00,175.340
2025-01-17T09:00Z,2025-01-17 10:00,158.000
2025-01-17T10:00Z,2025-01-17 11:00,140.730
2025-01-17T11:00Z,2025-01-17 12:00,126.440
2025-01-17T12:00Z,2025-01-17 13:00,124.030
2025-01-17T13:00Z,2025-01-17 14:00,132.990
2025-01-17T14:00Z,2025-01-17 15:00,151.980
2025-01-17T15:00Z,2025-01-17 16:00,170.210
2025-01-17T16:00Z,2025-01-17 17:00,178.790
2025-01-17T17:00Z,2025-01-17 18:00,179.920
2025-01-17T18:00Z,2025-01-17 19:00,174.220
2025-01-17T19:00Z,2025-01-17 20:00,157.910
2025-01-17T20:00Z,2025-01-17 21:00,145.000
2025-01-17T21:00Z,2025-01-17 22:00,139.970
2025-01-17T22:00Z,2025-01-17 23:00,126.840
2025-01-17T23:00Z,2025-01-18 00:00,125.290
2025-01-18T00:00Z,2025-01-18 01:00,121.050
2025-01-18T01:00Z,2025-01-18 02:00,120.980
2025-01-18T02:00Z,2025-01-18 03:00,118.850
2025-01-18T03:00Z,2025-01-18 04:00,116.460
2025-01-18T04:00Z,2025-01-18 05:00,119.770
2025-01-18T05:00Z,2025-01-18 06:00,119.750
2025-01-18T06:00Z,2025-01-18 07:00,133.390
2025-01-18T07:00Z,2025-01-18 08:00,145.630
2025-01-18T08:00Z,2025-01-18 09:00,144.100
2025-01-18T09:00Z,2025-01-18 10:00,131.210
2025-01-18T10:00Z,2025-01-18 11:00,121.560
2025-01-18T11:00Z,2025-01-18 12:00,118.870
2025-01-18T12:00Z,2025-01-18 13:00,115.010
2025-01-18T13:00Z,2025-01-18 14:00,119.320
2025-01-18T14:00Z,2025-01-18 15:00,133.320
2025-01-18T15:00Z,2025-01-18 16:00,149.710
2025-01-18T16:00Z,2025-01-18 17:00,164.590
2025-01-18T17:00Z,2025-01-18 18:00,167.570
2025-01-18T18:00Z,2025-01-18 19:00,167.850
2025-01-18T19:00Z,2025-01-18 20:00,156.120
2025-01-18T20:00Z,2025-01-18 21:00,143.420
2025-01-18T21:00Z,2025-01-18 22:00,136.400
2025-01-18T22:00Z,2025-01-18 23:00,129.360
2025-01-18T23:00Z,2025-01-19 00:00,129.730
2025-01-19T00:00Z,2025-01-19 01:00,124.200
2025-01-19T01:00Z,2025-01-19 02:00,123.050
2025-01-19T02:00Z,2025-01-19 03:00,121.240
2025-01-19T03:00Z,2025-01-19 04:00,120.180
2025-01-19T04:00Z,2025-01-19 05:00,120.000
2025-01-19T05:00Z,2025-01-19 06:00,121.570
2025-01-19T06:00Z,2025-01-19 07:00,123.330
2025-01-19T07:00Z,2025-01-19 08:00,123.600
2025-01-19T08:00Z,2025-01-19 09:00,125.160
2025-01-19T09:00Z,2025-01-19 10:00,125.190
2025-01-19T10:00Z,2025-01-19 11:00,121.560
2025-01-19T11:00Z,2025-01-19 12:00,112.250
2025-01-19T12:00Z,2025-01-19 13:00,107.510
2025-01-19T13:00Z,2025-01-19 14:00,116.810
2025-01-19T14:00Z,2025-01-19 15:00,126.290
2025-01-19T15:00Z,2025-01-19 16:00,140.150
2025-01-19T16:00Z,2025-01-19 17:00,149.670
2025-01-19T17:00Z,2025-01-19 18:00,159.040
2025-01-19T18:00Z,2025-01-19 19:00,156.600
2025-01-19T19:00Z,2025-01-19 20:00,149.060
2025-01-19T20:00Z,2025-01-19 21:00,139.260
2025-01-19T21:00Z,2025-01-19 22:00,130.990
2025-01-19T22:00Z,2025-01-19 23:00,122.940
2025-01-19T23:00Z,2025-01-20 00:00,122.270
2025-01-20T00:00Z,2025-01-20 01:00,119.440
2025-01-20T01:00Z,2025-01-20 02:00,116.560
2025-01-20T02:00Z,2025-01-20 03:00,114.410
2025-01-20T03:00Z,2025-01-20 04:00,115.450
2025-01-20T04:00Z,2025-01-20 05:00,127.540
2025-01-20T05:00Z,2025-01-20 06:00,161.710
2025-01-20T06:00Z,2025-01-20 07:00,276.480
2025-01-20T07:00Z,2025-01-20 08:00,431.990
2025-01-20T08:00Z,2025-01-20 09:00,291.700
2025-01-20T09:00Z,2025-01-20 10:00,236.290
2025-01-20T10:00Z,2025-01-20 11:00,187.480
2025-01-20T11:00Z,2025-01-20 12:00,176.000
2025-01-20T12:00Z,2025-01-20 13:00,171.390
2025-01-20T13:00Z,2025-01-20 14:00,191.850
2025-01-20T14:00Z,2025-01-20 15:00,277.170
2025-01-20T15:00Z,2025-01-20 16:00,402.120
2025-01-20T16:00Z,2025-01-20 17:00,583.400
2025-01-20T17:00Z,2025-01-20 18:00,473.280
2025-01-20T18:00Z,2025-01-20 19:00,295.570
2025-01-20T19:00Z,2025-01-20 20:00,220.000
2025-01-20T20:00Z,2025-01-20 21:00,170.000
2025-01-20T21:00Z,2025-01-20 22:00,152.510
2025-01-20T22:00Z,2025-01-20 23:00,137.980
2025-01-20T23:00Z,2025-01-21 00:00,127.520
2025-01-21T00:00Z,2025-01-21 01:00,121.650
2025-01-21T01:00Z,2025-01-21 02:00,116.670
2025-01-21T02:00Z,2025-01-21 03:00,113.860
2025-01-21T03:00Z,2025-01-21 04:00,113.540
2025-01-21T04:00Z,2025-01-21 05:00,122.340
2025-01-21T05:00Z,2025-01-21 06:00,142.200
2025-01-21T06:00Z,2025-01-21 07:00,190.060
2025-01-21T07:00Z,2025-01-21 08:00,248.320
2025-01-21T08:00Z,2025-01-21 09:00,211.680
2025-01-21T09:00Z,2025-01-21 10:00,198.050
2025-01-21T10:00Z,2025-01-21 11:00,161.500
2025-01-21T11:00Z,2025-01-21 12:00,147.440
2025-01-21T12:00Z,2025-01-21 13:00,142.830
2025-01-21T13:00Z,2025-01-21 14:00,150.050
2025-01-21T14:00Z,2025-01-21 15:00,173.430
2025-01-21T15:00Z,2025-01-21 16:00,212.130
2025-01-21T16:00Z,2025-01-21 17:00,301.150
2025-01-21T17:00Z,2025-01-21 18:00,251.930
2025-01-21T18:00Z,2025-01-21 19:00,202.680
2025-01-21T19:00Z,2025-01-21 20:00,174.840
2025-01-21T20:00Z,2025-01-21 21:00,155.190
2025-01-21T21:00Z,2025-01-21 22:00,138.600
2025-01-21T22:00Z,2025-01-21 23:00,125.290
2025-01-21T23:00Z,2025-01-22 00:00,128.000
2025-01-22T00:00Z,2025-01-22 01:00,125.060
2025-01-22T01:00Z,2025-01-22 02:00,122.220
2025-01-22T02:00Z,2025-01-22 03:00,121.660
2025-01-22T03:00Z,2025-01-22 04:00,123.160
2025-01-22T04:00Z,2025-01-22 05:00,128.320
2025-01-22T05:00Z,2025-01-22 06:00,156.920
2025-01-22T06:00Z,2025-01-22 07:00,208.250
2025-01-22T07:00Z,2025-01-22 08:00,238.600
2025-01-22T08:00Z,2025-01-22 09:00,199.410
2025-01-22T09:00Z,2025-01-22 10:00,179.060
2025-01-22T10:00Z,2025-01-22 11:00,172.940
2025-01-22T11:00Z,2025-01-22 12:00,165.000
2025-01-22T12:00Z,2025-01-22 13:00,170.000
2025-01-22T13:00Z,2025-01-22 14:00,179.920
2025-01-22T14:00Z,2025-01-22 15:00,195.670
2025-01-22T15:00Z,2025-01-22 16:00,199.040
2025-01-22T16:00Z,2025-01-22 17:00,208.990
2025-01-22T17:00Z,2025-01-22 18:00,180.430
2025-01-22T18:00Z,2025-01-22 19:00,167.080
2025-01-22T19:00Z,2025-01-22 20:00,134.490
2025-01-22T20:00Z,2025-01-22 21:00,127.780
2025-01-22T21:00Z,2025-01-22 22:00,128.090
2025-01-22T22:00Z,2025-01-22 23:00,114.680
2025-01-22T23:00Z,2025-01-23 00:00,113.700
2025-01-23T00:00Z,2025-01-23 01:00,108.880
2025-01-23T01:00Z,2025-01-23 02:00,105.580
2025-01-23T02:00Z,2025-01-23 03:00,100.010
2025-01-23T03:00Z,2025-01-23 04:00,97.590
2025-01-23T04:00Z,2025-01-23 05:00,100.010
2025-01-23T05:00Z,2025-01-23 06:00,106.410
2025-01-23T06:00Z,2025-01-23 07:00,136.600
2025-01-23T07:00Z,2025-01-23 08:00,159.030
2025-01-23T08:00Z,2025-01-23 09:00,155.420
2025-01-23T09:00Z,2025-01-23 10:00,130.940
2025-01-23T10:00Z,2025-01-23 11:00,116.100
2025-01-23T11:00Z,2025-01-23 12:00,94.930
2025-01-23T12:00Z,2025-01-23 13:00,88.560
2025-01-23T13:00Z,2025-01-23 14:00,85.860
2025-01-23T14:00Z,2025-01-23 15:00,89.800
2025-01-23T15:00Z,2025-01-23 16:00,89.870
2025-01-23T16:00Z,2025-01-23 17:00,106.750
2025-01-23T17:00Z,2025-01-23 18:00,112.000
2025-01-23T18:00Z,2025-01-23 19:00,101.870
2025-01-23T19:00Z,2025-01-23 20:00,86.360
2025-01-23T20:00Z,2025-01-23 21:00,74.280
2025-01-23T21:00Z,2025-01-23 22:00,75.680
2025-01-23T22:00Z,2025-01-23 23:00,58.230
2025-01-23T23:00Z,2025-01-24 00:00,69.030
2025-01-24T00:00Z,2025-01-24 01:00,58.160
2025-01-24T01:00Z,2025-01-24 02:00,45.050
2025-01-24T02:00Z,2025-01-24 03:00,40.600
2025-01-24T03:00Z,2025-01-24 04:00,50.170
2025-01-24T04:00Z,2025-01-24 05:00,73.200
2025-01-24T05:00Z,2025-01-24 06:00,85.440
2025-01-24T06:00Z,2025-01-24 07:00,109.160
2025-01-24T07:00Z,2025-01-24 08:00,116.230
2025-01-24T08:00Z,2025-01-24 09:00,96.340
2025-01-24T09:00Z,2025-01-24 10:00,88.900
2025-01-24T10:00Z,2025-01-24 11:00,78.440
2025-01-24T11:00Z,2025-01-24 12:00,76.480
2025-01-24T12:00Z,2025-01-24 13:00,74.690
2025-01-24T13:00Z,2025-01-24 14:00,74.510
2025-01-24T14:00Z,2025-01-24 15:00,74.510
2025-01-24T15:00Z,2025-01-24 16:00,75.250
2025-01-24T16:00Z,2025-01-24 17:00,83.020
2025-01-24T17:00Z,2025-01-24 18:00,88.590
2025-01-24T18:00Z,2025-01-24 19:00,91.780
2025-01-24T19:00Z,2025-01-24 20:00,84.990
2025-01-24T20:00Z,2025-01-24 21:00,80.790
2025-01-24T21:00Z,2025-01-24 22:00,91.970
2025-01-24T22:00Z,2025-01-24 23:00,86.290
2025-01-24T23:00Z,2025-01-25 00:00,59.040
2025-01-25T00:00Z,2025-01-25 01:00,64.960
2025-01-25T01:00Z,2025-01-25 02:00,63.550
2025-01-25T02:00Z,2025-01-25 03:00,67.170
2025-01-25T03:00Z,2025-01-25 04:00,76.770
2025-01-25T04:00Z,2025-01-25 05:00,76.890
2025-01-25T05:00Z,2025-01-25 06:00,79.320
2025-01-25T06:00Z,2025-01-25 07:00,76.890
2025-01-25T07:00Z,2025-01-25 08:00,88.990
2025-01-25T08:00Z,2025-01-25 09:00,87.310
2025-01-25T09:00Z,2025-01-25 10:00,86.320
2025-01-25T10:00Z,2025-01-25 11:00,88.150
2025-01-25T11:00Z,2025-01-25 12:00,82.550
2025-01-25T12:00Z,2025-01-25 13:00,81.980
2025-01-25T13:00Z,2025-01-25 14:00,89.000
2025-01-25T14:00Z,2025-01-25 15:00,111.070
2025-01-25T15:00Z,2025-01-25 16:00,132.970
2025-01-25T16:00Z,2025-01-25 17:00,145.850
2025-01-25T17:00Z,2025-01-25 18:00,151.000
2025-01-25T18:00Z,2025-01-25 19:00,147.530
2025-01-25T19:00Z,2025-01-25 20:00,137.600
2025-01-25T20:00Z,2025-01-25 21:00,134.610
2025-01-25T21:00Z,2025-01-25 22:00,132.260
2025-01-25T22:00Z,2025-01-25 23:00,122.030
2025-01-25T23:00Z,2025-01-26 00:00,126.210
2025-01-26T00:00Z,2025-01-26 01:00,115.790
2025-01-26T01:00Z,2025-01-26 02:00,111.300
2025-01-26T02:00Z,2025-01-26 03:00,106.850
2025-01-26T03:00Z,2025-01-26 04:00,105.430
2025-01-26T04:00Z,2025-01-26 05:00,107.860
2025-01-26T05:00Z,2025-01-26 06:00,110.600
2025-01-26T06:00Z,2025-01-26 07:00,117.620
2025-01-26T07:00Z,2025-01-26 08:00,124.170
2025-01-26T08:00Z,2025-01-26 09:00,121.970
2025-01-26T09:00Z,2025-01-26 10:00,105.510
2025-01-26T10:00Z,2025-01-26 11:00,102.570
2025-01-26T11:00Z,2025-01-26 12:00,96.730
2025-01-26T12:00Z,2025-01-26 13:00,90.020
2025-01-26T13:00Z,2025-01-26 14:00,92.520
2025-01-26T14:00Z,2025-01-26 15:00,111.630
2025-01-26T15:00Z,2025-01-26 16:00,125.920
2025-01-26T16:00Z,2025-01-26 17:00,132.770
2025-01-26T17:00Z,2025-01-26 18:00,118.940
2025-01-26T18:00Z,2025-01-26 19:00,90.320
2025-01-26T19:00Z,2025-01-26 20:00,78.930
2025-01-26T20:00Z,2025-01-26 21:00,68.260
2025-01-26T21:00Z,2025-01-26 22:00,49.250
2025-01-26T22:00Z,2025-01-26 23:00,23.890
2025-01-26T23:00Z,2025-01-27 00:00,40.140
2025-01-27T00:00Z,2025-01-27 01:00,35.260
2025-01-27T01:00Z,2025-01-27 02:00,26.380
2025-01-27T02:00Z,2025-01-27 03:00,14.070
2025-01-27T03:00Z,2025-01-27 04:00,10.100
2025-01-27T04:00Z,2025-01-27 05:00,21.520
2025-01-27T05:00Z,2025-01-27 06:00,34.100
2025-01-27T06:00Z,2025-01-27 07:00,56.990
2025-01-27T07:00Z,2025-01-27 08:00,71.760
2025-01-27T08:00Z,2025-01-27 09:00,62.960
2025-01-27T09:00Z,2025-01-27 10:00,45.570
2025-01-27T10:00Z,2025-01-27 11:00,40.110
2025-01-27T11:00Z,2025-01-27 12:00,35.660
2025-01-27T12:00Z,2025-01-27 13:00,38.370
2025-01-27T13:00Z,2025-01-27 14:00,53.950
2025-01-27T14:00Z,2025-01-27 15:00,86.790
2025-01-27T15:00Z,2025-01-27 16:00,102.460
2025-01-27T16:00Z,2025-01-27 17:00,118.560
2025-01-27T17:00Z,2025-01-27 18:00,118.670
2025-01-27T18:00Z,2025-01-27 19:00,100.050
2025-01-27T19:00Z,2025-01-27 20:00,94.070
2025-01-27T20:00Z,2025-01-27 21:00,85.080
2025-01-27T21:00Z,2025-01-27 22:00,82.260
2025-01-27T22:00Z,2025-01-27 23:00,69.280
2025-01-27T23:00Z,2025-01-28 00:00,76.920
2025-01-28T00:00Z,2025-01-28 01:00,71.530
2025-01-28T01:00Z,2025-01-28 02:00,57.330
2025-01-28T02:00Z,2025-01-28 03:00,69.280
2025-01-28T03:00Z,2025-01-28 04:00,76.920
2025-01-28T04:00Z,2025-01-28 05:00,77.590
2025-01-28T05:00Z,2025-01-28 06:00,98.220
2025-01-28T06:00Z,2025-01-28 07:00,125.450
2025-01-28T07:00Z,2025-01-28 08:00,147.500
2025-01-28T08:00Z,2025-01-28 09:00,135.300
2025-01-28T09:00Z,2025-01-28 10:00,120.530
2025-01-28T10:00Z,2025-01-28 11:00,116.340
2025-01-28T11:00Z,2025-01-28 12:00,114.750
2025-01-28T12:00Z,2025-01-28 13:00,117.390
2025-01-28T13:00Z,2025-01-28 14:00,121.330
2025-01-28T14:00Z,2025-01-28 15:00,139.910
2025-01-28T15:00Z,2025-01-28 16:00,147.000
2025-01-28T16:00Z,2025-01-28 17:00,149.600
2025-01-28T17:00Z,2025-01-28 18:00,134.940
2025-01-28T18:00Z,2025-01-28 19:00,128.900
2025-01-28T19:00Z,2025-01-28 20:00,94.760
2025-01-28T20:00Z,2025-01-28 21:00,87.260
2025-01-28T21:00Z,2025-01-28 22:00,79.800
2025-01-28T22:00Z,2025-01-28 23:00,64.430
2025-01-28T23:00Z,2025-01-29 00:00,87.720
2025-01-29T00:00Z,2025-01-29 01:00,83.390
2025-01-29T01:00Z,2025-01-29 02:00,78.160
2025-01-29T02:00Z,2025-01-29 03:00,75.640
2025-01-29T03:00Z,2025-01-29 04:00,79.010
2025-01-29T04:00Z,2025-01-29 05:00,86.980
2025-01-29T05:00Z,2025-01-29 06:00,93.140
2025-01-29T06:00Z,2025-01-29 07:00,141.420
2025-01-29T07:00Z,2025-01-29 08:00,142.540
2025-01-29T08:00Z,2025-01-29 09:00,130.450
2025-01-29T09:00Z,2025-01-29 10:00,105.050
2025-01-29T10:00Z,2025-01-29 11:00,89.250
2025-01-29T11:00Z,2025-01-29 12:00,85.000
2025-01-29T12:00Z,2025-01-29 13:00,85.530
2025-01-29T13:00Z,2025-01-29 14:00,87.670
2025-01-29T14:00Z,2025-01-29 15:00,102.750
2025-01-29T15:00Z,2025-01-29 16:00,132.660
2025-01-29T16:00Z,2025-01-29 17:00,149.570
2025-01-29T17:00Z,2025-01-29 18:00,150.090
2025-01-29T18:00Z,2025-01-29 19:00,146.300
2025-01-29T19:00Z,2025-01-29 20:00,131.950
2025-01-29T20:00Z,2025-01-29 21:00,119.650
2025-01-29T21:00Z,2025-01-29 22:00,111.990
2025-01-29T22:00Z,2025-01-29 23:00,99.330
2025-01-29T23:00Z,2025-01-30 00:00,92.410
2025-01-30T00:00Z,2025-01-30 01:00,92.430
2025-01-30T01:00Z,2025-01-30 02:00,93.330
2025-01-30T02:00Z,2025-01-30 03:00,92.950
2025-01-30T03:00Z,2025-01-30 04:00,92.430
2025-01-30T04:00Z,2025-01-30 05:00,108.650
2025-01-30T05:00Z,2025-01-30 06:00,139.830
2025-01-30T06:00Z,2025-01-30 07:00,152.640
2025-01-30T07:00Z,2025-01-30 08:00,160.300
2025-01-30T08:00Z,2025-01-30 09:00,151.510
2025-01-30T09:00Z,2025-01-30 10:00,135.090
2025-01-30T10:00Z,2025-01-30 11:00,123.250
2025-01-30T11:00Z,2025-01-30 12:00,115.890
2025-01-30T12:00Z,2025-01-30 13:00,113.300
2025-01-30T13:00Z,2025-01-30 14:00,129.410
2025-01-30T14:00Z,2025-01-30 15:00,153.220
2025-01-30T15:00Z,2025-01-30 16:00,160.870
2025-01-30T16:00Z,2025-01-30 17:00,180.360
2025-01-30T17:00Z,2025-01-30 18:00,176.580
2025-01-30T18:00Z,2025-01-30 19:00,161.280
2025-01-30T19:00Z,2025-01-30 20:00,150.200
2025-01-30T20:00Z,2025-01-30 21:00,134.170
2025-01-30T21:00Z,2025-01-30 22:00,126.460
2025-01-30T22:00Z,2025-01-30 23:00,120.200
2025-01-30T23:00Z,2025-01-31 00:00,120.000
2025-01-31T00:00Z,2025-01-31 01:00,117.080
2025-01-31T01:00Z,2025-01-31 02:00,113.890
2025-01-31T02:00Z,2025-01-31 03:00,113.120
2025-01-31T03:00Z,2025-01-31 04:00,115.980
2025-01-31T04:00Z,2025-01-31 05:00,120.740
2025-01-31T05:00Z,2025-01-31 06:00,131.870
2025-01-31T06:00Z,2025-01-31 07:00,157.970
2025-01-31T07:00Z,2025-01-31 08:00,163.700
2025-01-31T08:00Z,2025-01-31 09:00,154.820
2025-01-31T09:00Z,2025-01-31 10:00,130.100
2025-01-31T10:00Z,2025-01-31 11:00,126.200
2025-01-31T11:00Z,2025-01-31 12:00,120.060
2025-01-31T12:00Z,2025-01-31 13:00,121.190
2025-01-31T13:00Z,2025-01-31 14:00,119.760
2025-01-31T14:00Z,2025-01-31 15:00,149.870
2025-01-31T15:00Z,2025-01-31 16:00,168.260
2025-01-31T16:00Z,2025-01-31 17:00,185.260
2025-01-31T17:00Z,2025-01-31 18:00,184.480
2025-01-31T18:00Z,2025-01-31 19:00,178.990
2025-01-31T19:00Z,2025-01-31 20:00,162.660
2025-01-31T20:00Z,2025-01-31 21:00,152.700
2025-01-31T21:00Z,2025-01-31 22:00,144.310
2025-01-31T22:00Z,2025-01-31 23:00,131.410
2025-01-31T23:00Z,2025-02-01 00:00,136.930
2025-02-01T00:00Z,2025-02-01 01:00,129.420
2025-02-01T01:00Z,2025-02-01 02:00,124.240
2025-02-01T02:00Z,2025-02-01 03:00,119.120
2025-02-01T03:00Z,2025-02-01 04:00,118.860
2025-02-01T04:00Z,2025-02-01 05:00,120.540
2025-02-01T05:00Z,2025-02-01 06:00,127.100
2025-02-01T06:00Z,2025-02-01 07:00,144.740
2025-02-01T07:00Z,2025-02-01 08:00,153.460
2025-02-01T08:00Z,2025-02-01 09:00,142.440
2025-02-01T09:00Z,2025-02-01 10:00,128.400
2025-02-01T10:00Z,2025-02-01 11:00,120.080
2025-02-01T11:00Z,2025-02-01 12:00,110.290
2025-02-01T12:00Z,2025-02-01 13:00,103.400
2025-02-01T13:00Z,2025-02-01 14:00,113.700
2025-02-01T14:00Z,2025-02-01 15:00,129.490
2025-02-01T15:00Z,2025-02-01 16:00,154.430
2025-02-01T16:00Z,2025-02-01 17:00,168.270
2025-02-01T17:00Z,2025-02-01 18:00,167.510
2025-02-01T18:00Z,2025-02-01 19:00,162.980
2025-02-01T19:00Z,2025-02-01 20:00,156.600
2025-02-01T20:00Z,2025-02-01 21:00,145.240
2025-02-01T21:00Z,2025-02-01 22:00,141.730
2025-02-01T22:00Z,2025-02-01 23:00,131.740
2025-02-01T23:00Z,2025-02-02 00:00,133.260
2025-02-02T00:00Z,2025-02-02 01:00,126.910
2025-02-02T01:00Z,2025-02-02 02:00,122.990
2025-02-02T02:00Z,2025-02-02 03:00,120.660
2025-02-02T03:00Z,2025-02-02 04:00,122.340
2025-02-02T04:00Z,2025-02-02 05:00,123.410
2025-02-02T05:00Z,2025-02-02 06:00,128.090
2025-02-02T06:00Z,2025-02-02 07:00,135.900
2025-02-02T07:00Z,2025-02-02 08:00,137.300
2025-02-02T08:00Z,2025-02-02 09:00,137.700
2025-02-02T09:00Z,2025-02-02 10:00,130.040
2025-02-02T10:00Z,2025-02-02 11:00,129.330
2025-02-02T11:00Z,2025-02-02 12:00,122.240
2025-02-02T12:00Z,2025-02-02 13:00,111.880
2025-02-02T13:00Z,2025-02-02 14:00,116.420
2025-02-02T14:00Z,2025-02-02 15:00,127.970
2025-02-02T15:00Z,2025-02-02 16:00,151.210
2025-02-02T16:00Z,2025-02-02 17:00,164.030
2025-02-02T17:00Z,2025-02-02 18:00,172.490
2025-02-02T18:00Z,2025-02-02 19:00,173.950
2025-02-02T19:00Z,2025-02-02 20:00,165.500
2025-02-02T20:00Z,2025-02-02 21:00,155.770
2025-02-02T21:00Z,2025-02-02 22:00,148.440
2025-02-02T22:00Z,2025-02-02 23:00,133.240
2025-02-02T23:00Z,2025-02-03 00:00,129.540
2025-02-03T00:00Z,2025-02-03 01:00,126.630
2025-02-03T01:00Z,2025-02-03 02:00,124.720
2025-02-03T02:00Z,2025-02-03 03:00,120.040
2025-02-03T03:00Z,2025-02-03 04:00,123.240
2025-02-03T04:00Z,2025-02-03 05:00,127.770
2025-02-03T05:00Z,2025-02-03 06:00,159.180
2025-02-03T06:00Z,2025-02-03 07:00,207.880
2025-02-03T07:00Z,2025-02-03 08:00,243.230
2025-02-03T08:00Z,2025-02-03 09:00,178.040
2025-02-03T09:00Z,2025-02-03 10:00,149.950
2025-02-03T10:00Z,2025-02-03 11:00,126.050
2025-02-03T11:00Z,2025-02-03 12:00,117.270
2025-02-03T12:00Z,2025-02-03 13:00,115.290
2025-02-03T13:00Z,2025-02-03 14:00,124.180
2025-02-03T14:00Z,2025-02-03 15:00,145.860
2025-02-03T15:00Z,2025-02-03 16:00,170.710
2025-02-03T16:00Z,2025-02-03 17:00,216.000
2025-02-03T17:00Z,2025-02-03 18:00,200.730
2025-02-03T18:00Z,2025-02-03 19:00,201.100
2025-02-03T19:00Z,2025-02-03 20:00,167.740
2025-02-03T20:00Z,2025-02-03 21:00,153.000
2025-02-03T21:00Z,2025-02-03 22:00,144.230
2025-02-03T22:00Z,2025-02-03 23:00,135.810
2025-02-03T23:00Z,2025-02-04 00:00,132.400
2025-02-04T00:00Z,2025-02-04 01:00,125.540
2025-02-04T01:00Z,2025-02-04 02:00,123.180
2025-02-04T02:00Z,2025-02-04 03:00,123.990
2025-02-04T03:00Z,2025-02-04 04:00,123.250
2025-02-04T04:00Z,2025-02-04 05:00,127.630
2025-02-04T05:00Z,2025-02-04 06:00,155.420
2025-02-04T06:00Z,2025-02-04 07:00,192.240
2025-02-04T07:00Z,2025-02-04 08:00,211.990
2025-02-04T08:00Z,2025-02-04 09:00,163.310
2025-02-04T09:00Z,2025-02-04 10:00,136.530
2025-02-04T10:00Z,2025-02-04 11:00,126.570
2025-02-04T11:00Z,2025-02-04 12:00,116.890
2025-02-04T12:00Z,2025-02-04 13:00,113.170
2025-02-04T13:00Z,2025-02-04 14:00,120.090
2025-02-04T14:00Z,2025-02-04 15:00,127.470
2025-02-04T15:00Z,2025-02-04 16:00,164.810
2025-02-04T16:00Z,2025-02-04 17:00,168.990
2025-02-04T17:00Z,2025-02-04 18:00,175.000
2025-02-04T18:00Z,2025-02-04 19:00,162.040
2025-02-04T19:00Z,2025-02-04 20:00,145.010
2025-02-04T20:00Z,2025-02-04 21:00,132.430
2025-02-04T21:00Z,2025-02-04 22:00,129.420
2025-02-04T22:00Z,2025-02-04 23:00,120.620
2025-02-04T23:00Z,2025-02-05 00:00,113.340
2025-02-05T00:00Z,2025-02-05 01:00,109.670
2025-02-05T01:00Z,2025-02-05 02:00,109.400
2025-02-05T02:00Z,2025-02-05 03:00,108.180
2025-02-05T03:00Z,2025-02-05 04:00,115.170
2025-02-05T04:00Z,2025-02-05 05:00,122.420
2025-02-05T05:00Z,2025-02-05 06:00,139.810
2025-02-05T06:00Z,2025-02-05 07:00,165.320
2025-02-05T07:00Z,2025-02-05 08:00,180.810
2025-02-05T08:00Z,2025-02-05 09:00,159.330
2025-02-05T09:00Z,2025-02-05 10:00,132.190
2025-02-05T10:00Z,2025-02-05 11:00,119.960
2025-02-05T11:00Z,2025-02-05 12:00,115.460
2025-02-05T12:00Z,2025-02-05 13:00,118.800
2025-02-05T13:00Z,2025-02-05 14:00,128.850
2025-02-05T14:00Z,2025-02-05 15:00,144.120
2025-02-05T15:00Z,2025-02-05 16:00,160.580
2025-02-05T16:00Z,2025-02-05 17:00,177.190
2025-02-05T17:00Z,2025-02-05 18:00,189.900
2025-02-05T18:00Z,2025-02-05 19:00,189.630
2025-02-05T19:00Z,2025-02-05 20:00,170.000
2025-02-05T20:00Z,2025-02-05 21:00,155.420
2025-02-05T21:00Z,2025-02-05 22:00,143.700
2025-02-05T22:00Z,2025-02-05 23:00,133.210
2025-02-05T23:00Z,2025-02-06 00:00,133.670
2025-02-06T00:00Z,2025-02-06 01:00,129.570
2025-02-06T01:00Z,2025-02-06 02:00,125.870
2025-02-06T02:00Z,2025-02-06 03:00,125.000
2025-02-06T03:00Z,2025-02-06 04:00,125.010
2025-02-06T04:00Z,2025-02-06 05:00,135.280
2025-02-06T05:00Z,2025-02-06 06:00,156.120
2025-02-06T06:00Z,2025-02-06 07:00,180.090
2025-02-06T07:00Z,2025-02-06 08:00,219.420
2025-02-06T08:00Z,2025-02-06 09:00,178.990
2025-02-06T09:00Z,2025-02-06 10:00,160.140
2025-02-06T10:00Z,2025-02-06 11:00,152.560
2025-02-06T11:00Z,2025-02-06 12:00,147.890
2025-02-06T12:00Z,2025-02-06 13:00,145.480
2025-02-06T13:00Z,2025-02-06 14:00,137.790
2025-02-06T14:00Z,2025-02-06 15:00,150.800
2025-02-06T15:00Z,2025-02-06 16:00,164.890
2025-02-06T16:00Z,2025-02-06 17:00,171.590
2025-02-06T17:00Z,2025-02-06 18:00,170.480
2025-02-06T18:00Z,2025-02-06 19:00,162.950
2025-02-06T19:00Z,2025-02-06 20:00,141.330
2025-02-06T20:00Z,2025-02-06 21:00,131.260
2025-02-06T21:00Z,2025-02-06 22:00,134.000
2025-02-06T22:00Z,2025-02-06 23:00,121.950
2025-02-06T23:00Z,2025-02-07 00:00,126.050
2025-02-07T00:00Z,2025-02-07 01:00,112.700
2025-02-07T01:00Z,2025-02-07 02:00,108.820
2025-02-07T02:00Z,2025-02-07 03:00,105.000
2025-02-07T03:00Z,2025-02-07 04:00,104.810
2025-02-07T04:00Z,2025-02-07 05:00,105.070
2025-02-07T05:00Z,2025-02-07 06:00,112.390
2025-02-07T06:00Z,2025-02-07 07:00,141.660
2025-02-07T07:00Z,2025-02-07 08:00,164.210
2025-02-07T08:00Z,2025-02-07 09:00,150.360
2025-02-07T09:00Z,2025-02-07 10:00,133.880
2025-02-07T10:00Z,2025-02-07 11:00,115.140
2025-02-07T11:00Z,2025-02-07 12:00,111.490
2025-02-07T12:00Z,2025-02-07 13:00,106.770
2025-02-07T13:00Z,2025-02-07 14:00,109.590
2025-02-07T14:00Z,2025-02-07 15:00,111.680
2025-02-07T15:00Z,2025-02-07 16:00,126.610
2025-02-07T16:00Z,2025-02-07 17:00,142.850
2025-02-07T17:00Z,2025-02-07 18:00,149.050
2025-02-07T18:00Z,2025-02-07 19:00,144.320
2025-02-07T19:00Z,2025-02-07 20:00,126.930
2025-02-07T20:00Z,2025-02-07 21:00,100.000
2025-02-07T21:00Z,2025-02-07 22:00,98.720
2025-02-07T22:00Z,2025-02-07 23:00,100.140
2025-02-07T23:00Z,2025-02-08 00:00,81.340
2025-02-08T00:00Z,2025-02-08 01:00,84.850
2025-02-08T01:00Z,2025-02-08 02:00,85.800
2025-02-08T02:00Z,2025-02-08 03:00,87.080
2025-02-08T03:00Z,2025-02-08 04:00,89.690
2025-02-08T04:00Z,2025-02-08 05:00,90.990
2025-02-08T05:00Z,2025-02-08 06:00,90.800
2025-02-08T06:00Z,2025-02-08 07:00,95.310
2025-02-08T07:00Z,2025-02-08 08:00,111.110
2025-02-08T08:00Z,2025-02-08 09:00,92.680
2025-02-08T09:00Z,2025-02-08 10:00,79.420
2025-02-08T10:00Z,2025-02-08 11:00,68.750
2025-02-08T11:00Z,2025-02-08 12:00,67.710
2025-02-08T12:00Z,2025-02-08 13:00,79.850
2025-02-08T13:00Z,2025-02-08 14:00,89.850
2025-02-08T14:00Z,2025-02-08 15:00,118.000
2025-02-08T15:00Z,2025-02-08 16:00,140.870
2025-02-08T16:00Z,2025-02-08 17:00,150.000
2025-02-08T17:00Z,2025-02-08 18:00,160.490
2025-02-08T18:00Z,2025-02-08 19:00,161.100
2025-02-08T19:00Z,2025-02-08 20:00,156.420
2025-02-08T20:00Z,2025-02-08 21:00,149.000
2025-02-08T21:00Z,2025-02-08 22:00,144.000
2025-02-08T22:00Z,2025-02-08 23:00,136.310
2025-02-08T23:00Z,2025-02-09 00:00,135.000
2025-02-09T00:00Z,2025-02-09 01:00,134.510
2025-02-09T01:00Z,2025-02-09 02:00,130.180
2025-02-09T02:00Z,2025-02-09 03:00,119.300
2025-02-09T03:00Z,2025-02-09 04:00,116.790
2025-02-09T04:00Z,2025-02-09 05:00,117.000
2025-02-09T05:00Z,2025-02-09 06:00,117.000
2025-02-09T06:00Z,2025-02-09 07:00,133.430
2025-02-09T07:00Z,2025-02-09 08:00,136.770
2025-02-09T08:00Z,2025-02-09 09:00,123.970
2025-02-09T09:00Z,2025-02-09 10:00,114.790
2025-02-09T10:00Z,2025-02-09 11:00,105.650
2025-02-09T11:00Z,2025-02-09 12:00,98.710
2025-02-09T12:00Z,2025-02-09 13:00,95.530
2025-02-09T13:00Z,2025-02-09 14:00,109.900
2025-02-09T14:00Z,2025-02-09 15:00,120.400
2025-02-09T15:00Z,2025-02-09 16:00,141.960
2025-02-09T16:00Z,2025-02-09 17:00,148.580
2025-02-09T17:00Z,2025-02-09 18:00,161.930
2025-02-09T18:00Z,2025-02-09 19:00,156.130
2025-02-09T19:00Z,2025-02-09 20:00,150.650
2025-02-09T20:00Z,2025-02-09 21:00,142.920
2025-02-09T21:00Z,2025-02-09 22:00,143.000
2025-02-09T22:00Z,2025-02-09 23:00,127.970
2025-02-09T23:00Z,2025-02-10 00:00,118.580
2025-02-10T00:00Z,2025-02-10 01:00,111.820
2025-02-10T01:00Z,2025-02-10 02:00,109.220
2025-02-10T02:00Z,2025-02-10 03:00,106.290
2025-02-10T03:00Z,2025-02-10 04:00,105.850
2025-02-10T04:00Z,2025-02-10 05:00,112.000
2025-02-10T05:00Z,2025-02-10 06:00,145.380
2025-02-10T06:00Z,2025-02-10 07:00,162.020
2025-02-10T07:00Z,2025-02-10 08:00,181.360
2025-02-10T08:00Z,2025-02-10 09:00,163.180
2025-02-10T09:00Z,2025-02-10 10:00,135.900
2025-02-10T10:00Z,2025-02-10 11:00,115.280
2025-02-10T11:00Z,2025-02-10 12:00,109.360
2025-02-10T12:00Z,2025-02-10 13:00,109.740
2025-02-10T13:00Z,2025-02-10 14:00,123.070
2025-02-10T14:00Z,2025-02-10 15:00,128.540
2025-02-10T15:00Z,2025-02-10 16:00,133.580
2025-02-10T16:00Z,2025-02-10 17:00,133.820
2025-02-10T17:00Z,2025-02-10 18:00,142.110
2025-02-10T18:00Z,2025-02-10 19:00,114.850
2025-02-10T19:00Z,2025-02-10 20:00,94.370
2025-02-10T20:00Z,2025-02-10 21:00,91.480
2025-02-10T21:00Z,2025-02-10 22:00,88.870
2025-02-10T22:00Z,2025-02-10 23:00,87.380
2025-02-10T23:00Z,2025-02-11 00:00,77.450
2025-02-11T00:00Z,2025-02-11 01:00,71.100
2025-02-11T01:00Z,2025-02-11 02:00,71.620
2025-02-11T02:00Z,2025-02-11 03:00,74.890
2025-02-11T03:00Z,2025-02-11 04:00,77.450
2025-02-11T04:00Z,2025-02-11 05:00,87.440
2025-02-11T05:00Z,2025-02-11 06:00,100.460
2025-02-11T06:00Z,2025-02-11 07:00,134.930
2025-02-11T07:00Z,2025-02-11 08:00,155.530
2025-02-11T08:00Z,2025-02-11 09:00,141.420
2025-02-11T09:00Z,2025-02-11 10:00,96.650
2025-02-11T10:00Z,2025-02-11 11:00,92.780
2025-02-11T11:00Z,2025-02-11 12:00,97.680
2025-02-11T12:00Z,2025-02-11 13:00,111.110
2025-02-11T13:00Z,2025-02-11 14:00,123.460
2025-02-11T14:00Z,2025-02-11 15:00,143.690
2025-02-11T15:00Z,2025-02-11 16:00,144.470
2025-02-11T16:00Z,2025-02-11 17:00,159.970
2025-02-11T17:00Z,2025-02-11 18:00,168.190
2025-02-11T18:00Z,2025-02-11 19:00,167.450
2025-02-11T19:00Z,2025-02-11 20:00,162.630
2025-02-11T20:00Z,2025-02-11 21:00,148.750
2025-02-11T21:00Z,2025-02-11 22:00,142.950
2025-02-11T22:00Z,2025-02-11 23:00,128.240
2025-02-11T23:00Z,2025-02-12 00:00,129.130
2025-02-12T00:00Z,2025-02-12 01:00,127.770
2025-02-12T01:00Z,2025-02-12 02:00,126.820
2025-02-12T02:00Z,2025-02-12 03:00,126.590
2025-02-12T03:00Z,2025-02-12 04:00,128.740
2025-02-12T04:00Z,2025-02-12 05:00,131.240
2025-02-12T05:00Z,2025-02-12 06:00,151.130
2025-02-12T06:00Z,2025-02-12 07:00,163.640
2025-02-12T07:00Z,2025-02-12 08:00,180.000
2025-02-12T08:00Z,2025-02-12 09:00,174.920
2025-02-12T09:00Z,2025-02-12 10:00,162.050
2025-02-12T10:00Z,2025-02-12 11:00,144.010
2025-02-12T11:00Z,2025-02-12 12:00,137.280
2025-02-12T12:00Z,2025-02-12 13:00,142.030
2025-02-12T13:00Z,2025-02-12 14:00,149.400
2025-02-12T14:00Z,2025-02-12 15:00,159.670
2025-02-12T15:00Z,2025-02-12 16:00,173.210
2025-02-12T16:00Z,2025-02-12 17:00,184.590
2025-02-12T17:00Z,2025-02-12 18:00,197.130
2025-02-12T18:00Z,2025-02-12 19:00,192.570
2025-02-12T19:00Z,2025-02-12 20:00,173.900
2025-02-12T20:00Z,2025-02-12 21:00,155.780
2025-02-12T21:00Z,2025-02-12 22:00,150.380
2025-02-12T22:00Z,2025-02-12 23:00,141.810
2025-02-12T23:00Z,2025-02-13 00:00,140.330
2025-02-13T00:00Z,2025-02-13 01:00,137.750
2025-02-13T01:00Z,2025-02-13 02:00,140.790
2025-02-13T02:00Z,2025-02-13 03:00,136.590
2025-02-13T03:00Z,2025-02-13 04:00,140.000
2025-02-13T04:00Z,2025-02-13 05:00,142.000
2025-02-13T05:00Z,2025-02-13 06:00,159.990
2025-02-13T06:00Z,2025-02-13 07:00,190.330
2025-02-13T07:00Z,2025-02-13 08:00,222.360
2025-02-13T08:00Z,2025-02-13 09:00,220.050
2025-02-13T09:00Z,2025-02-13 10:00,203.890
2025-02-13T10:00Z,2025-02-13 11:00,184.680
2025-02-13T11:00Z,2025-02-13 12:00,174.520
2025-02-13T12:00Z,2025-02-13 13:00,170.100
2025-02-13T13:00Z,2025-02-13 14:00,166.700
2025-02-13T14:00Z,2025-02-13 15:00,170.100
2025-02-13T15:00Z,2025-02-13 16:00,182.000
2025-02-13T16:00Z,2025-02-13 17:00,213.050
2025-02-13T17:00Z,2025-02-13 18:00,207.170
2025-02-13T18:00Z,2025-02-13 19:00,196.520
2025-02-13T19:00Z,2025-02-13 20:00,177.030
2025-02-13T20:00Z,2025-02-13 21:00,162.920
2025-02-13T21:00Z,2025-02-13 22:00,153.120
2025-02-13T22:00Z,2025-02-13 23:00,138.970
2025-02-13T23:00Z,2025-02-14 00:00,139.210
2025-02-14T00:00Z,2025-02-14 01:00,132.800
2025-02-14T01:00Z,2025-02-14 02:00,128.500
2025-02-14T02:00Z,2025-02-14 03:00,127.650
2025-02-14T03:00Z,2025-02-14 04:00,129.580
2025-02-14T04:00Z,2025-02-14 05:00,139.590
2025-02-14T05:00Z,2025-02-14 06:00,162.890
2025-02-14T06:00Z,2025-02-14 07:00,227.080
2025-02-14T07:00Z,2025-02-14 08:00,265.640
2025-02-14T08:00Z,2025-02-14 09:00,215.110
2025-02-14T09:00Z,2025-02-14 10:00,181.030
2025-02-14T10:00Z,2025-02-14 11:00,163.010
2025-02-14T11:00Z,2025-02-14 12:00,149.860
2025-02-14T12:00Z,2025-02-14 13:00,148.610
2025-02-14T13:00Z,2025-02-14 14:00,155.800
2025-02-14T14:00Z,2025-02-14 15:00,175.060
2025-02-14T15:00Z,2025-02-14 16:00,200.000
2025-02-14T16:00Z,2025-02-14 17:00,298.910
2025-02-14T17:00Z,2025-02-14 18:00,293.060
2025-02-14T18:00Z,2025-02-14 19:00,225.700
2025-02-14T19:00Z,2025-02-14 20:00,183.550
2025-02-14T20:00Z,2025-02-14 21:00,163.790
2025-02-14T21:00Z,2025-02-14 22:00,153.000
2025-02-14T22:00Z,2025-02-14 23:00,140.030
2025-02-14T23:00Z,2025-02-15 00:00,135.290
2025-02-15T00:00Z,2025-02-15 01:00,130.340
2025-02-15T01:00Z,2025-02-15 02:00,120.000
2025-02-15T02:00Z,2025-02-15 03:00,118.240
2025-02-15T03:00Z,2025-02-15 04:00,118.450
2025-02-15T04:00Z,2025-02-15 05:00,120.370
2025-02-15T05:00Z,2025-02-15 06:00,133.740
2025-02-15T06:00Z,2025-02-15 07:00,148.580
2025-02-15T07:00Z,2025-02-15 08:00,150.670
2025-02-15T08:00Z,2025-02-15 09:00,137.010
2025-02-15T09:00Z,2025-02-15 10:00,124.590
2025-02-15T10:00Z,2025-02-15 11:00,118.360
2025-02-15T11:00Z,2025-02-15 12:00,112.390
2025-02-15T12:00Z,2025-02-15 13:00,110.010
2025-02-15T13:00Z,2025-02-15 14:00,116.150
2025-02-15T14:00Z,2025-02-15 15:00,128.830
2025-02-15T15:00Z,2025-02-15 16:00,145.890
2025-02-15T16:00Z,2025-02-15 17:00,164.540
2025-02-15T17:00Z,2025-02-15 18:00,174.700
2025-02-15T18:00Z,2025-02-15 19:00,164.760
2025-02-15T19:00Z,2025-02-15 20:00,149.650
2025-02-15T20:00Z,2025-02-15 21:00,128.310
2025-02-15T21:00Z,2025-02-15 22:00,132.370
2025-02-15T22:00Z,2025-02-15 23:00,124.540
2025-02-15T23:00Z,2025-02-16 00:00,134.110
2025-02-16T00:00Z,2025-02-16 01:00,128.900
2025-02-16T01:00Z,2025-02-16 02:00,123.570
2025-02-16T02:00Z,2025-02-16 03:00,119.900
2025-02-16T03:00Z,2025-02-16 04:00,119.570
2025-02-16T04:00Z,2025-02-16 05:00,120.180
2025-02-16T05:00Z,2025-02-16 06:00,119.920
2025-02-16T06:00Z,2025-02-16 07:00,127.510
2025-02-16T07:00Z,2025-02-16 08:00,129.600
2025-02-16T08:00Z,2025-02-16 09:00,130.490
2025-02-16T09:00Z,2025-02-16 10:00,127.700
2025-02-16T10:00Z,2025-02-16 11:00,124.030
2025-02-16T11:00Z,2025-02-16 12:00,124.670
2025-02-16T12:00Z,2025-02-16 13:00,118.770
2025-02-16T13:00Z,2025-02-16 14:00,121.020
2025-02-16T14:00Z,2025-02-16 15:00,129.550
2025-02-16T15:00Z,2025-02-16 16:00,137.680
2025-02-16T16:00Z,2025-02-16 17:00,153.980
2025-02-16T17:00Z,2025-02-16 18:00,169.980
2025-02-16T18:00Z,2025-02-16 19:00,160.290
2025-02-16T19:00Z,2025-02-16 20:00,153.720
2025-02-16T20:00Z,2025-02-16 21:00,139.340
2025-02-16T21:00Z,2025-02-16 22:00,137.620
2025-02-16T22:00Z,2025-02-16 23:00,131.510
2025-02-16T23:00Z,2025-02-17 00:00,128.050
2025-02-17T00:00Z,2025-02-17 01:00,121.060
2025-02-17T01:00Z,2025-02-17 02:00,120.340
2025-02-17T02:00Z,2025-02-17 03:00,125.520
2025-02-17T03:00Z,2025-02-17 04:00,128.940
2025-02-17T04:00Z,2025-02-17 05:00,131.540
2025-02-17T05:00Z,2025-02-17 06:00,153.160
2025-02-17T06:00Z,2025-02-17 07:00,204.740
2025-02-17T07:00Z,2025-02-17 08:00,209.790
2025-02-17T08:00Z,2025-02-17 09:00,171.300
2025-02-17T09:00Z,2025-02-17 10:00,139.670
2025-02-17T10:00Z,2025-02-17 11:00,117.190
2025-02-17T11:00Z,2025-02-17 12:00,109.470
2025-02-17T12:00Z,2025-02-17 13:00,106.780
2025-02-17T13:00Z,2025-02-17 14:00,111.890
2025-02-17T14:00Z,2025-02-17 15:00,132.270
2025-02-17T15:00Z,2025-02-17 16:00,158.960
2025-02-17T16:00Z,2025-02-17 17:00,222.920
2025-02-17T17:00Z,2025-02-17 18:00,271.000
2025-02-17T18:00Z,2025-02-17 19:00,215.360
2025-02-17T19:00Z,2025-02-17 20:00,177.860
2025-02-17T20:00Z,2025-02-17 21:00,155.190
2025-02-17T21:00Z,2025-02-17 22:00,139.390
2025-02-17T22:00Z,2025-02-17 23:00,129.570
2025-02-17T23:00Z,2025-02-18 00:00,132.950
2025-02-18T00:00Z,2025-02-18 01:00,125.000
2025-02-18T01:00Z,2025-02-18 02:00,123.560
2025-02-18T02:00Z,2025-02-18 03:00,117.110
2025-02-18T03:00Z,2025-02-18 04:00,115.660
2025-02-18T04:00Z,2025-02-18 05:00,121.930
2025-02-18T05:00Z,2025-02-18 06:00,143.610
2025-02-18T06:00Z,2025-02-18 07:00,190.340
2025-02-18T07:00Z,2025-02-18 08:00,193.800
2025-02-18T08:00Z,2025-02-18 09:00,143.530
2025-02-18T09:00Z,2025-02-18 10:00,124.240
2025-02-18T10:00Z,2025-02-18 11:00,109.710
2025-02-18T11:00Z,2025-02-18 12:00,96.410
2025-02-18T12:00Z,2025-02-18 13:00,88.530
2025-02-18T13:00Z,2025-02-18 14:00,98.350
2025-02-18T14:00Z,2025-02-18 15:00,110.000
2025-02-18T15:00Z,2025-02-18 16:00,128.160
2025-02-18T16:00Z,2025-02-18 17:00,177.610
2025-02-18T17:00Z,2025-02-18 18:00,174.320
2025-02-18T18:00Z,2025-02-18 19:00,155.910
2025-02-18T19:00Z,2025-02-18 20:00,142.420
2025-02-18T20:00Z,2025-02-18 21:00,129.410
2025-02-18T21:00Z,2025-02-18 22:00,121.900
2025-02-18T22:00Z,2025-02-18 23:00,114.450
2025-02-18T23:00Z,2025-02-19 00:00,104.540
2025-02-19T00:00Z,2025-02-19 01:00,99.290
2025-02-19T01:00Z,2025-02-19 02:00,99.600
2025-02-19T02:00Z,2025-02-19 03:00,97.290
2025-02-19T03:00Z,2025-02-19 04:00,94.500
2025-02-19T04:00Z,2025-02-19 05:00,97.480
2025-02-19T05:00Z,2025-02-19 06:00,115.000
2025-02-19T06:00Z,2025-02-19 07:00,149.500
2025-02-19T07:00Z,2025-02-19 08:00,166.370
2025-02-19T08:00Z,2025-02-19 09:00,128.760
2025-02-19T09:00Z,2025-02-19 10:00,107.910
2025-02-19T10:00Z,2025-02-19 11:00,89.280
2025-02-19T11:00Z,2025-02-19 12:00,81.520
2025-02-19T12:00Z,2025-02-19 13:00,82.740
2025-02-19T13:00Z,2025-02-19 14:00,85.200
2025-02-19T14:00Z,2025-02-19 15:00,90.630
2025-02-19T15:00Z,2025-02-19 16:00,110.030
2025-02-19T16:00Z,2025-02-19 17:00,131.280
2025-02-19T17:00Z,2025-02-19 18:00,142.980
2025-02-19T18:00Z,2025-02-19 19:00,144.420
2025-02-19T19:00Z,2025-02-19 20:00,120.900
2025-02-19T20:00Z,2025-02-19 21:00,113.750
2025-02-19T21:00Z,2025-02-19 22:00,107.130
2025-02-19T22:00Z,2025-02-19 23:00,99.810
2025-02-19T23:00Z,2025-02-20 00:00,86.170
2025-02-20T00:00Z,2025-02-20 01:00,85.200
2025-02-20T01:00Z,2025-02-20 02:00,84.560
2025-02-20T02:00Z,2025-02-20 03:00,83.640
2025-02-20T03:00Z,2025-02-20 04:00,82.180
2025-02-20T04:00Z,2025-02-20 05:00,83.840
2025-02-20T05:00Z,2025-02-20 06:00,86.310
2025-02-20T06:00Z,2025-02-20 07:00,110.410
2025-02-20T07:00Z,2025-02-20 08:00,127.980
2025-02-20T08:00Z,2025-02-20 09:00,105.870
2025-02-20T09:00Z,2025-02-20 10:00,93.720
2025-02-20T10:00Z,2025-02-20 11:00,87.230
2025-02-20T11:00Z,2025-02-20 12:00,86.870
2025-02-20T12:00Z,2025-02-20 13:00,84.510
2025-02-20T13:00Z,2025-02-20 14:00,84.780
2025-02-20T14:00Z,2025-02-20 15:00,90.050
2025-02-20T15:00Z,2025-02-20 16:00,98.340
2025-02-20T16:00Z,2025-02-20 17:00,110.130
2025-02-20T17:00Z,2025-02-20 18:00,112.380
2025-02-20T18:00Z,2025-02-20 19:00,122.450
2025-02-20T19:00Z,2025-02-20 20:00,105.910
2025-02-20T20:00Z,2025-02-20 21:00,92.410
2025-02-20T21:00Z,2025-02-20 22:00,90.840
2025-02-20T22:00Z,2025-02-20 23:00,83.000
2025-02-20T23:00Z,2025-02-21 00:00,75.510
2025-02-21T00:00Z,2025-02-21 01:00,74.990
2025-02-21T01:00Z,2025-02-21 02:00,79.800
2025-02-21T02:00Z,2025-02-21 03:00,83.400
2025-02-21T03:00Z,2025-02-21 04:00,82.400
2025-02-21T04:00Z,2025-02-21 05:00,82.030
2025-02-21T05:00Z,2025-02-21 06:00,106.470
2025-02-21T06:00Z,2025-02-21 07:00,152.500
2025-02-21T07:00Z,2025-02-21 08:00,145.210
2025-02-21T08:00Z,2025-02-21 09:00,120.980
2025-02-21T09:00Z,2025-02-21 10:00,98.680
2025-02-21T10:00Z,2025-02-21 11:00,83.400
2025-02-21T11:00Z,2025-02-21 12:00,78.000
2025-02-21T12:00Z,2025-02-21 13:00,76.410
2025-02-21T13:00Z,2025-02-21 14:00,79.520
2025-02-21T14:00Z,2025-02-21 15:00,82.940
2025-02-21T15:00Z,2025-02-21 16:00,103.470
2025-02-21T16:00Z,2025-02-21 17:00,103.450
2025-02-21T17:00Z,2025-02-21 18:00,101.980
2025-02-21T18:00Z,2025-02-21 19:00,81.950
2025-02-21T19:00Z,2025-02-21 20:00,80.250
2025-02-21T20:00Z,2025-02-21 21:00,70.850
2025-02-21T21:00Z,2025-02-21 22:00,70.640
2025-02-21T22:00Z,2025-02-21 23:00,64.330
2025-02-21T23:00Z,2025-02-22 00:00,50.990
2025-02-22T00:00Z,2025-02-22 01:00,48.620
2025-02-22T01:00Z,2025-02-22 02:00,47.960
2025-02-22T02:00Z,2025-02-22 03:00,42.620
2025-02-22T03:00Z,2025-02-22 04:00,41.200
2025-02-22T04:00Z,2025-02-22 05:00,49.150
2025-02-22T05:00Z,2025-02-22 06:00,49.110
2025-02-22T06:00Z,2025-02-22 07:00,61.220
2025-02-22T07:00Z,2025-02-22 08:00,68.250
2025-02-22T08:00Z,2025-02-22 09:00,67.740
2025-02-22T09:00Z,2025-02-22 10:00,53.210
2025-02-22T10:00Z,2025-02-22 11:00,47.130
2025-02-22T11:00Z,2025-02-22 12:00,40.400
2025-02-22T12:00Z,2025-02-22 13:00,52.690
2025-02-22T13:00Z,2025-02-22 14:00,68.000
2025-02-22T14:00Z,2025-02-22 15:00,85.600
2025-02-22T15:00Z,2025-02-22 16:00,100.950
2025-02-22T16:00Z,2025-02-22 17:00,108.380
2025-02-22T17:00Z,2025-02-22 18:00,106.980
2025-02-22T18:00Z,2025-02-22 19:00,115.180
2025-02-22T19:00Z,2025-02-22 20:00,103.000
2025-02-22T20:00Z,2025-02-22 21:00,101.580
2025-02-22T21:00Z,2025-02-22 22:00,94.270
2025-02-22T22:00Z,2025-02-22 23:00,83.510
2025-02-22T23:00Z,2025-02-23 00:00,91.100
2025-02-23T00:00Z,2025-02-23 01:00,84.990
2025-02-23T01:00Z,2025-02-23 02:00,86.210
2025-02-23T02:00Z,2025-02-23 03:00,83.630
2025-02-23T03:00Z,2025-02-23 04:00,85.770
2025-02-23T04:00Z,2025-02-23 05:00,87.330
2025-02-23T05:00Z,2025-02-23 06:00,87.700
2025-02-23T06:00Z,2025-02-23 07:00,108.000
2025-02-23T07:00Z,2025-02-23 08:00,112.240
2025-02-23T08:00Z,2025-02-23 09:00,99.350
2025-02-23T09:00Z,2025-02-23 10:00,83.000
2025-02-23T10:00Z,2025-02-23 11:00,81.500
2025-02-23T11:00Z,2025-02-23 12:00,71.120
2025-02-23T12:00Z,2025-02-23 13:00,69.200
2025-02-23T13:00Z,2025-02-23 14:00,64.750
2025-02-23T14:00Z,2025-02-23 15:00,69.110
2025-02-23T15:00Z,2025-02-23 16:00,84.700
2025-02-23T16:00Z,2025-02-23 17:00,150.450
2025-02-23T17:00Z,2025-02-23 18:00,154.690
2025-02-23T18:00Z,2025-02-23 19:00,117.020
2025-02-23T19:00Z,2025-02-23 20:00,96.030
2025-02-23T20:00Z,2025-02-23 21:00,77.320
2025-02-23T21:00Z,2025-02-23 22:00,73.810
2025-02-23T22:00Z,2025-02-23 23:00,65.990
2025-02-23T23:00Z,2025-02-24 00:00,70.830
2025-02-24T00:00Z,2025-02-24 01:00,67.990
2025-02-24T01:00Z,2025-02-24 02:00,40.980
2025-02-24T02:00Z,2025-02-24 03:00,37.100
2025-02-24T03:00Z,2025-02-24 04:00,65.340
2025-02-24T04:00Z,2025-02-24 05:00,70.030
2025-02-24T05:00Z,2025-02-24 06:00,81.000
2025-02-24T06:00Z,2025-02-24 07:00,84.800
2025-02-24T07:00Z,2025-02-24 08:00,106.680
2025-02-24T08:00Z,2025-02-24 09:00,93.260
2025-02-24T09:00Z,2025-02-24 10:00,79.040
2025-02-24T10:00Z,2025-02-24 11:00,83.440
2025-02-24T11:00Z,2025-02-24 12:00,81.630
2025-02-24T12:00Z,2025-02-24 13:00,83.000
2025-02-24T13:00Z,2025-02-24 14:00,86.400
2025-02-24T14:00Z,2025-02-24 15:00,92.550
2025-02-24T15:00Z,2025-02-24 16:00,100.700
2025-02-24T16:00Z,2025-02-24 17:00,112.940
2025-02-24T17:00Z,2025-02-24 18:00,137.810
2025-02-24T18:00Z,2025-02-24 19:00,148.710
2025-02-24T19:00Z,2025-02-24 20:00,129.270
2025-02-24T20:00Z,2025-02-24 21:00,112.290
2025-02-24T21:00Z,2025-02-24 22:00,112.900
2025-02-24T22:00Z,2025-02-24 23:00,106.480
2025-02-24T23:00Z,2025-02-25 00:00,90.600
2025-02-25T00:00Z,2025-02-25 01:00,89.910
2025-02-25T01:00Z,2025-02-25 02:00,93.390
2025-02-25T02:00Z,2025-02-25 03:00,93.860
2025-02-25T03:00Z,2025-02-25 04:00,97.430
2025-02-25T04:00Z,2025-02-25 05:00,105.780
2025-02-25T05:00Z,2025-02-25 06:00,144.870
2025-02-25T06:00Z,2025-02-25 07:00,167.160
2025-02-25T07:00Z,2025-02-25 08:00,173.340
2025-02-25T08:00Z,2025-02-25 09:00,153.730
2025-02-25T09:00Z,2025-02-25 10:00,140.360
2025-02-25T10:00Z,2025-02-25 11:00,126.750
2025-02-25T11:00Z,2025-02-25 12:00,124.630
2025-02-25T12:00Z,2025-02-25 13:00,125.810
2025-02-25T13:00Z,2025-02-25 14:00,134.380
2025-02-25T14:00Z,2025-02-25 15:00,148.340
2025-02-25T15:00Z,2025-02-25 16:00,170.680
2025-02-25T16:00Z,2025-02-25 17:00,207.970
2025-02-25T17:00Z,2025-02-25 18:00,233.050
2025-02-25T18:00Z,2025-02-25 19:00,188.090
2025-02-25T19:00Z,2025-02-25 20:00,156.960
2025-02-25T20:00Z,2025-02-25 21:00,142.470
2025-02-25T21:00Z,2025-02-25 22:00,129.460
2025-02-25T22:00Z,2025-02-25 23:00,115.130
2025-02-25T23:00Z,2025-02-26 00:00,122.990
2025-02-26T00:00Z,2025-02-26 01:00,119.820
2025-02-26T01:00Z,2025-02-26 02:00,116.940
2025-02-26T02:00Z,2025-02-26 03:00,115.980
2025-02-26T03:00Z,2025-02-26 04:00,116.560
2025-02-26T04:00Z,2025-02-26 05:00,117.270
2025-02-26T05:00Z,2025-02-26 06:00,132.650
2025-02-26T06:00Z,2025-02-26 07:00,159.930
2025-02-26T07:00Z,2025-02-26 08:00,175.190
2025-02-26T08:00Z,2025-02-26 09:00,160.220
2025-02-26T09:00Z,2025-02-26 10:00,141.370
2025-02-26T10:00Z,2025-02-26 11:00,129.950
2025-02-26T11:00Z,2025-02-26 12:00,120.530
2025-02-26T12:00Z,2025-02-26 13:00,119.890
2025-02-26T13:00Z,2025-02-26 14:00,125.120
2025-02-26T14:00Z,2025-02-26 15:00,132.900
2025-02-26T15:00Z,2025-02-26 16:00,149.750
2025-02-26T16:00Z,2025-02-26 17:00,165.010
2025-02-26T17:00Z,2025-02-26 18:00,172.570
2025-02-26T18:00Z,2025-02-26 19:00,162.820
2025-02-26T19:00Z,2025-02-26 20:00,147.380
2025-02-26T20:00Z,2025-02-26 21:00,118.440
2025-02-26T21:00Z,2025-02-26 22:00,120.940
2025-02-26T22:00Z,2025-02-26 23:00,112.460
2025-02-26T23:00Z,2025-02-27 00:00,101.480
2025-02-27T00:00Z,2025-02-27 01:00,103.810
2025-02-27T01:00Z,2025-02-27 02:00,101.240
2025-02-27T02:00Z,2025-02-27 03:00,99.600
2025-02-27T03:00Z,2025-02-27 04:00,100.430
2025-02-27T04:00Z,2025-02-27 05:00,105.870
2025-02-27T05:00Z,2025-02-27 06:00,115.180
2025-02-27T06:00Z,2025-02-27 07:00,152.320
2025-02-27T07:00Z,2025-02-27 08:00,159.050
2025-02-27T08:00Z,2025-02-27 09:00,142.580
2025-02-27T09:00Z,2025-02-27 10:00,129.940
2025-02-27T10:00Z,2025-02-27 11:00,110.000
2025-02-27T11:00Z,2025-02-27 12:00,101.100
2025-02-27T12:00Z,2025-02-27 13:00,109.250
2025-02-27T13:00Z,2025-02-27 14:00,110.000
2025-02-27T14:00Z,2025-02-27 15:00,123.000
2025-02-27T15:00Z,2025-02-27 16:00,142.620
2025-02-27T16:00Z,2025-02-27 17:00,158.690
2025-02-27T17:00Z,2025-02-27 18:00,174.710
2025-02-27T18:00Z,2025-02-27 19:00,163.170
2025-02-27T19:00Z,2025-02-27 20:00,144.610
2025-02-27T20:00Z,2025-02-27 21:00,136.540
2025-02-27T21:00Z,2025-02-27 22:00,124.690
2025-02-27T22:00Z,2025-02-27 23:00,114.890
2025-02-27T23:00Z,2025-02-28 00:00,115.470
2025-02-28T00:00Z,2025-02-28 01:00,110.540
2025-02-28T01:00Z,2025-02-28 02:00,109.380
2025-02-28T02:00Z,2025-02-28 03:00,106.930
2025-02-28T03:00Z,2025-02-28 04:00,112.030
2025-02-28T04:00Z,2025-02-28 05:00,112.630
2025-02-28T05:00Z,2025-02-28 06:00,135.990
2025-02-28T06:00Z,2025-02-28 07:00,150.000
2025-02-28T07:00Z,2025-02-28 08:00,161.820
2025-02-28T08:00Z,2025-02-28 09:00,145.500
2025-02-28T09:00Z,2025-02-28 10:00,127.700
2025-02-28T10:00Z,2025-02-28 11:00,115.970
2025-02-28T11:00Z,2025-02-28 12:00,109.510
2025-02-28T12:00Z,2025-02-28 13:00,108.570
2025-02-28T13:00Z,2025-02-28 14:00,111.580
2025-02-28T14:00Z,2025-02-28 15:00,125.570
2025-02-28T15:00Z,2025-02-28 16:00,135.050
2025-02-28T16:00Z,2025-02-28 17:00,152.850
2025-02-28T17:00Z,2025-02-28 18:00,161.240
2025-02-28T18:00Z,2025-02-28 19:00,158.860
2025-02-28T19:00Z,2025-02-28 20:00,143.960
2025-02-28T20:00Z,2025-02-28 21:00,132.940
2025-02-28T21:00Z,2025-02-28 22:00,127.430
2025-02-28T22:00Z,2025-02-28 23:00,119.030
2025-02-28T23:00Z,2025-03-01 00:00,128.190
2025-03-01T00:00Z,2025-03-01 01:00,120.380
2025-03-01T01:00Z,2025-03-01 02:00,117.090
2025-03-01T02:00Z,2025-03-01 03:00,112.150
2025-03-01T03:00Z,2025-03-01 04:00,109.750
2025-03-01T04:00Z,2025-03-01 05:00,114.380
2025-03-01T05:00Z,2025-03-01 06:00,118.860
2025-03-01T06:00Z,2025-03-01 07:00,135.790
2025-03-01T07:00Z,2025-03-01 08:00,138.790
2025-03-01T08:00Z,2025-03-01 09:00,137.740
2025-03-01T09:00Z,2025-03-01 10:00,125.080
2025-03-01T10:00Z,2025-03-01 11:00,112.110
2025-03-01T11:00Z,2025-03-01 12:00,102.210
2025-03-01T12:00Z,2025-03-01 13:00,97.270
2025-03-01T13:00Z,2025-03-01 14:00,99.390
2025-03-01T14:00Z,2025-03-01 15:00,109.230
2025-03-01T15:00Z,2025-03-01 16:00,125.410
2025-03-01T16:00Z,2025-03-01 17:00,145.000
2025-03-01T17:00Z,2025-03-01 18:00,158.550
2025-03-01T18:00Z,2025-03-01 19:00,150.780
2025-03-01T19:00Z,2025-03-01 20:00,137.290
2025-03-01T20:00Z,2025-03-01 21:00,128.600
2025-03-01T21:00Z,2025-03-01 22:00,123.570
2025-03-01T22:00Z,2025-03-01 23:00,119.920
2025-03-01T23:00Z,2025-03-02 00:00,123.940
2025-03-02T00:00Z,2025-03-02 01:00,107.540
2025-03-02T01:00Z,2025-03-02 02:00,99.320
2025-03-02T02:00Z,2025-03-02 03:00,93.010
2025-03-02T03:00Z,2025-03-02 04:00,94.230
2025-03-02T04:00Z,2025-03-02 05:00,93.980
2025-03-02T05:00Z,2025-03-02 06:00,95.890
2025-03-02T06:00Z,2025-03-02 07:00,102.600
2025-03-02T07:00Z,2025-03-02 08:00,103.110
2025-03-02T08:00Z,2025-03-02 09:00,89.000
2025-03-02T09:00Z,2025-03-02 10:00,68.300
2025-03-02T10:00Z,2025-03-02 11:00,49.000
2025-03-02T11:00Z,2025-03-02 12:00,27.500
2025-03-02T12:00Z,2025-03-02 13:00,3.130
2025-03-02T13:00Z,2025-03-02 14:00,2.840
2025-03-02T14:00Z,2025-03-02 15:00,50.730
2025-03-02T15:00Z,2025-03-02 16:00,80.430
2025-03-02T16:00Z,2025-03-02 17:00,126.550
2025-03-02T17:00Z,2025-03-02 18:00,143.090
2025-03-02T18:00Z,2025-03-02 19:00,146.100
2025-03-02T19:00Z,2025-03-02 20:00,132.980
2025-03-02T20:00Z,2025-03-02 21:00,120.000
2025-03-02T21:00Z,2025-03-02 22:00,120.790
2025-03-02T22:00Z,2025-03-02 23:00,112.780
2025-03-02T23:00Z,2025-03-03 00:00,108.010
2025-03-03T00:00Z,2025-03-03 01:00,103.690
2025-03-03T01:00Z,2025-03-03 02:00,102.790
2025-03-03T02:00Z,2025-03-03 03:00,99.700
2025-03-03T03:00Z,2025-03-03 04:00,103.370
2025-03-03T04:00Z,2025-03-03 05:00,116.700
2025-03-03T05:00Z,2025-03-03 06:00,137.510
2025-03-03T06:00Z,2025-03-03 07:00,163.000
2025-03-03T07:00Z,2025-03-03 08:00,147.520
2025-03-03T08:00Z,2025-03-03 09:00,106.740
2025-03-03T09:00Z,2025-03-03 10:00,72.390
2025-03-03T10:00Z,2025-03-03 11:00,6.400
2025-03-03T11:00Z,2025-03-03 12:00,0.330
2025-03-03T12:00Z,2025-03-03 13:00,0.010
2025-03-03T13:00Z,2025-03-03 14:00,61.400
2025-03-03T14:00Z,2025-03-03 15:00,84.100
2025-03-03T15:00Z,2025-03-03 16:00,106.360
2025-03-03T16:00Z,2025-03-03 17:00,148.790
2025-03-03T17:00Z,2025-03-03 18:00,183.950
2025-03-03T18:00Z,2025-03-03 19:00,175.930
2025-03-03T19:00Z,2025-03-03 20:00,150.490
2025-03-03T20:00Z,2025-03-03 21:00,128.210
2025-03-03T21:00Z,2025-03-03 22:00,124.930
2025-03-03T22:00Z,2025-03-03 23:00,122.460
2025-03-03T23:00Z,2025-03-04 00:00,121.000
2025-03-04T00:00Z,2025-03-04 01:00,109.440
2025-03-04T01:00Z,2025-03-04 02:00,103.790
2025-03-04T02:00Z,2025-03-04 03:00,104.820
2025-03-04T03:00Z,2025-03-04 04:00,100.280
2025-03-04T04:00Z,2025-03-04 05:00,111.510
2025-03-04T05:00Z,2025-03-04 06:00,141.860
2025-03-04T06:00Z,2025-03-04 07:00,169.610
2025-03-04T07:00Z,2025-03-04 08:00,141.950
2025-03-04T08:00Z,2025-03-04 09:00,110.980
2025-03-04T09:00Z,2025-03-04 10:00,80.020
2025-03-04T10:00Z,2025-03-04 11:00,48.580
2025-03-04T11:00Z,2025-03-04 12:00,20.530
2025-03-04T12:00Z,2025-03-04 13:00,14.340
2025-03-04T13:00Z,2025-03-04 14:00,52.310
2025-03-04T14:00Z,2025-03-04 15:00,81.290
2025-03-04T15:00Z,2025-03-04 16:00,111.150
2025-03-04T16:00Z,2025-03-04 17:00,148.610
2025-03-04T17:00Z,2025-03-04 18:00,180.920
2025-03-04T18:00Z,2025-03-04 19:00,163.670
2025-03-04T19:00Z,2025-03-04 20:00,134.130
2025-03-04T20:00Z,2025-03-04 21:00,114.380
2025-03-04T21:00Z,2025-03-04 22:00,114.410
2025-03-04T22:00Z,2025-03-04 23:00,106.810
2025-03-04T23:00Z,2025-03-05 00:00,90.050
2025-03-05T00:00Z,2025-03-05 01:00,83.070
2025-03-05T01:00Z,2025-03-05 02:00,83.010
2025-03-05T02:00Z,2025-03-05 03:00,79.710
2025-03-05T03:00Z,2025-03-05 04:00,81.630
2025-03-05T04:00Z,2025-03-05 05:00,91.940
2025-03-05T05:00Z,2025-03-05 06:00,115.570
2025-03-05T06:00Z,2025-03-05 07:00,140.160
2025-03-05T07:00Z,2025-03-05 08:00,85.640
2025-03-05T08:00Z,2025-03-05 09:00,41.630
2025-03-05T09:00Z,2025-03-05 10:00,0.020
2025-03-05T10:00Z,2025-03-05 11:00,-0.070
2025-03-05T11:00Z,2025-03-05 12:00,-4.280
2025-03-05T12:00Z,2025-03-05 13:00,-3.700
2025-03-05T13:00Z,2025-03-05 14:00,0.050
2025-03-05T14:00Z,2025-03-05 15:00,48.500
2025-03-05T15:00Z,2025-03-05 16:00,89.890
2025-03-05T16:00Z,2025-03-05 17:00,133.130
2025-03-05T17:00Z,2025-03-05 18:00,146.230
2025-03-05T18:00Z,2025-03-05 19:00,145.890
2025-03-05T19:00Z,2025-03-05 20:00,123.000
2025-03-05T20:00Z,2025-03-05 21:00,108.120
2025-03-05T21:00Z,2025-03-05 22:00,109.120
2025-03-05T22:00Z,2025-03-05 23:00,96.980
2025-03-05T23:00Z,2025-03-06 00:00,83.900
2025-03-06T00:00Z,2025-03-06 01:00,84.840
2025-03-06T01:00Z,2025-03-06 02:00,87.000
2025-03-06T02:00Z,2025-03-06 03:00,88.120
2025-03-06T03:00Z,2025-03-06 04:00,94.560
2025-03-06T04:00Z,2025-03-06 05:00,95.910
2025-03-06T05:00Z,2025-03-06 06:00,139.280
2025-03-06T06:00Z,2025-03-06 07:00,151.320
2025-03-06T07:00Z,2025-03-06 08:00,108.500
2025-03-06T08:00Z,2025-03-06 09:00,78.700
2025-03-06T09:00Z,2025-03-06 10:00,50.470
2025-03-06T10:00Z,2025-03-06 11:00,4.020
2025-03-06T11:00Z,2025-03-06 12:00,0.080
2025-03-06T12:00Z,2025-03-06 13:00,0.020
2025-03-06T13:00Z,2025-03-06 14:00,13.160
2025-03-06T14:00Z,2025-03-06 15:00,71.000
2025-03-06T15:00Z,2025-03-06 16:00,116.520
2025-03-06T16:00Z,2025-03-06 17:00,148.950
2025-03-06T17:00Z,2025-03-06 18:00,165.360
2025-03-06T18:00Z,2025-03-06 19:00,149.100
2025-03-06T19:00Z,2025-03-06 20:00,125.640
2025-03-06T20:00Z,2025-03-06 21:00,106.630
2025-03-06T21:00Z,2025-03-06 22:00,101.470
2025-03-06T22:00Z,2025-03-06 23:00,91.110
2025-03-06T23:00Z,2025-03-07 00:00,90.270
2025-03-07T00:00Z,2025-03-07 01:00,90.270
2025-03-07T01:00Z,2025-03-07 02:00,91.380
2025-03-07T02:00Z,2025-03-07 03:00,91.690
2025-03-07T03:00Z,2025-03-07 04:00,99.000
2025-03-07T04:00Z,2025-03-07 05:00,115.170
2025-03-07T05:00Z,2025-03-07 06:00,135.670
2025-03-07T06:00Z,2025-03-07 07:00,147.700
2025-03-07T07:00Z,2025-03-07 08:00,122.230
2025-03-07T08:00Z,2025-03-07 09:00,83.000
2025-03-07T09:00Z,2025-03-07 10:00,65.300
2025-03-07T10:00Z,2025-03-07 11:00,31.810
2025-03-07T11:00Z,2025-03-07 12:00,12.790
2025-03-07T12:00Z,2025-03-07 13:00,8.080
2025-03-07T13:00Z,2025-03-07 14:00,37.060
2025-03-07T14:00Z,2025-03-07 15:00,90.150
2025-03-07T15:00Z,2025-03-07 16:00,126.990
2025-03-07T16:00Z,2025-03-07 17:00,149.910
2025-03-07T17:00Z,2025-03-07 18:00,216.640
2025-03-07T18:00Z,2025-03-07 19:00,178.680
2025-03-07T19:00Z,2025-03-07 20:00,148.700
2025-03-07T20:00Z,2025-03-07 21:00,132.400
2025-03-07T21:00Z,2025-03-07 22:00,119.110
2025-03-07T22:00Z,2025-03-07 23:00,111.830
2025-03-07T23:00Z,2025-03-08 00:00,124.970
2025-03-08T00:00Z,2025-03-08 01:00,113.940
2025-03-08T01:00Z,2025-03-08 02:00,117.220
2025-03-08T02:00Z,2025-03-08 03:00,116.760
2025-03-08T03:00Z,2025-03-08 04:00,118.420
2025-03-08T04:00Z,2025-03-08 05:00,121.300
2025-03-08T05:00Z,2025-03-08 06:00,127.820
2025-03-08T06:00Z,2025-03-08 07:00,120.590
2025-03-08T07:00Z,2025-03-08 08:00,98.040
2025-03-08T08:00Z,2025-03-08 09:00,72.540
2025-03-08T09:00Z,2025-03-08 10:00,18.050
2025-03-08T10:00Z,2025-03-08 11:00,2.070
2025-03-08T11:00Z,2025-03-08 12:00,-0.340
2025-03-08T12:00Z,2025-03-08 13:00,-0.100
2025-03-08T13:00Z,2025-03-08 14:00,0.070
2025-03-08T14:00Z,2025-03-08 15:00,56.200
2025-03-08T15:00Z,2025-03-08 16:00,100.860
2025-03-08T16:00Z,2025-03-08 17:00,145.580
2025-03-08T17:00Z,2025-03-08 18:00,174.050
2025-03-08T18:00Z,2025-03-08 19:00,140.030
2025-03-08T19:00Z,2025-03-08 20:00,111.210
2025-03-08T20:00Z,2025-03-08 21:00,100.000
2025-03-08T21:00Z,2025-03-08 22:00,99.240
2025-03-08T22:00Z,2025-03-08 23:00,97.940
2025-03-08T23:00Z,2025-03-09 00:00,95.190
2025-03-09T00:00Z,2025-03-09 01:00,94.810
2025-03-09T01:00Z,2025-03-09 02:00,94.440
2025-03-09T02:00Z,2025-03-09 03:00,96.510
2025-03-09T03:00Z,2025-03-09 04:00,98.670
2025-03-09T04:00Z,2025-03-09 05:00,101.510
2025-03-09T05:00Z,2025-03-09 06:00,100.000
2025-03-09T06:00Z,2025-03-09 07:00,93.010
2025-03-09T07:00Z,2025-03-09 08:00,65.400
2025-03-09T08:00Z,2025-03-09 09:00,29.270
2025-03-09T09:00Z,2025-03-09 10:00,10.100
2025-03-09T10:00Z,2025-03-09 11:00,0.030
2025-03-09T11:00Z,2025-03-09 12:00,-2.260
2025-03-09T12:00Z,2025-03-09 13:00,-2.040
2025-03-09T13:00Z,2025-03-09 14:00,0.090
2025-03-09T14:00Z,2025-03-09 15:00,17.390
2025-03-09T15:00Z,2025-03-09 16:00,90.560
2025-03-09T16:00Z,2025-03-09 17:00,125.740
2025-03-09T17:00Z,2025-03-09 18:00,135.370
2025-03-09T18:00Z,2025-03-09 19:00,136.700
2025-03-09T19:00Z,2025-03-09 20:00,130.200
2025-03-09T20:00Z,2025-03-09 21:00,122.700
2025-03-09T21:00Z,2025-03-09 22:00,112.800
2025-03-09T22:00Z,2025-03-09 23:00,106.830
2025-03-09T23:00Z,2025-03-10 00:00,96.830
2025-03-10T00:00Z,2025-03-10 01:00,94.920
2025-03-10T01:00Z,2025-03-10 02:00,96.700
2025-03-10T02:00Z,2025-03-10 03:00,96.870
2025-03-10T03:00Z,2025-03-10 04:00,94.650
2025-03-10T04:00Z,2025-03-10 05:00,106.370
2025-03-10T05:00Z,2025-03-10 06:00,148.490
2025-03-10T06:00Z,2025-03-10 07:00,159.750
2025-03-10T07:00Z,2025-03-10 08:00,133.960
2025-03-10T08:00Z,2025-03-10 09:00,98.880
2025-03-10T09:00Z,2025-03-10 10:00,84.380
2025-03-10T10:00Z,2025-03-10 11:00,77.880
2025-03-10T11:00Z,2025-03-10 12:00,76.020
2025-03-10T12:00Z,2025-03-10 13:00,77.320
2025-03-10T13:00Z,2025-03-10 14:00,83.910
2025-03-10T14:00Z,2025-03-10 15:00,97.470
2025-03-10T15:00Z,2025-03-10 16:00,127.470
2025-03-10T16:00Z,2025-03-10 17:00,147.970
2025-03-10T17:00Z,2025-03-10 18:00,174.920
2025-03-10T18:00Z,2025-03-10 19:00,160.240
2025-03-10T19:00Z,2025-03-10 20:00,142.140
2025-03-10T20:00Z,2025-03-10 21:00,126.590
2025-03-10T21:00Z,2025-03-10 22:00,106.880
2025-03-10T22:00Z,2025-03-10 23:00,97.970
2025-03-10T23:00Z,2025-03-11 00:00,104.390
2025-03-11T00:00Z,2025-03-11 01:00,101.800
2025-03-11T01:00Z,2025-03-11 02:00,99.730
2025-03-11T02:00Z,2025-03-11 03:00,100.500
2025-03-11T03:00Z,2025-03-11 04:00,102.530
2025-03-11T04:00Z,2025-03-11 05:00,110.860
2025-03-11T05:00Z,2025-03-11 06:00,148.040
2025-03-11T06:00Z,2025-03-11 07:00,152.980
2025-03-11T07:00Z,2025-03-11 08:00,146.490
2025-03-11T08:00Z,2025-03-11 09:00,128.530
2025-03-11T09:00Z,2025-03-11 10:00,102.000
2025-03-11T10:00Z,2025-03-11 11:00,97.480
2025-03-11T11:00Z,2025-03-11 12:00,96.440
2025-03-11T12:00Z,2025-03-11 13:00,98.380
2025-03-11T13:00Z,2025-03-11 14:00,102.350
2025-03-11T14:00Z,2025-03-11 15:00,112.840
2025-03-11T15:00Z,2025-03-11 16:00,132.860
2025-03-11T16:00Z,2025-03-11 17:00,171.950
2025-03-11T17:00Z,2025-03-11 18:00,205.020
2025-03-11T18:00Z,2025-03-11 19:00,180.950
2025-03-11T19:00Z,2025-03-11 20:00,149.430
2025-03-11T20:00Z,2025-03-11 21:00,133.000
2025-03-11T21:00Z,2025-03-11 22:00,121.250
2025-03-11T22:00Z,2025-03-11 23:00,107.340
2025-03-11T23:00Z,2025-03-12 00:00,101.730
2025-03-12T00:00Z,2025-03-12 01:00,100.090
2025-03-12T01:00Z,2025-03-12 02:00,97.790
2025-03-12T02:00Z,2025-03-12 03:00,97.380
2025-03-12T03:00Z,2025-03-12 04:00,101.800
2025-03-12T04:00Z,2025-03-12 05:00,110.310
2025-03-12T05:00Z,2025-03-12 06:00,144.540
2025-03-12T06:00Z,2025-03-12 07:00,161.640
2025-03-12T07:00Z,2025-03-12 08:00,148.410
2025-03-12T08:00Z,2025-03-12 09:00,125.000
2025-03-12T09:00Z,2025-03-12 10:00,102.620
2025-03-12T10:00Z,2025-03-12 11:00,99.690
2025-03-12T11:00Z,2025-03-12 12:00,98.070
2025-03-12T12:00Z,2025-03-12 13:00,99.910
2025-03-12T13:00Z,2025-03-12 14:00,101.650
2025-03-12T14:00Z,2025-03-12 15:00,117.740
2025-03-12T15:00Z,2025-03-12 16:00,142.100
2025-03-12T16:00Z,2025-03-12 17:00,157.030
2025-03-12T17:00Z,2025-03-12 18:00,199.750
2025-03-12T18:00Z,2025-03-12 19:00,179.490
2025-03-12T19:00Z,2025-03-12 20:00,148.050
2025-03-12T20:00Z,2025-03-12 21:00,132.200
2025-03-12T21:00Z,2025-03-12 22:00,120.000
2025-03-12T22:00Z,2025-03-12 23:00,109.910
2025-03-12T23:00Z,2025-03-13 00:00,108.520
2025-03-13T00:00Z,2025-03-13 01:00,102.250
2025-03-13T01:00Z,2025-03-13 02:00,98.980
2025-03-13T02:00Z,2025-03-13 03:00,96.710
2025-03-13T03:00Z,2025-03-13 04:00,98.350
2025-03-13T04:00Z,2025-03-13 05:00,105.880
2025-03-13T05:00Z,2025-03-13 06:00,132.990
2025-03-13T06:00Z,2025-03-13 07:00,159.870
2025-03-13T07:00Z,2025-03-13 08:00,158.030
2025-03-13T08:00Z,2025-03-13 09:00,148.130
2025-03-13T09:00Z,2025-03-13 10:00,123.770
2025-03-13T10:00Z,2025-03-13 11:00,110.700
2025-03-13T11:00Z,2025-03-13 12:00,110.010
2025-03-13T12:00Z,2025-03-13 13:00,108.220
2025-03-13T13:00Z,2025-03-13 14:00,107.540
2025-03-13T14:00Z,2025-03-13 15:00,109.990
2025-03-13T15:00Z,2025-03-13 16:00,121.470
2025-03-13T16:00Z,2025-03-13 17:00,142.650
2025-03-13T17:00Z,2025-03-13 18:00,166.050
2025-03-13T18:00Z,2025-03-13 19:00,173.470
2025-03-13T19:00Z,2025-03-13 20:00,149.000
2025-03-13T20:00Z,2025-03-13 21:00,135.690
2025-03-13T21:00Z,2025-03-13 22:00,123.480
2025-03-13T22:00Z,2025-03-13 23:00,111.630
2025-03-13T23:00Z,2025-03-14 00:00,109.090
2025-03-14T00:00Z,2025-03-14 01:00,106.000
2025-03-14T01:00Z,2025-03-14 02:00,105.900
2025-03-14T02:00Z,2025-03-14 03:00,103.830
2025-03-14T03:00Z,2025-03-14 04:00,105.300
2025-03-14T04:00Z,2025-03-14 05:00,113.990
2025-03-14T05:00Z,2025-03-14 06:00,143.020
2025-03-14T06:00Z,2025-03-14 07:00,155.110
2025-03-14T07:00Z,2025-03-14 08:00,155.000
2025-03-14T08:00Z,2025-03-14 09:00,132.090
2025-03-14T09:00Z,2025-03-14 10:00,112.000
2025-03-14T10:00Z,2025-03-14 11:00,106.350
2025-03-14T11:00Z,2025-03-14 12:00,104.500
2025-03-14T12:00Z,2025-03-14 13:00,104.590
2025-03-14T13:00Z,2025-03-14 14:00,105.380
2025-03-14T14:00Z,2025-03-14 15:00,109.390
2025-03-14T15:00Z,2025-03-14 16:00,124.840
2025-03-14T16:00Z,2025-03-14 17:00,146.440
2025-03-14T17:00Z,2025-03-14 18:00,155.330
2025-03-14T18:00Z,2025-03-14 19:00,150.910
2025-03-14T19:00Z,2025-03-14 20:00,130.010
2025-03-14T20:00Z,2025-03-14 21:00,111.390
2025-03-14T21:00Z,2025-03-14 22:00,114.000
2025-03-14T22:00Z,2025-03-14 23:00,105.170
2025-03-14T23:00Z,2025-03-15 00:00,112.150
2025-03-15T00:00Z,2025-03-15 01:00,103.140
2025-03-15T01:00Z,2025-03-15 02:00,96.000
2025-03-15T02:00Z,2025-03-15 03:00,89.900
2025-03-15T03:00Z,2025-03-15 04:00,86.900
2025-03-15T04:00Z,2025-03-15 05:00,90.550
2025-03-15T05:00Z,2025-03-15 06:00,97.010
2025-03-15T06:00Z,2025-03-15 07:00,99.420
2025-03-15T07:00Z,2025-03-15 08:00,98.770
2025-03-15T08:00Z,2025-03-15 09:00,86.400
2025-03-15T09:00Z,2025-03-15 10:00,72.390
2025-03-15T10:00Z,2025-03-15 11:00,67.160
2025-03-15T11:00Z,2025-03-15 12:00,57.320
2025-03-15T12:00Z,2025-03-15 13:00,48.000
2025-03-15T13:00Z,2025-03-15 14:00,54.510
2025-03-15T14:00Z,2025-03-15 15:00,70.800
2025-03-15T15:00Z,2025-03-15 16:00,84.240
2025-03-15T16:00Z,2025-03-15 17:00,121.910
2025-03-15T17:00Z,2025-03-15 18:00,130.300
2025-03-15T18:00Z,2025-03-15 19:00,132.960
2025-03-15T19:00Z,2025-03-15 20:00,121.460
2025-03-15T20:00Z,2025-03-15 21:00,108.500
2025-03-15T21:00Z,2025-03-15 22:00,105.020
2025-03-15T22:00Z,2025-03-15 23:00,95.250
2025-03-15T23:00Z,2025-03-16 00:00,90.010
2025-03-16T00:00Z,2025-03-16 01:00,85.790
2025-03-16T01:00Z,2025-03-16 02:00,79.620
2025-03-16T02:00Z,2025-03-16 03:00,78.180
2025-03-16T03:00Z,2025-03-16 04:00,78.600
2025-03-16T04:00Z,2025-03-16 05:00,80.510
2025-03-16T05:00Z,2025-03-16 06:00,85.140
2025-03-16T06:00Z,2025-03-16 07:00,82.070
2025-03-16T07:00Z,2025-03-16 08:00,77.950
2025-03-16T08:00Z,2025-03-16 09:00,56.900
2025-03-16T09:00Z,2025-03-16 10:00,24.090
2025-03-16T10:00Z,2025-03-16 11:00,2.900
2025-03-16T11:00Z,2025-03-16 12:00,1.010
2025-03-16T12:00Z,2025-03-16 13:00,0.190
2025-03-16T13:00Z,2025-03-16 14:00,2.530
2025-03-16T14:00Z,2025-03-16 15:00,31.000
2025-03-16T15:00Z,2025-03-16 16:00,71.110
2025-03-16T16:00Z,2025-03-16 17:00,116.810
2025-03-16T17:00Z,2025-03-16 18:00,130.840
2025-03-16T18:00Z,2025-03-16 19:00,140.000
2025-03-16T19:00Z,2025-03-16 20:00,125.280
2025-03-16T20:00Z,2025-03-16 21:00,107.730
2025-03-16T21:00Z,2025-03-16 22:00,100.800
2025-03-16T22:00Z,2025-03-16 23:00,79.710
2025-03-16T23:00Z,2025-03-17 00:00,78.100
2025-03-17T00:00Z,2025-03-17 01:00,79.010
2025-03-17T01:00Z,2025-03-17 02:00,78.790
2025-03-17T02:00Z,2025-03-17 03:00,80.910
2025-03-17T03:00Z,2025-03-17 04:00,85.850
2025-03-17T04:00Z,2025-03-17 05:00,103.300
2025-03-17T05:00Z,2025-03-17 06:00,135.180
2025-03-17T06:00Z,2025-03-17 07:00,152.870
2025-03-17T07:00Z,2025-03-17 08:00,135.240
2025-03-17T08:00Z,2025-03-17 09:00,100.730
2025-03-17T09:00Z,2025-03-17 10:00,68.210
2025-03-17T10:00Z,2025-03-17 11:00,50.560
2025-03-17T11:00Z,2025-03-17 12:00,31.170
2025-03-17T12:00Z,2025-03-17 13:00,27.950
2025-03-17T13:00Z,2025-03-17 14:00,50.140
2025-03-17T14:00Z,2025-03-17 15:00,70.010
2025-03-17T15:00Z,2025-03-17 16:00,98.550
2025-03-17T16:00Z,2025-03-17 17:00,143.050
2025-03-17T17:00Z,2025-03-17 18:00,177.330
2025-03-17T18:00Z,2025-03-17 19:00,170.000
2025-03-17T19:00Z,2025-03-17 20:00,141.500
2025-03-17T20:00Z,2025-03-17 21:00,118.850
2025-03-17T21:00Z,2025-03-17 22:00,107.860
2025-03-17T22:00Z,2025-03-17 23:00,93.500
2025-03-17T23:00Z,2025-03-18 00:00,92.200
2025-03-18T00:00Z,2025-03-18 01:00,89.990
2025-03-18T01:00Z,2025-03-18 02:00,92.370
2025-03-18T02:00Z,2025-03-18 03:00,89.200
2025-03-18T03:00Z,2025-03-18 04:00,95.250
2025-03-18T04:00Z,2025-03-18 05:00,110.740
2025-03-18T05:00Z,2025-03-18 06:00,138.900
2025-03-18T06:00Z,2025-03-18 07:00,136.680
2025-03-18T07:00Z,2025-03-18 08:00,106.520
2025-03-18T08:00Z,2025-03-18 09:00,71.530
2025-03-18T09:00Z,2025-03-18 10:00,25.270
2025-03-18T10:00Z,2025-03-18 11:00,0.680
2025-03-18T11:00Z,2025-03-18 12:00,-1.460
2025-03-18T12:00Z,2025-03-18 13:00,-0.300
2025-03-18T13:00Z,2025-03-18 14:00,5.720
2025-03-18T14:00Z,2025-03-18 15:00,50.280
2025-03-18T15:00Z,2025-03-18 16:00,95.940
2025-03-18T16:00Z,2025-03-18 17:00,140.900
2025-03-18T17:00Z,2025-03-18 18:00,170.910
2025-03-18T18:00Z,2025-03-18 19:00,167.460
2025-03-18T19:00Z,2025-03-18 20:00,142.390
2025-03-18T20:00Z,2025-03-18 21:00,123.040
2025-03-18T21:00Z,2025-03-18 22:00,115.970
2025-03-18T22:00Z,2025-03-18 23:00,103.290
2025-03-18T23:00Z,2025-03-19 00:00,107.290
2025-03-19T00:00Z,2025-03-19 01:00,102.400
2025-03-19T01:00Z,2025-03-19 02:00,101.190
2025-03-19T02:00Z,2025-03-19 03:00,102.000
2025-03-19T03:00Z,2025-03-19 04:00,106.590
2025-03-19T04:00Z,2025-03-19 05:00,122.520
2025-03-19T05:00Z,2025-03-19 06:00,158.050
2025-03-19T06:00Z,2025-03-19 07:00,147.740
2025-03-19T07:00Z,2025-03-19 08:00,108.230
2025-03-19T08:00Z,2025-03-19 09:00,79.500
2025-03-19T09:00Z,2025-03-19 10:00,26.520
2025-03-19T10:00Z,2025-03-19 11:00,-0.040
2025-03-19T11:00Z,2025-03-19 12:00,-0.560
2025-03-19T12:00Z,2025-03-19 13:00,-0.250
2025-03-19T13:00Z,2025-03-19 14:00,0.990
2025-03-19T14:00Z,2025-03-19 15:00,66.730
2025-03-19T15:00Z,2025-03-19 16:00,109.850
2025-03-19T16:00Z,2025-03-19 17:00,147.560
2025-03-19T17:00Z,2025-03-19 18:00,248.180
2025-03-19T18:00Z,2025-03-19 19:00,220.300
2025-03-19T19:00Z,2025-03-19 20:00,176.680
2025-03-19T20:00Z,2025-03-19 21:00,138.240
2025-03-19T21:00Z,2025-03-19 22:00,124.450
2025-03-19T22:00Z,2025-03-19 23:00,111.140
2025-03-19T23:00Z,2025-03-20 00:00,117.170
2025-03-20T00:00Z,2025-03-20 01:00,102.860
2025-03-20T01:00Z,2025-03-20 02:00,99.560
2025-03-20T02:00Z,2025-03-20 03:00,100.080
2025-03-20T03:00Z,2025-03-20 04:00,102.830
2025-03-20T04:00Z,2025-03-20 05:00,119.700
2025-03-20T05:00Z,2025-03-20 06:00,144.840
2025-03-20T06:00Z,2025-03-20 07:00,141.210
2025-03-20T07:00Z,2025-03-20 08:00,99.870
2025-03-20T08:00Z,2025-03-20 09:00,79.450
2025-03-20T09:00Z,2025-03-20 10:00,37.510
2025-03-20T10:00Z,2025-03-20 11:00,3.420
2025-03-20T11:00Z,2025-03-20 12:00,0.430
2025-03-20T12:00Z,2025-03-20 13:00,0.650
2025-03-20T13:00Z,2025-03-20 14:00,16.600
2025-03-20T14:00Z,2025-03-20 15:00,79.420
2025-03-20T15:00Z,2025-03-20 16:00,120.760
2025-03-20T16:00Z,2025-03-20 17:00,155.140
2025-03-20T17:00Z,2025-03-20 18:00,280.070
2025-03-20T18:00Z,2025-03-20 19:00,253.850
2025-03-20T19:00Z,2025-03-20 20:00,164.000
2025-03-20T20:00Z,2025-03-20 21:00,136.820
2025-03-20T21:00Z,2025-03-20 22:00,125.030
2025-03-20T22:00Z,2025-03-20 23:00,117.910
2025-03-20T23:00Z,2025-03-21 00:00,125.070
2025-03-21T00:00Z,2025-03-21 01:00,116.410
2025-03-21T01:00Z,2025-03-21 02:00,112.740
2025-03-21T02:00Z,2025-03-21 03:00,105.810
2025-03-21T03:00Z,2025-03-21 04:00,109.100
2025-03-21T04:00Z,2025-03-21 05:00,127.490
2025-03-21T05:00Z,2025-03-21 06:00,156.000
2025-03-21T06:00Z,2025-03-21 07:00,148.270
2025-03-21T07:00Z,2025-03-21 08:00,110.730
2025-03-21T08:00Z,2025-03-21 09:00,73.310
2025-03-21T09:00Z,2025-03-21 10:00,43.250
2025-03-21T10:00Z,2025-03-21 11:00,7.350
2025-03-21T11:00Z,2025-03-21 12:00,0.810
2025-03-21T12:00Z,2025-03-21 13:00,0.000
2025-03-21T13:00Z,2025-03-21 14:00,2.490
2025-03-21T14:00Z,2025-03-21 15:00,12.360
2025-03-21T15:00Z,2025-03-21 16:00,46.220
2025-03-21T16:00Z,2025-03-21 17:00,100.240
2025-03-21T17:00Z,2025-03-21 18:00,120.650
2025-03-21T18:00Z,2025-03-21 19:00,83.500
2025-03-21T19:00Z,2025-03-21 20:00,70.000
2025-03-21T20:00Z,2025-03-21 21:00,47.190
2025-03-21T21:00Z,2025-03-21 22:00,27.130
2025-03-21T22:00Z,2025-03-21 23:00,18.450
2025-03-21T23:00Z,2025-03-22 00:00,26.930
2025-03-22T00:00Z,2025-03-22 01:00,12.570
2025-03-22T01:00Z,2025-03-22 02:00,9.070
2025-03-22T02:00Z,2025-03-22 03:00,6.880
2025-03-22T03:00Z,2025-03-22 04:00,10.120
2025-03-22T04:00Z,2025-03-22 05:00,12.950
2025-03-22T05:00Z,2025-03-22 06:00,13.010
2025-03-22T06:00Z,2025-03-22 07:00,13.040
2025-03-22T07:00Z,2025-03-22 08:00,3.110
2025-03-22T08:00Z,2025-03-22 09:00,0.000
2025-03-22T09:00Z,2025-03-22 10:00,-1.860
2025-03-22T10:00Z,2025-03-22 11:00,-6.310
2025-03-22T11:00Z,2025-03-22 12:00,-15.180
2025-03-22T12:00Z,2025-03-22 13:00,-15.040
2025-03-22T13:00Z,2025-03-22 14:00,-6.790
2025-03-22T14:00Z,2025-03-22 15:00,-1.510
2025-03-22T15:00Z,2025-03-22 16:00,1.010
2025-03-22T16:00Z,2025-03-22 17:00,34.990
2025-03-22T17:00Z,2025-03-22 18:00,60.030
2025-03-22T18:00Z,2025-03-22 19:00,50.950
2025-03-22T19:00Z,2025-03-22 20:00,42.150
2025-03-22T20:00Z,2025-03-22 21:00,36.120
2025-03-22T21:00Z,2025-03-22 22:00,37.140
2025-03-22T22:00Z,2025-03-22 23:00,35.690
2025-03-22T23:00Z,2025-03-23 00:00,13.690
2025-03-23T00:00Z,2025-03-23 01:00,19.010
2025-03-23T01:00Z,2025-03-23 02:00,23.650
2025-03-23T02:00Z,2025-03-23 03:00,23.490
2025-03-23T03:00Z,2025-03-23 04:00,24.820
2025-03-23T04:00Z,2025-03-23 05:00,25.010
2025-03-23T05:00Z,2025-03-23 06:00,24.840
2025-03-23T06:00Z,2025-03-23 07:00,24.260
2025-03-23T07:00Z,2025-03-23 08:00,18.990
2025-03-23T08:00Z,2025-03-23 09:00,23.090
2025-03-23T09:00Z,2025-03-23 10:00,13.780
2025-03-23T10:00Z,2025-03-23 11:00,9.600
2025-03-23T11:00Z,2025-03-23 12:00,13.490
2025-03-23T12:00Z,2025-03-23 13:00,5.010
2025-03-23T13:00Z,2025-03-23 14:00,11.460
2025-03-23T14:00Z,2025-03-23 15:00,42.500
2025-03-23T15:00Z,2025-03-23 16:00,84.420
2025-03-23T16:00Z,2025-03-23 17:00,124.230
2025-03-23T17:00Z,2025-03-23 18:00,140.000
2025-03-23T18:00Z,2025-03-23 19:00,142.510
2025-03-23T19:00Z,2025-03-23 20:00,140.580
2025-03-23T20:00Z,2025-03-23 21:00,130.000
2025-03-23T21:00Z,2025-03-23 22:00,126.470
2025-03-23T22:00Z,2025-03-23 23:00,114.240
2025-03-23T23:00Z,2025-03-24 00:00,110.450
2025-03-24T00:00Z,2025-03-24 01:00,107.290
2025-03-24T01:00Z,2025-03-24 02:00,101.910
2025-03-24T02:00Z,2025-03-24 03:00,98.940
2025-03-24T03:00Z,2025-03-24 04:00,101.990
2025-03-24T04:00Z,2025-03-24 05:00,119.820
2025-03-24T05:00Z,2025-03-24 06:00,141.500
2025-03-24T06:00Z,2025-03-24 07:00,164.280
2025-03-24T07:00Z,2025-03-24 08:00,161.860
2025-03-24T08:00Z,2025-03-24 09:00,135.380
2025-03-24T09:00Z,2025-03-24 10:00,111.160
2025-03-24T10:00Z,2025-03-24 11:00,107.360
2025-03-24T11:00Z,2025-03-24 12:00,100.750
2025-03-24T12:00Z,2025-03-24 13:00,100.870
2025-03-24T13:00Z,2025-03-24 14:00,106.570
2025-03-24T14:00Z,2025-03-24 15:00,115.850
2025-03-24T15:00Z,2025-03-24 16:00,130.950
2025-03-24T16:00Z,2025-03-24 17:00,154.150
2025-03-24T17:00Z,2025-03-24 18:00,211.990
2025-03-24T18:00Z,2025-03-24 19:00,193.000
2025-03-24T19:00Z,2025-03-24 20:00,161.840
2025-03-24T20:00Z,2025-03-24 21:00,138.550
2025-03-24T21:00Z,2025-03-24 22:00,125.580
2025-03-24T22:00Z,2025-03-24 23:00,115.160
2025-03-24T23:00Z,2025-03-25 00:00,102.070
2025-03-25T00:00Z,2025-03-25 01:00,101.760
2025-03-25T01:00Z,2025-03-25 02:00,100.200
2025-03-25T02:00Z,2025-03-25 03:00,102.670
2025-03-25T03:00Z,2025-03-25 04:00,101.960
2025-03-25T04:00Z,2025-03-25 05:00,107.390
2025-03-25T05:00Z,2025-03-25 06:00,136.050
2025-03-25T06:00Z,2025-03-25 07:00,142.130
2025-03-25T07:00Z,2025-03-25 08:00,133.360
2025-03-25T08:00Z,2025-03-25 09:00,106.410
2025-03-25T09:00Z,2025-03-25 10:00,92.030
2025-03-25T10:00Z,2025-03-25 11:00,78.800
2025-03-25T11:00Z,2025-03-25 12:00,68.450
2025-03-25T12:00Z,2025-03-25 13:00,69.230
2025-03-25T13:00Z,2025-03-25 14:00,81.700
2025-03-25T14:00Z,2025-03-25 15:00,95.520
2025-03-25T15:00Z,2025-03-25 16:00,108.840
2025-03-25T16:00Z,2025-03-25 17:00,138.810
2025-03-25T17:00Z,2025-03-25 18:00,161.140
2025-03-25T18:00Z,2025-03-25 19:00,166.360
2025-03-25T19:00Z,2025-03-25 20:00,148.600
2025-03-25T20:00Z,2025-03-25 21:00,122.360
2025-03-25T21:00Z,2025-03-25 22:00,114.830
2025-03-25T22:00Z,2025-03-25 23:00,102.050
2025-03-25T23:00Z,2025-03-26 00:00,101.020
2025-03-26T00:00Z,2025-03-26 01:00,97.960
2025-03-26T01:00Z,2025-03-26 02:00,97.360
2025-03-26T02:00Z,2025-03-26 03:00,97.390
2025-03-26T03:00Z,2025-03-26 04:00,95.720
2025-03-26T04:00Z,2025-03-26 05:00,98.850
2025-03-26T05:00Z,2025-03-26 06:00,128.760
2025-03-26T06:00Z,2025-03-26 07:00,141.950
2025-03-26T07:00Z,2025-03-26 08:00,137.090
2025-03-26T08:00Z,2025-03-26 09:00,111.860
2025-03-26T09:00Z,2025-03-26 10:00,100.000
2025-03-26T10:00Z,2025-03-26 11:00,96.390
2025-03-26T11:00Z,2025-03-26 12:00,94.810
2025-03-26T12:00Z,2025-03-26 13:00,84.500
2025-03-26T13:00Z,2025-03-26 14:00,90.790
2025-03-26T14:00Z,2025-03-26 15:00,94.360
2025-03-26T15:00Z,2025-03-26 16:00,101.450
2025-03-26T16:00Z,2025-03-26 17:00,135.160
2025-03-26T17:00Z,2025-03-26 18:00,162.000
2025-03-26T18:00Z,2025-03-26 19:00,169.540
2025-03-26T19:00Z,2025-03-26 20:00,153.270
2025-03-26T20:00Z,2025-03-26 21:00,129.400
2025-03-26T21:00Z,2025-03-26 22:00,120.270
2025-03-26T22:00Z,2025-03-26 23:00,108.910
2025-03-26T23:00Z,2025-03-27 00:00,104.930
2025-03-27T00:00Z,2025-03-27 01:00,98.980
2025-03-27T01:00Z,2025-03-27 02:00,97.800
2025-03-27T02:00Z,2025-03-27 03:00,98.850
2025-03-27T03:00Z,2025-03-27 04:00,97.070
2025-03-27T04:00Z,2025-03-27 05:00,104.900
2025-03-27T05:00Z,2025-03-27 06:00,129.830
2025-03-27T06:00Z,2025-03-27 07:00,140.000
2025-03-27T07:00Z,2025-03-27 08:00,123.500
2025-03-27T08:00Z,2025-03-27 09:00,89.920
2025-03-27T09:00Z,2025-03-27 10:00,77.610
2025-03-27T10:00Z,2025-03-27 11:00,45.480
2025-03-27T11:00Z,2025-03-27 12:00,24.810
2025-03-27T12:00Z,2025-03-27 13:00,6.670
2025-03-27T13:00Z,2025-03-27 14:00,30.340
2025-03-27T14:00Z,2025-03-27 15:00,74.930
2025-03-27T15:00Z,2025-03-27 16:00,93.740
2025-03-27T16:00Z,2025-03-27 17:00,127.250
2025-03-27T17:00Z,2025-03-27 18:00,157.900
2025-03-27T18:00Z,2025-03-27 19:00,170.700
2025-03-27T19:00Z,2025-03-27 20:00,141.610
2025-03-27T20:00Z,2025-03-27 21:00,124.420
2025-03-27T21:00Z,2025-03-27 22:00,113.100
2025-03-27T22:00Z,2025-03-27 23:00,100.910
2025-03-27T23:00Z,2025-03-28 00:00,90.000
2025-03-28T00:00Z,2025-03-28 01:00,79.380
2025-03-28T01:00Z,2025-03-28 02:00,79.020
2025-03-28T02:00Z,2025-03-28 03:00,79.380
2025-03-28T03:00Z,2025-03-28 04:00,79.840
2025-03-28T04:00Z,2025-03-28 05:00,103.510
2025-03-28T05:00Z,2025-03-28 06:00,128.520
2025-03-28T06:00Z,2025-03-28 07:00,122.200
2025-03-28T07:00Z,2025-03-28 08:00,102.080
2025-03-28T08:00Z,2025-03-28 09:00,75.570
2025-03-28T09:00Z,2025-03-28 10:00,25.770
2025-03-28T10:00Z,2025-03-28 11:00,1.680
2025-03-28T11:00Z,2025-03-28 12:00,-0.010
2025-03-28T12:00Z,2025-03-28 13:00,-0.030
2025-03-28T13:00Z,2025-03-28 14:00,14.480
2025-03-28T14:00Z,2025-03-28 15:00,70.100
2025-03-28T15:00Z,2025-03-28 16:00,104.190
2025-03-28T16:00Z,2025-03-28 17:00,132.000
2025-03-28T17:00Z,2025-03-28 18:00,165.990
2025-03-28T18:00Z,2025-03-28 19:00,165.900
2025-03-28T19:00Z,2025-03-28 20:00,148.030
2025-03-28T20:00Z,2025-03-28 21:00,124.560
2025-03-28T21:00Z,2025-03-28 22:00,117.940
2025-03-28T22:00Z,2025-03-28 23:00,110.120
2025-03-28T23:00Z,2025-03-29 00:00,113.620
2025-03-29T00:00Z,2025-03-29 01:00,103.910
2025-03-29T01:00Z,2025-03-29 02:00,96.540
2025-03-29T02:00Z,2025-03-29 03:00,96.220
2025-03-29T03:00Z,2025-03-29 04:00,96.500
2025-03-29T04:00Z,2025-03-29 05:00,92.740
2025-03-29T05:00Z,2025-03-29 06:00,96.730
2025-03-29T06:00Z,2025-03-29 07:00,98.440
2025-03-29T07:00Z,2025-03-29 08:00,91.860
2025-03-29T08:00Z,2025-03-29 09:00,76.140
2025-03-29T09:00Z,2025-03-29 10:00,65.670
2025-03-29T10:00Z,2025-03-29 11:00,65.340
2025-03-29T11:00Z,2025-03-29 12:00,65.330
2025-03-29T12:00Z,2025-03-29 13:00,2.060
2025-03-29T13:00Z,2025-03-29 14:00,3.940
2025-03-29T14:00Z,2025-03-29 15:00,25.270
2025-03-29T15:00Z,2025-03-29 16:00,66.260
2025-03-29T16:00Z,2025-03-29 17:00,100.100
2025-03-29T17:00Z,2025-03-29 18:00,146.910
2025-03-29T18:00Z,2025-03-29 19:00,152.220
2025-03-29T19:00Z,2025-03-29 20:00,121.070
2025-03-29T20:00Z,2025-03-29 21:00,100.420
2025-03-29T21:00Z,2025-03-29 22:00,82.750
2025-03-29T22:00Z,2025-03-29 23:00,68.270
2025-03-29T23:00Z,2025-03-30 00:00,46.310
2025-03-30T00:00Z,2025-03-30 01:00,15.890
2025-03-30T01:00Z,2025-03-30 03:00,5.100
2025-03-30T02:00Z,2025-03-30 04:00,1.200
2025-03-30T03:00Z,2025-03-30 05:00,0.090
2025-03-30T04:00Z,2025-03-30 06:00,0.030
2025-03-30T05:00Z,2025-03-30 07:00,0.000
2025-03-30T06:00Z,2025-03-30 08:00,-0.010
2025-03-30T07:00Z,2025-03-30 09:00,-0.040
2025-03-30T08:00Z,2025-03-30 10:00,-3.470
2025-03-30T09:00Z,2025-03-30 11:00,-11.340
2025-03-30T10:00Z,2025-03-30 12:00,-18.500
2025-03-30T11:00Z,2025-03-30 13:00,-25.760
2025-03-30T12:00Z,2025-03-30 14:00,-26.070
2025-03-30T13:00Z,2025-03-30 15:00,-12.960
2025-03-30T14:00Z,2025-03-30 16:00,-4.010
2025-03-30T15:00Z,2025-03-30 17:00,-0.010
2025-03-30T16:00Z,2025-03-30 18:00,14.410
2025-03-30T17:00Z,2025-03-30 19:00,60.830
2025-03-30T18:00Z,2025-03-30 20:00,58.860
2025-03-30T19:00Z,2025-03-30 21:00,50.010
2025-03-30T20:00Z,2025-03-30 22:00,61.710
2025-03-30T21:00Z,2025-03-30 23:00,56.440
2025-03-30T22:00Z,2025-03-31 00:00,65.570
2025-03-30T23:00Z,2025-03-31 01:00,63.250
2025-03-31T00:00Z,2025-03-31 02:00,64.410
2025-03-31T01:00Z,2025-03-31 03:00,67.220
2025-03-31T02:00Z,2025-03-31 04:00,68.970
2025-03-31T03:00Z,2025-03-31 05:00,88.000
2025-03-31T04:00Z,2025-03-31 06:00,109.270
2025-03-31T05:00Z,2025-03-31 07:00,143.540
2025-03-31T06:00Z,2025-03-31 08:00,174.230
2025-03-31T07:00Z,2025-03-31 09:00,133.170
2025-03-31T08:00Z,2025-03-31 10:00,110.270
2025-03-31T09:00Z,2025-03-31 11:00,99.040
2025-03-31T10:00Z,2025-03-31 12:00,83.540
2025-03-31T11:00Z,2025-03-31 13:00,74.100
2025-03-31T12:00Z,2025-03-31 14:00,73.580
2025-03-31T13:00Z,2025-03-31 15:00,69.550
2025-03-31T14:00Z,2025-03-31 16:00,76.240
2025-03-31T15:00Z,2025-03-31 17:00,100.830
2025-03-31T16:00Z,2025-03-31 18:00,131.570
2025-03-31T17:00Z,2025-03-31 19:00,183.960
2025-03-31T18:00Z,2025-03-31 20:00,172.730
2025-03-31T19:00Z,2025-03-31 21:00,135.030
2025-03-31T20:00Z,2025-03-31 22:00,115.250
2025-03-31T21:00Z,2025-03-31 23:00,102.340
2025-03-31T22:00Z,2025-04-01 00:00,101.560
2025-03-31T23:00Z,2025-04-01 01:00,95.020
2025-04-01T00:00Z,2025-04-01 02:00,92.910
2025-04-01T01:00Z,2025-04-01 03:00,93.500
2025-04-01T02:00Z,2025-04-01 04:00,91.430
2025-04-01T03:00Z,2025-04-01 05:00,100.710
2025-04-01T04:00Z,2025-04-01 06:00,129.460
2025-04-01T05:00Z,2025-04-01 07:00,179.960
2025-04-01T06:00Z,2025-04-01 08:00,159.370
2025-04-01T07:00Z,2025-04-01 09:00,108.470
2025-04-01T08:00Z,2025-04-01 10:00,86.170
2025-04-01T09:00Z,2025-04-01 11:00,70.260
2025-04-01T10:00Z,2025-04-01 12:00,53.150
2025-04-01T11:00Z,2025-04-01 13:00,11.570
2025-04-01T12:00Z,2025-04-01 14:00,10.890
2025-04-01T13:00Z,2025-04-01 15:00,26.700
2025-04-01T14:00Z,2025-04-01 16:00,65.230
2025-04-01T15:00Z,2025-04-01 17:00,82.800
2025-04-01T16:00Z,2025-04-01 18:00,122.390
2025-04-01T17:00Z,2025-04-01 19:00,155.720
2025-04-01T18:00Z,2025-04-01 20:00,138.000
2025-04-01T19:00Z,2025-04-01 21:00,110.900
2025-04-01T20:00Z,2025-04-01 22:00,95.640
2025-04-01T21:00Z,2025-04-01 23:00,79.450
2025-04-01T22:00Z,2025-04-02 00:00,68.060
2025-04-01T23:00Z,2025-04-02 01:00,66.930
2025-04-02T00:00Z,2025-04-02 02:00,66.800
2025-04-02T01:00Z,2025-04-02 03:00,67.970
2025-04-02T02:00Z,2025-04-02 04:00,68.900
2025-04-02T03:00Z,2025-04-02 05:00,82.180
2025-04-02T04:00Z,2025-04-02 06:00,113.840
2025-04-02T05:00Z,2025-04-02 07:00,150.310
2025-04-02T06:00Z,2025-04-02 08:00,124.700
2025-04-02T07:00Z,2025-04-02 09:00,84.740
2025-04-02T08:00Z,2025-04-02 10:00,48.380
2025-04-02T09:00Z,2025-04-02 11:00,0.000
2025-04-02T10:00Z,2025-04-02 12:00,-4.920
2025-04-02T11:00Z,2025-04-02 13:00,-20.060
2025-04-02T12:00Z,2025-04-02 14:00,-21.020
2025-04-02T13:00Z,2025-04-02 15:00,-10.000
2025-04-02T14:00Z,2025-04-02 16:00,-1.730
2025-04-02T15:00Z,2025-04-02 17:00,15.370
2025-04-02T16:00Z,2025-04-02 18:00,88.840
2025-04-02T17:00Z,2025-04-02 19:00,125.350
2025-04-02T18:00Z,2025-04-02 20:00,114.000
2025-04-02T19:00Z,2025-04-02 21:00,96.070
2025-04-02T20:00Z,2025-04-02 22:00,82.630
2025-04-02T21:00Z,2025-04-02 23:00,71.430
2025-04-02T22:00Z,2025-04-03 00:00,67.000
2025-04-02T23:00Z,2025-04-03 01:00,67.000
2025-04-03T00:00Z,2025-04-03 02:00,67.000
2025-04-03T01:00Z,2025-04-03 03:00,68.950
2025-04-03T02:00Z,2025-04-03 04:00,71.000
2025-04-03T03:00Z,2025-04-03 05:00,86.220
2025-04-03T04:00Z,2025-04-03 06:00,129.710
2025-04-03T05:00Z,2025-04-03 07:00,162.770
2025-04-03T06:00Z,2025-04-03 08:00,133.300
2025-04-03T07:00Z,2025-04-03 09:00,79.110
2025-04-03T08:00Z,2025-04-03 10:00,40.470
2025-04-03T09:00Z,2025-04-03 11:00,-0.160
2025-04-03T10:00Z,2025-04-03 12:00,-1.190
2025-04-03T11:00Z,2025-04-03 13:00,-8.400
2025-04-03T12:00Z,2025-04-03 14:00,-5.850
2025-04-03T13:00Z,2025-04-03 15:00,-0.270
2025-04-03T14:00Z,2025-04-03 16:00,16.090
2025-04-03T15:00Z,2025-04-03 17:00,75.000
2025-04-03T16:00Z,2025-04-03 18:00,138.000
2025-04-03T17:00Z,2025-04-03 19:00,163.480
2025-04-03T18:00Z,2025-04-03 20:00,155.880
2025-04-03T19:00Z,2025-04-03 21:00,137.030
2025-04-03T20:00Z,2025-04-03 22:00,113.210
2025-04-03T21:00Z,2025-04-03 23:00,104.630
2025-04-03T22:00Z,2025-04-04 00:00,108.340
2025-04-03T23:00Z,2025-04-04 01:00,103.040
2025-04-04T00:00Z,2025-04-04 02:00,102.890
2025-04-04T01:00Z,2025-04-04 03:00,103.610
2025-04-04T02:00Z,2025-04-04 04:00,105.950
2025-04-04T03:00Z,2025-04-04 05:00,112.550
2025-04-04T04:00Z,2025-04-04 06:00,152.670
2025-04-04T05:00Z,2025-04-04 07:00,180.170
2025-04-04T06:00Z,2025-04-04 08:00,139.400
2025-04-04T07:00Z,2025-04-04 09:00,95.680
2025-04-04T08:00Z,2025-04-04 10:00,65.000
2025-04-04T09:00Z,2025-04-04 11:00,7.820
2025-04-04T10:00Z,2025-04-04 12:00,0.000
2025-04-04T11:00Z,2025-04-04 13:00,-1.310
2025-04-04T12:00Z,2025-04-04 14:00,-1.210
2025-04-04T13:00Z,2025-04-04 15:00,-0.130
2025-04-04T14:00Z,2025-04-04 16:00,29.700
2025-04-04T15:00Z,2025-04-04 17:00,79.870
2025-04-04T16:00Z,2025-04-04 18:00,126.350
2025-04-04T17:00Z,2025-04-04 19:00,167.640
2025-04-04T18:00Z,2025-04-04 20:00,155.990
2025-04-04T19:00Z,2025-04-04 21:00,120.670
2025-04-04T20:00Z,2025-04-04 22:00,106.150
2025-04-04T21:00Z,2025-04-04 23:00,96.970
2025-04-04T22:00Z,2025-04-05 00:00,109.230
2025-04-04T23:00Z,2025-04-05 01:00,102.760
2025-04-05T00:00Z,2025-04-05 02:00,99.390
2025-04-05T01:00Z,2025-04-05 03:00,99.400
2025-04-05T02:00Z,2025-04-05 04:00,98.310
2025-04-05T03:00Z,2025-04-05 05:00,97.500
2025-04-05T04:00Z,2025-04-05 06:00,102.980
2025-04-05T05:00Z,2025-04-05 07:00,105.900
2025-04-05T06:00Z,2025-04-05 08:00,98.300
2025-04-05T07:00Z,2025-04-05 09:00,57.160
2025-04-05T08:00Z,2025-04-05 10:00,0.660
2025-04-05T09:00Z,2025-04-05 11:00,-0.940
2025-04-05T10:00Z,2025-04-05 12:00,-24.090
2025-04-05T11:00Z,2025-04-05 13:00,-47.730
2025-04-05T12:00Z,2025-04-05 14:00,-49.100
2025-04-05T13:00Z,2025-04-05 15:00,-29.910
2025-04-05T14:00Z,2025-04-05 16:00,-4.300
2025-04-05T15:00Z,2025-04-05 17:00,0.000
2025-04-05T16:00Z,2025-04-05 18:00,70.000
2025-04-05T17:00Z,2025-04-05 19:00,99.400
2025-04-05T18:00Z,2025-04-05 20:00,98.900
2025-04-05T19:00Z,2025-04-05 21:00,84.250
2025-04-05T20:00Z,2025-04-05 22:00,78.990
2025-04-05T21:00Z,2025-04-05 23:00,68.750
2025-04-05T22:00Z,2025-04-06 00:00,70.450
2025-04-05T23:00Z,2025-04-06 01:00,61.000
2025-04-06T00:00Z,2025-04-06 02:00,62.720
2025-04-06T01:00Z,2025-04-06 03:00,68.280
2025-04-06T02:00Z,2025-04-06 04:00,69.950
2025-04-06T03:00Z,2025-04-06 05:00,77.430
2025-04-06T04:00Z,2025-04-06 06:00,76.540
2025-04-06T05:00Z,2025-04-06 07:00,78.110
2025-04-06T06:00Z,2025-04-06 08:00,41.790
2025-04-06T07:00Z,2025-04-06 09:00,0.100
2025-04-06T08:00Z,2025-04-06 10:00,-2.000
2025-04-06T09:00Z,2025-04-06 11:00,-27.560
2025-04-06T10:00Z,2025-04-06 12:00,-60.010
2025-04-06T11:00Z,2025-04-06 13:00,-106.310
2025-04-06T12:00Z,2025-04-06 14:00,-114.570
2025-04-06T13:00Z,2025-04-06 15:00,-70.000
2025-04-06T14:00Z,2025-04-06 16:00,-18.950
2025-04-06T15:00Z,2025-04-06 17:00,1.760
2025-04-06T16:00Z,2025-04-06 18:00,112.410
2025-04-06T17:00Z,2025-04-06 19:00,131.560
2025-04-06T18:00Z,2025-04-06 20:00,132.900
2025-04-06T19:00Z,2025-04-06 21:00,121.380
2025-04-06T20:00Z,2025-04-06 22:00,111.840
2025-04-06T21:00Z,2025-04-06 23:00,100.030
2025-04-06T22:00Z,2025-04-07 00:00,86.710
2025-04-06T23:00Z,2025-04-07 01:00,85.000
2025-04-07T00:00Z,2025-04-07 02:00,81.730
2025-04-07T01:00Z,2025-04-07 03:00,83.530
2025-04-07T02:00Z,2025-04-07 04:00,85.450
2025-04-07T03:00Z,2025-04-07 05:00,98.740
2025-04-07T04:00Z,2025-04-07 06:00,131.100
2025-04-07T05:00Z,2025-04-07 07:00,175.970
2025-04-07T06:00Z,2025-04-07 08:00,144.610
2025-04-07T07:00Z,2025-04-07 09:00,107.100
2025-04-07T08:00Z,2025-04-07 10:00,83.370
2025-04-07T09:00Z,2025-04-07 11:00,65.000
2025-04-07T10:00Z,2025-04-07 12:00,11.800
2025-04-07T11:00Z,2025-04-07 13:00,2.190
2025-04-07T12:00Z,2025-04-07 14:00,3.940
2025-04-07T13:00Z,2025-04-07 15:00,60.980
2025-04-07T14:00Z,2025-04-07 16:00,72.000
2025-04-07T15:00Z,2025-04-07 17:00,102.430
2025-04-07T16:00Z,2025-04-07 18:00,127.600
2025-04-07T17:00Z,2025-04-07 19:00,168.450
2025-04-07T18:00Z,2025-04-07 20:00,165.050
2025-04-07T19:00Z,2025-04-07 21:00,138.200
2025-04-07T20:00Z,2025-04-07 22:00,121.020
2025-04-07T21:00Z,2025-04-07 23:00,105.210
2025-04-07T22:00Z,2025-04-08 00:00,94.930
2025-04-07T23:00Z,2025-04-08 01:00,87.830
2025-04-08T00:00Z,2025-04-08 02:00,89.060
2025-04-08T01:00Z,2025-04-08 03:00,89.900
2025-04-08T02:00Z,2025-04-08 04:00,91.620
2025-04-08T03:00Z,2025-04-08 05:00,105.730
2025-04-08T04:00Z,2025-04-08 06:00,142.970
2025-04-08T05:00Z,2025-04-08 07:00,180.550
2025-04-08T06:00Z,2025-04-08 08:00,136.770
2025-04-08T07:00Z,2025-04-08 09:00,91.300
2025-04-08T08:00Z,2025-04-08 10:00,76.470
2025-04-08T09:00Z,2025-04-08 11:00,61.090
2025-04-08T10:00Z,2025-04-08 12:00,19.570
2025-04-08T11:00Z,2025-04-08 13:00,16.830
2025-04-08T12:00Z,2025-04-08 14:00,28.590
2025-04-08T13:00Z,2025-04-08 15:00,57.470
2025-04-08T14:00Z,2025-04-08 16:00,73.330
2025-04-08T15:00Z,2025-04-08 17:00,90.340
2025-04-08T16:00Z,2025-04-08 18:00,118.260
2025-04-08T17:00Z,2025-04-08 19:00,180.400
2025-04-08T18:00Z,2025-04-08 20:00,171.310
2025-04-08T19:00Z,2025-04-08 21:00,140.000
2025-04-08T20:00Z,2025-04-08 22:00,120.470
2025-04-08T21:00Z,2025-04-08 23:00,105.120
2025-04-08T22:00Z,2025-04-09 00:00,104.990
2025-04-08T23:00Z,2025-04-09 01:00,95.990
2025-04-09T00:00Z,2025-04-09 02:00,94.670
2025-04-09T01:00Z,2025-04-09 03:00,94.450
2025-04-09T02:00Z,2025-04-09 04:00,95.790
2025-04-09T03:00Z,2025-04-09 05:00,109.450
2025-04-09T04:00Z,2025-04-09 06:00,152.680
2025-04-09T05:00Z,2025-04-09 07:00,175.560
2025-04-09T06:00Z,2025-04-09 08:00,131.560
2025-04-09T07:00Z,2025-04-09 09:00,99.510
2025-04-09T08:00Z,2025-04-09 10:00,82.710
2025-04-09T09:00Z,2025-04-09 11:00,59.690
2025-04-09T10:00Z,2025-04-09 12:00,13.610
2025-04-09T11:00Z,2025-04-09 13:00,6.720
2025-04-09T12:00Z,2025-04-09 14:00,13.270
2025-04-09T13:00Z,2025-04-09 15:00,34.870
2025-04-09T14:00Z,2025-04-09 16:00,62.980
2025-04-09T15:00Z,2025-04-09 17:00,83.500
2025-04-09T16:00Z,2025-04-09 18:00,103.480
2025-04-09T17:00Z,2025-04-09 19:00,131.570
2025-04-09T18:00Z,2025-04-09 20:00,138.730
2025-04-09T19:00Z,2025-04-09 21:00,111.230
2025-04-09T20:00Z,2025-04-09 22:00,101.940
2025-04-09T21:00Z,2025-04-09 23:00,98.510
2025-04-09T22:00Z,2025-04-10 00:00,92.900
2025-04-09T23:00Z,2025-04-10 01:00,89.550
2025-04-10T00:00Z,2025-04-10 02:00,88.900
2025-04-10T01:00Z,2025-04-10 03:00,87.920
2025-04-10T02:00Z,2025-04-10 04:00,90.000
2025-04-10T03:00Z,2025-04-10 05:00,97.540
2025-04-10T04:00Z,2025-04-10 06:00,132.440
2025-04-10T05:00Z,2025-04-10 07:00,170.590
2025-04-10T06:00Z,2025-04-10 08:00,135.440
2025-04-10T07:00Z,2025-04-10 09:00,102.400
2025-04-10T08:00Z,2025-04-10 10:00,85.710
2025-04-10T09:00Z,2025-04-10 11:00,66.340
2025-04-10T10:00Z,2025-04-10 12:00,34.950
2025-04-10T11:00Z,2025-04-10 13:00,2.180
2025-04-10T12:00Z,2025-04-10 14:00,0.080
2025-04-10T13:00Z,2025-04-10 15:00,1.180
2025-04-10T14:00Z,2025-04-10 16:00,54.440
2025-04-10T15:00Z,2025-04-10 17:00,70.000
2025-04-10T16:00Z,2025-04-10 18:00,101.680
2025-04-10T17:00Z,2025-04-10 19:00,140.420
2025-04-10T18:00Z,2025-04-10 20:00,137.170
2025-04-10T19:00Z,2025-04-10 21:00,97.560
2025-04-10T20:00Z,2025-04-10 22:00,92.050
2025-04-10T21:00Z,2025-04-10 23:00,81.110
2025-04-10T22:00Z,2025-04-11 00:00,65.320
2025-04-10T23:00Z,2025-04-11 01:00,60.750
2025-04-11T00:00Z,2025-04-11 02:00,58.440
2025-04-11T01:00Z,2025-04-11 03:00,58.430
2025-04-11T02:00Z,2025-04-11 04:00,61.930
2025-04-11T03:00Z,2025-04-11 05:00,71.990
2025-04-11T04:00Z,2025-04-11 06:00,94.200
2025-04-11T05:00Z,2025-04-11 07:00,111.400
2025-04-11T06:00Z,2025-04-11 08:00,85.900
2025-04-11T07:00Z,2025-04-11 09:00,58.890
2025-04-11T08:00Z,2025-04-11 10:00,11.310
2025-04-11T09:00Z,2025-04-11 11:00,0.000
2025-04-11T10:00Z,2025-04-11 12:00,-3.000
2025-04-11T11:00Z,2025-04-11 13:00,-4.990
2025-04-11T12:00Z,2025-04-11 14:00,-3.610
2025-04-11T13:00Z,2025-04-11 15:00,-0.100
2025-04-11T14:00Z,2025-04-11 16:00,0.000
2025-04-11T15:00Z,2025-04-11 17:00,70.150
2025-04-11T16:00Z,2025-04-11 18:00,110.690
2025-04-11T17:00Z,2025-04-11 19:00,133.400
2025-04-11T18:00Z,2025-04-11 20:00,155.000
2025-04-11T19:00Z,2025-04-11 21:00,130.460
2025-04-11T20:00Z,2025-04-11 22:00,119.100
2025-04-11T21:00Z,2025-04-11 23:00,105.490
2025-04-11T22:00Z,2025-04-12 00:00,107.840
2025-04-11T23:00Z,2025-04-12 01:00,104.410
2025-04-12T00:00Z,2025-04-12 02:00,100.930
2025-04-12T01:00Z,2025-04-12 03:00,98.150
2025-04-12T02:00Z,2025-04-12 04:00,98.990
2025-04-12T03:00Z,2025-04-12 05:00,99.080
2025-04-12T04:00Z,2025-04-12 06:00,104.420
2025-04-12T05:00Z,2025-04-12 07:00,99.740
2025-04-12T06:00Z,2025-04-12 08:00,95.490
2025-04-12T07:00Z,2025-04-12 09:00,67.260
2025-04-12T08:00Z,2025-04-12 10:00,20.190
2025-04-12T09:00Z,2025-04-12 11:00,0.000
2025-04-12T10:00Z,2025-04-12 12:00,-9.230
2025-04-12T11:00Z,2025-04-12 13:00,-40.040
2025-04-12T12:00Z,2025-04-12 14:00,-42.010
2025-04-12T13:00Z,2025-04-12 15:00,-18.680
2025-04-12T14:00Z,2025-04-12 16:00,-0.080
2025-04-12T15:00Z,2025-04-12 17:00,59.470
2025-04-12T16:00Z,2025-04-12 18:00,111.310
2025-04-12T17:00Z,2025-04-12 19:00,150.060
2025-04-12T18:00Z,2025-04-12 20:00,120.890
2025-04-12T19:00Z,2025-04-12 21:00,91.000
2025-04-12T20:00Z,2025-04-12 22:00,86.270
2025-04-12T21:00Z,2025-04-12 23:00,64.270
2025-04-12T22:00Z,2025-04-13 00:00,63.990
2025-04-12T23:00Z,2025-04-13 01:00,56.000
2025-04-13T00:00Z,2025-04-13 02:00,42.360
2025-04-13T01:00Z,2025-04-13 03:00,29.500
2025-04-13T02:00Z,2025-04-13 04:00,32.060
2025-04-13T03:00Z,2025-04-13 05:00,34.480
2025-04-13T04:00Z,2025-04-13 06:00,29.410
2025-04-13T05:00Z,2025-04-13 07:00,27.750
2025-04-13T06:00Z,2025-04-13 08:00,12.870
2025-04-13T07:00Z,2025-04-13 09:00,8.430
2025-04-13T08:00Z,2025-04-13 10:00,0.000
2025-04-13T09:00Z,2025-04-13 11:00,-0.020
2025-04-13T10:00Z,2025-04-13 12:00,-3.020
2025-04-13T11:00Z,2025-04-13 13:00,-18.840
2025-04-13T12:00Z,2025-04-13 14:00,-25.380
2025-04-13T13:00Z,2025-04-13 15:00,-9.930
2025-04-13T14:00Z,2025-04-13 16:00,-0.010
2025-04-13T15:00Z,2025-04-13 17:00,17.560
2025-04-13T16:00Z,2025-04-13 18:00,98.630
2025-04-13T17:00Z,2025-04-13 19:00,120.650
2025-04-13T18:00Z,2025-04-13 20:00,118.010
2025-04-13T19:00Z,2025-04-13 21:00,108.060
2025-04-13T20:00Z,2025-04-13 22:00,103.350
2025-04-13T21:00Z,2025-04-13 23:00,94.980
2025-04-13T22:00Z,2025-04-14 00:00,87.560
2025-04-13T23:00Z,2025-04-14 01:00,82.690
2025-04-14T00:00Z,2025-04-14 02:00,82.110
2025-04-14T01:00Z,2025-04-14 03:00,82.290
2025-04-14T02:00Z,2025-04-14 04:00,84.520
2025-04-14T03:00Z,2025-04-14 05:00,97.100
2025-04-14T04:00Z,2025-04-14 06:00,124.340
2025-04-14T05:00Z,2025-04-14 07:00,152.030
2025-04-14T06:00Z,2025-04-14 08:00,143.700
2025-04-14T07:00Z,2025-04-14 09:00,104.700
2025-04-14T08:00Z,2025-04-14 10:00,91.020
2025-04-14T09:00Z,2025-04-14 11:00,77.070
2025-04-14T10:00Z,2025-04-14 12:00,62.350
2025-04-14T11:00Z,2025-04-14 13:00,61.640
2025-04-14T12:00Z,2025-04-14 14:00,64.360
2025-04-14T13:00Z,2025-04-14 15:00,75.290
2025-04-14T14:00Z,2025-04-14 16:00,84.600
2025-04-14T15:00Z,2025-04-14 17:00,97.020
2025-04-14T16:00Z,2025-04-14 18:00,119.350
2025-04-14T17:00Z,2025-04-14 19:00,180.000
2025-04-14T18:00Z,2025-04-14 20:00,140.610
2025-04-14T19:00Z,2025-04-14 21:00,102.830
2025-04-14T20:00Z,2025-04-14 22:00,82.590
2025-04-14T21:00Z,2025-04-14 23:00,76.000
2025-04-14T22:00Z,2025-04-15 00:00,72.930
2025-04-14T23:00Z,2025-04-15 01:00,73.200
2025-04-15T00:00Z,2025-04-15 02:00,67.380
2025-04-15T01:00Z,2025-04-15 03:00,64.290
2025-04-15T02:00Z,2025-04-15 04:00,66.300
2025-04-15T03:00Z,2025-04-15 05:00,70.420
2025-04-15T04:00Z,2025-04-15 06:00,83.030
2025-04-15T05:00Z,2025-04-15 07:00,96.990
2025-04-15T06:00Z,2025-04-15 08:00,98.560
2025-04-15T07:00Z,2025-04-15 09:00,65.000
2025-04-15T08:00Z,2025-04-15 10:00,48.930
2025-04-15T09:00Z,2025-04-15 11:00,2.920
2025-04-15T10:00Z,2025-04-15 12:00,0.080
2025-04-15T11:00Z,2025-04-15 13:00,0.000
2025-04-15T12:00Z,2025-04-15 14:00,0.100
2025-04-15T13:00Z,2025-04-15 15:00,29.270
2025-04-15T14:00Z,2025-04-15 16:00,68.080
2025-04-15T15:00Z,2025-04-15 17:00,86.570
2025-04-15T16:00Z,2025-04-15 18:00,105.280
2025-04-15T17:00Z,2025-04-15 19:00,133.580
2025-04-15T18:00Z,2025-04-15 20:00,141.540
2025-04-15T19:00Z,2025-04-15 21:00,110.580
2025-04-15T20:00Z,2025-04-15 22:00,102.210
2025-04-15T21:00Z,2025-04-15 23:00,93.760
2025-04-15T22:00Z,2025-04-16 00:00,88.010
2025-04-15T23:00Z,2025-04-16 01:00,82.040
2025-04-16T00:00Z,2025-04-16 02:00,82.200
2025-04-16T01:00Z,2025-04-16 03:00,81.400
2025-04-16T02:00Z,2025-04-16 04:00,82.990
2025-04-16T03:00Z,2025-04-16 05:00,99.400
2025-04-16T04:00Z,2025-04-16 06:00,121.000
2025-04-16T05:00Z,2025-04-16 07:00,135.140
2025-04-16T06:00Z,2025-04-16 08:00,109.940
2025-04-16T07:00Z,2025-04-16 09:00,94.820
2025-04-16T08:00Z,2025-04-16 10:00,79.750
2025-04-16T09:00Z,2025-04-16 11:00,64.080
2025-04-16T10:00Z,2025-04-16 12:00,35.300
2025-04-16T11:00Z,2025-04-16 13:00,22.400
2025-04-16T12:00Z,2025-04-16 14:00,24.940
2025-04-16T13:00Z,2025-04-16 15:00,55.000
2025-04-16T14:00Z,2025-04-16 16:00,68.000
2025-04-16T15:00Z,2025-04-16 17:00,93.160
2025-04-16T16:00Z,2025-04-16 18:00,118.000
2025-04-16T17:00Z,2025-04-16 19:00,146.520
2025-04-16T18:00Z,2025-04-16 20:00,136.480
2025-04-16T19:00Z,2025-04-16 21:00,121.000
2025-04-16T20:00Z,2025-04-16 22:00,109.690
2025-04-16T21:00Z,2025-04-16 23:00,98.590
2025-04-16T22:00Z,2025-04-17 00:00,88.990
2025-04-16T23:00Z,2025-04-17 01:00,83.990
2025-04-17T00:00Z,2025-04-17 02:00,81.670
2025-04-17T01:00Z,2025-04-17 03:00,80.070
2025-04-17T02:00Z,2025-04-17 04:00,81.280
2025-04-17T03:00Z,2025-04-17 05:00,87.430
2025-04-17T04:00Z,2025-04-17 06:00,108.020
2025-04-17T05:00Z,2025-04-17 07:00,122.800
2025-04-17T06:00Z,2025-04-17 08:00,130.000
2025-04-17T07:00Z,2025-04-17 09:00,121.000
2025-04-17T08:00Z,2025-04-17 10:00,110.000
2025-04-17T09:00Z,2025-04-17 11:00,95.030
2025-04-17T10:00Z,2025-04-17 12:00,80.840
2025-04-17T11:00Z,2025-04-17 13:00,81.040
2025-04-17T12:00Z,2025-04-17 14:00,77.750
2025-04-17T13:00Z,2025-04-17 15:00,77.650
2025-04-17T14:00Z,2025-04-17 16:00,83.870
2025-04-17T15:00Z,2025-04-17 17:00,97.630
2025-04-17T16:00Z,2025-04-17 18:00,112.650
2025-04-17T17:00Z,2025-04-17 19:00,129.000
2025-04-17T18:00Z,2025-04-17 20:00,122.790
2025-04-17T19:00Z,2025-04-17 21:00,114.760
2025-04-17T20:00Z,2025-04-17 22:00,98.900
2025-04-17T21:00Z,2025-04-17 23:00,96.520
2025-04-17T22:00Z,2025-04-18 00:00,91.000
2025-04-17T23:00Z,2025-04-18 01:00,81.300
2025-04-18T00:00Z,2025-04-18 02:00,79.120
2025-04-18T01:00Z,2025-04-18 03:00,77.940
2025-04-18T02:00Z,2025-04-18 04:00,76.340
2025-04-18T03:00Z,2025-04-18 05:00,76.350
2025-04-18T04:00Z,2025-04-18 06:00,79.390
2025-04-18T05:00Z,2025-04-18 07:00,87.980
2025-04-18T06:00Z,2025-04-18 08:00,91.250
2025-04-18T07:00Z,2025-04-18 09:00,90.140
2025-04-18T08:00Z,2025-04-18 10:00,88.300
2025-04-18T09:00Z,2025-04-18 11:00,83.280
2025-04-18T10:00Z,2025-04-18 12:00,75.030
2025-04-18T11:00Z,2025-04-18 13:00,63.750
2025-04-18T12:00Z,2025-04-18 14:00,62.640
2025-04-18T13:00Z,2025-04-18 15:00,65.360
2025-04-18T14:00Z,2025-04-18 16:00,76.610
2025-04-18T15:00Z,2025-04-18 17:00,88.640
2025-04-18T16:00Z,2025-04-18 18:00,103.500
2025-04-18T17:00Z,2025-04-18 19:00,123.120
2025-04-18T18:00Z,2025-04-18 20:00,126.520
2025-04-18T19:00Z,2025-04-18 21:00,116.520
2025-04-18T20:00Z,2025-04-18 22:00,106.350
2025-04-18T21:00Z,2025-04-18 23:00,99.120
2025-04-18T22:00Z,2025-04-19 00:00,89.320
2025-04-18T23:00Z,2025-04-19 01:00,80.010
2025-04-19T00:00Z,2025-04-19 02:00,84.450
2025-04-19T01:00Z,2025-04-19 03:00,82.390
2025-04-19T02:00Z,2025-04-19 04:00,84.980
2025-04-19T03:00Z,2025-04-19 05:00,90.620
2025-04-19T04:00Z,2025-04-19 06:00,95.200
2025-04-19T05:00Z,2025-04-19 07:00,91.670
2025-04-19T06:00Z,2025-04-19 08:00,83.890
2025-04-19T07:00Z,2025-04-19 09:00,76.430
2025-04-19T08:00Z,2025-04-19 10:00,29.990
2025-04-19T09:00Z,2025-04-19 11:00,4.540
2025-04-19T10:00Z,2025-04-19 12:00,0.000
2025-04-19T11:00Z,2025-04-19 13:00,-3.010
2025-04-19T12:00Z,2025-04-19 14:00,-7.260
2025-04-19T13:00Z,2025-04-19 15:00,-0.860
2025-04-19T14:00Z,2025-04-19 16:00,0.200
2025-04-19T15:00Z,2025-04-19 17:00,64.010
2025-04-19T16:00Z,2025-04-19 18:00,102.770
2025-04-19T17:00Z,2025-04-19 19:00,126.840
2025-04-19T18:00Z,2025-04-19 20:00,142.710
2025-04-19T19:00Z,2025-04-19 21:00,127.360
2025-04-19T20:00Z,2025-04-19 22:00,109.550
2025-04-19T21:00Z,2025-04-19 23:00,98.270
2025-04-19T22:00Z,2025-04-20 00:00,100.410
2025-04-19T23:00Z,2025-04-20 01:00,94.900
2025-04-20T00:00Z,2025-04-20 02:00,98.980
2025-04-20T01:00Z,2025-04-20 03:00,97.410
2025-04-20T02:00Z,2025-04-20 04:00,98.830
2025-04-20T03:00Z,2025-04-20 05:00,108.640
2025-04-20T04:00Z,2025-04-20 06:00,109.380
2025-04-20T05:00Z,2025-04-20 07:00,94.320
2025-04-20T06:00Z,2025-04-20 08:00,68.600
2025-04-20T07:00Z,2025-04-20 09:00,18.630
2025-04-20T08:00Z,2025-04-20 10:00,0.000
2025-04-20T09:00Z,2025-04-20 11:00,-5.720
2025-04-20T10:00Z,2025-04-20 12:00,-34.990
2025-04-20T11:00Z,2025-04-20 13:00,-52.420
2025-04-20T12:00Z,2025-04-20 14:00,-40.050
2025-04-20T13:00Z,2025-04-20 15:00,-4.760
2025-04-20T14:00Z,2025-04-20 16:00,0.000
2025-04-20T15:00Z,2025-04-20 17:00,72.420
2025-04-20T16:00Z,2025-04-20 18:00,106.810
2025-04-20T17:00Z,2025-04-20 19:00,119.940
2025-04-20T18:00Z,2025-04-20 20:00,144.950
2025-04-20T19:00Z,2025-04-20 21:00,137.560
2025-04-20T20:00Z,2025-04-20 22:00,121.820
2025-04-20T21:00Z,2025-04-20 23:00,110.680
2025-04-20T22:00Z,2025-04-21 00:00,108.580
2025-04-20T23:00Z,2025-04-21 01:00,97.590
2025-04-21T00:00Z,2025-04-21 02:00,96.470
2025-04-21T01:00Z,2025-04-21 03:00,96.840
2025-04-21T02:00Z,2025-04-21 04:00,97.980
2025-04-21T03:00Z,2025-04-21 05:00,98.540
2025-04-21T04:00Z,2025-04-21 06:00,97.070
2025-04-21T05:00Z,2025-04-21 07:00,91.310
2025-04-21T06:00Z,2025-04-21 08:00,88.500
2025-04-21T07:00Z,2025-04-21 09:00,87.990
2025-04-21T08:00Z,2025-04-21 10:00,65.240
2025-04-21T09:00Z,2025-04-21 11:00,33.880
2025-04-21T10:00Z,2025-04-21 12:00,17.190
2025-04-21T11:00Z,2025-04-21 13:00,8.910
2025-04-21T12:00Z,2025-04-21 14:00,8.430
2025-04-21T13:00Z,2025-04-21 15:00,10.010
2025-04-21T14:00Z,2025-04-21 16:00,50.050
2025-04-21T15:00Z,2025-04-21 17:00,88.770
2025-04-21T16:00Z,2025-04-21 18:00,101.950
2025-04-21T17:00Z,2025-04-21 19:00,121.950
2025-04-21T18:00Z,2025-04-21 20:00,139.140
2025-04-21T19:00Z,2025-04-21 21:00,132.100
2025-04-21T20:00Z,2025-04-21 22:00,122.770
2025-04-21T21:00Z,2025-04-21 23:00,106.540
2025-04-21T22:00Z,2025-04-22 00:00,96.210
2025-04-21T23:00Z,2025-04-22 01:00,88.800
2025-04-22T00:00Z,2025-04-22 02:00,87.400
2025-04-22T01:00Z,2025-04-22 03:00,85.010
2025-04-22T02:00Z,2025-04-22 04:00,84.580
2025-04-22T03:00Z,2025-04-22 05:00,97.390
2025-04-22T04:00Z,2025-04-22 06:00,120.760
2025-04-22T05:00Z,2025-04-22 07:00,151.540
2025-04-22T06:00Z,2025-04-22 08:00,147.000
2025-04-22T07:00Z,2025-04-22 09:00,111.880
2025-04-22T08:00Z,2025-04-22 10:00,95.200
2025-04-22T09:00Z,2025-04-22 11:00,89.970
2025-04-22T10:00Z,2025-04-22 12:00,79.920
2025-04-22T11:00Z,2025-04-22 13:00,67.660
2025-04-22T12:00Z,2025-04-22 14:00,71.470
2025-04-22T13:00Z,2025-04-22 15:00,78.450
2025-04-22T14:00Z,2025-04-22 16:00,83.070
2025-04-22T15:00Z,2025-04-22 17:00,100.040
2025-04-22T16:00Z,2025-04-22 18:00,122.380
2025-04-22T17:00Z,2025-04-22 19:00,192.320
2025-04-22T18:00Z,2025-04-22 20:00,263.200
2025-04-22T19:00Z,2025-04-22 21:00,157.280
2025-04-22T20:00Z,2025-04-22 22:00,122.280
2025-04-22T21:00Z,2025-04-22 23:00,109.600
2025-04-22T22:00Z,2025-04-23 00:00,106.720
2025-04-22T23:00Z,2025-04-23 01:00,99.400
2025-04-23T00:00Z,2025-04-23 02:00,96.840
2025-04-23T01:00Z,2025-04-23 03:00,96.700
2025-04-23T02:00Z,2025-04-23 04:00,101.200
2025-04-23T03:00Z,2025-04-23 05:00,108.230
2025-04-23T04:00Z,2025-04-23 06:00,137.090
2025-04-23T05:00Z,2025-04-23 07:00,152.000
2025-04-23T06:00Z,2025-04-23 08:00,128.840
2025-04-23T07:00Z,2025-04-23 09:00,100.000
2025-04-23T08:00Z,2025-04-23 10:00,92.000
2025-04-23T09:00Z,2025-04-23 11:00,94.390
2025-04-23T10:00Z,2025-04-23 12:00,81.040
2025-04-23T11:00Z,2025-04-23 13:00,80.290
2025-04-23T12:00Z,2025-04-23 14:00,88.000
2025-04-23T13:00Z,2025-04-23 15:00,92.350
2025-04-23T14:00Z,2025-04-23 16:00,99.050
2025-04-23T15:00Z,2025-04-23 17:00,108.280
2025-04-23T16:00Z,2025-04-23 18:00,128.900
2025-04-23T17:00Z,2025-04-23 19:00,155.970
2025-04-23T18:00Z,2025-04-23 20:00,148.670
2025-04-23T19:00Z,2025-04-23 21:00,126.110
2025-04-23T20:00Z,2025-04-23 22:00,108.200
2025-04-23T21:00Z,2025-04-23 23:00,97.150
2025-04-23T22:00Z,2025-04-24 00:00,94.170
2025-04-23T23:00Z,2025-04-24 01:00,88.300
2025-04-24T00:00Z,2025-04-24 02:00,86.700
2025-04-24T01:00Z,2025-04-24 03:00,85.650
2025-04-24T02:00Z,2025-04-24 04:00,84.350
2025-04-24T03:00Z,2025-04-24 05:00,90.930
2025-04-24T04:00Z,2025-04-24 06:00,110.340
2025-04-24T05:00Z,2025-04-24 07:00,118.510
2025-04-24T06:00Z,2025-04-24 08:00,117.650
2025-04-24T07:00Z,2025-04-24 09:00,108.910
2025-04-24T08:00Z,2025-04-24 10:00,96.670
2025-04-24T09:00Z,2025-04-24 11:00,93.550
2025-04-24T10:00Z,2025-04-24 12:00,81.560
2025-04-24T11:00Z,2025-04-24 13:00,78.950
2025-04-24T12:00Z,2025-04-24 14:00,78.040
2025-04-24T13:00Z,2025-04-24 15:00,78.720
2025-04-24T14:00Z,2025-04-24 16:00,83.370
2025-04-24T15:00Z,2025-04-24 17:00,95.360
2025-04-24T16:00Z,2025-04-24 18:00,101.020
2025-04-24T17:00Z,2025-04-24 19:00,114.640
2025-04-24T18:00Z,2025-04-24 20:00,121.610
2025-04-24T19:00Z,2025-04-24 21:00,114.480
2025-04-24T20:00Z,2025-04-24 22:00,106.530
2025-04-24T21:00Z,2025-04-24 23:00,93.100
2025-04-24T22:00Z,2025-04-25 00:00,91.030
2025-04-24T23:00Z,2025-04-25 01:00,82.920
2025-04-25T00:00Z,2025-04-25 02:00,82.230
2025-04-25T01:00Z,2025-04-25 03:00,83.400
2025-04-25T02:00Z,2025-04-25 04:00,84.950
2025-04-25T03:00Z,2025-04-25 05:00,94.640
2025-04-25T04:00Z,2025-04-25 06:00,104.410
2025-04-25T05:00Z,2025-04-25 07:00,113.390
2025-04-25T06:00Z,2025-04-25 08:00,111.000
2025-04-25T07:00Z,2025-04-25 09:00,99.410
2025-04-25T08:00Z,2025-04-25 10:00,88.170
2025-04-25T09:00Z,2025-04-25 11:00,75.450
2025-04-25T10:00Z,2025-04-25 12:00,66.610
2025-04-25T11:00Z,2025-04-25 13:00,48.030
2025-04-25T12:00Z,2025-04-25 14:00,40.990
2025-04-25T13:00Z,2025-04-25 15:00,59.470
2025-04-25T14:00Z,2025-04-25 16:00,73.040
2025-04-25T15:00Z,2025-04-25 17:00,84.190
2025-04-25T16:00Z,2025-04-25 18:00,99.430
2025-04-25T17:00Z,2025-04-25 19:00,115.990
2025-04-25T18:00Z,2025-04-25 20:00,123.780
2025-04-25T19:00Z,2025-04-25 21:00,109.630
2025-04-25T20:00Z,2025-04-25 22:00,100.370
2025-04-25T21:00Z,2025-04-25 23:00,92.090
2025-04-25T22:00Z,2025-04-26 00:00,100.000
2025-04-25T23:00Z,2025-04-26 01:00,92.190
2025-04-26T00:00Z,2025-04-26 02:00,91.020
2025-04-26T01:00Z,2025-04-26 03:00,89.660
2025-04-26T02:00Z,2025-04-26 04:00,89.010
2025-04-26T03:00Z,2025-04-26 05:00,90.860
2025-04-26T04:00Z,2025-04-26 06:00,93.010
2025-04-26T05:00Z,2025-04-26 07:00,86.330
2025-04-26T06:00Z,2025-04-26 08:00,72.190
2025-04-26T07:00Z,2025-04-26 09:00,34.450
2025-04-26T08:00Z,2025-04-26 10:00,2.550
2025-04-26T09:00Z,2025-04-26 11:00,-0.010
2025-04-26T10:00Z,2025-04-26 12:00,-7.630
2025-04-26T11:00Z,2025-04-26 13:00,-14.850
2025-04-26T12:00Z,2025-04-26 14:00,-10.770
2025-04-26T13:00Z,2025-04-26 15:00,-2.190
2025-04-26T14:00Z,2025-04-26 16:00,-0.020
2025-04-26T15:00Z,2025-04-26 17:00,30.990
2025-04-26T16:00Z,2025-04-26 18:00,79.000
2025-04-26T17:00Z,2025-04-26 19:00,99.810
2025-04-26T18:00Z,2025-04-26 20:00,107.400
2025-04-26T19:00Z,2025-04-26 21:00,96.850
2025-04-26T20:00Z,2025-04-26 22:00,85.260
2025-04-26T21:00Z,2025-04-26 23:00,72.310
2025-04-26T22:00Z,2025-04-27 00:00,67.710
2025-04-26T23:00Z,2025-04-27 01:00,62.910
2025-04-27T00:00Z,2025-04-27 02:00,57.960
2025-04-27T01:00Z,2025-04-27 03:00,59.120
2025-04-27T02:00Z,2025-04-27 04:00,61.940
2025-04-27T03:00Z,2025-04-27 05:00,69.050
2025-04-27T04:00Z,2025-04-27 06:00,69.140
2025-04-27T05:00Z,2025-04-27 07:00,63.720
2025-04-27T06:00Z,2025-04-27 08:00,34.950
2025-04-27T07:00Z,2025-04-27 09:00,0.040
2025-04-27T08:00Z,2025-04-27 10:00,-3.000
2025-04-27T09:00Z,2025-04-27 11:00,-33.880
2025-04-27T10:00Z,2025-04-27 12:00,-101.040
2025-04-27T11:00Z,2025-04-27 13:00,-129.810
2025-04-27T12:00Z,2025-04-27 14:00,-116.610
2025-04-27T13:00Z,2025-04-27 15:00,-50.000
2025-04-27T14:00Z,2025-04-27 16:00,-5.170
2025-04-27T15:00Z,2025-04-27 17:00,18.350
2025-04-27T16:00Z,2025-04-27 18:00,91.980
2025-04-27T17:00Z,2025-04-27 19:00,110.830
2025-04-27T18:00Z,2025-04-27 20:00,124.230
2025-04-27T19:00Z,2025-04-27 21:00,109.240
2025-04-27T20:00Z,2025-04-27 22:00,99.000
2025-04-27T21:00Z,2025-04-27 23:00,93.770
2025-04-27T22:00Z,2025-04-28 00:00,92.240
2025-04-27T23:00Z,2025-04-28 01:00,86.490
2025-04-28T00:00Z,2025-04-28 02:00,83.100
2025-04-28T01:00Z,2025-04-28 03:00,85.410
2025-04-28T02:00Z,2025-04-28 04:00,91.190
2025-04-28T03:00Z,2025-04-28 05:00,99.490
2025-04-28T04:00Z,2025-04-28 06:00,140.000
2025-04-28T05:00Z,2025-04-28 07:00,131.090
2025-04-28T06:00Z,2025-04-28 08:00,96.850
2025-04-28T07:00Z,2025-04-28 09:00,67.370
2025-04-28T08:00Z,2025-04-28 10:00,10.030
2025-04-28T09:00Z,2025-04-28 11:00,-0.010
2025-04-28T10:00Z,2025-04-28 12:00,-4.020
2025-04-28T11:00Z,2025-04-28 13:00,-5.900
2025-04-28T12:00Z,2025-04-28 14:00,-6.180
2025-04-28T13:00Z,2025-04-28 15:00,-1.540
2025-04-28T14:00Z,2025-04-28 16:00,2.010
2025-04-28T15:00Z,2025-04-28 17:00,71.830
2025-04-28T16:00Z,2025-04-28 18:00,101.920
2025-04-28T17:00Z,2025-04-28 19:00,149.900
2025-04-28T18:00Z,2025-04-28 20:00,194.810
2025-04-28T19:00Z,2025-04-28 21:00,128.830
2025-04-28T20:00Z,2025-04-28 22:00,106.240
2025-04-28T21:00Z,2025-04-28 23:00,96.830
2025-04-28T22:00Z,2025-04-29 00:00,90.640
2025-04-28T23:00Z,2025-04-29 01:00,86.860
2025-04-29T00:00Z,2025-04-29 02:00,81.760
2025-04-29T01:00Z,2025-04-29 03:00,79.170
2025-04-29T02:00Z,2025-04-29 04:00,80.030
2025-04-29T03:00Z,2025-04-29 05:00,90.570
2025-04-29T04:00Z,2025-04-29 06:00,107.000
2025-04-29T05:00Z,2025-04-29 07:00,113.130
2025-04-29T06:00Z,2025-04-29 08:00,99.980
2025-04-29T07:00Z,2025-04-29 09:00,78.000
2025-04-29T08:00Z,2025-04-29 10:00,9.310
2025-04-29T09:00Z,2025-04-29 11:00,0.000
2025-04-29T10:00Z,2025-04-29 12:00,-0.760
2025-04-29T11:00Z,2025-04-29 13:00,-1.900
2025-04-29T12:00Z,2025-04-29 14:00,-1.670
2025-04-29T13:00Z,2025-04-29 15:00,-0.010
2025-04-29T14:00Z,2025-04-29 16:00,14.820
2025-04-29T15:00Z,2025-04-29 17:00,77.600
2025-04-29T16:00Z,2025-04-29 18:00,102.000
2025-04-29T17:00Z,2025-04-29 19:00,139.830
2025-04-29T18:00Z,2025-04-29 20:00,174.750
2025-04-29T19:00Z,2025-04-29 21:00,129.110
2025-04-29T20:00Z,2025-04-29 22:00,108.830
2025-04-29T21:00Z,2025-04-29 23:00,97.820
2025-04-29T22:00Z,2025-04-30 00:00,95.000
2025-04-29T23:00Z,2025-04-30 01:00,90.000
2025-04-30T00:00Z,2025-04-30 02:00,87.590
2025-04-30T01:00Z,2025-04-30 03:00,88.250
2025-04-30T02:00Z,2025-04-30 04:00,91.400
2025-04-30T03:00Z,2025-04-30 05:00,95.830
2025-04-30T04:00Z,2025-04-30 06:00,115.270
2025-04-30T05:00Z,2025-04-30 07:00,120.300
2025-04-30T06:00Z,2025-04-30 08:00,99.900
2025-04-30T07:00Z,2025-04-30 09:00,76.700
2025-04-30T08:00Z,2025-04-30 10:00,7.080
2025-04-30T09:00Z,2025-04-30 11:00,0.000
2025-04-30T10:00Z,2025-04-30 12:00,-1.000
2025-04-30T11:00Z,2025-04-30 13:00,-6.210
2025-04-30T12:00Z,2025-04-30 14:00,-3.000
2025-04-30T13:00Z,2025-04-30 15:00,-0.020
2025-04-30T14:00Z,2025-04-30 16:00,19.910
2025-04-30T15:00Z,2025-04-30 17:00,78.390
2025-04-30T16:00Z,2025-04-30 18:00,101.800
2025-04-30T17:00Z,2025-04-30 19:00,130.370
2025-04-30T18:00Z,2025-04-30 20:00,176.430
2025-04-30T19:00Z,2025-04-30 21:00,128.000
2025-04-30T20:00Z,2025-04-30 22:00,108.330
2025-04-30T21:00Z,2025-04-30 23:00,98.680
2025-04-30T22:00Z,2025-05-01 00:00,97.510
2025-04-30T23:00Z,2025-05-01 01:00,91.780
2025-05-01T00:00Z,2025-05-01 02:00,90.460
2025-05-01T01:00Z,2025-05-01 03:00,90.630
2025-05-01T02:00Z,2025-05-01 04:00,90.500
2025-05-01T03:00Z,2025-05-01 05:00,84.160
2025-05-01T04:00Z,2025-05-01 06:00,83.940
2025-05-01T05:00Z,2025-05-01 07:00,78.040
2025-05-01T06:00Z,2025-05-01 08:00,62.100
2025-05-01T07:00Z,2025-05-01 09:00,0.000
2025-05-01T08:00Z,2025-05-01 10:00,-3.000
2025-05-01T09:00Z,2025-05-01 11:00,-40.100
2025-05-01T10:00Z,2025-05-01 12:00,-85.010
2025-05-01T11:00Z,2025-05-01 13:00,-129.990
2025-05-01T12:00Z,2025-05-01 14:00,-118.110
2025-05-01T13:00Z,2025-05-01 15:00,-49.990
2025-05-01T14:00Z,2025-05-01 16:00,-5.170
2025-05-01T15:00Z,2025-05-01 17:00,40.770
2025-05-01T16:00Z,2025-05-01 18:00,96.140
2025-05-01T17:00Z,2025-05-01 19:00,129.870
2025-05-01T18:00Z,2025-05-01 20:00,164.380
2025-05-01T19:00Z,2025-05-01 21:00,122.450
2025-05-01T20:00Z,2025-05-01 22:00,100.730
2025-05-01T21:00Z,2025-05-01 23:00,87.100
2025-05-01T22:00Z,2025-05-02 00:00,89.920
2025-05-01T23:00Z,2025-05-02 01:00,77.120
2025-05-02T00:00Z,2025-05-02 02:00,66.900
2025-05-02T01:00Z,2025-05-02 03:00,63.910
2025-05-02T02:00Z,2025-05-02 04:00,66.000
2025-05-02T03:00Z,2025-05-02 05:00,74.010
2025-05-02T04:00Z,2025-05-02 06:00,86.830
2025-05-02T05:00Z,2025-05-02 07:00,88.550
2025-05-02T06:00Z,2025-05-02 08:00,84.900
2025-05-02T07:00Z,2025-05-02 09:00,55.000
2025-05-02T08:00Z,2025-05-02 10:00,0.850
2025-05-02T09:00Z,2025-05-02 11:00,-0.010
2025-05-02T10:00Z,2025-05-02 12:00,-0.800
2025-05-02T11:00Z,2025-05-02 13:00,-3.000
2025-05-02T12:00Z,2025-05-02 14:00,-4.000
2025-05-02T13:00Z,2025-05-02 15:00,-0.080
2025-05-02T14:00Z,2025-05-02 16:00,0.300
2025-05-02T15:00Z,2025-05-02 17:00,67.500
2025-05-02T16:00Z,2025-05-02 18:00,99.900
2025-05-02T17:00Z,2025-05-02 19:00,118.390
2025-05-02T18:00Z,2025-05-02 20:00,150.400
2025-05-02T19:00Z,2025-05-02 21:00,121.240
2025-05-02T20:00Z,2025-05-02 22:00,106.720
2025-05-02T21:00Z,2025-05-02 23:00,96.440
2025-05-02T22:00Z,2025-05-03 00:00,97.810
2025-05-02T23:00Z,2025-05-03 01:00,93.340
2025-05-03T00:00Z,2025-05-03 02:00,92.200
2025-05-03T01:00Z,2025-05-03 03:00,92.000
2025-05-03T02:00Z,2025-05-03 04:00,91.230
2025-05-03T03:00Z,2025-05-03 05:00,91.840
2025-05-03T04:00Z,2025-05-03 06:00,92.860
2025-05-03T05:00Z,2025-05-03 07:00,87.730
2025-05-03T06:00Z,2025-05-03 08:00,79.900
2025-05-03T07:00Z,2025-05-03 09:00,13.530
2025-05-03T08:00Z,2025-05-03 10:00,0.010
2025-05-03T09:00Z,2025-05-03 11:00,-0.010
2025-05-03T10:00Z,2025-05-03 12:00,-1.160
2025-05-03T11:00Z,2025-05-03 13:00,-3.040
2025-05-03T12:00Z,2025-05-03 14:00,-2.690
2025-05-03T13:00Z,2025-05-03 15:00,-0.030
2025-05-03T14:00Z,2025-05-03 16:00,0.000
2025-05-03T15:00Z,2025-05-03 17:00,28.870
2025-05-03T16:00Z,2025-05-03 18:00,68.110
2025-05-03T17:00Z,2025-05-03 19:00,77.540
2025-05-03T18:00Z,2025-05-03 20:00,90.270
2025-05-03T19:00Z,2025-05-03 21:00,87.020
2025-05-03T20:00Z,2025-05-03 22:00,78.630
2025-05-03T21:00Z,2025-05-03 23:00,65.910
2025-05-03T22:00Z,2025-05-04 00:00,60.300
2025-05-03T23:00Z,2025-05-04 01:00,44.900
2025-05-04T00:00Z,2025-05-04 02:00,31.470
2025-05-04T01:00Z,2025-05-04 03:00,20.390
2025-05-04T02:00Z,2025-05-04 04:00,20.020
2025-05-04T03:00Z,2025-05-04 05:00,15.580
2025-05-04T04:00Z,2025-05-04 06:00,13.620
2025-05-04T05:00Z,2025-05-04 07:00,7.830
2025-05-04T06:00Z,2025-05-04 08:00,2.930
2025-05-04T07:00Z,2025-05-04 09:00,0.000
2025-05-04T08:00Z,2025-05-04 10:00,-0.010
2025-05-04T09:00Z,2025-05-04 11:00,-0.010
2025-05-04T10:00Z,2025-05-04 12:00,-0.020
2025-05-04T11:00Z,2025-05-04 13:00,-2.000
2025-05-04T12:00Z,2025-05-04 14:00,-5.010
2025-05-04T13:00Z,2025-05-04 15:00,-1.590
2025-05-04T14:00Z,2025-05-04 16:00,-0.010
2025-05-04T15:00Z,2025-05-04 17:00,10.070
2025-05-04T16:00Z,2025-05-04 18:00,80.080
2025-05-04T17:00Z,2025-05-04 19:00,95.950
2025-05-04T18:00Z,2025-05-04 20:00,109.000
2025-05-04T19:00Z,2025-05-04 21:00,112.380
2025-05-04T20:00Z,2025-05-04 22:00,101.790
2025-05-04T21:00Z,2025-05-04 23:00,87.350
2025-05-04T22:00Z,2025-05-05 00:00,75.180
2025-05-04T23:00Z,2025-05-05 01:00,70.510
2025-05-05T00:00Z,2025-05-05 02:00,72.250
2025-05-05T01:00Z,2025-05-05 03:00,75.150
2025-05-05T02:00Z,2025-05-05 04:00,74.980
2025-05-05T03:00Z,2025-05-05 05:00,89.490
2025-05-05T04:00Z,2025-05-05 06:00,110.920
2025-05-05T05:00Z,2025-05-05 07:00,122.570
2025-05-05T06:00Z,2025-05-05 08:00,106.690
2025-05-05T07:00Z,2025-05-05 09:00,90.820
2025-05-05T08:00Z,2025-05-05 10:00,80.000
2025-05-05T09:00Z,2025-05-05 11:00,61.650
2025-05-05T10:00Z,2025-05-05 12:00,53.830
2025-05-05T11:00Z,2025-05-05 13:00,49.660
2025-05-05T12:00Z,2025-05-05 14:00,59.300
2025-05-05T13:00Z,2025-05-05 15:00,70.420
2025-05-05T14:00Z,2025-05-05 16:00,78.880
2025-05-05T15:00Z,2025-05-05 17:00,89.220
2025-05-05T16:00Z,2025-05-05 18:00,100.100
2025-05-05T17:00Z,2025-05-05 19:00,128.920
2025-05-05T18:00Z,2025-05-05 20:00,128.000
2025-05-05T19:00Z,2025-05-05 21:00,113.170
2025-05-05T20:00Z,2025-05-05 22:00,101.520
2025-05-05T21:00Z,2025-05-05 23:00,94.460
2025-05-05T22:00Z,2025-05-06 00:00,87.220
2025-05-05T23:00Z,2025-05-06 01:00,81.680
2025-05-06T00:00Z,2025-05-06 02:00,81.290
2025-05-06T01:00Z,2025-05-06 03:00,79.960
2025-05-06T02:00Z,2025-05-06 04:00,82.390
2025-05-06T03:00Z,2025-05-06 05:00,97.080
2025-05-06T04:00Z,2025-05-06 06:00,114.570
2025-05-06T05:00Z,2025-05-06 07:00,121.860
2025-05-06T06:00Z,2025-05-06 08:00,108.370
2025-05-06T07:00Z,2025-05-06 09:00,83.080
2025-05-06T08:00Z,2025-05-06 10:00,72.270
2025-05-06T09:00Z,2025-05-06 11:00,59.890
2025-05-06T10:00Z,2025-05-06 12:00,42.810
2025-05-06T11:00Z,2025-05-06 13:00,38.170
2025-05-06T12:00Z,2025-05-06 14:00,45.440
2025-05-06T13:00Z,2025-05-06 15:00,65.000
2025-05-06T14:00Z,2025-05-06 16:00,73.730
2025-05-06T15:00Z,2025-05-06 17:00,89.990
2025-05-06T16:00Z,2025-05-06 18:00,106.890
2025-05-06T17:00Z,2025-05-06 19:00,134.090
2025-05-06T18:00Z,2025-05-06 20:00,161.180
2025-05-06T19:00Z,2025-05-06 21:00,136.600
2025-05-06T20:00Z,2025-05-06 22:00,118.280
2025-05-06T21:00Z,2025-05-06 23:00,101.270
2025-05-06T22:00Z,2025-05-07 00:00,92.670
2025-05-06T23:00Z,2025-05-07 01:00,87.050
2025-05-07T00:00Z,2025-05-07 02:00,85.630
2025-05-07T01:00Z,2025-05-07 03:00,88.600
2025-05-07T02:00Z,2025-05-07 04:00,95.160
2025-05-07T03:00Z,2025-05-07 05:00,108.570
2025-05-07T04:00Z,2025-05-07 06:00,131.680
2025-05-07T05:00Z,2025-05-07 07:00,143.950
2025-05-07T06:00Z,2025-05-07 08:00,125.000
2025-05-07T07:00Z,2025-05-07 09:00,96.430
2025-05-07T08:00Z,2025-05-07 10:00,82.410
2025-05-07T09:00Z,2025-05-07 11:00,73.300
2025-05-07T10:00Z,2025-05-07 12:00,64.430
2025-05-07T11:00Z,2025-05-07 13:00,63.920
2025-05-07T12:00Z,2025-05-07 14:00,68.040
2025-05-07T13:00Z,2025-05-07 15:00,75.000
2025-05-07T14:00Z,2025-05-07 16:00,81.800
2025-05-07T15:00Z,2025-05-07 17:00,95.850
2025-05-07T16:00Z,2025-05-07 18:00,108.490
2025-05-07T17:00Z,2025-05-07 19:00,128.930
2025-05-07T18:00Z,2025-05-07 20:00,147.150
2025-05-07T19:00Z,2025-05-07 21:00,125.180
2025-05-07T20:00Z,2025-05-07 22:00,108.490
2025-05-07T21:00Z,2025-05-07 23:00,96.590
2025-05-07T22:00Z,2025-05-08 00:00,95.860
2025-05-07T23:00Z,2025-05-08 01:00,91.660
2025-05-08T00:00Z,2025-05-08 02:00,91.510
2025-05-08T01:00Z,2025-05-08 03:00,93.180
2025-05-08T02:00Z,2025-05-08 04:00,96.090
2025-05-08T03:00Z,2025-05-08 05:00,109.250
2025-05-08T04:00Z,2025-05-08 06:00,124.270
2025-05-08T05:00Z,2025-05-08 07:00,138.730
2025-05-08T06:00Z,2025-05-08 08:00,124.110
2025-05-08T07:00Z,2025-05-08 09:00,101.130
2025-05-08T08:00Z,2025-05-08 10:00,87.810
2025-05-08T09:00Z,2025-05-08 11:00,75.340
2025-05-08T10:00Z,2025-05-08 12:00,64.250
2025-05-08T11:00Z,2025-05-08 13:00,63.750
2025-05-08T12:00Z,2025-05-08 14:00,70.050
2025-05-08T13:00Z,2025-05-08 15:00,78.770
2025-05-08T14:00Z,2025-05-08 16:00,85.300
2025-05-08T15:00Z,2025-05-08 17:00,91.630
2025-05-08T16:00Z,2025-05-08 18:00,109.090
2025-05-08T17:00Z,2025-05-08 19:00,134.960
2025-05-08T18:00Z,2025-05-08 20:00,185.080
2025-05-08T19:00Z,2025-05-08 21:00,143.180
2025-05-08T20:00Z,2025-05-08 22:00,114.770
2025-05-08T21:00Z,2025-05-08 23:00,106.480
2025-05-08T22:00Z,2025-05-09 00:00,102.270
2025-05-08T23:00Z,2025-05-09 01:00,96.550
2025-05-09T00:00Z,2025-05-09 02:00,93.760
2025-05-09T01:00Z,2025-05-09 03:00,95.090
2025-05-09T02:00Z,2025-05-09 04:00,100.280
2025-05-09T03:00Z,2025-05-09 05:00,112.400
2025-05-09T04:00Z,2025-05-09 06:00,141.000
2025-05-09T05:00Z,2025-05-09 07:00,136.030
2025-05-09T06:00Z,2025-05-09 08:00,100.610
2025-05-09T07:00Z,2025-05-09 09:00,82.000
2025-05-09T08:00Z,2025-05-09 10:00,51.600
2025-05-09T09:00Z,2025-05-09 11:00,0.100
2025-05-09T10:00Z,2025-05-09 12:00,-0.740
2025-05-09T11:00Z,2025-05-09 13:00,-0.040
2025-05-09T12:00Z,2025-05-09 14:00,-0.010
2025-05-09T13:00Z,2025-05-09 15:00,0.090
2025-05-09T14:00Z,2025-05-09 16:00,52.660
2025-05-09T15:00Z,2025-05-09 17:00,79.060
2025-05-09T16:00Z,2025-05-09 18:00,98.900
2025-05-09T17:00Z,2025-05-09 19:00,120.000
2025-05-09T18:00Z,2025-05-09 20:00,149.130
2025-05-09T19:00Z,2025-05-09 21:00,130.350
2025-05-09T20:00Z,2025-05-09 22:00,107.320
2025-05-09T21:00Z,2025-05-09 23:00,98.320
2025-05-09T22:00Z,2025-05-10 00:00,105.220
2025-05-09T23:00Z,2025-05-10 01:00,102.910
2025-05-10T00:00Z,2025-05-10 02:00,98.780
2025-05-10T01:00Z,2025-05-10 03:00,96.280
2025-05-10T02:00Z,2025-05-10 04:00,100.900
2025-05-10T03:00Z,2025-05-10 05:00,100.470
2025-05-10T04:00Z,2025-05-10 06:00,97.730
2025-05-10T05:00Z,2025-05-10 07:00,93.910
2025-05-10T06:00Z,2025-05-10 08:00,73.720
2025-05-10T07:00Z,2025-05-10 09:00,9.020
2025-05-10T08:00Z,2025-05-10 10:00,-0.070
2025-05-10T09:00Z,2025-05-10 11:00,-22.880
2025-05-10T10:00Z,2025-05-10 12:00,-58.480
2025-05-10T11:00Z,2025-05-10 13:00,-114.530
2025-05-10T12:00Z,2025-05-10 14:00,-110.510
2025-05-10T13:00Z,2025-05-10 15:00,-49.520
2025-05-10T14:00Z,2025-05-10 16:00,-5.940
2025-05-10T15:00Z,2025-05-10 17:00,23.990
2025-05-10T16:00Z,2025-05-10 18:00,95.270
2025-05-10T17:00Z,2025-05-10 19:00,124.040
2025-05-10T18:00Z,2025-05-10 20:00,163.200
2025-05-10T19:00Z,2025-05-10 21:00,129.490
2025-05-10T20:00Z,2025-05-10 22:00,107.720
2025-05-10T21:00Z,2025-05-10 23:00,94.490
2025-05-10T22:00Z,2025-05-11 00:00,97.800
2025-05-10T23:00Z,2025-05-11 01:00,95.100
2025-05-11T00:00Z,2025-05-11 02:00,94.510
2025-05-11T01:00Z,2025-05-11 03:00,95.420
2025-05-11T02:00Z,2025-05-11 04:00,95.390
2025-05-11T03:00Z,2025-05-11 05:00,95.450
2025-05-11T04:00Z,2025-05-11 06:00,87.610
2025-05-11T05:00Z,2025-05-11 07:00,65.760
2025-05-11T06:00Z,2025-05-11 08:00,4.960
2025-05-11T07:00Z,2025-05-11 09:00,-0.100
2025-05-11T08:00Z,2025-05-11 10:00,-12.020
2025-05-11T09:00Z,2025-05-11 11:00,-51.950
2025-05-11T10:00Z,2025-05-11 12:00,-212.820
2025-05-11T11:00Z,2025-05-11 13:00,-250.320
2025-05-11T12:00Z,2025-05-11 14:00,-230.980
2025-05-11T13:00Z,2025-05-11 15:00,-110.060
2025-05-11T14:00Z,2025-05-11 16:00,-18.520
2025-05-11T15:00Z,2025-05-11 17:00,-0.080
2025-05-11T16:00Z,2025-05-11 18:00,85.960
2025-05-11T17:00Z,2025-05-11 19:00,117.110
2025-05-11T18:00Z,2025-05-11 20:00,124.860
2025-05-11T19:00Z,2025-05-11 21:00,109.550
2025-05-11T20:00Z,2025-05-11 22:00,98.450
2025-05-11T21:00Z,2025-05-11 23:00,84.680
2025-05-11T22:00Z,2025-05-12 00:00,86.000
2025-05-11T23:00Z,2025-05-12 01:00,81.280
2025-05-12T00:00Z,2025-05-12 02:00,80.950
2025-05-12T01:00Z,2025-05-12 03:00,81.480
2025-05-12T02:00Z,2025-05-12 04:00,84.650
2025-05-12T03:00Z,2025-05-12 05:00,97.710
2025-05-12T04:00Z,2025-05-12 06:00,137.050
2025-05-12T05:00Z,2025-05-12 07:00,141.150
2025-05-12T06:00Z,2025-05-12 08:00,108.490
2025-05-12T07:00Z,2025-05-12 09:00,69.740
2025-05-12T08:00Z,2025-05-12 10:00,0.490
2025-05-12T09:00Z,2025-05-12 11:00,-3.910
2025-05-12T10:00Z,2025-05-12 12:00,-25.000
2025-05-12T11:00Z,2025-05-12 13:00,-35.000
2025-05-12T12:00Z,2025-05-12 14:00,-29.900
2025-05-12T13:00Z,2025-05-12 15:00,-8.590
2025-05-12T14:00Z,2025-05-12 16:00,-0.010
2025-05-12T15:00Z,2025-05-12 17:00,72.580
2025-05-12T16:00Z,2025-05-12 18:00,107.120
2025-05-12T17:00Z,2025-05-12 19:00,141.410
2025-05-12T18:00Z,2025-05-12 20:00,172.700
2025-05-12T19:00Z,2025-05-12 21:00,117.250
2025-05-12T20:00Z,2025-05-12 22:00,100.110
2025-05-12T21:00Z,2025-05-12 23:00,92.970
2025-05-12T22:00Z,2025-05-13 00:00,89.870
2025-05-12T23:00Z,2025-05-13 01:00,88.550
2025-05-13T00:00Z,2025-05-13 02:00,89.200
2025-05-13T01:00Z,2025-05-13 03:00,93.940
2025-05-13T02:00Z,2025-05-13 04:00,96.710
2025-05-13T03:00Z,2025-05-13 05:00,104.000
2025-05-13T04:00Z,2025-05-13 06:00,136.770
2025-05-13T05:00Z,2025-05-13 07:00,128.330
2025-05-13T06:00Z,2025-05-13 08:00,100.420
2025-05-13T07:00Z,2025-05-13 09:00,79.360
2025-05-13T08:00Z,2025-05-13 10:00,16.090
2025-05-13T09:00Z,2025-05-13 11:00,-0.750
2025-05-13T10:00Z,2025-05-13 12:00,-6.000
2025-05-13T11:00Z,2025-05-13 13:00,-16.000
2025-05-13T12:00Z,2025-05-13 14:00,-6.550
2025-05-13T13:00Z,2025-05-13 15:00,-3.830
2025-05-13T14:00Z,2025-05-13 16:00,0.550
2025-05-13T15:00Z,2025-05-13 17:00,74.000
2025-05-13T16:00Z,2025-05-13 18:00,105.230
2025-05-13T17:00Z,2025-05-13 19:00,151.070
2025-05-13T18:00Z,2025-05-13 20:00,223.580
2025-05-13T19:00Z,2025-05-13 21:00,148.960
2025-05-13T20:00Z,2025-05-13 22:00,111.970
2025-05-13T21:00Z,2025-05-13 23:00,102.630
2025-05-13T22:00Z,2025-05-14 00:00,102.780
2025-05-13T23:00Z,2025-05-14 01:00,97.300
2025-05-14T00:00Z,2025-05-14 02:00,95.410
2025-05-14T01:00Z,2025-05-14 03:00,96.960
2025-05-14T02:00Z,2025-05-14 04:00,98.560
2025-05-14T03:00Z,2025-05-14 05:00,103.940
2025-05-14T04:00Z,2025-05-14 06:00,128.580
2025-05-14T05:00Z,2025-05-14 07:00,122.510
2025-05-14T06:00Z,2025-05-14 08:00,99.560
2025-05-14T07:00Z,2025-05-14 09:00,70.920
2025-05-14T08:00Z,2025-05-14 10:00,0.200
2025-05-14T09:00Z,2025-05-14 11:00,-1.670
2025-05-14T10:00Z,2025-05-14 12:00,-18.160
2025-05-14T11:00Z,2025-05-14 13:00,-29.910
2025-05-14T12:00Z,2025-05-14 14:00,-31.820
2025-05-14T13:00Z,2025-05-14 15:00,-12.790
2025-05-14T14:00Z,2025-05-14 16:00,-1.330
2025-05-14T15:00Z,2025-05-14 17:00,30.940
2025-05-14T16:00Z,2025-05-14 18:00,91.600
2025-05-14T17:00Z,2025-05-14 19:00,114.000
2025-05-14T18:00Z,2025-05-14 20:00,158.450
2025-05-14T19:00Z,2025-05-14 21:00,132.590
2025-05-14T20:00Z,2025-05-14 22:00,109.080
2025-05-14T21:00Z,2025-05-14 23:00,99.860
2025-05-14T22:00Z,2025-05-15 00:00,98.060
2025-05-14T23:00Z,2025-05-15 01:00,89.880
2025-05-15T00:00Z,2025-05-15 02:00,87.800
2025-05-15T01:00Z,2025-05-15 03:00,87.630
2025-05-15T02:00Z,2025-05-15 04:00,90.280
2025-05-15T03:00Z,2025-05-15 05:00,98.940
2025-05-15T04:00Z,2025-05-15 06:00,119.900
2025-05-15T05:00Z,2025-05-15 07:00,119.910
2025-05-15T06:00Z,2025-05-15 08:00,102.060
2025-05-15T07:00Z,2025-05-15 09:00,75.650
2025-05-15T08:00Z,2025-05-15 10:00,4.580
2025-05-15T09:00Z,2025-05-15 11:00,-0.080
2025-05-15T10:00Z,2025-05-15 12:00,-4.970
2025-05-15T11:00Z,2025-05-15 13:00,-14.760
2025-05-15T12:00Z,2025-05-15 14:00,-14.250
2025-05-15T13:00Z,2025-05-15 15:00,-6.620
2025-05-15T14:00Z,2025-05-15 16:00,-0.600
2025-05-15T15:00Z,2025-05-15 17:00,3.830
2025-05-15T16:00Z,2025-05-15 18:00,76.110
2025-05-15T17:00Z,2025-05-15 19:00,108.970
2025-05-15T18:00Z,2025-05-15 20:00,130.740
2025-05-15T19:00Z,2025-05-15 21:00,125.130
2025-05-15T20:00Z,2025-05-15 22:00,110.490
2025-05-15T21:00Z,2025-05-15 23:00,101.000
2025-05-15T22:00Z,2025-05-16 00:00,94.500
2025-05-15T23:00Z,2025-05-16 01:00,88.470
2025-05-16T00:00Z,2025-05-16 02:00,84.910
2025-05-16T01:00Z,2025-05-16 03:00,85.000
2025-05-16T02:00Z,2025-05-16 04:00,88.760
2025-05-16T03:00Z,2025-05-16 05:00,98.260
2025-05-16T04:00Z,2025-05-16 06:00,113.180
2025-05-16T05:00Z,2025-05-16 07:00,117.600
2025-05-16T06:00Z,2025-05-16 08:00,106.660
2025-05-16T07:00Z,2025-05-16 09:00,78.990
2025-05-16T08:00Z,2025-05-16 10:00,11.110
2025-05-16T09:00Z,2025-05-16 11:00,-0.010
2025-05-16T10:00Z,2025-05-16 12:00,-3.150
2025-05-16T11:00Z,2025-05-16 13:00,-1.970
2025-05-16T12:00Z,2025-05-16 14:00,-1.550
2025-05-16T13:00Z,2025-05-16 15:00,-0.010
2025-05-16T14:00Z,2025-05-16 16:00,2.980
2025-05-16T15:00Z,2025-05-16 17:00,69.790
2025-05-16T16:00Z,2025-05-16 18:00,100.050
2025-05-16T17:00Z,2025-05-16 19:00,111.810
2025-05-16T18:00Z,2025-05-16 20:00,154.910
2025-05-16T19:00Z,2025-05-16 21:00,143.230
2025-05-16T20:00Z,2025-05-16 22:00,116.080
2025-05-16T21:00Z,2025-05-16 23:00,102.080
2025-05-16T22:00Z,2025-05-17 00:00,93.000
2025-05-16T23:00Z,2025-05-17 01:00,93.480
2025-05-17T00:00Z,2025-05-17 02:00,88.930
2025-05-17T01:00Z,2025-05-17 03:00,88.900
2025-05-17T02:00Z,2025-05-17 04:00,89.890
2025-05-17T03:00Z,2025-05-17 05:00,93.460
2025-05-17T04:00Z,2025-05-17 06:00,91.560
2025-05-17T05:00Z,2025-05-17 07:00,89.850
2025-05-17T06:00Z,2025-05-17 08:00,59.110
2025-05-17T07:00Z,2025-05-17 09:00,0.860
2025-05-17T08:00Z,2025-05-17 10:00,-0.060
2025-05-17T09:00Z,2025-05-17 11:00,-4.490
2025-05-17T10:00Z,2025-05-17 12:00,-4.960
2025-05-17T11:00Z,2025-05-17 13:00,-10.020
2025-05-17T12:00Z,2025-05-17 14:00,-11.270
2025-05-17T13:00Z,2025-05-17 15:00,-5.800
2025-05-17T14:00Z,2025-05-17 16:00,-0.800
2025-05-17T15:00Z,2025-05-17 17:00,5.010
2025-05-17T16:00Z,2025-05-17 18:00,78.770
2025-05-17T17:00Z,2025-05-17 19:00,99.640
2025-05-17T18:00Z,2025-05-17 20:00,121.380
2025-05-17T19:00Z,2025-05-17 21:00,130.210
2025-05-17T20:00Z,2025-05-17 22:00,129.900
2025-05-17T21:00Z,2025-05-17 23:00,111.600
2025-05-17T22:00Z,2025-05-18 00:00,106.730
2025-05-17T23:00Z,2025-05-18 01:00,101.490
2025-05-18T00:00Z,2025-05-18 02:00,98.570
2025-05-18T01:00Z,2025-05-18 03:00,97.400
2025-05-18T02:00Z,2025-05-18 04:00,98.410
2025-05-18T03:00Z,2025-05-18 05:00,97.980
2025-05-18T04:00Z,2025-05-18 06:00,91.300
2025-05-18T05:00Z,2025-05-18 07:00,87.160
2025-05-18T06:00Z,2025-05-18 08:00,67.860
2025-05-18T07:00Z,2025-05-18 09:00,10.100
2025-05-18T08:00Z,2025-05-18 10:00,0.000
2025-05-18T09:00Z,2025-05-18 11:00,-0.200
2025-05-18T10:00Z,2025-05-18 12:00,-2.000
2025-05-18T11:00Z,2025-05-18 13:00,-7.370
2025-05-18T12:00Z,2025-05-18 14:00,-15.000
2025-05-18T13:00Z,2025-05-18 15:00,-8.970
2025-05-18T14:00Z,2025-05-18 16:00,-0.200
2025-05-18T15:00Z,2025-05-18 17:00,9.670
2025-05-18T16:00Z,2025-05-18 18:00,91.380
2025-05-18T17:00Z,2025-05-18 19:00,108.400
2025-05-18T18:00Z,2025-05-18 20:00,125.170
2025-05-18T19:00Z,2025-05-18 21:00,130.470
2025-05-18T20:00Z,2025-05-18 22:00,118.410
2025-05-18T21:00Z,2025-05-18 23:00,103.620
2025-05-18T22:00Z,2025-05-19 00:00,110.480
2025-05-18T23:00Z,2025-05-19 01:00,102.620
2025-05-19T00:00Z,2025-05-19 02:00,96.100
2025-05-19T01:00Z,2025-05-19 03:00,92.950
2025-05-19T02:00Z,2025-05-19 04:00,98.030
2025-05-19T03:00Z,2025-05-19 05:00,109.390
2025-05-19T04:00Z,2025-05-19 06:00,131.220
2025-05-19T05:00Z,2025-05-19 07:00,137.220
2025-05-19T06:00Z,2025-05-19 08:00,113.410
2025-05-19T07:00Z,2025-05-19 09:00,93.690
2025-05-19T08:00Z,2025-05-19 10:00,69.590
2025-05-19T09:00Z,2025-05-19 11:00,28.560
2025-05-19T10:00Z,2025-05-19 12:00,12.770
2025-05-19T11:00Z,2025-05-19 13:00,5.000
2025-05-19T12:00Z,2025-05-19 14:00,8.000
2025-05-19T13:00Z,2025-05-19 15:00,28.150
2025-05-19T14:00Z,2025-05-19 16:00,72.980
2025-05-19T15:00Z,2025-05-19 17:00,97.090
2025-05-19T16:00Z,2025-05-19 18:00,114.490
2025-05-19T17:00Z,2025-05-19 19:00,148.450
2025-05-19T18:00Z,2025-05-19 20:00,229.110
2025-05-19T19:00Z,2025-05-19 21:00,154.860
2025-05-19T20:00Z,2025-05-19 22:00,126.810
2025-05-19T21:00Z,2025-05-19 23:00,111.880
2025-05-19T22:00Z,2025-05-20 00:00,114.950
2025-05-19T23:00Z,2025-05-20 01:00,106.030
2025-05-20T00:00Z,2025-05-20 02:00,102.500
2025-05-20T01:00Z,2025-05-20 03:00,104.040
2025-05-20T02:00Z,2025-05-20 04:00,109.140
2025-05-20T03:00Z,2025-05-20 05:00,118.960
2025-05-20T04:00Z,2025-05-20 06:00,143.210
2025-05-20T05:00Z,2025-05-20 07:00,130.810
2025-05-20T06:00Z,2025-05-20 08:00,100.000
2025-05-20T07:00Z,2025-05-20 09:00,85.200
2025-05-20T08:00Z,2025-05-20 10:00,61.580
2025-05-20T09:00Z,2025-05-20 11:00,15.950
2025-05-20T10:00Z,2025-05-20 12:00,0.170
2025-05-20T11:00Z,2025-05-20 13:00,0.010
2025-05-20T12:00Z,2025-05-20 14:00,0.090
2025-05-20T13:00Z,2025-05-20 15:00,7.610
2025-05-20T14:00Z,2025-05-20 16:00,67.870
2025-05-20T15:00Z,2025-05-20 17:00,97.150
2025-05-20T16:00Z,2025-05-20 18:00,111.790
2025-05-20T17:00Z,2025-05-20 19:00,141.230
2025-05-20T18:00Z,2025-05-20 20:00,192.250
2025-05-20T19:00Z,2025-05-20 21:00,148.970
2025-05-20T20:00Z,2025-05-20 22:00,120.000
2025-05-20T21:00Z,2025-05-20 23:00,107.930
2025-05-20T22:00Z,2025-05-21 00:00,107.930
2025-05-20T23:00Z,2025-05-21 01:00,102.330
2025-05-21T00:00Z,2025-05-21 02:00,97.900
2025-05-21T01:00Z,2025-05-21 03:00,94.900
2025-05-21T02:00Z,2025-05-21 04:00,93.700
2025-05-21T03:00Z,2025-05-21 05:00,102.490
2025-05-21T04:00Z,2025-05-21 06:00,112.480
2025-05-21T05:00Z,2025-05-21 07:00,116.540
2025-05-21T06:00Z,2025-05-21 08:00,107.820
2025-05-21T07:00Z,2025-05-21 09:00,84.820
2025-05-21T08:00Z,2025-05-21 10:00,42.220
2025-05-21T09:00Z,2025-05-21 11:00,0.150
2025-05-21T10:00Z,2025-05-21 12:00,-0.100
2025-05-21T11:00Z,2025-05-21 13:00,-2.200
2025-05-21T12:00Z,2025-05-21 14:00,-1.530
2025-05-21T13:00Z,2025-05-21 15:00,-0.010
2025-05-21T14:00Z,2025-05-21 16:00,2.060
2025-05-21T15:00Z,2025-05-21 17:00,49.080
2025-05-21T16:00Z,2025-05-21 18:00,86.320
2025-05-21T17:00Z,2025-05-21 19:00,100.100
2025-05-21T18:00Z,2025-05-21 20:00,114.350
2025-05-21T19:00Z,2025-05-21 21:00,110.270
2025-05-21T20:00Z,2025-05-21 22:00,100.720
2025-05-21T21:00Z,2025-05-21 23:00,90.000
2025-05-21T22:00Z,2025-05-22 00:00,98.540
2025-05-21T23:00Z,2025-05-22 01:00,88.280
2025-05-22T00:00Z,2025-05-22 02:00,83.650
2025-05-22T01:00Z,2025-05-22 03:00,81.500
2025-05-22T02:00Z,2025-05-22 04:00,83.340
2025-05-22T03:00Z,2025-05-22 05:00,90.000
2025-05-22T04:00Z,2025-05-22 06:00,107.670
2025-05-22T05:00Z,2025-05-22 07:00,106.010
2025-05-22T06:00Z,2025-05-22 08:00,98.160
2025-05-22T07:00Z,2025-05-22 09:00,54.540
2025-05-22T08:00Z,2025-05-22 10:00,1.660
2025-05-22T09:00Z,2025-05-22 11:00,0.010
2025-05-22T10:00Z,2025-05-22 12:00,-1.910
2025-05-22T11:00Z,2025-05-22 13:00,-12.770
2025-05-22T12:00Z,2025-05-22 14:00,-15.400
2025-05-22T13:00Z,2025-05-22 15:00,-10.900
2025-05-22T14:00Z,2025-05-22 16:00,-2.990
2025-05-22T15:00Z,2025-05-22 17:00,-0.010
2025-05-22T16:00Z,2025-05-22 18:00,50.000
2025-05-22T17:00Z,2025-05-22 19:00,106.840
2025-05-22T18:00Z,2025-05-22 20:00,115.000
2025-05-22T19:00Z,2025-05-22 21:00,127.250
2025-05-22T20:00Z,2025-05-22 22:00,117.480
2025-05-22T21:00Z,2025-05-22 23:00,103.230
2025-05-22T22:00Z,2025-05-23 00:00,101.100
2025-05-22T23:00Z,2025-05-23 01:00,93.160
2025-05-23T00:00Z,2025-05-23 02:00,87.120
2025-05-23T01:00Z,2025-05-23 03:00,86.560
2025-05-23T02:00Z,2025-05-23 04:00,93.080
2025-05-23T03:00Z,2025-05-23 05:00,106.820
2025-05-23T04:00Z,2025-05-23 06:00,128.490
2025-05-23T05:00Z,2025-05-23 07:00,132.800
2025-05-23T06:00Z,2025-05-23 08:00,114.670
2025-05-23T07:00Z,2025-05-23 09:00,85.900
2025-05-23T08:00Z,2025-05-23 10:00,70.000
2025-05-23T09:00Z,2025-05-23 11:00,54.050
2025-05-23T10:00Z,2025-05-23 12:00,13.440
2025-05-23T11:00Z,2025-05-23 13:00,0.620
2025-05-23T12:00Z,2025-05-23 14:00,0.000
2025-05-23T13:00Z,2025-05-23 15:00,0.000
2025-05-23T14:00Z,2025-05-23 16:00,25.330
2025-05-23T15:00Z,2025-05-23 17:00,71.910
2025-05-23T16:00Z,2025-05-23 18:00,97.600
2025-05-23T17:00Z,2025-05-23 19:00,114.360
2025-05-23T18:00Z,2025-05-23 20:00,130.470
2025-05-23T19:00Z,2025-05-23 21:00,139.290
2025-05-23T20:00Z,2025-05-23 22:00,126.930
2025-05-23T21:00Z,2025-05-23 23:00,108.000
2025-05-23T22:00Z,2025-05-24 00:00,98.990
2025-05-23T23:00Z,2025-05-24 01:00,94.760
2025-05-24T00:00Z,2025-05-24 02:00,88.740
2025-05-24T01:00Z,2025-05-24 03:00,84.220
2025-05-24T02:00Z,2025-05-24 04:00,82.930
2025-05-24T03:00Z,2025-05-24 05:00,80.710
2025-05-24T04:00Z,2025-05-24 06:00,82.070
2025-05-24T05:00Z,2025-05-24 07:00,76.900
2025-05-24T06:00Z,2025-05-24 08:00,62.090
2025-05-24T07:00Z,2025-05-24 09:00,12.260
2025-05-24T08:00Z,2025-05-24 10:00,-0.010
2025-05-24T09:00Z,2025-05-24 11:00,-0.110
2025-05-24T10:00Z,2025-05-24 12:00,-0.150
2025-05-24T11:00Z,2025-05-24 13:00,-0.190
2025-05-24T12:00Z,2025-05-24 14:00,-0.390
2025-05-24T13:00Z,2025-05-24 15:00,-1.770
2025-05-24T14:00Z,2025-05-24 16:00,-0.390
2025-05-24T15:00Z,2025-05-24 17:00,48.670
2025-05-24T16:00Z,2025-05-24 18:00,85.340
2025-05-24T17:00Z,2025-05-24 19:00,109.080
2025-05-24T18:00Z,2025-05-24 20:00,111.000
2025-05-24T19:00Z,2025-05-24 21:00,107.920
2025-05-24T20:00Z,2025-05-24 22:00,92.060
2025-05-24T21:00Z,2025-05-24 23:00,79.670
2025-05-24T22:00Z,2025-05-25 00:00,23.820
2025-05-24T23:00Z,2025-05-25 01:00,22.900
2025-05-25T00:00Z,2025-05-25 02:00,14.390
2025-05-25T01:00Z,2025-05-25 03:00,8.380
2025-05-25T02:00Z,2025-05-25 04:00,3.900
2025-05-25T03:00Z,2025-05-25 05:00,2.110
2025-05-25T04:00Z,2025-05-25 06:00,1.170
2025-05-25T05:00Z,2025-05-25 07:00,1.210
2025-05-25T06:00Z,2025-05-25 08:00,0.030
2025-05-25T07:00Z,2025-05-25 09:00,0.000
2025-05-25T08:00Z,2025-05-25 10:00,-0.610
2025-05-25T09:00Z,2025-05-25 11:00,-0.600
2025-05-25T10:00Z,2025-05-25 12:00,-0.250
2025-05-25T11:00Z,2025-05-25 13:00,-3.190
2025-05-25T12:00Z,2025-05-25 14:00,-5.050
2025-05-25T13:00Z,2025-05-25 15:00,-4.950
2025-05-25T14:00Z,2025-05-25 16:00,-1.370
2025-05-25T15:00Z,2025-05-25 17:00,0.000
2025-05-25T16:00Z,2025-05-25 18:00,11.720
2025-05-25T17:00Z,2025-05-25 19:00,92.950
2025-05-25T18:00Z,2025-05-25 20:00,100.000
2025-05-25T19:00Z,2025-05-25 21:00,107.410
2025-05-25T20:00Z,2025-05-25 22:00,102.230
2025-05-25T21:00Z,2025-05-25 23:00,92.920
2025-05-25T22:00Z,2025-05-26 00:00,88.130
2025-05-25T23:00Z,2025-05-26 01:00,79.120
2025-05-26T00:00Z,2025-05-26 02:00,73.210
2025-05-26T01:00Z,2025-05-26 03:00,71.830
2025-05-26T02:00Z,2025-05-26 04:00,76.700
2025-05-26T03:00Z,2025-05-26 05:00,85.480
2025-05-26T04:00Z,2025-05-26 06:00,116.200
2025-05-26T05:00Z,2025-05-26 07:00,143.170
2025-05-26T06:00Z,2025-05-26 08:00,129.910
2025-05-26T07:00Z,2025-05-26 09:00,91.410
2025-05-26T08:00Z,2025-05-26 10:00,16.170
2025-05-26T09:00Z,2025-05-26 11:00,0.050
2025-05-26T10:00Z,2025-05-26 12:00,-0.420
2025-05-26T11:00Z,2025-05-26 13:00,-1.450
2025-05-26T12:00Z,2025-05-26 14:00,-1.180
2025-05-26T13:00Z,2025-05-26 15:00,-0.820
2025-05-26T14:00Z,2025-05-26 16:00,0.000
2025-05-26T15:00Z,2025-05-26 17:00,17.650
2025-05-26T16:00Z,2025-05-26 18:00,95.760
2025-05-26T17:00Z,2025-05-26 19:00,119.330
2025-05-26T18:00Z,2025-05-26 20:00,169.870
2025-05-26T19:00Z,2025-05-26 21:00,161.570
2025-05-26T20:00Z,2025-05-26 22:00,119.380
2025-05-26T21:00Z,2025-05-26 23:00,98.860
2025-05-26T22:00Z,2025-05-27 00:00,88.510
2025-05-26T23:00Z,2025-05-27 01:00,73.920
2025-05-27T00:00Z,2025-05-27 02:00,62.020
2025-05-27T01:00Z,2025-05-27 03:00,61.980
2025-05-27T02:00Z,2025-05-27 04:00,67.700
2025-05-27T03:00Z,2025-05-27 05:00,62.200
2025-05-27T04:00Z,2025-05-27 06:00,67.700
2025-05-27T05:00Z,2025-05-27 07:00,73.900
2025-05-27T06:00Z,2025-05-27 08:00,68.630
2025-05-27T07:00Z,2025-05-27 09:00,50.170
2025-05-27T08:00Z,2025-05-27 10:00,4.260
2025-05-27T09:00Z,2025-05-27 11:00,3.190
2025-05-27T10:00Z,2025-05-27 12:00,0.030
2025-05-27T11:00Z,2025-05-27 13:00,0.020
2025-05-27T12:00Z,2025-05-27 14:00,0.090
2025-05-27T13:00Z,2025-05-27 15:00,3.140
2025-05-27T14:00Z,2025-05-27 16:00,55.170
2025-05-27T15:00Z,2025-05-27 17:00,84.550
2025-05-27T16:00Z,2025-05-27 18:00,103.000
2025-05-27T17:00Z,2025-05-27 19:00,122.640
2025-05-27T18:00Z,2025-05-27 20:00,137.600
2025-05-27T19:00Z,2025-05-27 21:00,111.160
2025-05-27T20:00Z,2025-05-27 22:00,100.340
2025-05-27T21:00Z,2025-05-27 23:00,82.410
2025-05-27T22:00Z,2025-05-28 00:00,76.430
2025-05-27T23:00Z,2025-05-28 01:00,69.010
2025-05-28T00:00Z,2025-05-28 02:00,67.390
2025-05-28T01:00Z,2025-05-28 03:00,61.010
2025-05-28T02:00Z,2025-05-28 04:00,65.190
2025-05-28T03:00Z,2025-05-28 05:00,72.520
2025-05-28T04:00Z,2025-05-28 06:00,92.850
2025-05-28T05:00Z,2025-05-28 07:00,100.090
2025-05-28T06:00Z,2025-05-28 08:00,95.000
2025-05-28T07:00Z,2025-05-28 09:00,90.000
2025-05-28T08:00Z,2025-05-28 10:00,76.480
2025-05-28T09:00Z,2025-05-28 11:00,71.460
2025-05-28T10:00Z,2025-05-28 12:00,65.670
2025-05-28T11:00Z,2025-05-28 13:00,58.030
2025-05-28T12:00Z,2025-05-28 14:00,53.210
2025-05-28T13:00Z,2025-05-28 15:00,42.100
2025-05-28T14:00Z,2025-05-28 16:00,67.280
2025-05-28T15:00Z,2025-05-28 17:00,83.700
2025-05-28T16:00Z,2025-05-28 18:00,94.990
2025-05-28T17:00Z,2025-05-28 19:00,114.830
2025-05-28T18:00Z,2025-05-28 20:00,134.830
2025-05-28T19:00Z,2025-05-28 21:00,139.910
2025-05-28T20:00Z,2025-05-28 22:00,124.290
2025-05-28T21:00Z,2025-05-28 23:00,104.270
2025-05-28T22:00Z,2025-05-29 00:00,99.130
2025-05-28T23:00Z,2025-05-29 01:00,94.800
2025-05-29T00:00Z,2025-05-29 02:00,92.060
2025-05-29T01:00Z,2025-05-29 03:00,91.550
2025-05-29T02:00Z,2025-05-29 04:00,91.540
2025-05-29T03:00Z,2025-05-29 05:00,91.360
2025-05-29T04:00Z,2025-05-29 06:00,89.460
2025-05-29T05:00Z,2025-05-29 07:00,86.490
2025-05-29T06:00Z,2025-05-29 08:00,82.950
2025-05-29T07:00Z,2025-05-29 09:00,62.830
2025-05-29T08:00Z,2025-05-29 10:00,19.930
2025-05-29T09:00Z,2025-05-29 11:00,1.710
2025-05-29T10:00Z,2025-05-29 12:00,0.030
2025-05-29T11:00Z,2025-05-29 13:00,-1.680
2025-05-29T12:00Z,2025-05-29 14:00,-1.990
2025-05-29T13:00Z,2025-05-29 15:00,-1.980
2025-05-29T14:00Z,2025-05-29 16:00,-1.090
2025-05-29T15:00Z,2025-05-29 17:00,23.130
2025-05-29T16:00Z,2025-05-29 18:00,65.500
2025-05-29T17:00Z,2025-05-29 19:00,80.200
2025-05-29T18:00Z,2025-05-29 20:00,77.170
2025-05-29T19:00Z,2025-05-29 21:00,73.730
2025-05-29T20:00Z,2025-05-29 22:00,76.660
2025-05-29T21:00Z,2025-05-29 23:00,57.500
2025-05-29T22:00Z,2025-05-30 00:00,45.420
2025-05-29T23:00Z,2025-05-30 01:00,25.670
2025-05-30T00:00Z,2025-05-30 02:00,32.990
2025-05-30T01:00Z,2025-05-30 03:00,33.950
2025-05-30T02:00Z,2025-05-30 04:00,37.390
2025-05-30T03:00Z,2025-05-30 05:00,55.080
2025-05-30T04:00Z,2025-05-30 06:00,69.730
2025-05-30T05:00Z,2025-05-30 07:00,68.380
2025-05-30T06:00Z,2025-05-30 08:00,53.010
2025-05-30T07:00Z,2025-05-30 09:00,29.130
2025-05-30T08:00Z,2025-05-30 10:00,1.830
2025-05-30T09:00Z,2025-05-30 11:00,-0.020
2025-05-30T10:00Z,2025-05-30 12:00,-1.010
2025-05-30T11:00Z,2025-05-30 13:00,-3.100
2025-05-30T12:00Z,2025-05-30 14:00,-3.000
2025-05-30T13:00Z,2025-05-30 15:00,-1.340
2025-05-30T14:00Z,2025-05-30 16:00,-0.040
2025-05-30T15:00Z,2025-05-30 17:00,5.880
2025-05-30T16:00Z,2025-05-30 18:00,73.520
2025-05-30T17:00Z,2025-05-30 19:00,111.840
2025-05-30T18:00Z,2025-05-30 20:00,136.950
2025-05-30T19:00Z,2025-05-30 21:00,145.890
2025-05-30T20:00Z,2025-05-30 22:00,130.190
2025-05-30T21:00Z,2025-05-30 23:00,108.150
2025-05-30T22:00Z,2025-05-31 00:00,107.000
2025-05-30T23:00Z,2025-05-31 01:00,99.940
2025-05-31T00:00Z,2025-05-31 02:00,98.750
2025-05-31T01:00Z,2025-05-31 03:00,99.070
2025-05-31T02:00Z,2025-05-31 04:00,99.910
2025-05-31T03:00Z,2025-05-31 05:00,98.290
2025-05-31T04:00Z,2025-05-31 06:00,94.790
2025-05-31T05:00Z,2025-05-31 07:00,84.610
2025-05-31T06:00Z,2025-05-31 08:00,55.000
2025-05-31T07:00Z,2025-05-31 09:00,1.000
2025-05-31T08:00Z,2025-05-31 10:00,-0.020
2025-05-31T09:00Z,2025-05-31 11:00,-1.000
2025-05-31T10:00Z,2025-05-31 12:00,-3.070
2025-05-31T11:00Z,2025-05-31 13:00,-13.170
2025-05-31T12:00Z,2025-05-31 14:00,-7.750
2025-05-31T13:00Z,2025-05-31 15:00,-3.000
2025-05-31T14:00Z,2025-05-31 16:00,-0.050
2025-05-31T15:00Z,2025-05-31 17:00,41.400
2025-05-31T16:00Z,2025-05-31 18:00,88.850
2025-05-31T17:00Z,2025-05-31 19:00,131.410
2025-05-31T18:00Z,2025-05-31 20:00,192.350
2025-05-31T19:00Z,2025-05-31 21:00,192.370
2025-05-31T20:00Z,2025-05-31 22:00,133.490
2025-05-31T21:00Z,2025-05-31 23:00,102.060
2025-05-31T22:00Z,2025-06-01 00:00,92.530
2025-05-31T23:00Z,2025-06-01 01:00,85.220
2025-06-01T00:00Z,2025-06-01 02:00,77.130
2025-06-01T01:00Z,2025-06-01 03:00,74.090
2025-06-01T02:00Z,2025-06-01 04:00,72.660
2025-06-01T03:00Z,2025-06-01 05:00,66.110
2025-06-01T04:00Z,2025-06-01 06:00,35.840
2025-06-01T05:00Z,2025-06-01 07:00,13.000
2025-06-01T06:00Z,2025-06-01 08:00,2.400
2025-06-01T07:00Z,2025-06-01 09:00,-0.010
2025-06-01T08:00Z,2025-06-01 10:00,-0.600
2025-06-01T09:00Z,2025-06-01 11:00,-2.110
2025-06-01T10:00Z,2025-06-01 12:00,-5.480
2025-06-01T11:00Z,2025-06-01 13:00,-12.930
2025-06-01T12:00Z,2025-06-01 14:00,-20.410
2025-06-01T13:00Z,2025-06-01 15:00,-15.610
2025-06-01T14:00Z,2025-06-01 16:00,-6.000
2025-06-01T15:00Z,2025-06-01 17:00,-0.990
2025-06-01T16:00Z,2025-06-01 18:00,19.230
2025-06-01T17:00Z,2025-06-01 19:00,78.850
2025-06-01T18:00Z,2025-06-01 20:00,93.660
2025-06-01T19:00Z,2025-06-01 21:00,106.860
2025-06-01T20:00Z,2025-06-01 22:00,105.930
2025-06-01T21:00Z,2025-06-01 23:00,90.490
2025-06-01T22:00Z,2025-06-02 00:00,81.760
2025-06-01T23:00Z,2025-06-02 01:00,75.310
2025-06-02T00:00Z,2025-06-02 02:00,75.000
2025-06-02T01:00Z,2025-06-02 03:00,77.750
2025-06-02T02:00Z,2025-06-02 04:00,83.050
2025-06-02T03:00Z,2025-06-02 05:00,91.930
2025-06-02T04:00Z,2025-06-02 06:00,108.150
2025-06-02T05:00Z,2025-06-02 07:00,117.900
2025-06-02T06:00Z,2025-06-02 08:00,102.360
2025-06-02T07:00Z,2025-06-02 09:00,85.600
2025-06-02T08:00Z,2025-06-02 10:00,57.470
2025-06-02T09:00Z,2025-06-02 11:00,33.210
2025-06-02T10:00Z,2025-06-02 12:00,20.000
2025-06-02T11:00Z,2025-06-02 13:00,12.780
2025-06-02T12:00Z,2025-06-02 14:00,11.000
2025-06-02T13:00Z,2025-06-02 15:00,19.750
2025-06-02T14:00Z,2025-06-02 16:00,55.840
2025-06-02T15:00Z,2025-06-02 17:00,82.800
2025-06-02T16:00Z,2025-06-02 18:00,94.950
2025-06-02T17:00Z,2025-06-02 19:00,109.320
2025-06-02T18:00Z,2025-06-02 20:00,195.910
2025-06-02T19:00Z,2025-06-02 21:00,245.370
2025-06-02T20:00Z,2025-06-02 22:00,141.660
2025-06-02T21:00Z,2025-06-02 23:00,110.040
2025-06-02T22:00Z,2025-06-03 00:00,111.490
2025-06-02T23:00Z,2025-06-03 01:00,109.910
2025-06-03T00:00Z,2025-06-03 02:00,102.020
2025-06-03T01:00Z,2025-06-03 03:00,99.230
2025-06-03T02:00Z,2025-06-03 04:00,94.890
2025-06-03T03:00Z,2025-06-03 05:00,107.600
2025-06-03T04:00Z,2025-06-03 06:00,130.760
2025-06-03T05:00Z,2025-06-03 07:00,116.850
2025-06-03T06:00Z,2025-06-03 08:00,85.980
2025-06-03T07:00Z,2025-06-03 09:00,59.460
2025-06-03T08:00Z,2025-06-03 10:00,2.000
2025-06-03T09:00Z,2025-06-03 11:00,-0.050
2025-06-03T10:00Z,2025-06-03 12:00,-1.010
2025-06-03T11:00Z,2025-06-03 13:00,-3.000
2025-06-03T12:00Z,2025-06-03 14:00,-4.320
2025-06-03T13:00Z,2025-06-03 15:00,-1.330
2025-06-03T14:00Z,2025-06-03 16:00,0.000
2025-06-03T15:00Z,2025-06-03 17:00,66.000
2025-06-03T16:00Z,2025-06-03 18:00,87.790
2025-06-03T17:00Z,2025-06-03 19:00,109.410
2025-06-03T18:00Z,2025-06-03 20:00,132.900
2025-06-03T19:00Z,2025-06-03 21:00,112.290
2025-06-03T20:00Z,2025-06-03 22:00,106.120
2025-06-03T21:00Z,2025-06-03 23:00,95.490
2025-06-03T22:00Z,2025-06-04 00:00,74.950
2025-06-03T23:00Z,2025-06-04 01:00,67.250
2025-06-04T00:00Z,2025-06-04 02:00,64.780
2025-06-04T01:00Z,2025-06-04 03:00,65.000
2025-06-04T02:00Z,2025-06-04 04:00,68.320
2025-06-04T03:00Z,2025-06-04 05:00,80.320
2025-06-04T04:00Z,2025-06-04 06:00,99.770
2025-06-04T05:00Z,2025-06-04 07:00,113.740
2025-06-04T06:00Z,2025-06-04 08:00,112.400
2025-06-04T07:00Z,2025-06-04 09:00,79.080
2025-06-04T08:00Z,2025-06-04 10:00,72.400
2025-06-04T09:00Z,2025-06-04 11:00,48.360
2025-06-04T10:00Z,2025-06-04 12:00,20.120
2025-06-04T11:00Z,2025-06-04 13:00,9.690
2025-06-04T12:00Z,2025-06-04 14:00,18.260
2025-06-04T13:00Z,2025-06-04 15:00,43.350
2025-06-04T14:00Z,2025-06-04 16:00,72.400
2025-06-04T15:00Z,2025-06-04 17:00,91.450
2025-06-04T16:00Z,2025-06-04 18:00,108.910
2025-06-04T17:00Z,2025-06-04 19:00,145.980
2025-06-04T18:00Z,2025-06-04 20:00,192.850
2025-06-04T19:00Z,2025-06-04 21:00,138.820
2025-06-04T20:00Z,2025-06-04 22:00,112.430
2025-06-04T21:00Z,2025-06-04 23:00,94.080
2025-06-04T22:00Z,2025-06-05 00:00,97.670
2025-06-04T23:00Z,2025-06-05 01:00,92.700
2025-06-05T00:00Z,2025-06-05 02:00,86.840
2025-06-05T01:00Z,2025-06-05 03:00,86.100
2025-06-05T02:00Z,2025-06-05 04:00,87.010
2025-06-05T03:00Z,2025-06-05 05:00,88.090
2025-06-05T04:00Z,2025-06-05 06:00,113.780
2025-06-05T05:00Z,2025-06-05 07:00,129.030
2025-06-05T06:00Z,2025-06-05 08:00,116.600
2025-06-05T07:00Z,2025-06-05 09:00,83.030
2025-06-05T08:00Z,2025-06-05 10:00,66.000
2025-06-05T09:00Z,2025-06-05 11:00,46.180
2025-06-05T10:00Z,2025-06-05 12:00,20.000
2025-06-05T11:00Z,2025-06-05 13:00,11.030
2025-06-05T12:00Z,2025-06-05 14:00,7.070
2025-06-05T13:00Z,2025-06-05 15:00,19.870
2025-06-05T14:00Z,2025-06-05 16:00,57.500
2025-06-05T15:00Z,2025-06-05 17:00,81.080
2025-06-05T16:00Z,2025-06-05 18:00,100.940
2025-06-05T17:00Z,2025-06-05 19:00,112.190
2025-06-05T18:00Z,2025-06-05 20:00,136.400
2025-06-05T19:00Z,2025-06-05 21:00,106.950
2025-06-05T20:00Z,2025-06-05 22:00,96.370
2025-06-05T21:00Z,2025-06-05 23:00,81.360
2025-06-05T22:00Z,2025-06-06 00:00,76.290
2025-06-05T23:00Z,2025-06-06 01:00,66.120
2025-06-06T00:00Z,2025-06-06 02:00,60.860
2025-06-06T01:00Z,2025-06-06 03:00,55.270
2025-06-06T02:00Z,2025-06-06 04:00,52.780
2025-06-06T03:00Z,2025-06-06 05:00,63.700
2025-06-06T04:00Z,2025-06-06 06:00,67.020
2025-06-06T05:00Z,2025-06-06 07:00,74.430
2025-06-06T06:00Z,2025-06-06 08:00,59.610
2025-06-06T07:00Z,2025-06-06 09:00,3.940
2025-06-06T08:00Z,2025-06-06 10:00,-0.010
2025-06-06T09:00Z,2025-06-06 11:00,-0.270
2025-06-06T10:00Z,2025-06-06 12:00,-2.070
2025-06-06T11:00Z,2025-06-06 13:00,-4.930
2025-06-06T12:00Z,2025-06-06 14:00,-5.060
2025-06-06T13:00Z,2025-06-06 15:00,-4.960
2025-06-06T14:00Z,2025-06-06 16:00,-1.000
2025-06-06T15:00Z,2025-06-06 17:00,0.000
2025-06-06T16:00Z,2025-06-06 18:00,50.470
2025-06-06T17:00Z,2025-06-06 19:00,84.190
2025-06-06T18:00Z,2025-06-06 20:00,112.570
2025-06-06T19:00Z,2025-06-06 21:00,129.290
2025-06-06T20:00Z,2025-06-06 22:00,125.720
2025-06-06T21:00Z,2025-06-06 23:00,103.240
2025-06-06T22:00Z,2025-06-07 00:00,87.610
2025-06-06T23:00Z,2025-06-07 01:00,83.500
2025-06-07T00:00Z,2025-06-07 02:00,78.020
2025-06-07T01:00Z,2025-06-07 03:00,81.890
2025-06-07T02:00Z,2025-06-07 04:00,82.270
2025-06-07T03:00Z,2025-06-07 05:00,81.990
2025-06-07T04:00Z,2025-06-07 06:00,85.470
2025-06-07T05:00Z,2025-06-07 07:00,86.740
2025-06-07T06:00Z,2025-06-07 08:00,79.860
2025-06-07T07:00Z,2025-06-07 09:00,65.300
2025-06-07T08:00Z,2025-06-07 10:00,30.530
2025-06-07T09:00Z,2025-06-07 11:00,9.440
2025-06-07T10:00Z,2025-06-07 12:00,1.190
2025-06-07T11:00Z,2025-06-07 13:00,-0.010
2025-06-07T12:00Z,2025-06-07 14:00,-0.020
2025-06-07T13:00Z,2025-06-07 15:00,-0.020
2025-06-07T14:00Z,2025-06-07 16:00,-0.870
2025-06-07T15:00Z,2025-06-07 17:00,26.910
2025-06-07T16:00Z,2025-06-07 18:00,70.100
2025-06-07T17:00Z,2025-06-07 19:00,85.010
2025-06-07T18:00Z,2025-06-07 20:00,109.900
2025-06-07T19:00Z,2025-06-07 21:00,110.260
2025-06-07T20:00Z,2025-06-07 22:00,98.010
2025-06-07T21:00Z,2025-06-07 23:00,80.090
2025-06-07T22:00Z,2025-06-08 00:00,93.840
2025-06-07T23:00Z,2025-06-08 01:00,83.000
2025-06-08T00:00Z,2025-06-08 02:00,76.860
2025-06-08T01:00Z,2025-06-08 03:00,69.740
2025-06-08T02:00Z,2025-06-08 04:00,67.020
2025-06-08T03:00Z,2025-06-08 05:00,55.660
2025-06-08T04:00Z,2025-06-08 06:00,39.020
2025-06-08T05:00Z,2025-06-08 07:00,3.710
2025-06-08T06:00Z,2025-06-08 08:00,0.000
2025-06-08T07:00Z,2025-06-08 09:00,-0.500
2025-06-08T08:00Z,2025-06-08 10:00,-2.000
2025-06-08T09:00Z,2025-06-08 11:00,-8.210
2025-06-08T10:00Z,2025-06-08 12:00,-19.920
2025-06-08T11:00Z,2025-06-08 13:00,-39.980
2025-06-08T12:00Z,2025-06-08 14:00,-52.560
2025-06-08T13:00Z,2025-06-08 15:00,-53.060
2025-06-08T14:00Z,2025-06-08 16:00,-38.890
2025-06-08T15:00Z,2025-06-08 17:00,-16.710
2025-06-08T16:00Z,2025-06-08 18:00,-0.010
2025-06-08T17:00Z,2025-06-08 19:00,39.650
2025-06-08T18:00Z,2025-06-08 20:00,60.880
2025-06-08T19:00Z,2025-06-08 21:00,69.550
2025-06-08T20:00Z,2025-06-08 22:00,65.070
2025-06-08T21:00Z,2025-06-08 23:00,51.130
2025-06-08T22:00Z,2025-06-09 00:00,4.800
2025-06-08T23:00Z,2025-06-09 01:00,4.150
2025-06-09T00:00Z,2025-06-09 02:00,4.190
2025-06-09T01:00Z,2025-06-09 03:00,4.270
2025-06-09T02:00Z,2025-06-09 04:00,13.420
2025-06-09T03:00Z,2025-06-09 05:00,32.200
2025-06-09T04:00Z,2025-06-09 06:00,44.970
2025-06-09T05:00Z,2025-06-09 07:00,40.040
2025-06-09T06:00Z,2025-06-09 08:00,2.970
2025-06-09T07:00Z,2025-06-09 09:00,-0.620
2025-06-09T08:00Z,2025-06-09 10:00,-1.140
2025-06-09T09:00Z,2025-06-09 11:00,-4.140
2025-06-09T10:00Z,2025-06-09 12:00,-10.000
2025-06-09T11:00Z,2025-06-09 13:00,-19.330
2025-06-09T12:00Z,2025-06-09 14:00,-15.760
2025-06-09T13:00Z,2025-06-09 15:00,-4.500
2025-06-09T14:00Z,2025-06-09 16:00,-1.000
2025-06-09T15:00Z,2025-06-09 17:00,0.090
2025-06-09T16:00Z,2025-06-09 18:00,69.540
2025-06-09T17:00Z,2025-06-09 19:00,117.790
2025-06-09T18:00Z,2025-06-09 20:00,141.400
2025-06-09T19:00Z,2025-06-09 21:00,148.420
2025-06-09T20:00Z,2025-06-09 22:00,126.520
2025-06-09T21:00Z,2025-06-09 23:00,101.190
2025-06-09T22:00Z,2025-06-10 00:00,86.650
2025-06-09T23:00Z,2025-06-10 01:00,78.070
2025-06-10T00:00Z,2025-06-10 02:00,69.660
2025-06-10T01:00Z,2025-06-10 03:00,59.950
2025-06-10T02:00Z,2025-06-10 04:00,54.160
2025-06-10T03:00Z,2025-06-10 05:00,62.180
2025-06-10T04:00Z,2025-06-10 06:00,74.620
2025-06-10T05:00Z,2025-06-10 07:00,82.790
2025-06-10T06:00Z,2025-06-10 08:00,83.170
2025-06-10T07:00Z,2025-06-10 09:00,69.000
2025-06-10T08:00Z,2025-06-10 10:00,22.210
2025-06-10T09:00Z,2025-06-10 11:00,0.100
2025-06-10T10:00Z,2025-06-10 12:00,-0.190
2025-06-10T11:00Z,2025-06-10 13:00,-2.330
2025-06-10T12:00Z,2025-06-10 14:00,-4.260
2025-06-10T13:00Z,2025-06-10 15:00,-1.040
2025-06-10T14:00Z,2025-06-10 16:00,0.030
2025-06-10T15:00Z,2025-06-10 17:00,53.990
2025-06-10T16:00Z,2025-06-10 18:00,69.600
2025-06-10T17:00Z,2025-06-10 19:00,82.080
2025-06-10T18:00Z,2025-06-10 20:00,83.970
2025-06-10T19:00Z,2025-06-10 21:00,91.280
2025-06-10T20:00Z,2025-06-10 22:00,97.940
2025-06-10T21:00Z,2025-06-10 23:00,85.310
2025-06-10T22:00Z,2025-06-11 00:00,73.010
2025-06-10T23:00Z,2025-06-11 01:00,71.380
2025-06-11T00:00Z,2025-06-11 02:00,70.580
2025-06-11T01:00Z,2025-06-11 03:00,69.860
2025-06-11T02:00Z,2025-06-11 04:00,73.590
2025-06-11T03:00Z,2025-06-11 05:00,83.600
2025-06-11T04:00Z,2025-06-11 06:00,101.260
2025-06-11T05:00Z,2025-06-11 07:00,107.800
2025-06-11T06:00Z,2025-06-11 08:00,85.090
2025-06-11T07:00Z,2025-06-11 09:00,66.700
2025-06-11T08:00Z,2025-06-11 10:00,22.980
2025-06-11T09:00Z,2025-06-11 11:00,1.300
2025-06-11T10:00Z,2025-06-11 12:00,-0.360
2025-06-11T11:00Z,2025-06-11 13:00,-0.970
2025-06-11T12:00Z,2025-06-11 14:00,-3.400
2025-06-11T13:00Z,2025-06-11 15:00,-2.400
2025-06-11T14:00Z,2025-06-11 16:00,-0.010
2025-06-11T15:00Z,2025-06-11 17:00,66.470
2025-06-11T16:00Z,2025-06-11 18:00,89.340
2025-06-11T17:00Z,2025-06-11 19:00,132.280
2025-06-11T18:00Z,2025-06-11 20:00,217.000
2025-06-11T19:00Z,2025-06-11 21:00,180.000
2025-06-11T20:00Z,2025-06-11 22:00,119.340
2025-06-11T21:00Z,2025-06-11 23:00,94.070
2025-06-11T22:00Z,2025-06-12 00:00,92.910
2025-06-11T23:00Z,2025-06-12 01:00,87.700
2025-06-12T00:00Z,2025-06-12 02:00,85.430
2025-06-12T01:00Z,2025-06-12 03:00,84.850
2025-06-12T02:00Z,2025-06-12 04:00,89.060
2025-06-12T03:00Z,2025-06-12 05:00,92.000
2025-06-12T04:00Z,2025-06-12 06:00,114.850
2025-06-12T05:00Z,2025-06-12 07:00,104.300
2025-06-12T06:00Z,2025-06-12 08:00,78.860
2025-06-12T07:00Z,2025-06-12 09:00,36.090
2025-06-12T08:00Z,2025-06-12 10:00,0.000
2025-06-12T09:00Z,2025-06-12 11:00,-2.000
2025-06-12T10:00Z,2025-06-12 12:00,-15.910
2025-06-12T11:00Z,2025-06-12 13:00,-27.900
2025-06-12T12:00Z,2025-06-12 14:00,-25.470
2025-06-12T13:00Z,2025-06-12 15:00,-11.570
2025-06-12T14:00Z,2025-06-12 16:00,-2.780
2025-06-12T15:00Z,2025-06-12 17:00,14.900
2025-06-12T16:00Z,2025-06-12 18:00,79.960
2025-06-12T17:00Z,2025-06-12 19:00,112.550
2025-06-12T18:00Z,2025-06-12 20:00,132.000
2025-06-12T19:00Z,2025-06-12 21:00,111.000
2025-06-12T20:00Z,2025-06-12 22:00,105.000
2025-06-12T21:00Z,2025-06-12 23:00,86.900
2025-06-12T22:00Z,2025-06-13 00:00,70.290
2025-06-12T23:00Z,2025-06-13 01:00,55.250
2025-06-13T00:00Z,2025-06-13 02:00,58.610
2025-06-13T01:00Z,2025-06-13 03:00,63.420
2025-06-13T02:00Z,2025-06-13 04:00,63.840
2025-06-13T03:00Z,2025-06-13 05:00,70.710
2025-06-13T04:00Z,2025-06-13 06:00,83.680
2025-06-13T05:00Z,2025-06-13 07:00,87.260
2025-06-13T06:00Z,2025-06-13 08:00,77.390
2025-06-13T07:00Z,2025-06-13 09:00,40.030
2025-06-13T08:00Z,2025-06-13 10:00,4.100
2025-06-13T09:00Z,2025-06-13 11:00,-0.030
2025-06-13T10:00Z,2025-06-13 12:00,-2.050
2025-06-13T11:00Z,2025-06-13 13:00,-6.090
2025-06-13T12:00Z,2025-06-13 14:00,-6.010
2025-06-13T13:00Z,2025-06-13 15:00,-2.380
2025-06-13T14:00Z,2025-06-13 16:00,-0.010
2025-06-13T15:00Z,2025-06-13 17:00,35.900
2025-06-13T16:00Z,2025-06-13 18:00,80.040
2025-06-13T17:00Z,2025-06-13 19:00,108.900
2025-06-13T18:00Z,2025-06-13 20:00,111.190
2025-06-13T19:00Z,2025-06-13 21:00,94.900
2025-06-13T20:00Z,2025-06-13 22:00,90.000
2025-06-13T21:00Z,2025-06-13 23:00,71.300
2025-06-13T22:00Z,2025-06-14 00:00,73.990
2025-06-13T23:00Z,2025-06-14 01:00,71.200
2025-06-14T00:00Z,2025-06-14 02:00,66.150
2025-06-14T01:00Z,2025-06-14 03:00,66.880
2025-06-14T02:00Z,2025-06-14 04:00,68.060
2025-06-14T03:00Z,2025-06-14 05:00,64.520
2025-06-14T04:00Z,2025-06-14 06:00,54.680
2025-06-14T05:00Z,2025-06-14 07:00,20.300
2025-06-14T06:00Z,2025-06-14 08:00,7.740
2025-06-14T07:00Z,2025-06-14 09:00,0.000
2025-06-14T08:00Z,2025-06-14 10:00,-2.020
2025-06-14T09:00Z,2025-06-14 11:00,-9.080
2025-06-14T10:00Z,2025-06-14 12:00,-35.720
2025-06-14T11:00Z,2025-06-14 13:00,-38.000
2025-06-14T12:00Z,2025-06-14 14:00,-25.750
2025-06-14T13:00Z,2025-06-14 15:00,-6.700
2025-06-14T14:00Z,2025-06-14 16:00,-0.370
2025-06-14T15:00Z,2025-06-14 17:00,8.860
2025-06-14T16:00Z,2025-06-14 18:00,83.380
2025-06-14T17:00Z,2025-06-14 19:00,121.550
2025-06-14T18:00Z,2025-06-14 20:00,127.270
2025-06-14T19:00Z,2025-06-14 21:00,117.680
2025-06-14T20:00Z,2025-06-14 22:00,121.390
2025-06-14T21:00Z,2025-06-14 23:00,109.000
2025-06-14T22:00Z,2025-06-15 00:00,91.930
2025-06-14T23:00Z,2025-06-15 01:00,88.870
2025-06-15T00:00Z,2025-06-15 02:00,87.230
2025-06-15T01:00Z,2025-06-15 03:00,90.940
2025-06-15T02:00Z,2025-06-15 04:00,91.990
2025-06-15T03:00Z,2025-06-15 05:00,92.150
2025-06-15T04:00Z,2025-06-15 06:00,84.990
2025-06-15T05:00Z,2025-06-15 07:00,66.210
2025-06-15T06:00Z,2025-06-15 08:00,53.860
2025-06-15T07:00Z,2025-06-15 09:00,5.550
2025-06-15T08:00Z,2025-06-15 10:00,0.000
2025-06-15T09:00Z,2025-06-15 11:00,-0.020
2025-06-15T10:00Z,2025-06-15 12:00,-1.220
2025-06-15T11:00Z,2025-06-15 13:00,-5.610
2025-06-15T12:00Z,2025-06-15 14:00,-5.000
2025-06-15T13:00Z,2025-06-15 15:00,-2.000
2025-06-15T14:00Z,2025-06-15 16:00,-0.010
2025-06-15T15:00Z,2025-06-15 17:00,54.790
2025-06-15T16:00Z,2025-06-15 18:00,96.430
2025-06-15T17:00Z,2025-06-15 19:00,109.000
2025-06-15T18:00Z,2025-06-15 20:00,114.590
2025-06-15T19:00Z,2025-06-15 21:00,135.430
2025-06-15T20:00Z,2025-06-15 22:00,127.630
2025-06-15T21:00Z,2025-06-15 23:00,106.540
2025-06-15T22:00Z,2025-06-16 00:00,105.720
2025-06-15T23:00Z,2025-06-16 01:00,91.640
2025-06-16T00:00Z,2025-06-16 02:00,86.940
2025-06-16T01:00Z,2025-06-16 03:00,84.000
2025-06-16T02:00Z,2025-06-16 04:00,83.280
2025-06-16T03:00Z,2025-06-16 05:00,88.390
2025-06-16T04:00Z,2025-06-16 06:00,112.430
2025-06-16T05:00Z,2025-06-16 07:00,123.490
2025-06-16T06:00Z,2025-06-16 08:00,108.920
2025-06-16T07:00Z,2025-06-16 09:00,84.490
2025-06-16T08:00Z,2025-06-16 10:00,60.280
2025-06-16T09:00Z,2025-06-16 11:00,14.020
2025-06-16T10:00Z,2025-06-16 12:00,1.620
2025-06-16T11:00Z,2025-06-16 13:00,0.070
2025-06-16T12:00Z,2025-06-16 14:00,0.000
2025-06-16T13:00Z,2025-06-16 15:00,0.000
2025-06-16T14:00Z,2025-06-16 16:00,13.610
2025-06-16T15:00Z,2025-06-16 17:00,70.000
2025-06-16T16:00Z,2025-06-16 18:00,89.240
2025-06-16T17:00Z,2025-06-16 19:00,116.000
2025-06-16T18:00Z,2025-06-16 20:00,186.100
2025-06-16T19:00Z,2025-06-16 21:00,190.000
2025-06-16T20:00Z,2025-06-16 22:00,129.180
2025-06-16T21:00Z,2025-06-16 23:00,106.900
2025-06-16T22:00Z,2025-06-17 00:00,103.980
2025-06-16T23:00Z,2025-06-17 01:00,98.260
2025-06-17T00:00Z,2025-06-17 02:00,94.950
2025-06-17T01:00Z,2025-06-17 03:00,94.190
2025-06-17T02:00Z,2025-06-17 04:00,95.240
2025-06-17T03:00Z,2025-06-17 05:00,102.510
2025-06-17T04:00Z,2025-06-17 06:00,118.760
2025-06-17T05:00Z,2025-06-17 07:00,107.010
2025-06-17T06:00Z,2025-06-17 08:00,98.590
2025-06-17T07:00Z,2025-06-17 09:00,70.740
2025-06-17T08:00Z,2025-06-17 10:00,4.340
2025-06-17T09:00Z,2025-06-17 11:00,-0.610
2025-06-17T10:00Z,2025-06-17 12:00,-0.860
2025-06-17T11:00Z,2025-06-17 13:00,-4.910
2025-06-17T12:00Z,2025-06-17 14:00,-6.200
2025-06-17T13:00Z,2025-06-17 15:00,-2.560
2025-06-17T14:00Z,2025-06-17 16:00,8.650
2025-06-17T15:00Z,2025-06-17 17:00,79.230
2025-06-17T16:00Z,2025-06-17 18:00,103.360
2025-06-17T17:00Z,2025-06-17 19:00,129.080
2025-06-17T18:00Z,2025-06-17 20:00,241.800
2025-06-17T19:00Z,2025-06-17 21:00,241.380
2025-06-17T20:00Z,2025-06-17 22:00,138.190
2025-06-17T21:00Z,2025-06-17 23:00,116.360
2025-06-17T22:00Z,2025-06-18 00:00,113.000
2025-06-17T23:00Z,2025-06-18 01:00,106.800
2025-06-18T00:00Z,2025-06-18 02:00,101.500
2025-06-18T01:00Z,2025-06-18 03:00,95.840
2025-06-18T02:00Z,2025-06-18 04:00,97.010
2025-06-18T03:00Z,2025-06-18 05:00,103.570
2025-06-18T04:00Z,2025-06-18 06:00,112.350
2025-06-18T05:00Z,2025-06-18 07:00,114.900
2025-06-18T06:00Z,2025-06-18 08:00,111.390
2025-06-18T07:00Z,2025-06-18 09:00,78.970
2025-06-18T08:00Z,2025-06-18 10:00,21.770
2025-06-18T09:00Z,2025-06-18 11:00,1.170
2025-06-18T10:00Z,2025-06-18 12:00,-0.230
2025-06-18T11:00Z,2025-06-18 13:00,-1.040
2025-06-18T12:00Z,2025-06-18 14:00,-2.300
2025-06-18T13:00Z,2025-06-18 15:00,-2.170
2025-06-18T14:00Z,2025-06-18 16:00,0.990
2025-06-18T15:00Z,2025-06-18 17:00,74.000
2025-06-18T16:00Z,2025-06-18 18:00,107.150
2025-06-18T17:00Z,2025-06-18 19:00,116.400
2025-06-18T18:00Z,2025-06-18 20:00,140.990
2025-06-18T19:00Z,2025-06-18 21:00,175.320
2025-06-18T20:00Z,2025-06-18 22:00,133.060
2025-06-18T21:00Z,2025-06-18 23:00,115.350
2025-06-18T22:00Z,2025-06-19 00:00,112.200
2025-06-18T23:00Z,2025-06-19 01:00,106.400
2025-06-19T00:00Z,2025-06-19 02:00,105.290
2025-06-19T01:00Z,2025-06-19 03:00,99.510
2025-06-19T02:00Z,2025-06-19 04:00,100.940
2025-06-19T03:00Z,2025-06-19 05:00,95.680
2025-06-19T04:00Z,2025-06-19 06:00,101.510
2025-06-19T05:00Z,2025-06-19 07:00,89.250
2025-06-19T06:00Z,2025-06-19 08:00,71.250
2025-06-19T07:00Z,2025-06-19 09:00,0.860
2025-06-19T08:00Z,2025-06-19 10:00,-1.330
2025-06-19T09:00Z,2025-06-19 11:00,-29.980
2025-06-19T10:00Z,2025-06-19 12:00,-52.210
2025-06-19T11:00Z,2025-06-19 13:00,-65.440
2025-06-19T12:00Z,2025-06-19 14:00,-64.950
2025-06-19T13:00Z,2025-06-19 15:00,-39.790
2025-06-19T14:00Z,2025-06-19 16:00,-4.950
2025-06-19T15:00Z,2025-06-19 17:00,2.300
2025-06-19T16:00Z,2025-06-19 18:00,80.330
2025-06-19T17:00Z,2025-06-19 19:00,118.470
2025-06-19T18:00Z,2025-06-19 20:00,138.850
2025-06-19T19:00Z,2025-06-19 21:00,141.800
2025-06-19T20:00Z,2025-06-19 22:00,129.660
2025-06-19T21:00Z,2025-06-19 23:00,108.890
2025-06-19T22:00Z,2025-06-20 00:00,109.490
2025-06-19T23:00Z,2025-06-20 01:00,104.570
2025-06-20T00:00Z,2025-06-20 02:00,103.240
2025-06-20T01:00Z,2025-06-20 03:00,105.010
2025-06-20T02:00Z,2025-06-20 04:00,104.270
2025-06-20T03:00Z,2025-06-20 05:00,109.040
2025-06-20T04:00Z,2025-06-20 06:00,120.900
2025-06-20T05:00Z,2025-06-20 07:00,118.660
2025-06-20T06:00Z,2025-06-20 08:00,110.980
2025-06-20T07:00Z,2025-06-20 09:00,81.690
2025-06-20T08:00Z,2025-06-20 10:00,15.830
2025-06-20T09:00Z,2025-06-20 11:00,4.030
2025-06-20T10:00Z,2025-06-20 12:00,0.000
2025-06-20T11:00Z,2025-06-20 13:00,-1.000
2025-06-20T12:00Z,2025-06-20 14:00,-0.170
2025-06-20T13:00Z,2025-06-20 15:00,0.910
2025-06-20T14:00Z,2025-06-20 16:00,28.990
2025-06-20T15:00Z,2025-06-20 17:00,87.350
2025-06-20T16:00Z,2025-06-20 18:00,111.010
2025-06-20T17:00Z,2025-06-20 19:00,136.130
2025-06-20T18:00Z,2025-06-20 20:00,201.290
2025-06-20T19:00Z,2025-06-20 21:00,178.630
2025-06-20T20:00Z,2025-06-20 22:00,137.050
2025-06-20T21:00Z,2025-06-20 23:00,121.380
2025-06-20T22:00Z,2025-06-21 00:00,118.520
2025-06-20T23:00Z,2025-06-21 01:00,110.480
2025-06-21T00:00Z,2025-06-21 02:00,108.150
2025-06-21T01:00Z,2025-06-21 03:00,106.760
2025-06-21T02:00Z,2025-06-21 04:00,109.100
2025-06-21T03:00Z,2025-06-21 05:00,104.450
2025-06-21T04:00Z,2025-06-21 06:00,100.710
2025-06-21T05:00Z,2025-06-21 07:00,90.740
2025-06-21T06:00Z,2025-06-21 08:00,75.930
2025-06-21T07:00Z,2025-06-21 09:00,23.400
2025-06-21T08:00Z,2025-06-21 10:00,0.190
2025-06-21T09:00Z,2025-06-21 11:00,-2.010
2025-06-21T10:00Z,2025-06-21 12:00,-13.960
2025-06-21T11:00Z,2025-06-21 13:00,-29.980
2025-06-21T12:00Z,2025-06-21 14:00,-26.310
2025-06-21T13:00Z,2025-06-21 15:00,-4.420
2025-06-21T14:00Z,2025-06-21 16:00,0.090
2025-06-21T15:00Z,2025-06-21 17:00,59.990
2025-06-21T16:00Z,2025-06-21 18:00,100.950
2025-06-21T17:00Z,2025-06-21 19:00,127.900
2025-06-21T18:00Z,2025-06-21 20:00,156.740
2025-06-21T19:00Z,2025-06-21 21:00,165.300
2025-06-21T20:00Z,2025-06-21 22:00,140.780
2025-06-21T21:00Z,2025-06-21 23:00,119.200
2025-06-21T22:00Z,2025-06-22 00:00,108.150
2025-06-21T23:00Z,2025-06-22 01:00,101.070
2025-06-22T00:00Z,2025-06-22 02:00,97.460
2025-06-22T01:00Z,2025-06-22 03:00,92.120
2025-06-22T02:00Z,2025-06-22 04:00,89.690
2025-06-22T03:00Z,2025-06-22 05:00,87.950
2025-06-22T04:00Z,2025-06-22 06:00,71.980
2025-06-22T05:00Z,2025-06-22 07:00,26.440
2025-06-22T06:00Z,2025-06-22 08:00,0.000
2025-06-22T07:00Z,2025-06-22 09:00,-0.090
2025-06-22T08:00Z,2025-06-22 10:00,-11.110
2025-06-22T09:00Z,2025-06-22 11:00,-38.560
2025-06-22T10:00Z,2025-06-22 12:00,-67.410
2025-06-22T11:00Z,2025-06-22 13:00,-99.010
2025-06-22T12:00Z,2025-06-22 14:00,-81.000
2025-06-22T13:00Z,2025-06-22 15:00,-40.090
2025-06-22T14:00Z,2025-06-22 16:00,-7.680
2025-06-22T15:00Z,2025-06-22 17:00,-0.010
2025-06-22T16:00Z,2025-06-22 18:00,69.750
2025-06-22T17:00Z,2025-06-22 19:00,109.330
2025-06-22T18:00Z,2025-06-22 20:00,123.900
2025-06-22T19:00Z,2025-06-22 21:00,134.330
2025-06-22T20:00Z,2025-06-22 22:00,126.320
2025-06-22T21:00Z,2025-06-22 23:00,101.630
2025-06-22T22:00Z,2025-06-23 00:00,70.300
2025-06-22T23:00Z,2025-06-23 01:00,63.800
2025-06-23T00:00Z,2025-06-23 02:00,63.790
2025-06-23T01:00Z,2025-06-23 03:00,64.510
2025-06-23T02:00Z,2025-06-23 04:00,72.500
2025-06-23T03:00Z,2025-06-23 05:00,84.920
2025-06-23T04:00Z,2025-06-23 06:00,89.120
2025-06-23T05:00Z,2025-06-23 07:00,92.240
2025-06-23T06:00Z,2025-06-23 08:00,78.960
2025-06-23T07:00Z,2025-06-23 09:00,18.640
2025-06-23T08:00Z,2025-06-23 10:00,-0.010
2025-06-23T09:00Z,2025-06-23 11:00,-6.110
2025-06-23T10:00Z,2025-06-23 12:00,-12.760
2025-06-23T11:00Z,2025-06-23 13:00,-26.450
2025-06-23T12:00Z,2025-06-23 14:00,-32.750
2025-06-23T13:00Z,2025-06-23 15:00,-32.690
2025-06-23T14:00Z,2025-06-23 16:00,-25.000
2025-06-23T15:00Z,2025-06-23 17:00,-13.110
2025-06-23T16:00Z,2025-06-23 18:00,-1.010
2025-06-23T17:00Z,2025-06-23 19:00,20.000
2025-06-23T18:00Z,2025-06-23 20:00,83.500
2025-06-23T19:00Z,2025-06-23 21:00,90.000
2025-06-23T20:00Z,2025-06-23 22:00,97.780
2025-06-23T21:00Z,2025-06-23 23:00,89.530
2025-06-23T22:00Z,2025-06-24 00:00,77.080
2025-06-23T23:00Z,2025-06-24 01:00,66.790
2025-06-24T00:00Z,2025-06-24 02:00,63.790
2025-06-24T01:00Z,2025-06-24 03:00,58.120
2025-06-24T02:00Z,2025-06-24 04:00,66.520
2025-06-24T03:00Z,2025-06-24 05:00,69.750
2025-06-24T04:00Z,2025-06-24 06:00,88.150
2025-06-24T05:00Z,2025-06-24 07:00,88.020
2025-06-24T06:00Z,2025-06-24 08:00,41.270
2025-06-24T07:00Z,2025-06-24 09:00,-0.010
2025-06-24T08:00Z,2025-06-24 10:00,-4.010
2025-06-24T09:00Z,2025-06-24 11:00,-12.410
2025-06-24T10:00Z,2025-06-24 12:00,-20.090
2025-06-24T11:00Z,2025-06-24 13:00,-22.750
2025-06-24T12:00Z,2025-06-24 14:00,-19.270
2025-06-24T13:00Z,2025-06-24 15:00,-7.560
2025-06-24T14:00Z,2025-06-24 16:00,-3.060
2025-06-24T15:00Z,2025-06-24 17:00,2.090
2025-06-24T16:00Z,2025-06-24 18:00,61.770
2025-06-24T17:00Z,2025-06-24 19:00,97.250
2025-06-24T18:00Z,2025-06-24 20:00,123.900
2025-06-24T19:00Z,2025-06-24 21:00,122.490
2025-06-24T20:00Z,2025-06-24 22:00,97.410
2025-06-24T21:00Z,2025-06-24 23:00,98.020
2025-06-24T22:00Z,2025-06-25 00:00,78.850
2025-06-24T23:00Z,2025-06-25 01:00,67.630
2025-06-25T00:00Z,2025-06-25 02:00,70.020
2025-06-25T01:00Z,2025-06-25 03:00,69.070
2025-06-25T02:00Z,2025-06-25 04:00,70.010
2025-06-25T03:00Z,2025-06-25 05:00,82.770
2025-06-25T04:00Z,2025-06-25 06:00,105.720
2025-06-25T05:00Z,2025-06-25 07:00,112.360
2025-06-25T06:00Z,2025-06-25 08:00,97.870
2025-06-25T07:00Z,2025-06-25 09:00,70.020
2025-06-25T08:00Z,2025-06-25 10:00,10.070
2025-06-25T09:00Z,2025-06-25 11:00,0.070
2025-06-25T10:00Z,2025-06-25 12:00,-0.020
2025-06-25T11:00Z,2025-06-25 13:00,-0.140
2025-06-25T12:00Z,2025-06-25 14:00,-0.510
2025-06-25T13:00Z,2025-06-25 15:00,0.000
2025-06-25T14:00Z,2025-06-25 16:00,17.840
2025-06-25T15:00Z,2025-06-25 17:00,84.470
2025-06-25T16:00Z,2025-06-25 18:00,105.800
2025-06-25T17:00Z,2025-06-25 19:00,134.190
2025-06-25T18:00Z,2025-06-25 20:00,200.000
2025-06-25T19:00Z,2025-06-25 21:00,247.020
2025-06-25T20:00Z,2025-06-25 22:00,173.620
2025-06-25T21:00Z,2025-06-25 23:00,126.840
2025-06-25T22:00Z,2025-06-26 00:00,119.950
2025-06-25T23:00Z,2025-06-26 01:00,107.630
2025-06-26T00:00Z,2025-06-26 02:00,102.830
2025-06-26T01:00Z,2025-06-26 03:00,98.620
2025-06-26T02:00Z,2025-06-26 04:00,98.790
2025-06-26T03:00Z,2025-06-26 05:00,102.910
2025-06-26T04:00Z,2025-06-26 06:00,119.900
2025-06-26T05:00Z,2025-06-26 07:00,120.910
2025-06-26T06:00Z,2025-06-26 08:00,106.790
2025-06-26T07:00Z,2025-06-26 09:00,96.450
2025-06-26T08:00Z,2025-06-26 10:00,88.950
2025-06-26T09:00Z,2025-06-26 11:00,77.880
2025-06-26T10:00Z,2025-06-26 12:00,70.250
2025-06-26T11:00Z,2025-06-26 13:00,59.250
2025-06-26T12:00Z,2025-06-26 14:00,51.120
2025-06-26T13:00Z,2025-06-26 15:00,48.990
2025-06-26T14:00Z,2025-06-26 16:00,63.040
2025-06-26T15:00Z,2025-06-26 17:00,70.300
2025-06-26T16:00Z,2025-06-26 18:00,89.230
2025-06-26T17:00Z,2025-06-26 19:00,93.950
2025-06-26T18:00Z,2025-06-26 20:00,99.140
2025-06-26T19:00Z,2025-06-26 21:00,100.000
2025-06-26T20:00Z,2025-06-26 22:00,108.640
2025-06-26T21:00Z,2025-06-26 23:00,97.230
2025-06-26T22:00Z,2025-06-27 00:00,84.500
2025-06-26T23:00Z,2025-06-27 01:00,78.830
2025-06-27T00:00Z,2025-06-27 02:00,75.670
2025-06-27T01:00Z,2025-06-27 03:00,80.410
2025-06-27T02:00Z,2025-06-27 04:00,82.390
2025-06-27T03:00Z,2025-06-27 05:00,88.900
2025-06-27T04:00Z,2025-06-27 06:00,105.580
2025-06-27T05:00Z,2025-06-27 07:00,113.200
2025-06-27T06:00Z,2025-06-27 08:00,107.700
2025-06-27T07:00Z,2025-06-27 09:00,90.940
2025-06-27T08:00Z,2025-06-27 10:00,79.120
2025-06-27T09:00Z,2025-06-27 11:00,67.450
2025-06-27T10:00Z,2025-06-27 12:00,54.530
2025-06-27T11:00Z,2025-06-27 13:00,28.300
2025-06-27T12:00Z,2025-06-27 14:00,7.870
2025-06-27T13:00Z,2025-06-27 15:00,9.880
2025-06-27T14:00Z,2025-06-27 16:00,29.920
2025-06-27T15:00Z,2025-06-27 17:00,70.680
2025-06-27T16:00Z,2025-06-27 18:00,91.730
2025-06-27T17:00Z,2025-06-27 19:00,107.150
2025-06-27T18:00Z,2025-06-27 20:00,124.860
2025-06-27T19:00Z,2025-06-27 21:00,134.940
2025-06-27T20:00Z,2025-06-27 22:00,126.240
2025-06-27T21:00Z,2025-06-27 23:00,107.700
2025-06-27T22:00Z,2025-06-28 00:00,94.700
2025-06-27T23:00Z,2025-06-28 01:00,89.610
2025-06-28T00:00Z,2025-06-28 02:00,82.020
2025-06-28T01:00Z,2025-06-28 03:00,76.590
2025-06-28T02:00Z,2025-06-28 04:00,70.270
2025-06-28T03:00Z,2025-06-28 05:00,75.400
2025-06-28T04:00Z,2025-06-28 06:00,74.000
2025-06-28T05:00Z,2025-06-28 07:00,58.840
2025-06-28T06:00Z,2025-06-28 08:00,27.800
2025-06-28T07:00Z,2025-06-28 09:00,2.340
2025-06-28T08:00Z,2025-06-28 10:00,0.010
2025-06-28T09:00Z,2025-06-28 11:00,-0.040
2025-06-28T10:00Z,2025-06-28 12:00,-1.000
2025-06-28T11:00Z,2025-06-28 13:00,-2.010
2025-06-28T12:00Z,2025-06-28 14:00,-3.090
2025-06-28T13:00Z,2025-06-28 15:00,-1.010
2025-06-28T14:00Z,2025-06-28 16:00,-1.000
2025-06-28T15:00Z,2025-06-28 17:00,2.970
2025-06-28T16:00Z,2025-06-28 18:00,62.730
2025-06-28T17:00Z,2025-06-28 19:00,95.030
2025-06-28T18:00Z,2025-06-28 20:00,108.990
2025-06-28T19:00Z,2025-06-28 21:00,123.860
2025-06-28T20:00Z,2025-06-28 22:00,119.840
2025-06-28T21:00Z,2025-06-28 23:00,103.500
2025-06-28T22:00Z,2025-06-29 00:00,95.070
2025-06-28T23:00Z,2025-06-29 01:00,89.420
2025-06-29T00:00Z,2025-06-29 02:00,89.660
2025-06-29T01:00Z,2025-06-29 03:00,86.820
2025-06-29T02:00Z,2025-06-29 04:00,85.310
2025-06-29T03:00Z,2025-06-29 05:00,85.300
2025-06-29T04:00Z,2025-06-29 06:00,86.390
2025-06-29T05:00Z,2025-06-29 07:00,74.920
2025-06-29T06:00Z,2025-06-29 08:00,47.520
2025-06-29T07:00Z,2025-06-29 09:00,1.990
2025-06-29T08:00Z,2025-06-29 10:00,0.000
2025-06-29T09:00Z,2025-06-29 11:00,-0.260
2025-06-29T10:00Z,2025-06-29 12:00,-5.400
2025-06-29T11:00Z,2025-06-29 13:00,-20.100
2025-06-29T12:00Z,2025-06-29 14:00,-24.010
2025-06-29T13:00Z,2025-06-29 15:00,-15.450
2025-06-29T14:00Z,2025-06-29 16:00,-2.690
2025-06-29T15:00Z,2025-06-29 17:00,0.010
2025-06-29T16:00Z,2025-06-29 18:00,77.440
2025-06-29T17:00Z,2025-06-29 19:00,102.140
2025-06-29T18:00Z,2025-06-29 20:00,111.980
2025-06-29T19:00Z,2025-06-29 21:00,118.070
2025-06-29T20:00Z,2025-06-29 22:00,113.730
2025-06-29T21:00Z,2025-06-29 23:00,101.000
2025-06-29T22:00Z,2025-06-30 00:00,98.730
2025-06-29T23:00Z,2025-06-30 01:00,89.030
2025-06-30T00:00Z,2025-06-30 02:00,85.030
2025-06-30T01:00Z,2025-06-30 03:00,84.130
2025-06-30T02:00Z,2025-06-30 04:00,86.510
2025-06-30T03:00Z,2025-06-30 05:00,97.410
2025-06-30T04:00Z,2025-06-30 06:00,114.900
2025-06-30T05:00Z,2025-06-30 07:00,111.700
2025-06-30T06:00Z,2025-06-30 08:00,108.520
2025-06-30T07:00Z,2025-06-30 09:00,91.770
2025-06-30T08:00Z,2025-06-30 10:00,74.650
2025-06-30T09:00Z,2025-06-30 11:00,43.730
2025-06-30T10:00Z,2025-06-30 12:00,19.050
2025-06-30T11:00Z,2025-06-30 13:00,9.960
2025-06-30T12:00Z,2025-06-30 14:00,19.650
2025-06-30T13:00Z,2025-06-30 15:00,60.000
2025-06-30T14:00Z,2025-06-30 16:00,80.500
2025-06-30T15:00Z,2025-06-30 17:00,91.980
2025-06-30T16:00Z,2025-06-30 18:00,110.010
2025-06-30T17:00Z,2025-06-30 19:00,178.940
2025-06-30T18:00Z,2025-06-30 20:00,288.970
2025-06-30T19:00Z,2025-06-30 21:00,233.350
2025-06-30T20:00Z,2025-06-30 22:00,157.000
2025-06-30T21:00Z,2025-06-30 23:00,122.650
2025-06-30T22:00Z,2025-07-01 00:00,111.280
2025-06-30T23:00Z,2025-07-01 01:00,95.290
2025-07-01T00:00Z,2025-07-01 02:00,89.100
2025-07-01T01:00Z,2025-07-01 03:00,88.080
2025-07-01T02:00Z,2025-07-01 04:00,90.010
2025-07-01T03:00Z,2025-07-01 05:00,96.500
2025-07-01T04:00Z,2025-07-01 06:00,114.970
2025-07-01T05:00Z,2025-07-01 07:00,120.110
2025-07-01T06:00Z,2025-07-01 08:00,114.720
2025-07-01T07:00Z,2025-07-01 09:00,91.190
2025-07-01T08:00Z,2025-07-01 10:00,84.310
2025-07-01T09:00Z,2025-07-01 11:00,69.560
2025-07-01T10:00Z,2025-07-01 12:00,44.540
2025-07-01T11:00Z,2025-07-01 13:00,42.470
2025-07-01T12:00Z,2025-07-01 14:00,57.650
2025-07-01T13:00Z,2025-07-01 15:00,78.140
2025-07-01T14:00Z,2025-07-01 16:00,90.800
2025-07-01T15:00Z,2025-07-01 17:00,102.020
2025-07-01T16:00Z,2025-07-01 18:00,152.080
2025-07-01T17:00Z,2025-07-01 19:00,307.270
2025-07-01T18:00Z,2025-07-01 20:00,476.190
2025-07-01T19:00Z,2025-07-01 21:00,406.810
2025-07-01T20:00Z,2025-07-01 22:00,250.010
2025-07-01T21:00Z,2025-07-01 23:00,147.650
2025-07-01T22:00Z,2025-07-02 00:00,119.290
2025-07-01T23:00Z,2025-07-02 01:00,102.700
2025-07-02T00:00Z,2025-07-02 02:00,92.540
2025-07-02T01:00Z,2025-07-02 03:00,92.080
2025-07-02T02:00Z,2025-07-02 04:00,91.710
2025-07-02T03:00Z,2025-07-02 05:00,100.550
2025-07-02T04:00Z,2025-07-02 06:00,116.430
2025-07-02T05:00Z,2025-07-02 07:00,110.420
2025-07-02T06:00Z,2025-07-02 08:00,104.520
2025-07-02T07:00Z,2025-07-02 09:00,92.620
2025-07-02T08:00Z,2025-07-02 10:00,81.060
2025-07-02T09:00Z,2025-07-02 11:00,69.930
2025-07-02T10:00Z,2025-07-02 12:00,36.120
2025-07-02T11:00Z,2025-07-02 13:00,32.590
2025-07-02T12:00Z,2025-07-02 14:00,46.610
2025-07-02T13:00Z,2025-07-02 15:00,71.490
2025-07-02T14:00Z,2025-07-02 16:00,79.600
2025-07-02T15:00Z,2025-07-02 17:00,89.270
2025-07-02T16:00Z,2025-07-02 18:00,113.990
2025-07-02T17:00Z,2025-07-02 19:00,186.010
2025-07-02T18:00Z,2025-07-02 20:00,240.070
2025-07-02T19:00Z,2025-07-02 21:00,180.210
2025-07-02T20:00Z,2025-07-02 22:00,134.930
2025-07-02T21:00Z,2025-07-02 23:00,108.500
2025-07-02T22:00Z,2025-07-03 00:00,83.490
2025-07-02T23:00Z,2025-07-03 01:00,81.150
2025-07-03T00:00Z,2025-07-03 02:00,79.000
2025-07-03T01:00Z,2025-07-03 03:00,78.930
2025-07-03T02:00Z,2025-07-03 04:00,80.880
2025-07-03T03:00Z,2025-07-03 05:00,86.450
2025-07-03T04:00Z,2025-07-03 06:00,104.920
2025-07-03T05:00Z,2025-07-03 07:00,108.030
2025-07-03T06:00Z,2025-07-03 08:00,104.900
2025-07-03T07:00Z,2025-07-03 09:00,90.450
2025-07-03T08:00Z,2025-07-03 10:00,75.060
2025-07-03T09:00Z,2025-07-03 11:00,57.350
2025-07-03T10:00Z,2025-07-03 12:00,42.160
2025-07-03T11:00Z,2025-07-03 13:00,33.910
2025-07-03T12:00Z,2025-07-03 14:00,24.720
2025-07-03T13:00Z,2025-07-03 15:00,37.860
2025-07-03T14:00Z,2025-07-03 16:00,58.570
2025-07-03T15:00Z,2025-07-03 17:00,81.000
2025-07-03T16:00Z,2025-07-03 18:00,95.190
2025-07-03T17:00Z,2025-07-03 19:00,107.200
2025-07-03T18:00Z,2025-07-03 20:00,146.960
2025-07-03T19:00Z,2025-07-03 21:00,166.670
2025-07-03T20:00Z,2025-07-03 22:00,133.300
2025-07-03T21:00Z,2025-07-03 23:00,117.030
2025-07-03T22:00Z,2025-07-04 00:00,111.010
2025-07-03T23:00Z,2025-07-04 01:00,105.450
2025-07-04T00:00Z,2025-07-04 02:00,101.310
2025-07-04T01:00Z,2025-07-04 03:00,98.440
2025-07-04T02:00Z,2025-07-04 04:00,103.200
2025-07-04T03:00Z,2025-07-04 05:00,106.630
2025-07-04T04:00Z,2025-07-04 06:00,122.380
2025-07-04T05:00Z,2025-07-04 07:00,116.460
2025-07-04T06:00Z,2025-07-04 08:00,100.000
2025-07-04T07:00Z,2025-07-04 09:00,91.150
2025-07-04T08:00Z,2025-07-04 10:00,70.010
2025-07-04T09:00Z,2025-07-04 11:00,6.690
2025-07-04T10:00Z,2025-07-04 12:00,-0.050
2025-07-04T11:00Z,2025-07-04 13:00,-1.560
2025-07-04T12:00Z,2025-07-04 14:00,-1.370
2025-07-04T13:00Z,2025-07-04 15:00,-0.610
2025-07-04T14:00Z,2025-07-04 16:00,2.390
2025-07-04T15:00Z,2025-07-04 17:00,62.040
2025-07-04T16:00Z,2025-07-04 18:00,88.680
2025-07-04T17:00Z,2025-07-04 19:00,110.000
2025-07-04T18:00Z,2025-07-04 20:00,130.740
2025-07-04T19:00Z,2025-07-04 21:00,150.100
2025-07-04T20:00Z,2025-07-04 22:00,129.680
2025-07-04T21:00Z,2025-07-04 23:00,107.990
2025-07-04T22:00Z,2025-07-05 00:00,104.200
2025-07-04T23:00Z,2025-07-05 01:00,94.980
2025-07-05T00:00Z,2025-07-05 02:00,96.500
2025-07-05T01:00Z,2025-07-05 03:00,93.400
2025-07-05T02:00Z,2025-07-05 04:00,94.500
2025-07-05T03:00Z,2025-07-05 05:00,83.490
2025-07-05T04:00Z,2025-07-05 06:00,84.470
2025-07-05T05:00Z,2025-07-05 07:00,43.770
2025-07-05T06:00Z,2025-07-05 08:00,17.860
2025-07-05T07:00Z,2025-07-05 09:00,3.340
2025-07-05T08:00Z,2025-07-05 10:00,0.000
2025-07-05T09:00Z,2025-07-05 11:00,-0.080
2025-07-05T10:00Z,2025-07-05 12:00,-1.010
2025-07-05T11:00Z,2025-07-05 13:00,-2.050
2025-07-05T12:00Z,2025-07-05 14:00,-2.110
2025-07-05T13:00Z,2025-07-05 15:00,-2.010
2025-07-05T14:00Z,2025-07-05 16:00,-2.260
2025-07-05T15:00Z,2025-07-05 17:00,0.000
2025-07-05T16:00Z,2025-07-05 18:00,41.250
2025-07-05T17:00Z,2025-07-05 19:00,85.000
2025-07-05T18:00Z,2025-07-05 20:00,111.010
2025-07-05T19:00Z,2025-07-05 21:00,122.960
2025-07-05T20:00Z,2025-07-05 22:00,117.140
2025-07-05T21:00Z,2025-07-05 23:00,108.210
2025-07-05T22:00Z,2025-07-06 00:00,95.150
2025-07-05T23:00Z,2025-07-06 01:00,89.500
2025-07-06T00:00Z,2025-07-06 02:00,85.940
2025-07-06T01:00Z,2025-07-06 03:00,83.950
2025-07-06T02:00Z,2025-07-06 04:00,82.600
2025-07-06T03:00Z,2025-07-06 05:00,82.000
2025-07-06T04:00Z,2025-07-06 06:00,78.460
2025-07-06T05:00Z,2025-07-06 07:00,77.570
2025-07-06T06:00Z,2025-07-06 08:00,70.570
2025-07-06T07:00Z,2025-07-06 09:00,38.810
2025-07-06T08:00Z,2025-07-06 10:00,19.210
2025-07-06T09:00Z,2025-07-06 11:00,13.190
2025-07-06T10:00Z,2025-07-06 12:00,10.260
2025-07-06T11:00Z,2025-07-06 13:00,5.850
2025-07-06T12:00Z,2025-07-06 14:00,11.200
2025-07-06T13:00Z,2025-07-06 15:00,50.570
2025-07-06T14:00Z,2025-07-06 16:00,70.770
2025-07-06T15:00Z,2025-07-06 17:00,100.290
2025-07-06T16:00Z,2025-07-06 18:00,107.370
2025-07-06T17:00Z,2025-07-06 19:00,112.160
2025-07-06T18:00Z,2025-07-06 20:00,120.320
2025-07-06T19:00Z,2025-07-06 21:00,125.040
2025-07-06T20:00Z,2025-07-06 22:00,122.210
2025-07-06T21:00Z,2025-07-06 23:00,110.780
2025-07-06T22:00Z,2025-07-07 00:00,118.840
2025-07-06T23:00Z,2025-07-07 01:00,107.420
2025-07-07T00:00Z,2025-07-07 02:00,101.920
2025-07-07T01:00Z,2025-07-07 03:00,99.120
2025-07-07T02:00Z,2025-07-07 04:00,101.000
2025-07-07T03:00Z,2025-07-07 05:00,108.220
2025-07-07T04:00Z,2025-07-07 06:00,134.200
2025-07-07T05:00Z,2025-07-07 07:00,143.670
2025-07-07T06:00Z,2025-07-07 08:00,152.290
2025-07-07T07:00Z,2025-07-07 09:00,131.990
2025-07-07T08:00Z,2025-07-07 10:00,108.640
2025-07-07T09:00Z,2025-07-07 11:00,108.980
2025-07-07T10:00Z,2025-07-07 12:00,90.240
2025-07-07T11:00Z,2025-07-07 13:00,71.000
2025-07-07T12:00Z,2025-07-07 14:00,53.020
2025-07-07T13:00Z,2025-07-07 15:00,50.670
2025-07-07T14:00Z,2025-07-07 16:00,52.510
2025-07-07T15:00Z,2025-07-07 17:00,72.300
2025-07-07T16:00Z,2025-07-07 18:00,87.950
2025-07-07T17:00Z,2025-07-07 19:00,92.270
2025-07-07T18:00Z,2025-07-07 20:00,97.280
2025-07-07T19:00Z,2025-07-07 21:00,109.920
2025-07-07T20:00Z,2025-07-07 22:00,110.090
2025-07-07T21:00Z,2025-07-07 23:00,95.820
2025-07-07T22:00Z,2025-07-08 00:00,103.830
2025-07-07T23:00Z,2025-07-08 01:00,92.900
2025-07-08T00:00Z,2025-07-08 02:00,86.130
2025-07-08T01:00Z,2025-07-08 03:00,84.780
2025-07-08T02:00Z,2025-07-08 04:00,85.370
2025-07-08T03:00Z,2025-07-08 05:00,91.140
2025-07-08T04:00Z,2025-07-08 06:00,107.990
2025-07-08T05:00Z,2025-07-08 07:00,118.650
2025-07-08T06:00Z,2025-07-08 08:00,117.760
2025-07-08T07:00Z,2025-07-08 09:00,94.060
2025-07-08T08:00Z,2025-07-08 10:00,81.780
2025-07-08T09:00Z,2025-07-08 11:00,78.440
2025-07-08T10:00Z,2025-07-08 12:00,60.150
2025-07-08T11:00Z,2025-07-08 13:00,54.720
2025-07-08T12:00Z,2025-07-08 14:00,53.040
2025-07-08T13:00Z,2025-07-08 15:00,54.650
2025-07-08T14:00Z,2025-07-08 16:00,65.200
2025-07-08T15:00Z,2025-07-08 17:00,79.980
2025-07-08T16:00Z,2025-07-08 18:00,83.920
2025-07-08T17:00Z,2025-07-08 19:00,102.100
2025-07-08T18:00Z,2025-07-08 20:00,122.770
2025-07-08T19:00Z,2025-07-08 21:00,123.340
2025-07-08T20:00Z,2025-07-08 22:00,116.650
2025-07-08T21:00Z,2025-07-08 23:00,100.950
2025-07-08T22:00Z,2025-07-09 00:00,97.150
2025-07-08T23:00Z,2025-07-09 01:00,86.850
2025-07-09T00:00Z,2025-07-09 02:00,83.860
2025-07-09T01:00Z,2025-07-09 03:00,84.650
2025-07-09T02:00Z,2025-07-09 04:00,85.100
2025-07-09T03:00Z,2025-07-09 05:00,96.150
2025-07-09T04:00Z,2025-07-09 06:00,113.660
2025-07-09T05:00Z,2025-07-09 07:00,116.460
2025-07-09T06:00Z,2025-07-09 08:00,113.590
2025-07-09T07:00Z,2025-07-09 09:00,95.660
2025-07-09T08:00Z,2025-07-09 10:00,84.680
2025-07-09T09:00Z,2025-07-09 11:00,77.770
2025-07-09T10:00Z,2025-07-09 12:00,65.670
2025-07-09T11:00Z,2025-07-09 13:00,46.690
2025-07-09T12:00Z,2025-07-09 14:00,37.780
2025-07-09T13:00Z,2025-07-09 15:00,48.320
2025-07-09T14:00Z,2025-07-09 16:00,71.130
2025-07-09T15:00Z,2025-07-09 17:00,84.730
2025-07-09T16:00Z,2025-07-09 18:00,99.010
2025-07-09T17:00Z,2025-07-09 19:00,115.980
2025-07-09T18:00Z,2025-07-09 20:00,135.340
2025-07-09T19:00Z,2025-07-09 21:00,138.240
2025-07-09T20:00Z,2025-07-09 22:00,119.790
2025-07-09T21:00Z,2025-07-09 23:00,104.900
2025-07-09T22:00Z,2025-07-10 00:00,100.910
2025-07-09T23:00Z,2025-07-10 01:00,95.730
2025-07-10T00:00Z,2025-07-10 02:00,89.100
2025-07-10T01:00Z,2025-07-10 03:00,86.450
2025-07-10T02:00Z,2025-07-10 04:00,87.970
2025-07-10T03:00Z,2025-07-10 05:00,98.620
2025-07-10T04:00Z,2025-07-10 06:00,107.610
2025-07-10T05:00Z,2025-07-10 07:00,107.230
2025-07-10T06:00Z,2025-07-10 08:00,105.350
2025-07-10T07:00Z,2025-07-10 09:00,88.900
2025-07-10T08:00Z,2025-07-10 10:00,82.000
2025-07-10T09:00Z,2025-07-10 11:00,65.330
2025-07-10T10:00Z,2025-07-10 12:00,45.220
2025-07-10T11:00Z,2025-07-10 13:00,39.510
2025-07-10T12:00Z,2025-07-10 14:00,39.550
2025-07-10T13:00Z,2025-07-10 15:00,56.710
2025-07-10T14:00Z,2025-07-10 16:00,76.800
2025-07-10T15:00Z,2025-07-10 17:00,86.400
2025-07-10T16:00Z,2025-07-10 18:00,100.200
2025-07-10T17:00Z,2025-07-10 19:00,114.390
2025-07-10T18:00Z,2025-07-10 20:00,134.670
2025-07-10T19:00Z,2025-07-10 21:00,132.700
2025-07-10T20:00Z,2025-07-10 22:00,120.880
2025-07-10T21:00Z,2025-07-10 23:00,107.690
2025-07-10T22:00Z,2025-07-11 00:00,104.750
2025-07-10T23:00Z,2025-07-11 01:00,99.570
2025-07-11T00:00Z,2025-07-11 02:00,95.000
2025-07-11T01:00Z,2025-07-11 03:00,90.690
2025-07-11T02:00Z,2025-07-11 04:00,91.530
2025-07-11T03:00Z,2025-07-11 05:00,99.400
2025-07-11T04:00Z,2025-07-11 06:00,107.410
2025-07-11T05:00Z,2025-07-11 07:00,105.920
2025-07-11T06:00Z,2025-07-11 08:00,105.180
2025-07-11T07:00Z,2025-07-11 09:00,93.300
2025-07-11T08:00Z,2025-07-11 10:00,82.900
2025-07-11T09:00Z,2025-07-11 11:00,73.150
2025-07-11T10:00Z,2025-07-11 12:00,63.820
2025-07-11T11:00Z,2025-07-11 13:00,42.160
2025-07-11T12:00Z,2025-07-11 14:00,32.040
2025-07-11T13:00Z,2025-07-11 15:00,38.100
2025-07-11T14:00Z,2025-07-11 16:00,59.550
2025-07-11T15:00Z,2025-07-11 17:00,83.150
2025-07-11T16:00Z,2025-07-11 18:00,86.440
2025-07-11T17:00Z,2025-07-11 19:00,101.930
2025-07-11T18:00Z,2025-07-11 20:00,117.500
2025-07-11T19:00Z,2025-07-11 21:00,118.080
2025-07-11T20:00Z,2025-07-11 22:00,113.800
2025-07-11T21:00Z,2025-07-11 23:00,103.820
2025-07-11T22:00Z,2025-07-12 00:00,112.230
2025-07-11T23:00Z,2025-07-12 01:00,104.570
2025-07-12T00:00Z,2025-07-12 02:00,103.680
2025-07-12T01:00Z,2025-07-12 03:00,97.400
2025-07-12T02:00Z,2025-07-12 04:00,93.330
2025-07-12T03:00Z,2025-07-12 05:00,89.940
2025-07-12T04:00Z,2025-07-12 06:00,85.270
2025-07-12T05:00Z,2025-07-12 07:00,87.980
2025-07-12T06:00Z,2025-07-12 08:00,83.800
2025-07-12T07:00Z,2025-07-12 09:00,59.860
2025-07-12T08:00Z,2025-07-12 10:00,18.190
2025-07-12T09:00Z,2025-07-12 11:00,3.000
2025-07-12T10:00Z,2025-07-12 12:00,0.220
2025-07-12T11:00Z,2025-07-12 13:00,0.000
2025-07-12T12:00Z,2025-07-12 14:00,0.000
2025-07-12T13:00Z,2025-07-12 15:00,0.220
2025-07-12T14:00Z,2025-07-12 16:00,19.730
2025-07-12T15:00Z,2025-07-12 17:00,73.890
2025-07-12T16:00Z,2025-07-12 18:00,106.200
2025-07-12T17:00Z,2025-07-12 19:00,109.200
2025-07-12T18:00Z,2025-07-12 20:00,120.000
2025-07-12T19:00Z,2025-07-12 21:00,125.020
2025-07-12T20:00Z,2025-07-12 22:00,125.000
2025-07-12T21:00Z,2025-07-12 23:00,115.420
2025-07-12T22:00Z,2025-07-13 00:00,115.350
2025-07-12T23:00Z,2025-07-13 01:00,109.140
2025-07-13T00:00Z,2025-07-13 02:00,108.420
2025-07-13T01:00Z,2025-07-13 03:00,107.350
2025-07-13T02:00Z,2025-07-13 04:00,104.640
2025-07-13T03:00Z,2025-07-13 05:00,100.850
2025-07-13T04:00Z,2025-07-13 06:00,95.800
2025-07-13T05:00Z,2025-07-13 07:00,92.180
2025-07-13T06:00Z,2025-07-13 08:00,87.940
2025-07-13T07:00Z,2025-07-13 09:00,57.620
2025-07-13T08:00Z,2025-07-13 10:00,4.280
2025-07-13T09:00Z,2025-07-13 11:00,0.050
2025-07-13T10:00Z,2025-07-13 12:00,0.000
2025-07-13T11:00Z,2025-07-13 13:00,0.000
2025-07-13T12:00Z,2025-07-13 14:00,0.000
2025-07-13T13:00Z,2025-07-13 15:00,0.000
2025-07-13T14:00Z,2025-07-13 16:00,2.360
2025-07-13T15:00Z,2025-07-13 17:00,73.400
2025-07-13T16:00Z,2025-07-13 18:00,100.610
2025-07-13T17:00Z,2025-07-13 19:00,113.740
2025-07-13T18:00Z,2025-07-13 20:00,120.000
2025-07-13T19:00Z,2025-07-13 21:00,127.700
2025-07-13T20:00Z,2025-07-13 22:00,126.940
2025-07-13T21:00Z,2025-07-13 23:00,115.410
2025-07-13T22:00Z,2025-07-14 00:00,114.020
2025-07-13T23:00Z,2025-07-14 01:00,104.010
2025-07-14T00:00Z,2025-07-14 02:00,98.170
2025-07-14T01:00Z,2025-07-14 03:00,94.940
2025-07-14T02:00Z,2025-07-14 04:00,99.320
2025-07-14T03:00Z,2025-07-14 05:00,108.930
2025-07-14T04:00Z,2025-07-14 06:00,117.870
2025-07-14T05:00Z,2025-07-14 07:00,121.620
2025-07-14T06:00Z,2025-07-14 08:00,112.060
2025-07-14T07:00Z,2025-07-14 09:00,92.430
2025-07-14T08:00Z,2025-07-14 10:00,84.580
2025-07-14T09:00Z,2025-07-14 11:00,79.670
2025-07-14T10:00Z,2025-07-14 12:00,70.980
2025-07-14T11:00Z,2025-07-14 13:00,64.170
2025-07-14T12:00Z,2025-07-14 14:00,57.150
2025-07-14T13:00Z,2025-07-14 15:00,55.820
2025-07-14T14:00Z,2025-07-14 16:00,71.100
2025-07-14T15:00Z,2025-07-14 17:00,84.580
2025-07-14T16:00Z,2025-07-14 18:00,98.940
2025-07-14T17:00Z,2025-07-14 19:00,110.110
2025-07-14T18:00Z,2025-07-14 20:00,139.990
2025-07-14T19:00Z,2025-07-14 21:00,141.570
2025-07-14T20:00Z,2025-07-14 22:00,126.140
2025-07-14T21:00Z,2025-07-14 23:00,115.150
2025-07-14T22:00Z,2025-07-15 00:00,106.100
2025-07-14T23:00Z,2025-07-15 01:00,103.060
2025-07-15T00:00Z,2025-07-15 02:00,93.860
2025-07-15T01:00Z,2025-07-15 03:00,88.280
2025-07-15T02:00Z,2025-07-15 04:00,87.120
2025-07-15T03:00Z,2025-07-15 05:00,93.000
2025-07-15T04:00Z,2025-07-15 06:00,110.330
2025-07-15T05:00Z,2025-07-15 07:00,113.410
2025-07-15T06:00Z,2025-07-15 08:00,106.860
2025-07-15T07:00Z,2025-07-15 09:00,90.820
2025-07-15T08:00Z,2025-07-15 10:00,77.670
2025-07-15T09:00Z,2025-07-15 11:00,65.000
2025-07-15T10:00Z,2025-07-15 12:00,59.190
2025-07-15T11:00Z,2025-07-15 13:00,47.260
2025-07-15T12:00Z,2025-07-15 14:00,40.200
2025-07-15T13:00Z,2025-07-15 15:00,42.570
2025-07-15T14:00Z,2025-07-15 16:00,65.000
2025-07-15T15:00Z,2025-07-15 17:00,84.870
2025-07-15T16:00Z,2025-07-15 18:00,101.540
2025-07-15T17:00Z,2025-07-15 19:00,108.150
2025-07-15T18:00Z,2025-07-15 20:00,119.780
2025-07-15T19:00Z,2025-07-15 21:00,141.990
2025-07-15T20:00Z,2025-07-15 22:00,121.280
2025-07-15T21:00Z,2025-07-15 23:00,112.450
2025-07-15T22:00Z,2025-07-16 00:00,97.630
2025-07-15T23:00Z,2025-07-16 01:00,93.990
2025-07-16T00:00Z,2025-07-16 02:00,86.670
2025-07-16T01:00Z,2025-07-16 03:00,83.430
2025-07-16T02:00Z,2025-07-16 04:00,84.260
2025-07-16T03:00Z,2025-07-16 05:00,90.410
2025-07-16T04:00Z,2025-07-16 06:00,105.740
2025-07-16T05:00Z,2025-07-16 07:00,112.630
2025-07-16T06:00Z,2025-07-16 08:00,111.920
2025-07-16T07:00Z,2025-07-16 09:00,104.210
2025-07-16T08:00Z,2025-07-16 10:00,89.800
2025-07-16T09:00Z,2025-07-16 11:00,85.650
2025-07-16T10:00Z,2025-07-16 12:00,81.960
2025-07-16T11:00Z,2025-07-16 13:00,78.620
2025-07-16T12:00Z,2025-07-16 14:00,68.060
2025-07-16T13:00Z,2025-07-16 15:00,69.200
2025-07-16T14:00Z,2025-07-16 16:00,80.860
2025-07-16T15:00Z,2025-07-16 17:00,89.090
2025-07-16T16:00Z,2025-07-16 18:00,95.490
2025-07-16T17:00Z,2025-07-16 19:00,108.370
2025-07-16T18:00Z,2025-07-16 20:00,119.720
2025-07-16T19:00Z,2025-07-16 21:00,129.040
2025-07-16T20:00Z,2025-07-16 22:00,120.710
2025-07-16T21:00Z,2025-07-16 23:00,110.550
2025-07-16T22:00Z,2025-07-17 00:00,103.760
2025-07-16T23:00Z,2025-07-17 01:00,98.330
2025-07-17T00:00Z,2025-07-17 02:00,89.960
2025-07-17T01:00Z,2025-07-17 03:00,84.810
2025-07-17T02:00Z,2025-07-17 04:00,85.760
2025-07-17T03:00Z,2025-07-17 05:00,89.000
2025-07-17T04:00Z,2025-07-17 06:00,104.050
2025-07-17T05:00Z,2025-07-17 07:00,110.330
2025-07-17T06:00Z,2025-07-17 08:00,105.920
2025-07-17T07:00Z,2025-07-17 09:00,93.100
2025-07-17T08:00Z,2025-07-17 10:00,85.000
2025-07-17T09:00Z,2025-07-17 11:00,77.070
2025-07-17T10:00Z,2025-07-17 12:00,70.170
2025-07-17T11:00Z,2025-07-17 13:00,55.260
2025-07-17T12:00Z,2025-07-17 14:00,49.780
2025-07-17T13:00Z,2025-07-17 15:00,66.180
2025-07-17T14:00Z,2025-07-17 16:00,74.790
2025-07-17T15:00Z,2025-07-17 17:00,82.710
2025-07-17T16:00Z,2025-07-17 18:00,94.980
2025-07-17T17:00Z,2025-07-17 19:00,109.730
2025-07-17T18:00Z,2025-07-17 20:00,120.750
2025-07-17T19:00Z,2025-07-17 21:00,132.000
2025-07-17T20:00Z,2025-07-17 22:00,125.070
2025-07-17T21:00Z,2025-07-17 23:00,114.180
2025-07-17T22:00Z,2025-07-18 00:00,106.800
2025-07-17T23:00Z,2025-07-18 01:00,99.150
2025-07-18T00:00Z,2025-07-18 02:00,95.360
2025-07-18T01:00Z,2025-07-18 03:00,96.370
2025-07-18T02:00Z,2025-07-18 04:00,98.660
2025-07-18T03:00Z,2025-07-18 05:00,108.230
2025-07-18T04:00Z,2025-07-18 06:00,115.920
2025-07-18T05:00Z,2025-07-18 07:00,116.170
2025-07-18T06:00Z,2025-07-18 08:00,109.390
2025-07-18T07:00Z,2025-07-18 09:00,98.130
2025-07-18T08:00Z,2025-07-18 10:00,84.980
2025-07-18T09:00Z,2025-07-18 11:00,82.020
2025-07-18T10:00Z,2025-07-18 12:00,80.000
2025-07-18T11:00Z,2025-07-18 13:00,73.020
2025-07-18T12:00Z,2025-07-18 14:00,71.200
2025-07-18T13:00Z,2025-07-18 15:00,72.680
2025-07-18T14:00Z,2025-07-18 16:00,79.990
2025-07-18T15:00Z,2025-07-18 17:00,84.070
2025-07-18T16:00Z,2025-07-18 18:00,99.920
2025-07-18T17:00Z,2025-07-18 19:00,120.000
2025-07-18T18:00Z,2025-07-18 20:00,146.550
2025-07-18T19:00Z,2025-07-18 21:00,144.440
2025-07-18T20:00Z,2025-07-18 22:00,125.880
2025-07-18T21:00Z,2025-07-18 23:00,113.480
2025-07-18T22:00Z,2025-07-19 00:00,107.600
2025-07-18T23:00Z,2025-07-19 01:00,105.350
2025-07-19T00:00Z,2025-07-19 02:00,103.190
2025-07-19T01:00Z,2025-07-19 03:00,101.630
2025-07-19T02:00Z,2025-07-19 04:00,98.380
2025-07-19T03:00Z,2025-07-19 05:00,93.690
2025-07-19T04:00Z,2025-07-19 06:00,98.390
2025-07-19T05:00Z,2025-07-19 07:00,86.890
2025-07-19T06:00Z,2025-07-19 08:00,78.890
2025-07-19T07:00Z,2025-07-19 09:00,52.980
2025-07-19T08:00Z,2025-07-19 10:00,10.000
2025-07-19T09:00Z,2025-07-19 11:00,0.650
2025-07-19T10:00Z,2025-07-19 12:00,0.000
2025-07-19T11:00Z,2025-07-19 13:00,-0.010
2025-07-19T12:00Z,2025-07-19 14:00,0.000
2025-07-19T13:00Z,2025-07-19 15:00,2.080
2025-07-19T14:00Z,2025-07-19 16:00,29.330
2025-07-19T15:00Z,2025-07-19 17:00,76.850
2025-07-19T16:00Z,2025-07-19 18:00,98.400
2025-07-19T17:00Z,2025-07-19 19:00,114.470
2025-07-19T18:00Z,2025-07-19 20:00,112.870
2025-07-19T19:00Z,2025-07-19 21:00,108.080
2025-07-19T20:00Z,2025-07-19 22:00,105.630
2025-07-19T21:00Z,2025-07-19 23:00,98.070
2025-07-19T22:00Z,2025-07-20 00:00,91.290
2025-07-19T23:00Z,2025-07-20 01:00,88.940
2025-07-20T00:00Z,2025-07-20 02:00,89.270
2025-07-20T01:00Z,2025-07-20 03:00,100.410
2025-07-20T02:00Z,2025-07-20 04:00,101.700
2025-07-20T03:00Z,2025-07-20 05:00,98.270
2025-07-20T04:00Z,2025-07-20 06:00,97.200
2025-07-20T05:00Z,2025-07-20 07:00,80.590
2025-07-20T06:00Z,2025-07-20 08:00,77.860
2025-07-20T07:00Z,2025-07-20 09:00,44.580
2025-07-20T08:00Z,2025-07-20 10:00,9.040
2025-07-20T09:00Z,2025-07-20 11:00,2.070
2025-07-20T10:00Z,2025-07-20 12:00,0.000
2025-07-20T11:00Z,2025-07-20 13:00,-0.010
2025-07-20T12:00Z,2025-07-20 14:00,0.000
2025-07-20T13:00Z,2025-07-20 15:00,9.090
2025-07-20T14:00Z,2025-07-20 16:00,69.330
2025-07-20T15:00Z,2025-07-20 17:00,92.740
2025-07-20T16:00Z,2025-07-20 18:00,100.260
2025-07-20T17:00Z,2025-07-20 19:00,112.000
2025-07-20T18:00Z,2025-07-20 20:00,116.000
2025-07-20T19:00Z,2025-07-20 21:00,115.010
2025-07-20T20:00Z,2025-07-20 22:00,114.850
2025-07-20T21:00Z,2025-07-20 23:00,105.050
2025-07-20T22:00Z,2025-07-21 00:00,87.080
2025-07-20T23:00Z,2025-07-21 01:00,79.730
2025-07-21T00:00Z,2025-07-21 02:00,83.480
2025-07-21T01:00Z,2025-07-21 03:00,83.300
2025-07-21T02:00Z,2025-07-21 04:00,83.490
2025-07-21T03:00Z,2025-07-21 05:00,96.220
2025-07-21T04:00Z,2025-07-21 06:00,113.960
2025-07-21T05:00Z,2025-07-21 07:00,126.560
2025-07-21T06:00Z,2025-07-21 08:00,123.910
2025-07-21T07:00Z,2025-07-21 09:00,109.640
2025-07-21T08:00Z,2025-07-21 10:00,105.990
2025-07-21T09:00Z,2025-07-21 11:00,98.880
2025-07-21T10:00Z,2025-07-21 12:00,84.900
2025-07-21T11:00Z,2025-07-21 13:00,81.730
2025-07-21T12:00Z,2025-07-21 14:00,85.790
2025-07-21T13:00Z,2025-07-21 15:00,87.960
2025-07-21T14:00Z,2025-07-21 16:00,90.950
2025-07-21T15:00Z,2025-07-21 17:00,104.300
2025-07-21T16:00Z,2025-07-21 18:00,105.820
2025-07-21T17:00Z,2025-07-21 19:00,119.690
2025-07-21T18:00Z,2025-07-21 20:00,123.250
2025-07-21T19:00Z,2025-07-21 21:00,120.090
2025-07-21T20:00Z,2025-07-21 22:00,108.760
2025-07-21T21:00Z,2025-07-21 23:00,100.040
2025-07-21T22:00Z,2025-07-22 00:00,92.790
2025-07-21T23:00Z,2025-07-22 01:00,87.200
2025-07-22T00:00Z,2025-07-22 02:00,85.480
2025-07-22T01:00Z,2025-07-22 03:00,82.000
2025-07-22T02:00Z,2025-07-22 04:00,81.000
2025-07-22T03:00Z,2025-07-22 05:00,89.280
2025-07-22T04:00Z,2025-07-22 06:00,108.800
2025-07-22T05:00Z,2025-07-22 07:00,109.280
2025-07-22T06:00Z,2025-07-22 08:00,102.490
2025-07-22T07:00Z,2025-07-22 09:00,91.290
2025-07-22T08:00Z,2025-07-22 10:00,81.730
2025-07-22T09:00Z,2025-07-22 11:00,68.410
2025-07-22T10:00Z,2025-07-22 12:00,39.630
2025-07-22T11:00Z,2025-07-22 13:00,10.000
2025-07-22T12:00Z,2025-07-22 14:00,0.170
2025-07-22T13:00Z,2025-07-22 15:00,4.160
2025-07-22T14:00Z,2025-07-22 16:00,36.900
2025-07-22T15:00Z,2025-07-22 17:00,75.790
2025-07-22T16:00Z,2025-07-22 18:00,88.980
2025-07-22T17:00Z,2025-07-22 19:00,108.570
2025-07-22T18:00Z,2025-07-22 20:00,112.560
2025-07-22T19:00Z,2025-07-22 21:00,113.220
2025-07-22T20:00Z,2025-07-22 22:00,108.480
2025-07-22T21:00Z,2025-07-22 23:00,102.930
2025-07-22T22:00Z,2025-07-23 00:00,87.650
2025-07-22T23:00Z,2025-07-23 01:00,79.470
2025-07-23T00:00Z,2025-07-23 02:00,78.500
2025-07-23T01:00Z,2025-07-23 03:00,76.040
2025-07-23T02:00Z,2025-07-23 04:00,77.690
2025-07-23T03:00Z,2025-07-23 05:00,80.640
2025-07-23T04:00Z,2025-07-23 06:00,91.350
2025-07-23T05:00Z,2025-07-23 07:00,99.870
2025-07-23T06:00Z,2025-07-23 08:00,96.500
2025-07-23T07:00Z,2025-07-23 09:00,81.690
2025-07-23T08:00Z,2025-07-23 10:00,67.300
2025-07-23T09:00Z,2025-07-23 11:00,53.500
2025-07-23T10:00Z,2025-07-23 12:00,33.720
2025-07-23T11:00Z,2025-07-23 13:00,23.730
2025-07-23T12:00Z,2025-07-23 14:00,26.820
2025-07-23T13:00Z,2025-07-23 15:00,40.300
2025-07-23T14:00Z,2025-07-23 16:00,67.810
2025-07-23T15:00Z,2025-07-23 17:00,78.050
2025-07-23T16:00Z,2025-07-23 18:00,86.070
2025-07-23T17:00Z,2025-07-23 19:00,105.000
2025-07-23T18:00Z,2025-07-23 20:00,112.980
2025-07-23T19:00Z,2025-07-23 21:00,119.740
2025-07-23T20:00Z,2025-07-23 22:00,110.540
2025-07-23T21:00Z,2025-07-23 23:00,103.060
2025-07-23T22:00Z,2025-07-24 00:00,97.820
2025-07-23T23:00Z,2025-07-24 01:00,94.080
2025-07-24T00:00Z,2025-07-24 02:00,89.290
2025-07-24T01:00Z,2025-07-24 03:00,89.290
2025-07-24T02:00Z,2025-07-24 04:00,93.450
2025-07-24T03:00Z,2025-07-24 05:00,102.650
2025-07-24T04:00Z,2025-07-24 06:00,112.050
2025-07-24T05:00Z,2025-07-24 07:00,117.220
2025-07-24T06:00Z,2025-07-24 08:00,110.400
2025-07-24T07:00Z,2025-07-24 09:00,96.220
2025-07-24T08:00Z,2025-07-24 10:00,89.170
2025-07-24T09:00Z,2025-07-24 11:00,84.390
2025-07-24T10:00Z,2025-07-24 12:00,82.170
2025-07-24T11:00Z,2025-07-24 13:00,80.430
2025-07-24T12:00Z,2025-07-24 14:00,82.050
2025-07-24T13:00Z,2025-07-24 15:00,84.770
2025-07-24T14:00Z,2025-07-24 16:00,93.340
2025-07-24T15:00Z,2025-07-24 17:00,100.600
2025-07-24T16:00Z,2025-07-24 18:00,109.200
2025-07-24T17:00Z,2025-07-24 19:00,130.000
2025-07-24T18:00Z,2025-07-24 20:00,154.160
2025-07-24T19:00Z,2025-07-24 21:00,140.640
2025-07-24T20:00Z,2025-07-24 22:00,118.380
2025-07-24T21:00Z,2025-07-24 23:00,109.390
2025-07-24T22:00Z,2025-07-25 00:00,111.270
2025-07-24T23:00Z,2025-07-25 01:00,103.670
2025-07-25T00:00Z,2025-07-25 02:00,97.050
2025-07-25T01:00Z,2025-07-25 03:00,92.940
2025-07-25T02:00Z,2025-07-25 04:00,96.970
2025-07-25T03:00Z,2025-07-25 05:00,98.200
2025-07-25T04:00Z,2025-07-25 06:00,108.870
2025-07-25T05:00Z,2025-07-25 07:00,112.950
2025-07-25T06:00Z,2025-07-25 08:00,110.850
2025-07-25T07:00Z,2025-07-25 09:00,98.200
2025-07-25T08:00Z,2025-07-25 10:00,94.080
2025-07-25T09:00Z,2025-07-25 11:00,85.150
2025-07-25T10:00Z,2025-07-25 12:00,83.090
2025-07-25T11:00Z,2025-07-25 13:00,78.700
2025-07-25T12:00Z,2025-07-25 14:00,76.310
2025-07-25T13:00Z,2025-07-25 15:00,79.270
2025-07-25T14:00Z,2025-07-25 16:00,81.090
2025-07-25T15:00Z,2025-07-25 17:00,84.020
2025-07-25T16:00Z,2025-07-25 18:00,90.450
2025-07-25T17:00Z,2025-07-25 19:00,101.810
2025-07-25T18:00Z,2025-07-25 20:00,109.280
2025-07-25T19:00Z,2025-07-25 21:00,121.210
2025-07-25T20:00Z,2025-07-25 22:00,112.600
2025-07-25T21:00Z,2025-07-25 23:00,110.250
2025-07-25T22:00Z,2025-07-26 00:00,106.760
2025-07-25T23:00Z,2025-07-26 01:00,100.700
2025-07-26T00:00Z,2025-07-26 02:00,97.730
2025-07-26T01:00Z,2025-07-26 03:00,96.650
2025-07-26T02:00Z,2025-07-26 04:00,96.450
2025-07-26T03:00Z,2025-07-26 05:00,94.890
2025-07-26T04:00Z,2025-07-26 06:00,97.130
2025-07-26T05:00Z,2025-07-26 07:00,96.100
2025-07-26T06:00Z,2025-07-26 08:00,87.960
2025-07-26T07:00Z,2025-07-26 09:00,85.850
2025-07-26T08:00Z,2025-07-26 10:00,79.590
2025-07-26T09:00Z,2025-07-26 11:00,75.200
2025-07-26T10:00Z,2025-07-26 12:00,66.420
2025-07-26T11:00Z,2025-07-26 13:00,49.870
2025-07-26T12:00Z,2025-07-26 14:00,50.090
2025-07-26T13:00Z,2025-07-26 15:00,68.070
2025-07-26T14:00Z,2025-07-26 16:00,74.810
2025-07-26T15:00Z,2025-07-26 17:00,84.200
2025-07-26T16:00Z,2025-07-26 18:00,98.200
2025-07-26T17:00Z,2025-07-26 19:00,106.600
2025-07-26T18:00Z,2025-07-26 20:00,121.950
2025-07-26T19:00Z,2025-07-26 21:00,127.070
2025-07-26T20:00Z,2025-07-26 22:00,116.720
2025-07-26T21:00Z,2025-07-26 23:00,108.800
2025-07-26T22:00Z,2025-07-27 00:00,104.640
2025-07-26T23:00Z,2025-07-27 01:00,99.470
2025-07-27T00:00Z,2025-07-27 02:00,95.010
2025-07-27T01:00Z,2025-07-27 03:00,92.070
2025-07-27T02:00Z,2025-07-27 04:00,91.990
2025-07-27T03:00Z,2025-07-27 05:00,89.880
2025-07-27T04:00Z,2025-07-27 06:00,88.790
2025-07-27T05:00Z,2025-07-27 07:00,86.580
2025-07-27T06:00Z,2025-07-27 08:00,83.760
2025-07-27T07:00Z,2025-07-27 09:00,81.710
2025-07-27T08:00Z,2025-07-27 10:00,75.910
2025-07-27T09:00Z,2025-07-27 11:00,70.520
2025-07-27T10:00Z,2025-07-27 12:00,45.930
2025-07-27T11:00Z,2025-07-27 13:00,15.040
2025-07-27T12:00Z,2025-07-27 14:00,8.850
2025-07-27T13:00Z,2025-07-27 15:00,17.300
2025-07-27T14:00Z,2025-07-27 16:00,45.740
2025-07-27T15:00Z,2025-07-27 17:00,82.360
2025-07-27T16:00Z,2025-07-27 18:00,95.660
2025-07-27T17:00Z,2025-07-27 19:00,102.470
2025-07-27T18:00Z,2025-07-27 20:00,107.950
2025-07-27T19:00Z,2025-07-27 21:00,114.710
2025-07-27T20:00Z,2025-07-27 22:00,107.330
2025-07-27T21:00Z,2025-07-27 23:00,102.690
2025-07-27T22:00Z,2025-07-28 00:00,100.000
2025-07-27T23:00Z,2025-07-28 01:00,88.770
2025-07-28T00:00Z,2025-07-28 02:00,83.500
2025-07-28T01:00Z,2025-07-28 03:00,79.670
2025-07-28T02:00Z,2025-07-28 04:00,79.510
2025-07-28T03:00Z,2025-07-28 05:00,89.520
2025-07-28T04:00Z,2025-07-28 06:00,108.880
2025-07-28T05:00Z,2025-07-28 07:00,121.970
2025-07-28T06:00Z,2025-07-28 08:00,118.370
2025-07-28T07:00Z,2025-07-28 09:00,105.450
2025-07-28T08:00Z,2025-07-28 10:00,97.250
2025-07-28T09:00Z,2025-07-28 11:00,90.960
2025-07-28T10:00Z,2025-07-28 12:00,81.790
2025-07-28T11:00Z,2025-07-28 13:00,77.520
2025-07-28T12:00Z,2025-07-28 14:00,68.330
2025-07-28T13:00Z,2025-07-28 15:00,73.970
2025-07-28T14:00Z,2025-07-28 16:00,77.280
2025-07-28T15:00Z,2025-07-28 17:00,88.120
2025-07-28T16:00Z,2025-07-28 18:00,97.200
2025-07-28T17:00Z,2025-07-28 19:00,103.590
2025-07-28T18:00Z,2025-07-28 20:00,114.140
2025-07-28T19:00Z,2025-07-28 21:00,114.340
2025-07-28T20:00Z,2025-07-28 22:00,105.260
2025-07-28T21:00Z,2025-07-28 23:00,92.430
2025-07-28T22:00Z,2025-07-29 00:00,87.510
2025-07-28T23:00Z,2025-07-29 01:00,84.100
2025-07-29T00:00Z,2025-07-29 02:00,82.900
2025-07-29T01:00Z,2025-07-29 03:00,82.100
2025-07-29T02:00Z,2025-07-29 04:00,83.890
2025-07-29T03:00Z,2025-07-29 05:00,92.880
2025-07-29T04:00Z,2025-07-29 06:00,101.070
2025-07-29T05:00Z,2025-07-29 07:00,109.250
2025-07-29T06:00Z,2025-07-29 08:00,99.020
2025-07-29T07:00Z,2025-07-29 09:00,80.200
2025-07-29T08:00Z,2025-07-29 10:00,66.370
2025-07-29T09:00Z,2025-07-29 11:00,54.000
2025-07-29T10:00Z,2025-07-29 12:00,25.600
2025-07-29T11:00Z,2025-07-29 13:00,4.340
2025-07-29T12:00Z,2025-07-29 14:00,1.070
2025-07-29T13:00Z,2025-07-29 15:00,6.200
2025-07-29T14:00Z,2025-07-29 16:00,44.410
2025-07-29T15:00Z,2025-07-29 17:00,78.240
2025-07-29T16:00Z,2025-07-29 18:00,94.810
2025-07-29T17:00Z,2025-07-29 19:00,105.320
2025-07-29T18:00Z,2025-07-29 20:00,123.560
2025-07-29T19:00Z,2025-07-29 21:00,126.010
2025-07-29T20:00Z,2025-07-29 22:00,111.940
2025-07-29T21:00Z,2025-07-29 23:00,102.070
2025-07-29T22:00Z,2025-07-30 00:00,94.920
2025-07-29T23:00Z,2025-07-30 01:00,90.880
2025-07-30T00:00Z,2025-07-30 02:00,86.930
2025-07-30T01:00Z,2025-07-30 03:00,83.240
2025-07-30T02:00Z,2025-07-30 04:00,84.890
2025-07-30T03:00Z,2025-07-30 05:00,94.720
2025-07-30T04:00Z,2025-07-30 06:00,100.380
2025-07-30T05:00Z,2025-07-30 07:00,97.470
2025-07-30T06:00Z,2025-07-30 08:00,93.880
2025-07-30T07:00Z,2025-07-30 09:00,79.020
2025-07-30T08:00Z,2025-07-30 10:00,63.290
2025-07-30T09:00Z,2025-07-30 11:00,40.430
2025-07-30T10:00Z,2025-07-30 12:00,24.790
2025-07-30T11:00Z,2025-07-30 13:00,17.690
2025-07-30T12:00Z,2025-07-30 14:00,10.700
2025-07-30T13:00Z,2025-07-30 15:00,28.030
2025-07-30T14:00Z,2025-07-30 16:00,45.610
2025-07-30T15:00Z,2025-07-30 17:00,75.680
2025-07-30T16:00Z,2025-07-30 18:00,93.970
2025-07-30T17:00Z,2025-07-30 19:00,101.860
2025-07-30T18:00Z,2025-07-30 20:00,109.070
2025-07-30T19:00Z,2025-07-30 21:00,109.000
2025-07-30T20:00Z,2025-07-30 22:00,104.000
2025-07-30T21:00Z,2025-07-30 23:00,92.410
2025-07-30T22:00Z,2025-07-31 00:00,88.930
2025-07-30T23:00Z,2025-07-31 01:00,82.110
2025-07-31T00:00Z,2025-07-31 02:00,79.000
2025-07-31T01:00Z,2025-07-31 03:00,77.270
2025-07-31T02:00Z,2025-07-31 04:00,78.510
2025-07-31T03:00Z,2025-07-31 05:00,85.430
2025-07-31T04:00Z,2025-07-31 06:00,98.140
2025-07-31T05:00Z,2025-07-31 07:00,100.460
2025-07-31T06:00Z,2025-07-31 08:00,94.090
2025-07-31T07:00Z,2025-07-31 09:00,88.910
2025-07-31T08:00Z,2025-07-31 10:00,74.170
2025-07-31T09:00Z,2025-07-31 11:00,70.040
2025-07-31T10:00Z,2025-07-31 12:00,61.150
2025-07-31T11:00Z,2025-07-31 13:00,48.050
2025-07-31T12:00Z,2025-07-31 14:00,35.060
2025-07-31T13:00Z,2025-07-31 15:00,55.070
2025-07-31T14:00Z,2025-07-31 16:00,72.430
2025-07-31T15:00Z,2025-07-31 17:00,84.560
2025-07-31T16:00Z,2025-07-31 18:00,96.900
2025-07-31T17:00Z,2025-07-31 19:00,111.920
2025-07-31T18:00Z,2025-07-31 20:00,128.270
2025-07-31T19:00Z,2025-07-31 21:00,125.110
2025-07-31T20:00Z,2025-07-31 22:00,114.160
2025-07-31T21:00Z,2025-07-31 23:00,102.790
2025-07-31T22:00Z,2025-08-01 00:00,105.310
2025-07-31T23:00Z,2025-08-01 01:00,98.540
2025-08-01T00:00Z,2025-08-01 02:00,92.150
2025-08-01T01:00Z,2025-08-01 03:00,89.170
2025-08-01T02:00Z,2025-08-01 04:00,94.210
2025-08-01T03:00Z,2025-08-01 05:00,100.580
2025-08-01T04:00Z,2025-08-01 06:00,106.690
2025-08-01T05:00Z,2025-08-01 07:00,110.710
2025-08-01T06:00Z,2025-08-01 08:00,106.640
2025-08-01T07:00Z,2025-08-01 09:00,103.670
2025-08-01T08:00Z,2025-08-01 10:00,97.950
2025-08-01T09:00Z,2025-08-01 11:00,84.100
2025-08-01T10:00Z,2025-08-01 12:00,77.050
2025-08-01T11:00Z,2025-08-01 13:00,61.970
2025-08-01T12:00Z,2025-08-01 14:00,49.060
2025-08-01T13:00Z,2025-08-01 15:00,49.100
2025-08-01T14:00Z,2025-08-01 16:00,69.930
2025-08-01T15:00Z,2025-08-01 17:00,83.590
2025-08-01T16:00Z,2025-08-01 18:00,96.450
2025-08-01T17:00Z,2025-08-01 19:00,109.510
2025-08-01T18:00Z,2025-08-01 20:00,119.230
2025-08-01T19:00Z,2025-08-01 21:00,117.510
2025-08-01T20:00Z,2025-08-01 22:00,110.720
2025-08-01T21:00Z,2025-08-01 23:00,102.730
2025-08-01T22:00Z,2025-08-02 00:00,104.470
2025-08-01T23:00Z,2025-08-02 01:00,100.320
2025-08-02T00:00Z,2025-08-02 02:00,97.790
2025-08-02T01:00Z,2025-08-02 03:00,92.160
2025-08-02T02:00Z,2025-08-02 04:00,91.290
2025-08-02T03:00Z,2025-08-02 05:00,90.770
2025-08-02T04:00Z,2025-08-02 06:00,89.670
2025-08-02T05:00Z,2025-08-02 07:00,84.700
2025-08-02T06:00Z,2025-08-02 08:00,78.400
2025-08-02T07:00Z,2025-08-02 09:00,65.680
2025-08-02T08:00Z,2025-08-02 10:00,31.090
2025-08-02T09:00Z,2025-08-02 11:00,5.680
2025-08-02T10:00Z,2025-08-02 12:00,2.950
2025-08-02T11:00Z,2025-08-02 13:00,0.000
2025-08-02T12:00Z,2025-08-02 14:00,0.000
2025-08-02T13:00Z,2025-08-02 15:00,0.000
2025-08-02T14:00Z,2025-08-02 16:00,5.300
2025-08-02T15:00Z,2025-08-02 17:00,60.690
2025-08-02T16:00Z,2025-08-02 18:00,91.320
2025-08-02T17:00Z,2025-08-02 19:00,102.000
2025-08-02T18:00Z,2025-08-02 20:00,109.490
2025-08-02T19:00Z,2025-08-02 21:00,108.420
2025-08-02T20:00Z,2025-08-02 22:00,104.340
2025-08-02T21:00Z,2025-08-02 23:00,95.000
2025-08-02T22:00Z,2025-08-03 00:00,85.090
2025-08-02T23:00Z,2025-08-03 01:00,77.520
2025-08-03T00:00Z,2025-08-03 02:00,71.950
2025-08-03T01:00Z,2025-08-03 03:00,68.140
2025-08-03T02:00Z,2025-08-03 04:00,65.770
2025-08-03T03:00Z,2025-08-03 05:00,59.980
2025-08-03T04:00Z,2025-08-03 06:00,46.800
2025-08-03T05:00Z,2025-08-03 07:00,26.000
2025-08-03T06:00Z,2025-08-03 08:00,6.160
2025-08-03T07:00Z,2025-08-03 09:00,0.000
2025-08-03T08:00Z,2025-08-03 10:00,-1.010
2025-08-03T09:00Z,2025-08-03 11:00,-2.100
2025-08-03T10:00Z,2025-08-03 12:00,-3.000
2025-08-03T11:00Z,2025-08-03 13:00,-9.900
2025-08-03T12:00Z,2025-08-03 14:00,-10.080
2025-08-03T13:00Z,2025-08-03 15:00,-4.980
2025-08-03T14:00Z,2025-08-03 16:00,-1.500
2025-08-03T15:00Z,2025-08-03 17:00,3.610
2025-08-03T16:00Z,2025-08-03 18:00,71.130
2025-08-03T17:00Z,2025-08-03 19:00,88.130
2025-08-03T18:00Z,2025-08-03 20:00,97.870
2025-08-03T19:00Z,2025-08-03 21:00,95.990
2025-08-03T20:00Z,2025-08-03 22:00,97.300
2025-08-03T21:00Z,2025-08-03 23:00,85.090
2025-08-03T22:00Z,2025-08-04 00:00,81.050
2025-08-03T23:00Z,2025-08-04 01:00,70.070
2025-08-04T00:00Z,2025-08-04 02:00,69.970
2025-08-04T01:00Z,2025-08-04 03:00,70.620
2025-08-04T02:00Z,2025-08-04 04:00,74.030
2025-08-04T03:00Z,2025-08-04 05:00,82.940
2025-08-04T04:00Z,2025-08-04 06:00,95.120
2025-08-04T05:00Z,2025-08-04 07:00,102.720
2025-08-04T06:00Z,2025-08-04 08:00,101.440
2025-08-04T07:00Z,2025-08-04 09:00,97.050
2025-08-04T08:00Z,2025-08-04 10:00,80.050
2025-08-04T09:00Z,2025-08-04 11:00,56.330
2025-08-04T10:00Z,2025-08-04 12:00,14.840
2025-08-04T11:00Z,2025-08-04 13:00,4.050
2025-08-04T12:00Z,2025-08-04 14:00,0.660
2025-08-04T13:00Z,2025-08-04 15:00,0.020
2025-08-04T14:00Z,2025-08-04 16:00,22.090
2025-08-04T15:00Z,2025-08-04 17:00,67.240
2025-08-04T16:00Z,2025-08-04 18:00,80.910
2025-08-04T17:00Z,2025-08-04 19:00,84.540
2025-08-04T18:00Z,2025-08-04 20:00,80.210
2025-08-04T19:00Z,2025-08-04 21:00,72.700
2025-08-04T20:00Z,2025-08-04 22:00,66.630
2025-08-04T21:00Z,2025-08-04 23:00,47.690
2025-08-04T22:00Z,2025-08-05 00:00,21.520
2025-08-04T23:00Z,2025-08-05 01:00,15.340
2025-08-05T00:00Z,2025-08-05 02:00,15.900
2025-08-05T01:00Z,2025-08-05 03:00,23.960
2025-08-05T02:00Z,2025-08-05 04:00,54.470
2025-08-05T03:00Z,2025-08-05 05:00,76.190
2025-08-05T04:00Z,2025-08-05 06:00,92.250
2025-08-05T05:00Z,2025-08-05 07:00,92.080
2025-08-05T06:00Z,2025-08-05 08:00,74.740
2025-08-05T07:00Z,2025-08-05 09:00,3.890
2025-08-05T08:00Z,2025-08-05 10:00,-0.210
2025-08-05T09:00Z,2025-08-05 11:00,-2.010
2025-08-05T10:00Z,2025-08-05 12:00,-4.940
2025-08-05T11:00Z,2025-08-05 13:00,-9.500
2025-08-05T12:00Z,2025-08-05 14:00,-11.830
2025-08-05T13:00Z,2025-08-05 15:00,-9.920
2025-08-05T14:00Z,2025-08-05 16:00,-5.070
2025-08-05T15:00Z,2025-08-05 17:00,-0.520
2025-08-05T16:00Z,2025-08-05 18:00,1.070
2025-08-05T17:00Z,2025-08-05 19:00,72.480
2025-08-05T18:00Z,2025-08-05 20:00,89.970
2025-08-05T19:00Z,2025-08-05 21:00,107.150
2025-08-05T20:00Z,2025-08-05 22:00,87.180
2025-08-05T21:00Z,2025-08-05 23:00,81.000
2025-08-05T22:00Z,2025-08-06 00:00,75.130
2025-08-05T23:00Z,2025-08-06 01:00,59.890
2025-08-06T00:00Z,2025-08-06 02:00,60.760
2025-08-06T01:00Z,2025-08-06 03:00,61.010
2025-08-06T02:00Z,2025-08-06 04:00,60.350
2025-08-06T03:00Z,2025-08-06 05:00,81.700
2025-08-06T04:00Z,2025-08-06 06:00,103.770
2025-08-06T05:00Z,2025-08-06 07:00,102.940
2025-08-06T06:00Z,2025-08-06 08:00,83.940
2025-08-06T07:00Z,2025-08-06 09:00,27.740
2025-08-06T08:00Z,2025-08-06 10:00,-0.010
2025-08-06T09:00Z,2025-08-06 11:00,-2.050
2025-08-06T10:00Z,2025-08-06 12:00,-8.470
2025-08-06T11:00Z,2025-08-06 13:00,-11.790
2025-08-06T12:00Z,2025-08-06 14:00,-6.000
2025-08-06T13:00Z,2025-08-06 15:00,-3.110
2025-08-06T14:00Z,2025-08-06 16:00,-1.010
2025-08-06T15:00Z,2025-08-06 17:00,52.150
2025-08-06T16:00Z,2025-08-06 18:00,97.190
2025-08-06T17:00Z,2025-08-06 19:00,113.700
2025-08-06T18:00Z,2025-08-06 20:00,170.160
2025-08-06T19:00Z,2025-08-06 21:00,157.080
2025-08-06T20:00Z,2025-08-06 22:00,110.000
2025-08-06T21:00Z,2025-08-06 23:00,101.600
2025-08-06T22:00Z,2025-08-07 00:00,97.580
2025-08-06T23:00Z,2025-08-07 01:00,97.040
2025-08-07T00:00Z,2025-08-07 02:00,91.440
2025-08-07T01:00Z,2025-08-07 03:00,88.790
2025-08-07T02:00Z,2025-08-07 04:00,88.930
2025-08-07T03:00Z,2025-08-07 05:00,92.850
2025-08-07T04:00Z,2025-08-07 06:00,107.460
2025-08-07T05:00Z,2025-08-07 07:00,106.500
2025-08-07T06:00Z,2025-08-07 08:00,100.480
2025-08-07T07:00Z,2025-08-07 09:00,77.630
2025-08-07T08:00Z,2025-08-07 10:00,22.230
2025-08-07T09:00Z,2025-08-07 11:00,0.000
2025-08-07T10:00Z,2025-08-07 12:00,-0.120
2025-08-07T11:00Z,2025-08-07 13:00,-1.990
2025-08-07T12:00Z,2025-08-07 14:00,-0.290
2025-08-07T13:00Z,2025-08-07 15:00,-0.010
2025-08-07T14:00Z,2025-08-07 16:00,2.000
2025-08-07T15:00Z,2025-08-07 17:00,65.590
2025-08-07T16:00Z,2025-08-07 18:00,94.230
2025-08-07T17:00Z,2025-08-07 19:00,111.950
2025-08-07T18:00Z,2025-08-07 20:00,141.940
2025-08-07T19:00Z,2025-08-07 21:00,127.500
2025-08-07T20:00Z,2025-08-07 22:00,110.000
2025-08-07T21:00Z,2025-08-07 23:00,101.280
2025-08-07T22:00Z,2025-08-08 00:00,93.900
2025-08-07T23:00Z,2025-08-08 01:00,89.490
2025-08-08T00:00Z,2025-08-08 02:00,86.130
2025-08-08T01:00Z,2025-08-08 03:00,82.660
2025-08-08T02:00Z,2025-08-08 04:00,81.450
2025-08-08T03:00Z,2025-08-08 05:00,91.140
2025-08-08T04:00Z,2025-08-08 06:00,100.430
2025-08-08T05:00Z,2025-08-08 07:00,103.050
2025-08-08T06:00Z,2025-08-08 08:00,109.140
2025-08-08T07:00Z,2025-08-08 09:00,89.900
2025-08-08T08:00Z,2025-08-08 10:00,66.000
2025-08-08T09:00Z,2025-08-08 11:00,8.390
2025-08-08T10:00Z,2025-08-08 12:00,0.000
2025-08-08T11:00Z,2025-08-08 13:00,-0.010
2025-08-08T12:00Z,2025-08-08 14:00,-0.020
2025-08-08T13:00Z,2025-08-08 15:00,-0.010
2025-08-08T14:00Z,2025-08-08 16:00,10.490
2025-08-08T15:00Z,2025-08-08 17:00,71.740
2025-08-08T16:00Z,2025-08-08 18:00,103.860
2025-08-08T17:00Z,2025-08-08 19:00,113.970
2025-08-08T18:00Z,2025-08-08 20:00,144.620
2025-08-08T19:00Z,2025-08-08 21:00,151.510
2025-08-08T20:00Z,2025-08-08 22:00,121.590
2025-08-08T21:00Z,2025-08-08 23:00,108.460
2025-08-08T22:00Z,2025-08-09 00:00,101.930
2025-08-08T23:00Z,2025-08-09 01:00,100.430
2025-08-09T00:00Z,2025-08-09 02:00,99.940
2025-08-09T01:00Z,2025-08-09 03:00,97.800
2025-08-09T02:00Z,2025-08-09 04:00,96.870
2025-08-09T03:00Z,2025-08-09 05:00,97.010
2025-08-09T04:00Z,2025-08-09 06:00,97.260
2025-08-09T05:00Z,2025-08-09 07:00,93.450
2025-08-09T06:00Z,2025-08-09 08:00,70.190
2025-08-09T07:00Z,2025-08-09 09:00,15.340
2025-08-09T08:00Z,2025-08-09 10:00,-0.020
2025-08-09T09:00Z,2025-08-09 11:00,-1.000
2025-08-09T10:00Z,2025-08-09 12:00,-6.630
2025-08-09T11:00Z,2025-08-09 13:00,-15.140
2025-08-09T12:00Z,2025-08-09 14:00,-15.370
2025-08-09T13:00Z,2025-08-09 15:00,-4.100
2025-08-09T14:00Z,2025-08-09 16:00,-0.040
2025-08-09T15:00Z,2025-08-09 17:00,6.290
2025-08-09T16:00Z,2025-08-09 18:00,85.900
2025-08-09T17:00Z,2025-08-09 19:00,104.200
2025-08-09T18:00Z,2025-08-09 20:00,127.620
2025-08-09T19:00Z,2025-08-09 21:00,119.310
2025-08-09T20:00Z,2025-08-09 22:00,107.890
2025-08-09T21:00Z,2025-08-09 23:00,94.970
2025-08-09T22:00Z,2025-08-10 00:00,84.790
2025-08-09T23:00Z,2025-08-10 01:00,83.230
2025-08-10T00:00Z,2025-08-10 02:00,83.100
2025-08-10T01:00Z,2025-08-10 03:00,77.950
2025-08-10T02:00Z,2025-08-10 04:00,80.680
2025-08-10T03:00Z,2025-08-10 05:00,83.690
2025-08-10T04:00Z,2025-08-10 06:00,82.270
2025-08-10T05:00Z,2025-08-10 07:00,74.700
2025-08-10T06:00Z,2025-08-10 08:00,26.360
2025-08-10T07:00Z,2025-08-10 09:00,-0.010
2025-08-10T08:00Z,2025-08-10 10:00,-3.110
2025-08-10T09:00Z,2025-08-10 11:00,-15.600
2025-08-10T10:00Z,2025-08-10 12:00,-40.030
2025-08-10T11:00Z,2025-08-10 13:00,-61.080
2025-08-10T12:00Z,2025-08-10 14:00,-50.940
2025-08-10T13:00Z,2025-08-10 15:00,-22.120
2025-08-10T14:00Z,2025-08-10 16:00,-1.210
2025-08-10T15:00Z,2025-08-10 17:00,2.130
2025-08-10T16:00Z,2025-08-10 18:00,82.640
2025-08-10T17:00Z,2025-08-10 19:00,108.550
2025-08-10T18:00Z,2025-08-10 20:00,118.950
2025-08-10T19:00Z,2025-08-10 21:00,122.450
2025-08-10T20:00Z,2025-08-10 22:00,106.980
2025-08-10T21:00Z,2025-08-10 23:00,98.900
2025-08-10T22:00Z,2025-08-11 00:00,99.820
2025-08-10T23:00Z,2025-08-11 01:00,91.970
2025-08-11T00:00Z,2025-08-11 02:00,87.440
2025-08-11T01:00Z,2025-08-11 03:00,85.190
2025-08-11T02:00Z,2025-08-11 04:00,92.850
2025-08-11T03:00Z,2025-08-11 05:00,103.510
2025-08-11T04:00Z,2025-08-11 06:00,129.220
2025-08-11T05:00Z,2025-08-11 07:00,133.490
2025-08-11T06:00Z,2025-08-11 08:00,105.350
2025-08-11T07:00Z,2025-08-11 09:00,90.750
2025-08-11T08:00Z,2025-08-11 10:00,50.000
2025-08-11T09:00Z,2025-08-11 11:00,2.540
2025-08-11T10:00Z,2025-08-11 12:00,0.000
2025-08-11T11:00Z,2025-08-11 13:00,0.000
2025-08-11T12:00Z,2025-08-11 14:00,0.000
2025-08-11T13:00Z,2025-08-11 15:00,9.000
2025-08-11T14:00Z,2025-08-11 16:00,56.140
2025-08-11T15:00Z,2025-08-11 17:00,92.250
2025-08-11T16:00Z,2025-08-11 18:00,108.260
2025-08-11T17:00Z,2025-08-11 19:00,154.000
2025-08-11T18:00Z,2025-08-11 20:00,191.950
2025-08-11T19:00Z,2025-08-11 21:00,138.880
2025-08-11T20:00Z,2025-08-11 22:00,108.870
2025-08-11T21:00Z,2025-08-11 23:00,96.000
2025-08-11T22:00Z,2025-08-12 00:00,93.000
2025-08-11T23:00Z,2025-08-12 01:00,89.670
2025-08-12T00:00Z,2025-08-12 02:00,85.410
2025-08-12T01:00Z,2025-08-12 03:00,85.130
2025-08-12T02:00Z,2025-08-12 04:00,86.480
2025-08-12T03:00Z,2025-08-12 05:00,93.970
2025-08-12T04:00Z,2025-08-12 06:00,106.910
2025-08-12T05:00Z,2025-08-12 07:00,104.630
2025-08-12T06:00Z,2025-08-12 08:00,98.710
2025-08-12T07:00Z,2025-08-12 09:00,92.490
2025-08-12T08:00Z,2025-08-12 10:00,79.530
2025-08-12T09:00Z,2025-08-12 11:00,40.410
2025-08-12T10:00Z,2025-08-12 12:00,8.380
2025-08-12T11:00Z,2025-08-12 13:00,3.000
2025-08-12T12:00Z,2025-08-12 14:00,5.150
2025-08-12T13:00Z,2025-08-12 15:00,35.050
2025-08-12T14:00Z,2025-08-12 16:00,73.120
2025-08-12T15:00Z,2025-08-12 17:00,94.060
2025-08-12T16:00Z,2025-08-12 18:00,106.100
2025-08-12T17:00Z,2025-08-12 19:00,149.310
2025-08-12T18:00Z,2025-08-12 20:00,156.160
2025-08-12T19:00Z,2025-08-12 21:00,140.400
2025-08-12T20:00Z,2025-08-12 22:00,114.070
2025-08-12T21:00Z,2025-08-12 23:00,97.730
2025-08-12T22:00Z,2025-08-13 00:00,95.720
2025-08-12T23:00Z,2025-08-13 01:00,90.000
2025-08-13T00:00Z,2025-08-13 02:00,86.890
2025-08-13T01:00Z,2025-08-13 03:00,84.710
2025-08-13T02:00Z,2025-08-13 04:00,87.070
2025-08-13T03:00Z,2025-08-13 05:00,93.300
2025-08-13T04:00Z,2025-08-13 06:00,108.870
2025-08-13T05:00Z,2025-08-13 07:00,107.520
2025-08-13T06:00Z,2025-08-13 08:00,105.870
2025-08-13T07:00Z,2025-08-13 09:00,93.600
2025-08-13T08:00Z,2025-08-13 10:00,89.260
2025-08-13T09:00Z,2025-08-13 11:00,68.200
2025-08-13T10:00Z,2025-08-13 12:00,44.290
2025-08-13T11:00Z,2025-08-13 13:00,27.890
2025-08-13T12:00Z,2025-08-13 14:00,41.660
2025-08-13T13:00Z,2025-08-13 15:00,70.900
2025-08-13T14:00Z,2025-08-13 16:00,84.300
2025-08-13T15:00Z,2025-08-13 17:00,96.640
2025-08-13T16:00Z,2025-08-13 18:00,115.340
2025-08-13T17:00Z,2025-08-13 19:00,193.300
2025-08-13T18:00Z,2025-08-13 20:00,226.640
2025-08-13T19:00Z,2025-08-13 21:00,154.520
2025-08-13T20:00Z,2025-08-13 22:00,123.210
2025-08-13T21:00Z,2025-08-13 23:00,106.270
2025-08-13T22:00Z,2025-08-14 00:00,98.100
2025-08-13T23:00Z,2025-08-14 01:00,92.000
2025-08-14T00:00Z,2025-08-14 02:00,88.450
2025-08-14T01:00Z,2025-08-14 03:00,88.200
2025-08-14T02:00Z,2025-08-14 04:00,88.530
2025-08-14T03:00Z,2025-08-14 05:00,97.520
2025-08-14T04:00Z,2025-08-14 06:00,107.940
2025-08-14T05:00Z,2025-08-14 07:00,109.920
2025-08-14T06:00Z,2025-08-14 08:00,99.510
2025-08-14T07:00Z,2025-08-14 09:00,91.100
2025-08-14T08:00Z,2025-08-14 10:00,81.260
2025-08-14T09:00Z,2025-08-14 11:00,67.570
2025-08-14T10:00Z,2025-08-14 12:00,54.090
2025-08-14T11:00Z,2025-08-14 13:00,41.020
2025-08-14T12:00Z,2025-08-14 14:00,54.900
2025-08-14T13:00Z,2025-08-14 15:00,69.430
2025-08-14T14:00Z,2025-08-14 16:00,78.990
2025-08-14T15:00Z,2025-08-14 17:00,97.220
2025-08-14T16:00Z,2025-08-14 18:00,115.540
2025-08-14T17:00Z,2025-08-14 19:00,233.800
2025-08-14T18:00Z,2025-08-14 20:00,283.890
2025-08-14T19:00Z,2025-08-14 21:00,155.840
2025-08-14T20:00Z,2025-08-14 22:00,120.710
2025-08-14T21:00Z,2025-08-14 23:00,105.950
2025-08-14T22:00Z,2025-08-15 00:00,99.590
2025-08-14T23:00Z,2025-08-15 01:00,98.970
2025-08-15T00:00Z,2025-08-15 02:00,93.900
2025-08-15T01:00Z,2025-08-15 03:00,90.330
2025-08-15T02:00Z,2025-08-15 04:00,92.000
2025-08-15T03:00Z,2025-08-15 05:00,96.910
2025-08-15T04:00Z,2025-08-15 06:00,101.660
2025-08-15T05:00Z,2025-08-15 07:00,101.310
2025-08-15T06:00Z,2025-08-15 08:00,96.600
2025-08-15T07:00Z,2025-08-15 09:00,83.470
2025-08-15T08:00Z,2025-08-15 10:00,43.900
2025-08-15T09:00Z,2025-08-15 11:00,3.000
2025-08-15T10:00Z,2025-08-15 12:00,0.080
2025-08-15T11:00Z,2025-08-15 13:00,0.000
2025-08-15T12:00Z,2025-08-15 14:00,0.000
2025-08-15T13:00Z,2025-08-15 15:00,1.720
2025-08-15T14:00Z,2025-08-15 16:00,27.660
2025-08-15T15:00Z,2025-08-15 17:00,77.960
2025-08-15T16:00Z,2025-08-15 18:00,105.890
2025-08-15T17:00Z,2025-08-15 19:00,114.380
2025-08-15T18:00Z,2025-08-15 20:00,124.010
2025-08-15T19:00Z,2025-08-15 21:00,111.500
2025-08-15T20:00Z,2025-08-15 22:00,105.940
2025-08-15T21:00Z,2025-08-15 23:00,95.960
2025-08-15T22:00Z,2025-08-16 00:00,96.110
2025-08-15T23:00Z,2025-08-16 01:00,90.920
2025-08-16T00:00Z,2025-08-16 02:00,89.780
2025-08-16T01:00Z,2025-08-16 03:00,85.350
2025-08-16T02:00Z,2025-08-16 04:00,84.050
2025-08-16T03:00Z,2025-08-16 05:00,87.090
2025-08-16T04:00Z,2025-08-16 06:00,91.010
2025-08-16T05:00Z,2025-08-16 07:00,90.020
2025-08-16T06:00Z,2025-08-16 08:00,80.990
2025-08-16T07:00Z,2025-08-16 09:00,67.940
2025-08-16T08:00Z,2025-08-16 10:00,25.120
2025-08-16T09:00Z,2025-08-16 11:00,3.800
2025-08-16T10:00Z,2025-08-16 12:00,0.170
2025-08-16T11:00Z,2025-08-16 13:00,-0.010
2025-08-16T12:00Z,2025-08-16 14:00,-0.010
2025-08-16T13:00Z,2025-08-16 15:00,-0.010
2025-08-16T14:00Z,2025-08-16 16:00,0.710
2025-08-16T15:00Z,2025-08-16 17:00,16.210
2025-08-16T16:00Z,2025-08-16 18:00,69.920
2025-08-16T17:00Z,2025-08-16 19:00,95.000
2025-08-16T18:00Z,2025-08-16 20:00,102.620
2025-08-16T19:00Z,2025-08-16 21:00,100.610
2025-08-16T20:00Z,2025-08-16 22:00,95.000
2025-08-16T21:00Z,2025-08-16 23:00,90.000
2025-08-16T22:00Z,2025-08-17 00:00,91.280
2025-08-16T23:00Z,2025-08-17 01:00,85.340
2025-08-17T00:00Z,2025-08-17 02:00,86.860
2025-08-17T01:00Z,2025-08-17 03:00,86.630
2025-08-17T02:00Z,2025-08-17 04:00,87.730
2025-08-17T03:00Z,2025-08-17 05:00,89.930
2025-08-17T04:00Z,2025-08-17 06:00,89.890
2025-08-17T05:00Z,2025-08-17 07:00,81.030
2025-08-17T06:00Z,2025-08-17 08:00,76.240
2025-08-17T07:00Z,2025-08-17 09:00,32.590
2025-08-17T08:00Z,2025-08-17 10:00,9.960
2025-08-17T09:00Z,2025-08-17 11:00,0.100
2025-08-17T10:00Z,2025-08-17 12:00,-0.200
2025-08-17T11:00Z,2025-08-17 13:00,-0.930
2025-08-17T12:00Z,2025-08-17 14:00,-1.250
2025-08-17T13:00Z,2025-08-17 15:00,0.650
2025-08-17T14:00Z,2025-08-17 16:00,13.810
2025-08-17T15:00Z,2025-08-17 17:00,72.400
2025-08-17T16:00Z,2025-08-17 18:00,96.690
2025-08-17T17:00Z,2025-08-17 19:00,110.000
2025-08-17T18:00Z,2025-08-17 20:00,110.660
2025-08-17T19:00Z,2025-08-17 21:00,110.140
2025-08-17T20:00Z,2025-08-17 22:00,105.100
2025-08-17T21:00Z,2025-08-17 23:00,102.540
2025-08-17T22:00Z,2025-08-18 00:00,91.990
2025-08-17T23:00Z,2025-08-18 01:00,87.130
2025-08-18T00:00Z,2025-08-18 02:00,84.330
2025-08-18T01:00Z,2025-08-18 03:00,83.850
2025-08-18T02:00Z,2025-08-18 04:00,89.460
2025-08-18T03:00Z,2025-08-18 05:00,99.270
2025-08-18T04:00Z,2025-08-18 06:00,118.510
2025-08-18T05:00Z,2025-08-18 07:00,130.130
2025-08-18T06:00Z,2025-08-18 08:00,109.870
2025-08-18T07:00Z,2025-08-18 09:00,88.840
2025-08-18T08:00Z,2025-08-18 10:00,72.060
2025-08-18T09:00Z,2025-08-18 11:00,45.930
2025-08-18T10:00Z,2025-08-18 12:00,20.040
2025-08-18T11:00Z,2025-08-18 13:00,14.230
2025-08-18T12:00Z,2025-08-18 14:00,18.340
2025-08-18T13:00Z,2025-08-18 15:00,54.560
2025-08-18T14:00Z,2025-08-18 16:00,70.940
2025-08-18T15:00Z,2025-08-18 17:00,90.320
2025-08-18T16:00Z,2025-08-18 18:00,109.870
2025-08-18T17:00Z,2025-08-18 19:00,185.500
2025-08-18T18:00Z,2025-08-18 20:00,197.420
2025-08-18T19:00Z,2025-08-18 21:00,124.670
2025-08-18T20:00Z,2025-08-18 22:00,107.490
2025-08-18T21:00Z,2025-08-18 23:00,102.000
2025-08-18T22:00Z,2025-08-19 00:00,101.010
2025-08-18T23:00Z,2025-08-19 01:00,94.820
2025-08-19T00:00Z,2025-08-19 02:00,88.200
2025-08-19T01:00Z,2025-08-19 03:00,86.370
2025-08-19T02:00Z,2025-08-19 04:00,90.090
2025-08-19T03:00Z,2025-08-19 05:00,102.500
2025-08-19T04:00Z,2025-08-19 06:00,111.100
2025-08-19T05:00Z,2025-08-19 07:00,109.950
2025-08-19T06:00Z,2025-08-19 08:00,98.050
2025-08-19T07:00Z,2025-08-19 09:00,88.570
2025-08-19T08:00Z,2025-08-19 10:00,69.640
2025-08-19T09:00Z,2025-08-19 11:00,43.230
2025-08-19T10:00Z,2025-08-19 12:00,22.850
2025-08-19T11:00Z,2025-08-19 13:00,8.970
2025-08-19T12:00Z,2025-08-19 14:00,15.260
2025-08-19T13:00Z,2025-08-19 15:00,30.890
2025-08-19T14:00Z,2025-08-19 16:00,60.600
2025-08-19T15:00Z,2025-08-19 17:00,91.480
2025-08-19T16:00Z,2025-08-19 18:00,101.910
2025-08-19T17:00Z,2025-08-19 19:00,120.510
2025-08-19T18:00Z,2025-08-19 20:00,128.620
2025-08-19T19:00Z,2025-08-19 21:00,111.060
2025-08-19T20:00Z,2025-08-19 22:00,104.410
2025-08-19T21:00Z,2025-08-19 23:00,97.200
2025-08-19T22:00Z,2025-08-20 00:00,97.700
2025-08-19T23:00Z,2025-08-20 01:00,93.180
2025-08-20T00:00Z,2025-08-20 02:00,87.640
2025-08-20T01:00Z,2025-08-20 03:00,85.780
2025-08-20T02:00Z,2025-08-20 04:00,89.660
2025-08-20T03:00Z,2025-08-20 05:00,98.800
2025-08-20T04:00Z,2025-08-20 06:00,108.840
2025-08-20T05:00Z,2025-08-20 07:00,110.120
2025-08-20T06:00Z,2025-08-20 08:00,103.910
2025-08-20T07:00Z,2025-08-20 09:00,90.050
2025-08-20T08:00Z,2025-08-20 10:00,80.980
2025-08-20T09:00Z,2025-08-20 11:00,69.060
2025-08-20T10:00Z,2025-08-20 12:00,49.070
2025-08-20T11:00Z,2025-08-20 13:00,35.000
2025-08-20T12:00Z,2025-08-20 14:00,42.030
2025-08-20T13:00Z,2025-08-20 15:00,73.020
2025-08-20T14:00Z,2025-08-20 16:00,81.450
2025-08-20T15:00Z,2025-08-20 17:00,101.690
2025-08-20T16:00Z,2025-08-20 18:00,109.160
2025-08-20T17:00Z,2025-08-20 19:00,135.150
2025-08-20T18:00Z,2025-08-20 20:00,126.110
2025-08-20T19:00Z,2025-08-20 21:00,114.950
2025-08-20T20:00Z,2025-08-20 22:00,103.490
2025-08-20T21:00Z,2025-08-20 23:00,97.340
2025-08-20T22:00Z,2025-08-21 00:00,96.110
2025-08-20T23:00Z,2025-08-21 01:00,90.730
2025-08-21T00:00Z,2025-08-21 02:00,87.520
2025-08-21T01:00Z,2025-08-21 03:00,90.880
2025-08-21T02:00Z,2025-08-21 04:00,92.370
2025-08-21T03:00Z,2025-08-21 05:00,108.590
2025-08-21T04:00Z,2025-08-21 06:00,115.600
2025-08-21T05:00Z,2025-08-21 07:00,116.890
2025-08-21T06:00Z,2025-08-21 08:00,107.790
2025-08-21T07:00Z,2025-08-21 09:00,97.320
2025-08-21T08:00Z,2025-08-21 10:00,85.850
2025-08-21T09:00Z,2025-08-21 11:00,77.640
2025-08-21T10:00Z,2025-08-21 12:00,69.490
2025-08-21T11:00Z,2025-08-21 13:00,66.090
2025-08-21T12:00Z,2025-08-21 14:00,56.260
2025-08-21T13:00Z,2025-08-21 15:00,68.200
2025-08-21T14:00Z,2025-08-21 16:00,72.390
2025-08-21T15:00Z,2025-08-21 17:00,92.880
2025-08-21T16:00Z,2025-08-21 18:00,103.200
2025-08-21T17:00Z,2025-08-21 19:00,106.390
2025-08-21T18:00Z,2025-08-21 20:00,110.730
2025-08-21T19:00Z,2025-08-21 21:00,110.730
2025-08-21T20:00Z,2025-08-21 22:00,105.000
2025-08-21T21:00Z,2025-08-21 23:00,95.780
2025-08-21T22:00Z,2025-08-22 00:00,89.270
2025-08-21T23:00Z,2025-08-22 01:00,81.990
2025-08-22T00:00Z,2025-08-22 02:00,78.590
2025-08-22T01:00Z,2025-08-22 03:00,77.520
2025-08-22T02:00Z,2025-08-22 04:00,77.650
2025-08-22T03:00Z,2025-08-22 05:00,87.900
2025-08-22T04:00Z,2025-08-22 06:00,105.760
2025-08-22T05:00Z,2025-08-22 07:00,107.450
2025-08-22T06:00Z,2025-08-22 08:00,102.320
2025-08-22T07:00Z,2025-08-22 09:00,90.020
2025-08-22T08:00Z,2025-08-22 10:00,72.440
2025-08-22T09:00Z,2025-08-22 11:00,42.500
2025-08-22T10:00Z,2025-08-22 12:00,14.070
2025-08-22T11:00Z,2025-08-22 13:00,3.840
2025-08-22T12:00Z,2025-08-22 14:00,0.020
2025-08-22T13:00Z,2025-08-22 15:00,4.010
2025-08-22T14:00Z,2025-08-22 16:00,40.640
2025-08-22T15:00Z,2025-08-22 17:00,73.140
2025-08-22T16:00Z,2025-08-22 18:00,95.170
2025-08-22T17:00Z,2025-08-22 19:00,106.070
2025-08-22T18:00Z,2025-08-22 20:00,113.000
2025-08-22T19:00Z,2025-08-22 21:00,107.630
2025-08-22T20:00Z,2025-08-22 22:00,103.090
2025-08-22T21:00Z,2025-08-22 23:00,94.370
2025-08-22T22:00Z,2025-08-23 00:00,95.330
2025-08-22T23:00Z,2025-08-23 01:00,89.320
2025-08-23T00:00Z,2025-08-23 02:00,87.760
2025-08-23T01:00Z,2025-08-23 03:00,85.210
2025-08-23T02:00Z,2025-08-23 04:00,85.560
2025-08-23T03:00Z,2025-08-23 05:00,85.600
2025-08-23T04:00Z,2025-08-23 06:00,86.670
2025-08-23T05:00Z,2025-08-23 07:00,86.780
2025-08-23T06:00Z,2025-08-23 08:00,83.570
2025-08-23T07:00Z,2025-08-23 09:00,62.900
2025-08-23T08:00Z,2025-08-23 10:00,14.690
2025-08-23T09:00Z,2025-08-23 11:00,3.290
2025-08-23T10:00Z,2025-08-23 12:00,1.320
2025-08-23T11:00Z,2025-08-23 13:00,0.060
2025-08-23T12:00Z,2025-08-23 14:00,0.070
2025-08-23T13:00Z,2025-08-23 15:00,3.520
2025-08-23T14:00Z,2025-08-23 16:00,12.100
2025-08-23T15:00Z,2025-08-23 17:00,72.190
2025-08-23T16:00Z,2025-08-23 18:00,100.310
2025-08-23T17:00Z,2025-08-23 19:00,112.220
2025-08-23T18:00Z,2025-08-23 20:00,123.670
2025-08-23T19:00Z,2025-08-23 21:00,120.430
2025-08-23T20:00Z,2025-08-23 22:00,111.160
2025-08-23T21:00Z,2025-08-23 23:00,105.280
2025-08-23T22:00Z,2025-08-24 00:00,100.500
2025-08-23T23:00Z,2025-08-24 01:00,95.130
2025-08-24T00:00Z,2025-08-24 02:00,94.410
2025-08-24T01:00Z,2025-08-24 03:00,92.130
2025-08-24T02:00Z,2025-08-24 04:00,91.200
2025-08-24T03:00Z,2025-08-24 05:00,90.970
2025-08-24T04:00Z,2025-08-24 06:00,90.000
2025-08-24T05:00Z,2025-08-24 07:00,85.010
2025-08-24T06:00Z,2025-08-24 08:00,72.840
2025-08-24T07:00Z,2025-08-24 09:00,4.800
2025-08-24T08:00Z,2025-08-24 10:00,-0.010
2025-08-24T09:00Z,2025-08-24 11:00,-0.070
2025-08-24T10:00Z,2025-08-24 12:00,-1.980
2025-08-24T11:00Z,2025-08-24 13:00,-7.450
2025-08-24T12:00Z,2025-08-24 14:00,-7.400
2025-08-24T13:00Z,2025-08-24 15:00,-0.100
2025-08-24T14:00Z,2025-08-24 16:00,0.000
2025-08-24T15:00Z,2025-08-24 17:00,63.360
2025-08-24T16:00Z,2025-08-24 18:00,99.810
2025-08-24T17:00Z,2025-08-24 19:00,110.500
2025-08-24T18:00Z,2025-08-24 20:00,117.310
2025-08-24T19:00Z,2025-08-24 21:00,114.320
2025-08-24T20:00Z,2025-08-24 22:00,107.500
2025-08-24T21:00Z,2025-08-24 23:00,100.520
2025-08-24T22:00Z,2025-08-25 00:00,95.280
2025-08-24T23:00Z,2025-08-25 01:00,87.030
2025-08-25T00:00Z,2025-08-25 02:00,84.020
2025-08-25T01:00Z,2025-08-25 03:00,82.900
2025-08-25T02:00Z,2025-08-25 04:00,83.460
2025-08-25T03:00Z,2025-08-25 05:00,102.460
2025-08-25T04:00Z,2025-08-25 06:00,115.380
2025-08-25T05:00Z,2025-08-25 07:00,125.000
2025-08-25T06:00Z,2025-08-25 08:00,110.040
2025-08-25T07:00Z,2025-08-25 09:00,91.970
2025-08-25T08:00Z,2025-08-25 10:00,72.980
2025-08-25T09:00Z,2025-08-25 11:00,35.020
2025-08-25T10:00Z,2025-08-25 12:00,10.000
2025-08-25T11:00Z,2025-08-25 13:00,5.930
2025-08-25T12:00Z,2025-08-25 14:00,6.780
2025-08-25T13:00Z,2025-08-25 15:00,25.200
2025-08-25T14:00Z,2025-08-25 16:00,56.430
2025-08-25T15:00Z,2025-08-25 17:00,86.670
2025-08-25T16:00Z,2025-08-25 18:00,111.540
2025-08-25T17:00Z,2025-08-25 19:00,159.030
2025-08-25T18:00Z,2025-08-25 20:00,232.820
2025-08-25T19:00Z,2025-08-25 21:00,138.040
2025-08-25T20:00Z,2025-08-25 22:00,115.040
2025-08-25T21:00Z,2025-08-25 23:00,105.150
2025-08-25T22:00Z,2025-08-26 00:00,105.800
2025-08-25T23:00Z,2025-08-26 01:00,100.440
2025-08-26T00:00Z,2025-08-26 02:00,96.580
2025-08-26T01:00Z,2025-08-26 03:00,94.790
2025-08-26T02:00Z,2025-08-26 04:00,96.270
2025-08-26T03:00Z,2025-08-26 05:00,106.600
2025-08-26T04:00Z,2025-08-26 06:00,124.590
2025-08-26T05:00Z,2025-08-26 07:00,123.450
2025-08-26T06:00Z,2025-08-26 08:00,106.790
2025-08-26T07:00Z,2025-08-26 09:00,90.000
2025-08-26T08:00Z,2025-08-26 10:00,77.470
2025-08-26T09:00Z,2025-08-26 11:00,61.600
2025-08-26T10:00Z,2025-08-26 12:00,41.950
2025-08-26T11:00Z,2025-08-26 13:00,26.280
2025-08-26T12:00Z,2025-08-26 14:00,38.050
2025-08-26T13:00Z,2025-08-26 15:00,72.390
2025-08-26T14:00Z,2025-08-26 16:00,88.260
2025-08-26T15:00Z,2025-08-26 17:00,105.050
2025-08-26T16:00Z,2025-08-26 18:00,131.090
2025-08-26T17:00Z,2025-08-26 19:00,196.880
2025-08-26T18:00Z,2025-08-26 20:00,180.170
2025-08-26T19:00Z,2025-08-26 21:00,123.300
2025-08-26T20:00Z,2025-08-26 22:00,109.470
2025-08-26T21:00Z,2025-08-26 23:00,97.670
2025-08-26T22:00Z,2025-08-27 00:00,96.590
2025-08-26T23:00Z,2025-08-27 01:00,89.980
2025-08-27T00:00Z,2025-08-27 02:00,86.520
2025-08-27T01:00Z,2025-08-27 03:00,87.250
2025-08-27T02:00Z,2025-08-27 04:00,90.000
2025-08-27T03:00Z,2025-08-27 05:00,97.730
2025-08-27T04:00Z,2025-08-27 06:00,110.000
2025-08-27T05:00Z,2025-08-27 07:00,115.190
2025-08-27T06:00Z,2025-08-27 08:00,113.640
2025-08-27T07:00Z,2025-08-27 09:00,101.630
2025-08-27T08:00Z,2025-08-27 10:00,86.000
2025-08-27T09:00Z,2025-08-27 11:00,79.290
2025-08-27T10:00Z,2025-08-27 12:00,64.380
2025-08-27T11:00Z,2025-08-27 13:00,50.680
2025-08-27T12:00Z,2025-08-27 14:00,50.940
2025-08-27T13:00Z,2025-08-27 15:00,76.180
2025-08-27T14:00Z,2025-08-27 16:00,85.100
2025-08-27T15:00Z,2025-08-27 17:00,104.940
2025-08-27T16:00Z,2025-08-27 18:00,134.630
2025-08-27T17:00Z,2025-08-27 19:00,222.070
2025-08-27T18:00Z,2025-08-27 20:00,222.040
2025-08-27T19:00Z,2025-08-27 21:00,128.870
2025-08-27T20:00Z,2025-08-27 22:00,113.630
2025-08-27T21:00Z,2025-08-27 23:00,103.570
2025-08-27T22:00Z,2025-08-28 00:00,97.150
2025-08-27T23:00Z,2025-08-28 01:00,91.920
2025-08-28T00:00Z,2025-08-28 02:00,87.890
2025-08-28T01:00Z,2025-08-28 03:00,87.090
2025-08-28T02:00Z,2025-08-28 04:00,90.230
2025-08-28T03:00Z,2025-08-28 05:00,98.720
2025-08-28T04:00Z,2025-08-28 06:00,121.630
2025-08-28T05:00Z,2025-08-28 07:00,143.790
2025-08-28T06:00Z,2025-08-28 08:00,143.950
2025-08-28T07:00Z,2025-08-28 09:00,121.840
2025-08-28T08:00Z,2025-08-28 10:00,112.270
2025-08-28T09:00Z,2025-08-28 11:00,108.130
2025-08-28T10:00Z,2025-08-28 12:00,100.890
2025-08-28T11:00Z,2025-08-28 13:00,100.960
2025-08-28T12:00Z,2025-08-28 14:00,100.890
2025-08-28T13:00Z,2025-08-28 15:00,100.660
2025-08-28T14:00Z,2025-08-28 16:00,96.100
2025-08-28T15:00Z,2025-08-28 17:00,129.840
2025-08-28T16:00Z,2025-08-28 18:00,160.850
2025-08-28T17:00Z,2025-08-28 19:00,210.000
2025-08-28T18:00Z,2025-08-28 20:00,153.160
2025-08-28T19:00Z,2025-08-28 21:00,124.180
2025-08-28T20:00Z,2025-08-28 22:00,107.110
2025-08-28T21:00Z,2025-08-28 23:00,92.150
2025-08-28T22:00Z,2025-08-29 00:00,85.040
2025-08-28T23:00Z,2025-08-29 01:00,83.270
2025-08-29T00:00Z,2025-08-29 02:00,83.100
2025-08-29T01:00Z,2025-08-29 03:00,81.590
2025-08-29T02:00Z,2025-08-29 04:00,83.010
2025-08-29T03:00Z,2025-08-29 05:00,91.000
2025-08-29T04:00Z,2025-08-29 06:00,117.550
2025-08-29T05:00Z,2025-08-29 07:00,121.390
2025-08-29T06:00Z,2025-08-29 08:00,120.000
2025-08-29T07:00Z,2025-08-29 09:00,110.360
2025-08-29T08:00Z,2025-08-29 10:00,84.250
2025-08-29T09:00Z,2025-08-29 11:00,78.080
2025-08-29T10:00Z,2025-08-29 12:00,67.440
2025-08-29T11:00Z,2025-08-29 13:00,53.960
2025-08-29T12:00Z,2025-08-29 14:00,59.640
2025-08-29T13:00Z,2025-08-29 15:00,73.060
2025-08-29T14:00Z,2025-08-29 16:00,85.000
2025-08-29T15:00Z,2025-08-29 17:00,104.820
2025-08-29T16:00Z,2025-08-29 18:00,118.510
2025-08-29T17:00Z,2025-08-29 19:00,147.680
2025-08-29T18:00Z,2025-08-29 20:00,116.500
2025-08-29T19:00Z,2025-08-29 21:00,111.960
2025-08-29T20:00Z,2025-08-29 22:00,95.700
2025-08-29T21:00Z,2025-08-29 23:00,86.070
2025-08-29T22:00Z,2025-08-30 00:00,92.500
2025-08-29T23:00Z,2025-08-30 01:00,86.560
2025-08-30T00:00Z,2025-08-30 02:00,83.300
2025-08-30T01:00Z,2025-08-30 03:00,81.510
2025-08-30T02:00Z,2025-08-30 04:00,83.390
2025-08-30T03:00Z,2025-08-30 05:00,87.720
2025-08-30T04:00Z,2025-08-30 06:00,95.020
2025-08-30T05:00Z,2025-08-30 07:00,98.090
2025-08-30T06:00Z,2025-08-30 08:00,89.640
2025-08-30T07:00Z,2025-08-30 09:00,78.600
2025-08-30T08:00Z,2025-08-30 10:00,36.460
2025-08-30T09:00Z,2025-08-30 11:00,5.230
2025-08-30T10:00Z,2025-08-30 12:00,0.000
2025-08-30T11:00Z,2025-08-30 13:00,-0.010
2025-08-30T12:00Z,2025-08-30 14:00,-0.010
2025-08-30T13:00Z,2025-08-30 15:00,-0.380
2025-08-30T14:00Z,2025-08-30 16:00,9.480
2025-08-30T15:00Z,2025-08-30 17:00,81.100
2025-08-30T16:00Z,2025-08-30 18:00,103.900
2025-08-30T17:00Z,2025-08-30 19:00,127.070
2025-08-30T18:00Z,2025-08-30 20:00,129.980
2025-08-30T19:00Z,2025-08-30 21:00,120.390
2025-08-30T20:00Z,2025-08-30 22:00,104.940
2025-08-30T21:00Z,2025-08-30 23:00,90.300
2025-08-30T22:00Z,2025-08-31 00:00,88.740
2025-08-30T23:00Z,2025-08-31 01:00,78.910
2025-08-31T00:00Z,2025-08-31 02:00,70.530
2025-08-31T01:00Z,2025-08-31 03:00,67.020
2025-08-31T02:00Z,2025-08-31 04:00,63.790
2025-08-31T03:00Z,2025-08-31 05:00,64.560
2025-08-31T04:00Z,2025-08-31 06:00,65.000
2025-08-31T05:00Z,2025-08-31 07:00,62.130
2025-08-31T06:00Z,2025-08-31 08:00,22.300
2025-08-31T07:00Z,2025-08-31 09:00,5.200
2025-08-31T08:00Z,2025-08-31 10:00,-0.010
2025-08-31T09:00Z,2025-08-31 11:00,-0.020
2025-08-31T10:00Z,2025-08-31 12:00,-0.110
2025-08-31T11:00Z,2025-08-31 13:00,-1.000
2025-08-31T12:00Z,2025-08-31 14:00,-0.610
2025-08-31T13:00Z,2025-08-31 15:00,0.000
2025-08-31T14:00Z,2025-08-31 16:00,25.470
2025-08-31T15:00Z,2025-08-31 17:00,79.740
2025-08-31T16:00Z,2025-08-31 18:00,117.590
2025-08-31T17:00Z,2025-08-31 19:00,135.100
2025-08-31T18:00Z,2025-08-31 20:00,132.070
2025-08-31T19:00Z,2025-08-31 21:00,114.150
2025-08-31T20:00Z,2025-08-31 22:00,102.630
2025-08-31T21:00Z,2025-08-31 23:00,89.760
2025-08-31T22:00Z,2025-09-01 00:00,84.080
2025-08-31T23:00Z,2025-09-01 01:00,81.430
2025-09-01T00:00Z,2025-09-01 02:00,80.970
2025-09-01T01:00Z,2025-09-01 03:00,80.030
2025-09-01T02:00Z,2025-09-01 04:00,81.370
2025-09-01T03:00Z,2025-09-01 05:00,92.580
2025-09-01T04:00Z,2025-09-01 06:00,120.430
2025-09-01T05:00Z,2025-09-01 07:00,125.670
2025-09-01T06:00Z,2025-09-01 08:00,116.100
2025-09-01T07:00Z,2025-09-01 09:00,98.190
2025-09-01T08:00Z,2025-09-01 10:00,82.000
2025-09-01T09:00Z,2025-09-01 11:00,69.400
2025-09-01T10:00Z,2025-09-01 12:00,38.270
2025-09-01T11:00Z,2025-09-01 13:00,25.030
2025-09-01T12:00Z,2025-09-01 14:00,42.730
2025-09-01T13:00Z,2025-09-01 15:00,67.760
2025-09-01T14:00Z,2025-09-01 16:00,84.670
2025-09-01T15:00Z,2025-09-01 17:00,109.700
2025-09-01T16:00Z,2025-09-01 18:00,155.320
2025-09-01T17:00Z,2025-09-01 19:00,250.650
2025-09-01T18:00Z,2025-09-01 20:00,210.560
2025-09-01T19:00Z,2025-09-01 21:00,125.200
2025-09-01T20:00Z,2025-09-01 22:00,112.400
2025-09-01T21:00Z,2025-09-01 23:00,100.530
2025-09-01T22:00Z,2025-09-02 00:00,95.010
2025-09-01T23:00Z,2025-09-02 01:00,90.110
2025-09-02T00:00Z,2025-09-02 02:00,90.840
2025-09-02T01:00Z,2025-09-02 03:00,92.500
2025-09-02T02:00Z,2025-09-02 04:00,94.800
2025-09-02T03:00Z,2025-09-02 05:00,106.850
2025-09-02T04:00Z,2025-09-02 06:00,134.390
2025-09-02T05:00Z,2025-09-02 07:00,153.670
2025-09-02T06:00Z,2025-09-02 08:00,147.480
2025-09-02T07:00Z,2025-09-02 09:00,121.050
2025-09-02T08:00Z,2025-09-02 10:00,102.140
2025-09-02T09:00Z,2025-09-02 11:00,84.660
2025-09-02T10:00Z,2025-09-02 12:00,78.940
2025-09-02T11:00Z,2025-09-02 13:00,79.730
2025-09-02T12:00Z,2025-09-02 14:00,78.540
2025-09-02T13:00Z,2025-09-02 15:00,84.370
2025-09-02T14:00Z,2025-09-02 16:00,95.000
2025-09-02T15:00Z,2025-09-02 17:00,108.970
2025-09-02T16:00Z,2025-09-02 18:00,173.160
2025-09-02T17:00Z,2025-09-02 19:00,311.510
2025-09-02T18:00Z,2025-09-02 20:00,263.790
2025-09-02T19:00Z,2025-09-02 21:00,140.920
2025-09-02T20:00Z,2025-09-02 22:00,110.470
2025-09-02T21:00Z,2025-09-02 23:00,91.210
2025-09-02T22:00Z,2025-09-03 00:00,97.250
2025-09-02T23:00Z,2025-09-03 01:00,90.740
2025-09-03T00:00Z,2025-09-03 02:00,85.950
2025-09-03T01:00Z,2025-09-03 03:00,81.720
2025-09-03T02:00Z,2025-09-03 04:00,81.230
2025-09-03T03:00Z,2025-09-03 05:00,86.970
2025-09-03T04:00Z,2025-09-03 06:00,103.200
2025-09-03T05:00Z,2025-09-03 07:00,112.340
2025-09-03T06:00Z,2025-09-03 08:00,109.130
2025-09-03T07:00Z,2025-09-03 09:00,85.300
2025-09-03T08:00Z,2025-09-03 10:00,29.040
2025-09-03T09:00Z,2025-09-03 11:00,0.030
2025-09-03T10:00Z,2025-09-03 12:00,-0.100
2025-09-03T11:00Z,2025-09-03 13:00,-0.100
2025-09-03T12:00Z,2025-09-03 14:00,-0.280
2025-09-03T13:00Z,2025-09-03 15:00,0.000
2025-09-03T14:00Z,2025-09-03 16:00,3.890
2025-09-03T15:00Z,2025-09-03 17:00,63.460
2025-09-03T16:00Z,2025-09-03 18:00,102.350
2025-09-03T17:00Z,2025-09-03 19:00,110.920
2025-09-03T18:00Z,2025-09-03 20:00,104.000
2025-09-03T19:00Z,2025-09-03 21:00,94.170
2025-09-03T20:00Z,2025-09-03 22:00,80.680
2025-09-03T21:00Z,2025-09-03 23:00,54.250
2025-09-03T22:00Z,2025-09-04 00:00,21.650
2025-09-03T23:00Z,2025-09-04 01:00,17.700
2025-09-04T00:00Z,2025-09-04 02:00,17.870
2025-09-04T01:00Z,2025-09-04 03:00,30.020
2025-09-04T02:00Z,2025-09-04 04:00,59.920
2025-09-04T03:00Z,2025-09-04 05:00,83.890
2025-09-04T04:00Z,2025-09-04 06:00,107.870
2025-09-04T05:00Z,2025-09-04 07:00,120.000
2025-09-04T06:00Z,2025-09-04 08:00,108.090
2025-09-04T07:00Z,2025-09-04 09:00,77.810
2025-09-04T08:00Z,2025-09-04 10:00,41.450
2025-09-04T09:00Z,2025-09-04 11:00,5.790
2025-09-04T10:00Z,2025-09-04 12:00,3.200
2025-09-04T11:00Z,2025-09-04 13:00,3.360
2025-09-04T12:00Z,2025-09-04 14:00,34.890
2025-09-04T13:00Z,2025-09-04 15:00,71.000
2025-09-04T14:00Z,2025-09-04 16:00,90.050
2025-09-04T15:00Z,2025-09-04 17:00,109.130
2025-09-04T16:00Z,2025-09-04 18:00,191.800
2025-09-04T17:00Z,2025-09-04 19:00,350.000
2025-09-04T18:00Z,2025-09-04 20:00,218.820
2025-09-04T19:00Z,2025-09-04 21:00,124.930
2025-09-04T20:00Z,2025-09-04 22:00,112.140
2025-09-04T21:00Z,2025-09-04 23:00,101.300
2025-09-04T22:00Z,2025-09-05 00:00,95.250
2025-09-04T23:00Z,2025-09-05 01:00,86.100
2025-09-05T00:00Z,2025-09-05 02:00,85.260
2025-09-05T01:00Z,2025-09-05 03:00,85.200
2025-09-05T02:00Z,2025-09-05 04:00,85.600
2025-09-05T03:00Z,2025-09-05 05:00,97.360
2025-09-05T04:00Z,2025-09-05 06:00,119.160
2025-09-05T05:00Z,2025-09-05 07:00,132.130
2025-09-05T06:00Z,2025-09-05 08:00,125.750
2025-09-05T07:00Z,2025-09-05 09:00,100.400
2025-09-05T08:00Z,2025-09-05 10:00,87.830
2025-09-05T09:00Z,2025-09-05 11:00,84.150
2025-09-05T10:00Z,2025-09-05 12:00,78.250
2025-09-05T11:00Z,2025-09-05 13:00,72.190
2025-09-05T12:00Z,2025-09-05 14:00,70.170
2025-09-05T13:00Z,2025-09-05 15:00,77.530
2025-09-05T14:00Z,2025-09-05 16:00,85.000
2025-09-05T15:00Z,2025-09-05 17:00,90.960
2025-09-05T16:00Z,2025-09-05 18:00,108.950
2025-09-05T17:00Z,2025-09-05 19:00,154.530
2025-09-05T18:00Z,2025-09-05 20:00,150.750
2025-09-05T19:00Z,2025-09-05 21:00,117.100
2025-09-05T20:00Z,2025-09-05 22:00,107.710
2025-09-05T21:00Z,2025-09-05 23:00,100.700
2025-09-05T22:00Z,2025-09-06 00:00,101.210
2025-09-05T23:00Z,2025-09-06 01:00,100.590
2025-09-06T00:00Z,2025-09-06 02:00,99.570
2025-09-06T01:00Z,2025-09-06 03:00,97.840
2025-09-06T02:00Z,2025-09-06 04:00,96.960
2025-09-06T03:00Z,2025-09-06 05:00,98.010
2025-09-06T04:00Z,2025-09-06 06:00,102.600
2025-09-06T05:00Z,2025-09-06 07:00,100.910
2025-09-06T06:00Z,2025-09-06 08:00,95.980
2025-09-06T07:00Z,2025-09-06 09:00,79.110
2025-09-06T08:00Z,2025-09-06 10:00,11.350
2025-09-06T09:00Z,2025-09-06 11:00,0.000
2025-09-06T10:00Z,2025-09-06 12:00,-0.020
2025-09-06T11:00Z,2025-09-06 13:00,-0.860
2025-09-06T12:00Z,2025-09-06 14:00,-0.990
2025-09-06T13:00Z,2025-09-06 15:00,-0.010
2025-09-06T14:00Z,2025-09-06 16:00,40.990
2025-09-06T15:00Z,2025-09-06 17:00,87.600
2025-09-06T16:00Z,2025-09-06 18:00,116.470
2025-09-06T17:00Z,2025-09-06 19:00,158.390
2025-09-06T18:00Z,2025-09-06 20:00,139.540
2025-09-06T19:00Z,2025-09-06 21:00,109.950
2025-09-06T20:00Z,2025-09-06 22:00,92.950
2025-09-06T21:00Z,2025-09-06 23:00,82.560
2025-09-06T22:00Z,2025-09-07 00:00,89.720
2025-09-06T23:00Z,2025-09-07 01:00,85.020
2025-09-07T00:00Z,2025-09-07 02:00,80.770
2025-09-07T01:00Z,2025-09-07 03:00,83.400
2025-09-07T02:00Z,2025-09-07 04:00,82.920
2025-09-07T03:00Z,2025-09-07 05:00,82.670
2025-09-07T04:00Z,2025-09-07 06:00,81.500
2025-09-07T05:00Z,2025-09-07 07:00,55.480
2025-09-07T06:00Z,2025-09-07 08:00,0.000
2025-09-07T07:00Z,2025-09-07 09:00,-0.090
2025-09-07T08:00Z,2025-09-07 10:00,-4.000
2025-09-07T09:00Z,2025-09-07 11:00,-20.090
2025-09-07T10:00Z,2025-09-07 12:00,-40.020
2025-09-07T11:00Z,2025-09-07 13:00,-53.400
2025-09-07T12:00Z,2025-09-07 14:00,-49.990
2025-09-07T13:00Z,2025-09-07 15:00,-21.210
2025-09-07T14:00Z,2025-09-07 16:00,-2.470
2025-09-07T15:00Z,2025-09-07 17:00,3.360
2025-09-07T16:00Z,2025-09-07 18:00,95.910
2025-09-07T17:00Z,2025-09-07 19:00,108.300
2025-09-07T18:00Z,2025-09-07 20:00,96.250
2025-09-07T19:00Z,2025-09-07 21:00,86.020
2025-09-07T20:00Z,2025-09-07 22:00,85.010
2025-09-07T21:00Z,2025-09-07 23:00,86.060
2025-09-07T22:00Z,2025-09-08 00:00,79.660
2025-09-07T23:00Z,2025-09-08 01:00,85.740
2025-09-08T00:00Z,2025-09-08 02:00,84.700
2025-09-08T01:00Z,2025-09-08 03:00,82.270
2025-09-08T02:00Z,2025-09-08 04:00,83.790
2025-09-08T03:00Z,2025-09-08 05:00,95.600
2025-09-08T04:00Z,2025-09-08 06:00,109.900
2025-09-08T05:00Z,2025-09-08 07:00,148.140
2025-09-08T06:00Z,2025-09-08 08:00,125.530
2025-09-08T07:00Z,2025-09-08 09:00,102.050
2025-09-08T08:00Z,2025-09-08 10:00,85.830
2025-09-08T09:00Z,2025-09-08 11:00,76.140
2025-09-08T10:00Z,2025-09-08 12:00,65.350
2025-09-08T11:00Z,2025-09-08 13:00,60.840
2025-09-08T12:00Z,2025-09-08 14:00,69.650
2025-09-08T13:00Z,2025-09-08 15:00,78.460
2025-09-08T14:00Z,2025-09-08 16:00,99.720
2025-09-08T15:00Z,2025-09-08 17:00,124.280
2025-09-08T16:00Z,2025-09-08 18:00,196.610
2025-09-08T17:00Z,2025-09-08 19:00,413.660
2025-09-08T18:00Z,2025-09-08 20:00,308.520
2025-09-08T19:00Z,2025-09-08 21:00,152.000
2025-09-08T20:00Z,2025-09-08 22:00,123.930
2025-09-08T21:00Z,2025-09-08 23:00,113.120
2025-09-08T22:00Z,2025-09-09 00:00,114.520
2025-09-08T23:00Z,2025-09-09 01:00,112.460
2025-09-09T00:00Z,2025-09-09 02:00,110.350
2025-09-09T01:00Z,2025-09-09 03:00,109.800
2025-09-09T02:00Z,2025-09-09 04:00,110.860
2025-09-09T03:00Z,2025-09-09 05:00,118.180
2025-09-09T04:00Z,2025-09-09 06:00,182.390
2025-09-09T05:00Z,2025-09-09 07:00,300.000
2025-09-09T06:00Z,2025-09-09 08:00,196.980
2025-09-09T07:00Z,2025-09-09 09:00,127.590
2025-09-09T08:00Z,2025-09-09 10:00,101.730
2025-09-09T09:00Z,2025-09-09 11:00,99.250
2025-09-09T10:00Z,2025-09-09 12:00,87.180
2025-09-09T11:00Z,2025-09-09 13:00,85.690
2025-09-09T12:00Z,2025-09-09 14:00,85.510
2025-09-09T13:00Z,2025-09-09 15:00,92.490
2025-09-09T14:00Z,2025-09-09 16:00,103.350
2025-09-09T15:00Z,2025-09-09 17:00,127.410
2025-09-09T16:00Z,2025-09-09 18:00,192.680
2025-09-09T17:00Z,2025-09-09 19:00,386.400
2025-09-09T18:00Z,2025-09-09 20:00,215.590
2025-09-09T19:00Z,2025-09-09 21:00,133.370
2025-09-09T20:00Z,2025-09-09 22:00,115.790
2025-09-09T21:00Z,2025-09-09 23:00,109.300
2025-09-09T22:00Z,2025-09-10 00:00,106.930
2025-09-09T23:00Z,2025-09-10 01:00,107.290
2025-09-10T00:00Z,2025-09-10 02:00,103.730
2025-09-10T01:00Z,2025-09-10 03:00,104.810
2025-09-10T02:00Z,2025-09-10 04:00,104.550
2025-09-10T03:00Z,2025-09-10 05:00,114.280
2025-09-10T04:00Z,2025-09-10 06:00,133.350
2025-09-10T05:00Z,2025-09-10 07:00,223.390
2025-09-10T06:00Z,2025-09-10 08:00,171.940
2025-09-10T07:00Z,2025-09-10 09:00,129.460
2025-09-10T08:00Z,2025-09-10 10:00,107.330
2025-09-10T09:00Z,2025-09-10 11:00,102.390
2025-09-10T10:00Z,2025-09-10 12:00,88.850
2025-09-10T11:00Z,2025-09-10 13:00,86.090
2025-09-10T12:00Z,2025-09-10 14:00,87.800
2025-09-10T13:00Z,2025-09-10 15:00,90.800
2025-09-10T14:00Z,2025-09-10 16:00,105.070
2025-09-10T15:00Z,2025-09-10 17:00,127.780
2025-09-10T16:00Z,2025-09-10 18:00,170.590
2025-09-10T17:00Z,2025-09-10 19:00,275.190
2025-09-10T18:00Z,2025-09-10 20:00,169.070
2025-09-10T19:00Z,2025-09-10 21:00,122.940
2025-09-10T20:00Z,2025-09-10 22:00,101.580
2025-09-10T21:00Z,2025-09-10 23:00,87.630
2025-09-10T22:00Z,2025-09-11 00:00,88.210
2025-09-10T23:00Z,2025-09-11 01:00,85.000
2025-09-11T00:00Z,2025-09-11 02:00,77.130
2025-09-11T01:00Z,2025-09-11 03:00,70.670
2025-09-11T02:00Z,2025-09-11 04:00,70.670
2025-09-11T03:00Z,2025-09-11 05:00,79.050
2025-09-11T04:00Z,2025-09-11 06:00,111.180
2025-09-11T05:00Z,2025-09-11 07:00,125.330
2025-09-11T06:00Z,2025-09-11 08:00,120.360
2025-09-11T07:00Z,2025-09-11 09:00,102.050
2025-09-11T08:00Z,2025-09-11 10:00,73.640
2025-09-11T09:00Z,2025-09-11 11:00,8.230
2025-09-11T10:00Z,2025-09-11 12:00,-0.010
2025-09-11T11:00Z,2025-09-11 13:00,-0.070
2025-09-11T12:00Z,2025-09-11 14:00,-0.720
2025-09-11T13:00Z,2025-09-11 15:00,0.000
2025-09-11T14:00Z,2025-09-11 16:00,8.960
2025-09-11T15:00Z,2025-09-11 17:00,75.820
2025-09-11T16:00Z,2025-09-11 18:00,118.570
2025-09-11T17:00Z,2025-09-11 19:00,132.860
2025-09-11T18:00Z,2025-09-11 20:00,125.250
2025-09-11T19:00Z,2025-09-11 21:00,111.450
2025-09-11T20:00Z,2025-09-11 22:00,84.810
2025-09-11T21:00Z,2025-09-11 23:00,63.890
2025-09-11T22:00Z,2025-09-12 00:00,32.830
2025-09-11T23:00Z,2025-09-12 01:00,33.230
2025-09-12T00:00Z,2025-09-12 02:00,20.940
2025-09-12T01:00Z,2025-09-12 03:00,16.350
2025-09-12T02:00Z,2025-09-12 04:00,29.150
2025-09-12T03:00Z,2025-09-12 05:00,51.840
2025-09-12T04:00Z,2025-09-12 06:00,95.290
2025-09-12T05:00Z,2025-09-12 07:00,105.730
2025-09-12T06:00Z,2025-09-12 08:00,102.010
2025-09-12T07:00Z,2025-09-12 09:00,48.070
2025-09-12T08:00Z,2025-09-12 10:00,1.850
2025-09-12T09:00Z,2025-09-12 11:00,-1.660
2025-09-12T10:00Z,2025-09-12 12:00,-5.110
2025-09-12T11:00Z,2025-09-12 13:00,-8.660
2025-09-12T12:00Z,2025-09-12 14:00,-6.190
2025-09-12T13:00Z,2025-09-12 15:00,-4.000
2025-09-12T14:00Z,2025-09-12 16:00,-0.010
2025-09-12T15:00Z,2025-09-12 17:00,57.690
2025-09-12T16:00Z,2025-09-12 18:00,108.710
2025-09-12T17:00Z,2025-09-12 19:00,155.360
2025-09-12T18:00Z,2025-09-12 20:00,152.240
2025-09-12T19:00Z,2025-09-12 21:00,113.960
2025-09-12T20:00Z,2025-09-12 22:00,102.850
2025-09-12T21:00Z,2025-09-12 23:00,96.660
2025-09-12T22:00Z,2025-09-13 00:00,85.890
2025-09-12T23:00Z,2025-09-13 01:00,72.750
2025-09-13T00:00Z,2025-09-13 02:00,72.450
2025-09-13T01:00Z,2025-09-13 03:00,72.450
2025-09-13T02:00Z,2025-09-13 04:00,69.790
2025-09-13T03:00Z,2025-09-13 05:00,72.750
2025-09-13T04:00Z,2025-09-13 06:00,74.710
2025-09-13T05:00Z,2025-09-13 07:00,74.110
2025-09-13T06:00Z,2025-09-13 08:00,72.450
2025-09-13T07:00Z,2025-09-13 09:00,53.850
2025-09-13T08:00Z,2025-09-13 10:00,14.300
2025-09-13T09:00Z,2025-09-13 11:00,2.370
2025-09-13T10:00Z,2025-09-13 12:00,0.000
2025-09-13T11:00Z,2025-09-13 13:00,-0.010
2025-09-13T12:00Z,2025-09-13 14:00,-0.010
2025-09-13T13:00Z,2025-09-13 15:00,-0.010
2025-09-13T14:00Z,2025-09-13 16:00,3.880
2025-09-13T15:00Z,2025-09-13 17:00,74.110
2025-09-13T16:00Z,2025-09-13 18:00,108.100
2025-09-13T17:00Z,2025-09-13 19:00,121.900
2025-09-13T18:00Z,2025-09-13 20:00,118.770
2025-09-13T19:00Z,2025-09-13 21:00,111.170
2025-09-13T20:00Z,2025-09-13 22:00,100.000
2025-09-13T21:00Z,2025-09-13 23:00,87.180
2025-09-13T22:00Z,2025-09-14 00:00,85.690
2025-09-13T23:00Z,2025-09-14 01:00,77.570
2025-09-14T00:00Z,2025-09-14 02:00,80.610
2025-09-14T01:00Z,2025-09-14 03:00,85.930
2025-09-14T02:00Z,2025-09-14 04:00,93.770
2025-09-14T03:00Z,2025-09-14 05:00,99.820
2025-09-14T04:00Z,2025-09-14 06:00,100.750
2025-09-14T05:00Z,2025-09-14 07:00,105.360
2025-09-14T06:00Z,2025-09-14 08:00,108.480
2025-09-14T07:00Z,2025-09-14 09:00,87.780
2025-09-14T08:00Z,2025-09-14 10:00,61.680
2025-09-14T09:00Z,2025-09-14 11:00,17.580
2025-09-14T10:00Z,2025-09-14 12:00,6.520
2025-09-14T11:00Z,2025-09-14 13:00,0.000
2025-09-14T12:00Z,2025-09-14 14:00,-0.010
2025-09-14T13:00Z,2025-09-14 15:00,0.000
2025-09-14T14:00Z,2025-09-14 16:00,19.330
2025-09-14T15:00Z,2025-09-14 17:00,98.200
2025-09-14T16:00Z,2025-09-14 18:00,124.340
2025-09-14T17:00Z,2025-09-14 19:00,153.290
2025-09-14T18:00Z,2025-09-14 20:00,126.010
2025-09-14T19:00Z,2025-09-14 21:00,97.370
2025-09-14T20:00Z,2025-09-14 22:00,77.020
2025-09-14T21:00Z,2025-09-14 23:00,14.270
2025-09-14T22:00Z,2025-09-15 00:00,20.000
2025-09-14T23:00Z,2025-09-15 01:00,3.870
2025-09-15T00:00Z,2025-09-15 02:00,1.390
2025-09-15T01:00Z,2025-09-15 03:00,0.010
2025-09-15T02:00Z,2025-09-15 04:00,0.000
2025-09-15T03:00Z,2025-09-15 05:00,0.900
2025-09-15T04:00Z,2025-09-15 06:00,20.270
2025-09-15T05:00Z,2025-09-15 07:00,54.310
2025-09-15T06:00Z,2025-09-15 08:00,40.400
2025-09-15T07:00Z,2025-09-15 09:00,0.900
2025-09-15T08:00Z,2025-09-15 10:00,-0.470
2025-09-15T09:00Z,2025-09-15 11:00,-2.610
2025-09-15T10:00Z,2025-09-15 12:00,-8.000
2025-09-15T11:00Z,2025-09-15 13:00,-14.270
2025-09-15T12:00Z,2025-09-15 14:00,-13.700
2025-09-15T13:00Z,2025-09-15 15:00,-8.900
2025-09-15T14:00Z,2025-09-15 16:00,-5.240
2025-09-15T15:00Z,2025-09-15 17:00,-0.530
2025-09-15T16:00Z,2025-09-15 18:00,14.010
2025-09-15T17:00Z,2025-09-15 19:00,53.930
2025-09-15T18:00Z,2025-09-15 20:00,47.370
2025-09-15T19:00Z,2025-09-15 21:00,5.330
2025-09-15T20:00Z,2025-09-15 22:00,2.910
2025-09-15T21:00Z,2025-09-15 23:00,0.060
2025-09-15T22:00Z,2025-09-16 00:00,-0.010
2025-09-15T23:00Z,2025-09-16 01:00,-0.090
2025-09-16T00:00Z,2025-09-16 02:00,-0.230
2025-09-16T01:00Z,2025-09-16 03:00,-1.050
2025-09-16T02:00Z,2025-09-16 04:00,-1.330
2025-09-16T03:00Z,2025-09-16 05:00,-0.010
2025-09-16T04:00Z,2025-09-16 06:00,2.320
2025-09-16T05:00Z,2025-09-16 07:00,16.210
2025-09-16T06:00Z,2025-09-16 08:00,3.810
2025-09-16T07:00Z,2025-09-16 09:00,-1.010
2025-09-16T08:00Z,2025-09-16 10:00,-5.110
2025-09-16T09:00Z,2025-09-16 11:00,-10.380
2025-09-16T10:00Z,2025-09-16 12:00,-20.050
2025-09-16T11:00Z,2025-09-16 13:00,-18.030
2025-09-16T12:00Z,2025-09-16 14:00,-11.170
2025-09-16T13:00Z,2025-09-16 15:00,-9.990
2025-09-16T14:00Z,2025-09-16 16:00,-3.240
2025-09-16T15:00Z,2025-09-16 17:00,0.000
2025-09-16T16:00Z,2025-09-16 18:00,72.640
2025-09-16T17:00Z,2025-09-16 19:00,103.330
2025-09-16T18:00Z,2025-09-16 20:00,112.970
2025-09-16T19:00Z,2025-09-16 21:00,92.970
2025-09-16T20:00Z,2025-09-16 22:00,80.550
2025-09-16T21:00Z,2025-09-16 23:00,65.440
2025-09-16T22:00Z,2025-09-17 00:00,70.800
2025-09-16T23:00Z,2025-09-17 01:00,63.470
2025-09-17T00:00Z,2025-09-17 02:00,50.950
2025-09-17T01:00Z,2025-09-17 03:00,48.530
2025-09-17T02:00Z,2025-09-17 04:00,60.010
2025-09-17T03:00Z,2025-09-17 05:00,73.820
2025-09-17T04:00Z,2025-09-17 06:00,98.850
2025-09-17T05:00Z,2025-09-17 07:00,117.340
2025-09-17T06:00Z,2025-09-17 08:00,112.740
2025-09-17T07:00Z,2025-09-17 09:00,95.140
2025-09-17T08:00Z,2025-09-17 10:00,69.140
2025-09-17T09:00Z,2025-09-17 11:00,41.380
2025-09-17T10:00Z,2025-09-17 12:00,10.500
2025-09-17T11:00Z,2025-09-17 13:00,7.880
2025-09-17T12:00Z,2025-09-17 14:00,10.590
2025-09-17T13:00Z,2025-09-17 15:00,43.090
2025-09-17T14:00Z,2025-09-17 16:00,81.170
2025-09-17T15:00Z,2025-09-17 17:00,110.000
2025-09-17T16:00Z,2025-09-17 18:00,123.310
2025-09-17T17:00Z,2025-09-17 19:00,142.580
2025-09-17T18:00Z,2025-09-17 20:00,123.520
2025-09-17T19:00Z,2025-09-17 21:00,94.200
2025-09-17T20:00Z,2025-09-17 22:00,86.100
2025-09-17T21:00Z,2025-09-17 23:00,73.070
2025-09-17T22:00Z,2025-09-18 00:00,53.120
2025-09-17T23:00Z,2025-09-18 01:00,48.290
2025-09-18T00:00Z,2025-09-18 02:00,38.470
2025-09-18T01:00Z,2025-09-18 03:00,37.960
2025-09-18T02:00Z,2025-09-18 04:00,48.120
2025-09-18T03:00Z,2025-09-18 05:00,74.150
2025-09-18T04:00Z,2025-09-18 06:00,105.810
2025-09-18T05:00Z,2025-09-18 07:00,117.210
2025-09-18T06:00Z,2025-09-18 08:00,111.280
2025-09-18T07:00Z,2025-09-18 09:00,90.800
2025-09-18T08:00Z,2025-09-18 10:00,65.100
2025-09-18T09:00Z,2025-09-18 11:00,5.890
2025-09-18T10:00Z,2025-09-18 12:00,0.200
2025-09-18T11:00Z,2025-09-18 13:00,0.000
2025-09-18T12:00Z,2025-09-18 14:00,0.000
2025-09-18T13:00Z,2025-09-18 15:00,0.520
2025-09-18T14:00Z,2025-09-18 16:00,15.310
2025-09-18T15:00Z,2025-09-18 17:00,89.790
2025-09-18T16:00Z,2025-09-18 18:00,115.450
2025-09-18T17:00Z,2025-09-18 19:00,134.230
2025-09-18T18:00Z,2025-09-18 20:00,128.680
2025-09-18T19:00Z,2025-09-18 21:00,110.000
2025-09-18T20:00Z,2025-09-18 22:00,98.940
2025-09-18T21:00Z,2025-09-18 23:00,88.200
2025-09-18T22:00Z,2025-09-19 00:00,74.090
2025-09-18T23:00Z,2025-09-19 01:00,72.470
2025-09-19T00:00Z,2025-09-19 02:00,73.450
2025-09-19T01:00Z,2025-09-19 03:00,73.700
2025-09-19T02:00Z,2025-09-19 04:00,74.020
2025-09-19T03:00Z,2025-09-19 05:00,89.590
2025-09-19T04:00Z,2025-09-19 06:00,118.920
2025-09-19T05:00Z,2025-09-19 07:00,143.420
2025-09-19T06:00Z,2025-09-19 08:00,118.290
2025-09-19T07:00Z,2025-09-19 09:00,95.180
2025-09-19T08:00Z,2025-09-19 10:00,53.700
2025-09-19T09:00Z,2025-09-19 11:00,13.030
2025-09-19T10:00Z,2025-09-19 12:00,0.990
2025-09-19T11:00Z,2025-09-19 13:00,0.000
2025-09-19T12:00Z,2025-09-19 14:00,0.000
2025-09-19T13:00Z,2025-09-19 15:00,11.970
2025-09-19T14:00Z,2025-09-19 16:00,74.460
2025-09-19T15:00Z,2025-09-19 17:00,119.440
2025-09-19T16:00Z,2025-09-19 18:00,255.210
2025-09-19T17:00Z,2025-09-19 19:00,409.240
2025-09-19T18:00Z,2025-09-19 20:00,167.590
2025-09-19T19:00Z,2025-09-19 21:00,111.820
2025-09-19T20:00Z,2025-09-19 22:00,86.040
2025-09-19T21:00Z,2025-09-19 23:00,78.930
2025-09-19T22:00Z,2025-09-20 00:00,87.240
2025-09-19T23:00Z,2025-09-20 01:00,77.910
2025-09-20T00:00Z,2025-09-20 02:00,74.990
2025-09-20T01:00Z,2025-09-20 03:00,74.800
2025-09-20T02:00Z,2025-09-20 04:00,74.790
2025-09-20T03:00Z,2025-09-20 05:00,80.210
2025-09-20T04:00Z,2025-09-20 06:00,88.510
2025-09-20T05:00Z,2025-09-20 07:00,86.970
2025-09-20T06:00Z,2025-09-20 08:00,75.290
2025-09-20T07:00Z,2025-09-20 09:00,24.900
2025-09-20T08:00Z,2025-09-20 10:00,3.020
2025-09-20T09:00Z,2025-09-20 11:00,-0.280
2025-09-20T10:00Z,2025-09-20 12:00,-6.100
2025-09-20T11:00Z,2025-09-20 13:00,-10.860
2025-09-20T12:00Z,2025-09-20 14:00,-5.100
2025-09-20T13:00Z,2025-09-20 15:00,-0.040
2025-09-20T14:00Z,2025-09-20 16:00,26.360
2025-09-20T15:00Z,2025-09-20 17:00,93.840
2025-09-20T16:00Z,2025-09-20 18:00,124.580
2025-09-20T17:00Z,2025-09-20 19:00,134.100
2025-09-20T18:00Z,2025-09-20 20:00,99.080
2025-09-20T19:00Z,2025-09-20 21:00,81.950
2025-09-20T20:00Z,2025-09-20 22:00,74.500
2025-09-20T21:00Z,2025-09-20 23:00,48.300
2025-09-20T22:00Z,2025-09-21 00:00,8.070
2025-09-20T23:00Z,2025-09-21 01:00,3.700
2025-09-21T00:00Z,2025-09-21 02:00,3.460
2025-09-21T01:00Z,2025-09-21 03:00,1.650
2025-09-21T02:00Z,2025-09-21 04:00,2.080
2025-09-21T03:00Z,2025-09-21 05:00,3.230
2025-09-21T04:00Z,2025-09-21 06:00,4.410
2025-09-21T05:00Z,2025-09-21 07:00,5.230
2025-09-21T06:00Z,2025-09-21 08:00,3.010
2025-09-21T07:00Z,2025-09-21 09:00,1.310
2025-09-21T08:00Z,2025-09-21 10:00,0.000
2025-09-21T09:00Z,2025-09-21 11:00,-0.090
2025-09-21T10:00Z,2025-09-21 12:00,-1.200
2025-09-21T11:00Z,2025-09-21 13:00,-2.020
2025-09-21T12:00Z,2025-09-21 14:00,-1.310
2025-09-21T13:00Z,2025-09-21 15:00,-0.010
2025-09-21T14:00Z,2025-09-21 16:00,9.470
2025-09-21T15:00Z,2025-09-21 17:00,85.180
2025-09-21T16:00Z,2025-09-21 18:00,113.960
2025-09-21T17:00Z,2025-09-21 19:00,120.570
2025-09-21T18:00Z,2025-09-21 20:00,118.840
2025-09-21T19:00Z,2025-09-21 21:00,104.680
2025-09-21T20:00Z,2025-09-21 22:00,96.350
2025-09-21T21:00Z,2025-09-21 23:00,91.680
2025-09-21T22:00Z,2025-09-22 00:00,87.330
2025-09-21T23:00Z,2025-09-22 01:00,83.570
2025-09-22T00:00Z,2025-09-22 02:00,79.210
2025-09-22T01:00Z,2025-09-22 03:00,79.210
2025-09-22T02:00Z,2025-09-22 04:00,80.350
2025-09-22T03:00Z,2025-09-22 05:00,93.590
2025-09-22T04:00Z,2025-09-22 06:00,118.690
2025-09-22T05:00Z,2025-09-22 07:00,130.000
2025-09-22T06:00Z,2025-09-22 08:00,130.000
2025-09-22T07:00Z,2025-09-22 09:00,108.570
2025-09-22T08:00Z,2025-09-22 10:00,91.820
2025-09-22T09:00Z,2025-09-22 11:00,77.860
2025-09-22T10:00Z,2025-09-22 12:00,74.040
2025-09-22T11:00Z,2025-09-22 13:00,71.170
2025-09-22T12:00Z,2025-09-22 14:00,70.230
2025-09-22T13:00Z,2025-09-22 15:00,78.390
2025-09-22T14:00Z,2025-09-22 16:00,84.790
2025-09-22T15:00Z,2025-09-22 17:00,100.130
2025-09-22T16:00Z,2025-09-22 18:00,128.080
2025-09-22T17:00Z,2025-09-22 19:00,140.920
2025-09-22T18:00Z,2025-09-22 20:00,130.000
2025-09-22T19:00Z,2025-09-22 21:00,114.240
2025-09-22T20:00Z,2025-09-22 22:00,97.720
2025-09-22T21:00Z,2025-09-22 23:00,89.990
2025-09-22T22:00Z,2025-09-23 00:00,88.600
2025-09-22T23:00Z,2025-09-23 01:00,90.000
2025-09-23T00:00Z,2025-09-23 02:00,89.730
2025-09-23T01:00Z,2025-09-23 03:00,89.930
2025-09-23T02:00Z,2025-09-23 04:00,91.340
2025-09-23T03:00Z,2025-09-23 05:00,98.110
2025-09-23T04:00Z,2025-09-23 06:00,122.010
2025-09-23T05:00Z,2025-09-23 07:00,172.360
2025-09-23T06:00Z,2025-09-23 08:00,162.800
2025-09-23T07:00Z,2025-09-23 09:00,125.760
2025-09-23T08:00Z,2025-09-23 10:00,93.920
2025-09-23T09:00Z,2025-09-23 11:00,85.510
2025-09-23T10:00Z,2025-09-23 12:00,77.540
2025-09-23T11:00Z,2025-09-23 13:00,74.240
2025-09-23T12:00Z,2025-09-23 14:00,74.250
2025-09-23T13:00Z,2025-09-23 15:00,84.110
2025-09-23T14:00Z,2025-09-23 16:00,85.760
2025-09-23T15:00Z,2025-09-23 17:00,102.900
2025-09-23T16:00Z,2025-09-23 18:00,136.830
2025-09-23T17:00Z,2025-09-23 19:00,149.580
2025-09-23T18:00Z,2025-09-23 20:00,115.810
2025-09-23T19:00Z,2025-09-23 21:00,94.000
2025-09-23T20:00Z,2025-09-23 22:00,84.910
2025-09-23T21:00Z,2025-09-23 23:00,84.100
2025-09-23T22:00Z,2025-09-24 00:00,82.670
2025-09-23T23:00Z,2025-09-24 01:00,82.320
2025-09-24T00:00Z,2025-09-24 02:00,81.610
2025-09-24T01:00Z,2025-09-24 03:00,77.950
2025-09-24T02:00Z,2025-09-24 04:00,78.590
2025-09-24T03:00Z,2025-09-24 05:00,82.670
2025-09-24T04:00Z,2025-09-24 06:00,109.760
2025-09-24T05:00Z,2025-09-24 07:00,118.010
2025-09-24T06:00Z,2025-09-24 08:00,120.450
2025-09-24T07:00Z,2025-09-24 09:00,107.000
2025-09-24T08:00Z,2025-09-24 10:00,85.540
2025-09-24T09:00Z,2025-09-24 11:00,70.090
2025-09-24T10:00Z,2025-09-24 12:00,27.100
2025-09-24T11:00Z,2025-09-24 13:00,10.660
2025-09-24T12:00Z,2025-09-24 14:00,9.900
2025-09-24T13:00Z,2025-09-24 15:00,15.000
2025-09-24T14:00Z,2025-09-24 16:00,66.100
2025-09-24T15:00Z,2025-09-24 17:00,85.690
2025-09-24T16:00Z,2025-09-24 18:00,113.080
2025-09-24T17:00Z,2025-09-24 19:00,115.930
2025-09-24T18:00Z,2025-09-24 20:00,113.950
2025-09-24T19:00Z,2025-09-24 21:00,91.290
2025-09-24T20:00Z,2025-09-24 22:00,85.500
2025-09-24T21:00Z,2025-09-24 23:00,69.680
2025-09-24T22:00Z,2025-09-25 00:00,73.300
2025-09-24T23:00Z,2025-09-25 01:00,69.690
2025-09-25T00:00Z,2025-09-25 02:00,67.810
2025-09-25T01:00Z,2025-09-25 03:00,68.090
2025-09-25T02:00Z,2025-09-25 04:00,71.690
2025-09-25T03:00Z,2025-09-25 05:00,77.330
2025-09-25T04:00Z,2025-09-25 06:00,108.550
2025-09-25T05:00Z,2025-09-25 07:00,124.260
2025-09-25T06:00Z,2025-09-25 08:00,124.990
2025-09-25T07:00Z,2025-09-25 09:00,104.880
2025-09-25T08:00Z,2025-09-25 10:00,77.950
2025-09-25T09:00Z,2025-09-25 11:00,69.240
2025-09-25T10:00Z,2025-09-25 12:00,38.180
2025-09-25T11:00Z,2025-09-25 13:00,16.030
2025-09-25T12:00Z,2025-09-25 14:00,20.100
2025-09-25T13:00Z,2025-09-25 15:00,43.660
2025-09-25T14:00Z,2025-09-25 16:00,75.000
2025-09-25T15:00Z,2025-09-25 17:00,88.790
2025-09-25T16:00Z,2025-09-25 18:00,117.040
2025-09-25T17:00Z,2025-09-25 19:00,121.470
2025-09-25T18:00Z,2025-09-25 20:00,123.750
2025-09-25T19:00Z,2025-09-25 21:00,105.830
2025-09-25T20:00Z,2025-09-25 22:00,94.770
2025-09-25T21:00Z,2025-09-25 23:00,81.090
2025-09-25T22:00Z,2025-09-26 00:00,78.480
2025-09-25T23:00Z,2025-09-26 01:00,75.000
2025-09-26T00:00Z,2025-09-26 02:00,73.170
2025-09-26T01:00Z,2025-09-26 03:00,73.180
2025-09-26T02:00Z,2025-09-26 04:00,74.930
2025-09-26T03:00Z,2025-09-26 05:00,82.000
2025-09-26T04:00Z,2025-09-26 06:00,107.740
2025-09-26T05:00Z,2025-09-26 07:00,120.330
2025-09-26T06:00Z,2025-09-26 08:00,123.560
2025-09-26T07:00Z,2025-09-26 09:00,110.410
2025-09-26T08:00Z,2025-09-26 10:00,89.840
2025-09-26T09:00Z,2025-09-26 11:00,85.360
2025-09-26T10:00Z,2025-09-26 12:00,78.960
2025-09-26T11:00Z,2025-09-26 13:00,73.160
2025-09-26T12:00Z,2025-09-26 14:00,75.050
2025-09-26T13:00Z,2025-09-26 15:00,79.990
2025-09-26T14:00Z,2025-09-26 16:00,98.810
2025-09-26T15:00Z,2025-09-26 17:00,109.800
2025-09-26T16:00Z,2025-09-26 18:00,123.650
2025-09-26T17:00Z,2025-09-26 19:00,133.020
2025-09-26T18:00Z,2025-09-26 20:00,119.610
2025-09-26T19:00Z,2025-09-26 21:00,106.210
2025-09-26T20:00Z,2025-09-26 22:00,96.900
2025-09-26T21:00Z,2025-09-26 23:00,89.900
2025-09-26T22:00Z,2025-09-27 00:00,84.990
2025-09-26T23:00Z,2025-09-27 01:00,83.260
2025-09-27T00:00Z,2025-09-27 02:00,82.700
2025-09-27T01:00Z,2025-09-27 03:00,82.510
2025-09-27T02:00Z,2025-09-27 04:00,85.280
2025-09-27T03:00Z,2025-09-27 05:00,89.190
2025-09-27T04:00Z,2025-09-27 06:00,90.570
2025-09-27T05:00Z,2025-09-27 07:00,105.450
2025-09-27T06:00Z,2025-09-27 08:00,109.710
2025-09-27T07:00Z,2025-09-27 09:00,96.920
2025-09-27T08:00Z,2025-09-27 10:00,87.860
2025-09-27T09:00Z,2025-09-27 11:00,75.000
2025-09-27T10:00Z,2025-09-27 12:00,59.770
2025-09-27T11:00Z,2025-09-27 13:00,36.110
2025-09-27T12:00Z,2025-09-27 14:00,48.540
2025-09-27T13:00Z,2025-09-27 15:00,78.220
2025-09-27T14:00Z,2025-09-27 16:00,93.100
2025-09-27T15:00Z,2025-09-27 17:00,112.010
2025-09-27T16:00Z,2025-09-27 18:00,133.350
2025-09-27T17:00Z,2025-09-27 19:00,148.610
2025-09-27T18:00Z,2025-09-27 20:00,122.530
2025-09-27T19:00Z,2025-09-27 21:00,114.400
2025-09-27T20:00Z,2025-09-27 22:00,107.560
2025-09-27T21:00Z,2025-09-27 23:00,99.540
2025-09-27T22:00Z,2025-09-28 00:00,97.560
2025-09-27T23:00Z,2025-09-28 01:00,95.310
2025-09-28T00:00Z,2025-09-28 02:00,94.320
2025-09-28T01:00Z,2025-09-28 03:00,91.470
2025-09-28T02:00Z,2025-09-28 04:00,97.770
2025-09-28T03:00Z,2025-09-28 05:00,97.580
2025-09-28T04:00Z,2025-09-28 06:00,100.910
2025-09-28T05:00Z,2025-09-28 07:00,105.790
2025-09-28T06:00Z,2025-09-28 08:00,98.770
2025-09-28T07:00Z,2025-09-28 09:00,95.040
2025-09-28T08:00Z,2025-09-28 10:00,82.080
2025-09-28T09:00Z,2025-09-28 11:00,37.470
2025-09-28T10:00Z,2025-09-28 12:00,17.110
2025-09-28T11:00Z,2025-09-28 13:00,8.530
2025-09-28T12:00Z,2025-09-28 14:00,13.000
2025-09-28T13:00Z,2025-09-28 15:00,61.330
2025-09-28T14:00Z,2025-09-28 16:00,86.000
2025-09-28T15:00Z,2025-09-28 17:00,105.890
2025-09-28T16:00Z,2025-09-28 18:00,131.020
2025-09-28T17:00Z,2025-09-28 19:00,137.970
2025-09-28T18:00Z,2025-09-28 20:00,125.930
2025-09-28T19:00Z,2025-09-28 21:00,113.510
2025-09-28T20:00Z,2025-09-28 22:00,102.290
2025-09-28T21:00Z,2025-09-28 23:00,95.740
2025-09-28T22:00Z,2025-09-29 00:00,90.950
2025-09-28T23:00Z,2025-09-29 01:00,88.760
2025-09-29T00:00Z,2025-09-29 02:00,87.880
2025-09-29T01:00Z,2025-09-29 03:00,87.940
2025-09-29T02:00Z,2025-09-29 04:00,88.310
2025-09-29T03:00Z,2025-09-29 05:00,98.370
2025-09-29T04:00Z,2025-09-29 06:00,134.980
2025-09-29T05:00Z,2025-09-29 07:00,222.100
2025-09-29T06:00Z,2025-09-29 08:00,166.910
2025-09-29T07:00Z,2025-09-29 09:00,122.060
2025-09-29T08:00Z,2025-09-29 10:00,90.210
2025-09-29T09:00Z,2025-09-29 11:00,84.950
2025-09-29T10:00Z,2025-09-29 12:00,78.710
2025-09-29T11:00Z,2025-09-29 13:00,77.080
2025-09-29T12:00Z,2025-09-29 14:00,83.330
2025-09-29T13:00Z,2025-09-29 15:00,87.400
2025-09-29T14:00Z,2025-09-29 16:00,99.980
2025-09-29T15:00Z,2025-09-29 17:00,140.790
2025-09-29T16:00Z,2025-09-29 18:00,302.650
2025-09-29T17:00Z,2025-09-29 19:00,406.780
2025-09-29T18:00Z,2025-09-29 20:00,167.600
2025-09-29T19:00Z,2025-09-29 21:00,123.850
2025-09-29T20:00Z,2025-09-29 22:00,108.300
2025-09-29T21:00Z,2025-09-29 23:00,93.680
2025-09-29T22:00Z,2025-09-30 00:00,101.100
2025-09-29T23:00Z,2025-09-30 01:00,98.430
2025-09-30T00:00Z,2025-09-30 02:00,98.930
2025-09-30T01:00Z,2025-09-30 03:00,94.990
2025-09-30T02:00Z,2025-09-30 04:00,99.120
2025-09-30T03:00Z,2025-09-30 05:00,112.080
2025-09-30T04:00Z,2025-09-30 06:00,141.860
2025-09-30T05:00Z,2025-09-30 07:00,244.000
2025-09-30T06:00Z,2025-09-30 08:00,209.230
2025-09-30T07:00Z,2025-09-30 09:00,141.850
2025-09-30T08:00Z,2025-09-30 10:00,115.200
2025-09-30T09:00Z,2025-09-30 11:00,96.720
2025-09-30T10:00Z,2025-09-30 12:00,87.910
2025-09-30T11:00Z,2025-09-30 13:00,86.040
2025-09-30T12:00Z,2025-09-30 14:00,87.260
2025-09-30T13:00Z,2025-09-30 15:00,96.800
2025-09-30T14:00Z,2025-09-30 16:00,104.030
2025-09-30T15:00Z,2025-09-30 17:00,142.640
2025-09-30T16:00Z,2025-09-30 18:00,294.540
2025-09-30T17:00Z,2025-09-30 19:00,357.770
2025-09-30T18:00Z,2025-09-30 20:00,147.280
2025-09-30T19:00Z,2025-09-30 21:00,116.040
2025-09-30T20:00Z,2025-09-30 22:00,101.630
2025-09-30T21:00Z,2025-09-30 23:00,92.540
2025-09-30T22:00Z,2025-10-01 00:00,91.565
2025-09-30T23:00Z,2025-10-01 01:00,86.285
2025-10-01T00:00Z,2025-10-01 02:00,84.873
2025-10-01T01:00Z,2025-10-01 03:00,88.325
2025-10-01T02:00Z,2025-10-01 04:00,87.655
2025-10-01T03:00Z,2025-10-01 05:00,95.328
2025-10-01T04:00Z,2025-10-01 06:00,124.960
2025-10-01T05:00Z,2025-10-01 07:00,173.300
2025-10-01T06:00Z,2025-10-01 08:00,139.088
2025-10-01T07:00Z,2025-10-01 09:00,105.250
2025-10-01T08:00Z,2025-10-01 10:00,86.035
2025-10-01T09:00Z,2025-10-01 11:00,70.567
2025-10-01T10:00Z,2025-10-01 12:00,66.025
2025-10-01T11:00Z,2025-10-01 13:00,68.400
2025-10-01T12:00Z,2025-10-01 14:00,72.627
2025-10-01T13:00Z,2025-10-01 15:00,81.722
2025-10-01T14:00Z,2025-10-01 16:00,92.870
2025-10-01T15:00Z,2025-10-01 17:00,135.400
2025-10-01T16:00Z,2025-10-01 18:00,253.238
2025-10-01T17:00Z,2025-10-01 19:00,339.993
2025-10-01T18:00Z,2025-10-01 20:00,152.023
2025-10-01T19:00Z,2025-10-01 21:00,113.035
2025-10-01T20:00Z,2025-10-01 22:00,98.510
2025-10-01T21:00Z,2025-10-01 23:00,90.647
2025-10-01T22:00Z,2025-10-02 00:00,90.805
2025-10-01T23:00Z,2025-10-02 01:00,88.000
2025-10-02T00:00Z,2025-10-02 02:00,86.525
2025-10-02T01:00Z,2025-10-02 03:00,88.560
2025-10-02T02:00Z,2025-10-02 04:00,90.808
2025-10-02T03:00Z,2025-10-02 05:00,95.972
2025-10-02T04:00Z,2025-10-02 06:00,128.720
2025-10-02T05:00Z,2025-10-02 07:00,181.088
2025-10-02T06:00Z,2025-10-02 08:00,136.677
2025-10-02T07:00Z,2025-10-02 09:00,100.505
2025-10-02T08:00Z,2025-10-02 10:00,91.480
2025-10-02T09:00Z,2025-10-02 11:00,78.285
2025-10-02T10:00Z,2025-10-02 12:00,65.770
2025-10-02T11:00Z,2025-10-02 13:00,60.500
2025-10-02T12:00Z,2025-10-02 14:00,71.290
2025-10-02T13:00Z,2025-10-02 15:00,80.662
2025-10-02T14:00Z,2025-10-02 16:00,91.445
2025-10-02T15:00Z,2025-10-02 17:00,113.320
2025-10-02T16:00Z,2025-10-02 18:00,167.925
2025-10-02T17:00Z,2025-10-02 19:00,176.838
2025-10-02T18:00Z,2025-10-02 20:00,109.920
2025-10-02T19:00Z,2025-10-02 21:00,90.855
2025-10-02T20:00Z,2025-10-02 22:00,96.657
2025-10-02T21:00Z,2025-10-02 23:00,82.093
2025-10-02T22:00Z,2025-10-03 00:00,85.933
2025-10-02T23:00Z,2025-10-03 01:00,77.140
2025-10-03T00:00Z,2025-10-03 02:00,71.750
2025-10-03T01:00Z,2025-10-03 03:00,73.907
2025-10-03T02:00Z,2025-10-03 04:00,76.287
2025-10-03T03:00Z,2025-10-03 05:00,77.980
2025-10-03T04:00Z,2025-10-03 06:00,93.780
2025-10-03T05:00Z,2025-10-03 07:00,100.418
2025-10-03T06:00Z,2025-10-03 08:00,103.680
2025-10-03T07:00Z,2025-10-03 09:00,83.903
2025-10-03T08:00Z,2025-10-03 10:00,59.998
2025-10-03T09:00Z,2025-10-03 11:00,40.502
2025-10-03T10:00Z,2025-10-03 12:00,26.352
2025-10-03T11:00Z,2025-10-03 13:00,16.502
2025-10-03T12:00Z,2025-10-03 14:00,26.203
2025-10-03T13:00Z,2025-10-03 15:00,49.883
2025-10-03T14:00Z,2025-10-03 16:00,63.392
2025-10-03T15:00Z,2025-10-03 17:00,89.900
2025-10-03T16:00Z,2025-10-03 18:00,120.760
2025-10-03T17:00Z,2025-10-03 19:00,109.010
2025-10-03T18:00Z,2025-10-03 20:00,75.040
2025-10-03T19:00Z,2025-10-03 21:00,43.443
2025-10-03T20:00Z,2025-10-03 22:00,25.402
2025-10-03T21:00Z,2025-10-03 23:00,11.107
2025-10-03T22:00Z,2025-10-04 00:00,0.725
2025-10-03T23:00Z,2025-10-04 01:00,-0.010
2025-10-04T00:00Z,2025-10-04 02:00,-0.043
2025-10-04T01:00Z,2025-10-04 03:00,-0.098
2025-10-04T02:00Z,2025-10-04 04:00,-1.127
2025-10-04T03:00Z,2025-10-04 05:00,-1.905
2025-10-04T04:00Z,2025-10-04 06:00,-1.915
2025-10-04T05:00Z,2025-10-04 07:00,-0.775
2025-10-04T06:00Z,2025-10-04 08:00,-0.300
2025-10-04T07:00Z,2025-10-04 09:00,-0.163
2025-10-04T08:00Z,2025-10-04 10:00,-0.090
2025-10-04T09:00Z,2025-10-04 11:00,-0.098
2025-10-04T10:00Z,2025-10-04 12:00,-0.080
2025-10-04T11:00Z,2025-10-04 13:00,-0.440
2025-10-04T12:00Z,2025-10-04 14:00,-2.045
2025-10-04T13:00Z,2025-10-04 15:00,-2.605
2025-10-04T14:00Z,2025-10-04 16:00,-0.095
2025-10-04T15:00Z,2025-10-04 17:00,-0.093
2025-10-04T16:00Z,2025-10-04 18:00,1.105
2025-10-04T17:00Z,2025-10-04 19:00,3.230
2025-10-04T18:00Z,2025-10-04 20:00,0.323
2025-10-04T19:00Z,2025-10-04 21:00,-0.095
2025-10-04T20:00Z,2025-10-04 22:00,-0.052
2025-10-04T21:00Z,2025-10-04 23:00,-0.343
2025-10-04T22:00Z,2025-10-05 00:00,-0.748
2025-10-04T23:00Z,2025-10-05 01:00,-1.402
2025-10-05T00:00Z,2025-10-05 02:00,-4.190
2025-10-05T01:00Z,2025-10-05 03:00,-4.378
2025-10-05T02:00Z,2025-10-05 04:00,-4.980
2025-10-05T03:00Z,2025-10-05 05:00,-4.457
2025-10-05T04:00Z,2025-10-05 06:00,-3.760
2025-10-05T05:00Z,2025-10-05 07:00,-1.505
2025-10-05T06:00Z,2025-10-05 08:00,-0.087
2025-10-05T07:00Z,2025-10-05 09:00,-1.393
2025-10-05T08:00Z,2025-10-05 10:00,-3.330
2025-10-05T09:00Z,2025-10-05 11:00,-2.018
2025-10-05T10:00Z,2025-10-05 12:00,-3.415
2025-10-05T11:00Z,2025-10-05 13:00,-3.388
2025-10-05T12:00Z,2025-10-05 14:00,-2.942
2025-10-05T13:00Z,2025-10-05 15:00,-2.393
2025-10-05T14:00Z,2025-10-05 16:00,-0.688
2025-10-05T15:00Z,2025-10-05 17:00,0.853
2025-10-05T16:00Z,2025-10-05 18:00,16.082
2025-10-05T17:00Z,2025-10-05 19:00,35.047
2025-10-05T18:00Z,2025-10-05 20:00,19.830
2025-10-05T19:00Z,2025-10-05 21:00,5.478
2025-10-05T20:00Z,2025-10-05 22:00,5.203
2025-10-05T21:00Z,2025-10-05 23:00,4.075
2025-10-05T22:00Z,2025-10-06 00:00,20.845
2025-10-05T23:00Z,2025-10-06 01:00,10.047
2025-10-06T00:00Z,2025-10-06 02:00,9.102
2025-10-06T01:00Z,2025-10-06 03:00,10.732
2025-10-06T02:00Z,2025-10-06 04:00,16.800
2025-10-06T03:00Z,2025-10-06 05:00,22.602
2025-10-06T04:00Z,2025-10-06 06:00,68.585
2025-10-06T05:00Z,2025-10-06 07:00,105.052
2025-10-06T06:00Z,2025-10-06 08:00,121.767
2025-10-06T07:00Z,2025-10-06 09:00,121.117
2025-10-06T08:00Z,2025-10-06 10:00,100.528
2025-10-06T09:00Z,2025-10-06 11:00,89.302
2025-10-06T10:00Z,2025-10-06 12:00,87.325
2025-10-06T11:00Z,2025-10-06 13:00,84.597
2025-10-06T12:00Z,2025-10-06 14:00,92.328
2025-10-06T13:00Z,2025-10-06 15:00,94.547
2025-10-06T14:00Z,2025-10-06 16:00,104.773
2025-10-06T15:00Z,2025-10-06 17:00,120.290
2025-10-06T16:00Z,2025-10-06 18:00,141.588
2025-10-06T17:00Z,2025-10-06 19:00,168.315
2025-10-06T18:00Z,2025-10-06 20:00,133.678
2025-10-06T19:00Z,2025-10-06 21:00,120.203
2025-10-06T20:00Z,2025-10-06 22:00,118.665
2025-10-06T21:00Z,2025-10-06 23:00,105.500
2025-10-06T22:00Z,2025-10-07 00:00,100.263
2025-10-06T23:00Z,2025-10-07 01:00,93.987
2025-10-07T00:00Z,2025-10-07 02:00,89.817
2025-10-07T01:00Z,2025-10-07 03:00,89.550
2025-10-07T02:00Z,2025-10-07 04:00,92.975
2025-10-07T03:00Z,2025-10-07 05:00,96.740
2025-10-07T04:00Z,2025-10-07 06:00,134.885
2025-10-07T05:00Z,2025-10-07 07:00,228.555
2025-10-07T06:00Z,2025-10-07 08:00,287.670
2025-10-07T07:00Z,2025-10-07 09:00,212.183
2025-10-07T08:00Z,2025-10-07 10:00,154.660
2025-10-07T09:00Z,2025-10-07 11:00,129.907
2025-10-07T10:00Z,2025-10-07 12:00,110.940
2025-10-07T11:00Z,2025-10-07 13:00,106.183
2025-10-07T12:00Z,2025-10-07 14:00,105.352
2025-10-07T13:00Z,2025-10-07 15:00,113.160
2025-10-07T14:00Z,2025-10-07 16:00,122.105
2025-10-07T15:00Z,2025-10-07 17:00,151.840
2025-10-07T16:00Z,2025-10-07 18:00,202.418
2025-10-07T17:00Z,2025-10-07 19:00,213.280
2025-10-07T18:00Z,2025-10-07 20:00,146.340
2025-10-07T19:00Z,2025-10-07 21:00,123.243
2025-10-07T20:00Z,2025-10-07 22:00,107.422
2025-10-07T21:00Z,2025-10-07 23:00,97.483
2025-10-07T22:00Z,2025-10-08 00:00,93.453
2025-10-07T23:00Z,2025-10-08 01:00,88.438
2025-10-08T00:00Z,2025-10-08 02:00,87.560
2025-10-08T01:00Z,2025-10-08 03:00,86.975
2025-10-08T02:00Z,2025-10-08 04:00,89.672
2025-10-08T03:00Z,2025-10-08 05:00,97.395
2025-10-08T04:00Z,2025-10-08 06:00,117.107
2025-10-08T05:00Z,2025-10-08 07:00,155.580
2025-10-08T06:00Z,2025-10-08 08:00,166.395
2025-10-08T07:00Z,2025-10-08 09:00,135.175
2025-10-08T08:00Z,2025-10-08 10:00,118.445
2025-10-08T09:00Z,2025-10-08 11:00,103.325
2025-10-08T10:00Z,2025-10-08 12:00,90.822
2025-10-08T11:00Z,2025-10-08 13:00,89.335
2025-10-08T12:00Z,2025-10-08 14:00,90.442
2025-10-08T13:00Z,2025-10-08 15:00,99.427
2025-10-08T14:00Z,2025-10-08 16:00,117.465
2025-10-08T15:00Z,2025-10-08 17:00,149.480
2025-10-08T16:00Z,2025-10-08 18:00,183.808
2025-10-08T17:00Z,2025-10-08 19:00,199.002
2025-10-08T18:00Z,2025-10-08 20:00,141.695
2025-10-08T19:00Z,2025-10-08 21:00,114.740
2025-10-08T20:00Z,2025-10-08 22:00,108.240
2025-10-08T21:00Z,2025-10-08 23:00,97.833
2025-10-08T22:00Z,2025-10-09 00:00,97.215
2025-10-08T23:00Z,2025-10-09 01:00,92.582
2025-10-09T00:00Z,2025-10-09 02:00,93.263
2025-10-09T01:00Z,2025-10-09 03:00,90.817
2025-10-09T02:00Z,2025-10-09 04:00,92.700
2025-10-09T03:00Z,2025-10-09 05:00,101.153
2025-10-09T04:00Z,2025-10-09 06:00,125.580
2025-10-09T05:00Z,2025-10-09 07:00,145.000
2025-10-09T06:00Z,2025-10-09 08:00,149.900
2025-10-09T07:00Z,2025-10-09 09:00,132.488
2025-10-09T08:00Z,2025-10-09 10:00,109.688
2025-10-09T09:00Z,2025-10-09 11:00,96.963
2025-10-09T10:00Z,2025-10-09 12:00,91.023
2025-10-09T11:00Z,2025-10-09 13:00,83.353
2025-10-09T12:00Z,2025-10-09 14:00,83.200
2025-10-09T13:00Z,2025-10-09 15:00,88.828
2025-10-09T14:00Z,2025-10-09 16:00,92.075
2025-10-09T15:00Z,2025-10-09 17:00,110.010
2025-10-09T16:00Z,2025-10-09 18:00,122.907
2025-10-09T17:00Z,2025-10-09 19:00,123.112
2025-10-09T18:00Z,2025-10-09 20:00,112.362
2025-10-09T19:00Z,2025-10-09 21:00,98.093
2025-10-09T20:00Z,2025-10-09 22:00,96.833
2025-10-09T21:00Z,2025-10-09 23:00,88.700
2025-10-09T22:00Z,2025-10-10 00:00,88.010
2025-10-09T23:00Z,2025-10-10 01:00,84.968
2025-10-10T00:00Z,2025-10-10 02:00,80.088
2025-10-10T01:00Z,2025-10-10 03:00,78.285
2025-10-10T02:00Z,2025-10-10 04:00,79.210
2025-10-10T03:00Z,2025-10-10 05:00,86.073
2025-10-10T04:00Z,2025-10-10 06:00,102.638
2025-10-10T05:00Z,2025-10-10 07:00,119.325
2025-10-10T06:00Z,2025-10-10 08:00,122.612
2025-10-10T07:00Z,2025-10-10 09:00,107.765
2025-10-10T08:00Z,2025-10-10 10:00,93.007
2025-10-10T09:00Z,2025-10-10 11:00,82.118
2025-10-10T10:00Z,2025-10-10 12:00,77.532
2025-10-10T11:00Z,2025-10-10 13:00,75.690
2025-10-10T12:00Z,2025-10-10 14:00,77.257
2025-10-10T13:00Z,2025-10-10 15:00,88.895
2025-10-10T14:00Z,2025-10-10 16:00,97.858
2025-10-10T15:00Z,2025-10-10 17:00,118.200
2025-10-10T16:00Z,2025-10-10 18:00,120.605
2025-10-10T17:00Z,2025-10-10 19:00,123.290
2025-10-10T18:00Z,2025-10-10 20:00,115.390
2025-10-10T19:00Z,2025-10-10 21:00,103.915
2025-10-10T20:00Z,2025-10-10 22:00,97.737
2025-10-10T21:00Z,2025-10-10 23:00,93.350
2025-10-10T22:00Z,2025-10-11 00:00,92.968
2025-10-10T23:00Z,2025-10-11 01:00,88.835
2025-10-11T00:00Z,2025-10-11 02:00,87.388
2025-10-11T01:00Z,2025-10-11 03:00,84.175
2025-10-11T02:00Z,2025-10-11 04:00,82.028
2025-10-11T03:00Z,2025-10-11 05:00,84.755
2025-10-11T04:00Z,2025-10-11 06:00,90.265
2025-10-11T05:00Z,2025-10-11 07:00,96.752
2025-10-11T06:00Z,2025-10-11 08:00,100.400
2025-10-11T07:00Z,2025-10-11 09:00,92.960
2025-10-11T08:00Z,2025-10-11 10:00,82.433
2025-10-11T09:00Z,2025-10-11 11:00,74.020
2025-10-11T10:00Z,2025-10-11 12:00,55.418
2025-10-11T11:00Z,2025-10-11 13:00,46.773
2025-10-11T12:00Z,2025-10-11 14:00,51.030
2025-10-11T13:00Z,2025-10-11 15:00,76.942
2025-10-11T14:00Z,2025-10-11 16:00,83.650
2025-10-11T15:00Z,2025-10-11 17:00,114.005
2025-10-11T16:00Z,2025-10-11 18:00,126.438
2025-10-11T17:00Z,2025-10-11 19:00,130.173
2025-10-11T18:00Z,2025-10-11 20:00,120.635
2025-10-11T19:00Z,2025-10-11 21:00,112.545
2025-10-11T20:00Z,2025-10-11 22:00,106.907
2025-10-11T21:00Z,2025-10-11 23:00,95.097
2025-10-11T22:00Z,2025-10-12 00:00,96.177
2025-10-11T23:00Z,2025-10-12 01:00,92.167
2025-10-12T00:00Z,2025-10-12 02:00,88.860
2025-10-12T01:00Z,2025-10-12 03:00,85.130
2025-10-12T02:00Z,2025-10-12 04:00,86.412
2025-10-12T03:00Z,2025-10-12 05:00,86.657
2025-10-12T04:00Z,2025-10-12 06:00,88.300
2025-10-12T05:00Z,2025-10-12 07:00,89.172
2025-10-12T06:00Z,2025-10-12 08:00,88.660
2025-10-12T07:00Z,2025-10-12 09:00,83.062
2025-10-12T08:00Z,2025-10-12 10:00,76.205
2025-10-12T09:00Z,2025-10-12 11:00,71.900
2025-10-12T10:00Z,2025-10-12 12:00,66.888
2025-10-12T11:00Z,2025-10-12 13:00,52.160
2025-10-12T12:00Z,2025-10-12 14:00,62.475
2025-10-12T13:00Z,2025-10-12 15:00,79.985
2025-10-12T14:00Z,2025-10-12 16:00,88.002
2025-10-12T15:00Z,2025-10-12 17:00,105.550
2025-10-12T16:00Z,2025-10-12 18:00,108.900
2025-10-12T17:00Z,2025-10-12 19:00,116.640
2025-10-12T18:00Z,2025-10-12 20:00,115.528
2025-10-12T19:00Z,2025-10-12 21:00,110.447
2025-10-12T20:00Z,2025-10-12 22:00,107.790
2025-10-12T21:00Z,2025-10-12 23:00,93.445
2025-10-12T22:00Z,2025-10-13 00:00,93.453
2025-10-12T23:00Z,2025-10-13 01:00,90.260
2025-10-13T00:00Z,2025-10-13 02:00,90.832
2025-10-13T01:00Z,2025-10-13 03:00,89.123
2025-10-13T02:00Z,2025-10-13 04:00,93.453
2025-10-13T03:00Z,2025-10-13 05:00,98.095
2025-10-13T04:00Z,2025-10-13 06:00,131.410
2025-10-13T05:00Z,2025-10-13 07:00,218.637
2025-10-13T06:00Z,2025-10-13 08:00,199.558
2025-10-13T07:00Z,2025-10-13 09:00,150.185
2025-10-13T08:00Z,2025-10-13 10:00,125.097
2025-10-13T09:00Z,2025-10-13 11:00,110.000
2025-10-13T10:00Z,2025-10-13 12:00,95.100
2025-10-13T11:00Z,2025-10-13 13:00,89.858
2025-10-13T12:00Z,2025-10-13 14:00,92.097
2025-10-13T13:00Z,2025-10-13 15:00,101.843
2025-10-13T14:00Z,2025-10-13 16:00,117.903
2025-10-13T15:00Z,2025-10-13 17:00,180.600
2025-10-13T16:00Z,2025-10-13 18:00,305.740
2025-10-13T17:00Z,2025-10-13 19:00,306.575
2025-10-13T18:00Z,2025-10-13 20:00,186.952
2025-10-13T19:00Z,2025-10-13 21:00,137.175
2025-10-13T20:00Z,2025-10-13 22:00,121.987
2025-10-13T21:00Z,2025-10-13 23:00,111.275
2025-10-13T22:00Z,2025-10-14 00:00,109.183
2025-10-13T23:00Z,2025-10-14 01:00,103.015
2025-10-14T00:00Z,2025-10-14 02:00,99.520
2025-10-14T01:00Z,2025-10-14 03:00,98.868
2025-10-14T02:00Z,2025-10-14 04:00,100.047
2025-10-14T03:00Z,2025-10-14 05:00,101.447
2025-10-14T04:00Z,2025-10-14 06:00,123.292
2025-10-14T05:00Z,2025-10-14 07:00,160.195
2025-10-14T06:00Z,2025-10-14 08:00,190.820
2025-10-14T07:00Z,2025-10-14 09:00,156.445
2025-10-14T08:00Z,2025-10-14 10:00,134.725
2025-10-14T09:00Z,2025-10-14 11:00,119.845
2025-10-14T10:00Z,2025-10-14 12:00,107.648
2025-10-14T11:00Z,2025-10-14 13:00,102.998
2025-10-14T12:00Z,2025-10-14 14:00,105.265
2025-10-14T13:00Z,2025-10-14 15:00,122.275
2025-10-14T14:00Z,2025-10-14 16:00,146.600
2025-10-14T15:00Z,2025-10-14 17:00,219.195
2025-10-14T16:00Z,2025-10-14 18:00,404.957
2025-10-14T17:00Z,2025-10-14 19:00,407.205
2025-10-14T18:00Z,2025-10-14 20:00,225.480
2025-10-14T19:00Z,2025-10-14 21:00,163.040
2025-10-14T20:00Z,2025-10-14 22:00,129.858
2025-10-14T21:00Z,2025-10-14 23:00,115.360
2025-10-14T22:00Z,2025-10-15 00:00,115.463
2025-10-14T23:00Z,2025-10-15 01:00,111.865
2025-10-15T00:00Z,2025-10-15 02:00,107.680
2025-10-15T01:00Z,2025-10-15 03:00,103.618
2025-10-15T02:00Z,2025-10-15 04:00,106.480
2025-10-15T03:00Z,2025-10-15 05:00,114.397
2025-10-15T04:00Z,2025-10-15 06:00,151.960
2025-10-15T05:00Z,2025-10-15 07:00,278.740
2025-10-15T06:00Z,2025-10-15 08:00,276.197
2025-10-15T07:00Z,2025-10-15 09:00,181.053
2025-10-15T08:00Z,2025-10-15 10:00,142.357
2025-10-15T09:00Z,2025-10-15 11:00,126.105
2025-10-15T10:00Z,2025-10-15 12:00,119.425
2025-10-15T11:00Z,2025-10-15 13:00,112.877
2025-10-15T12:00Z,2025-10-15 14:00,115.393
2025-10-15T13:00Z,2025-10-15 15:00,122.643
2025-10-15T14:00Z,2025-10-15 16:00,135.692
2025-10-15T15:00Z,2025-10-15 17:00,170.000
2025-10-15T16:00Z,2025-10-15 18:00,221.877
2025-10-15T17:00Z,2025-10-15 19:00,220.000
2025-10-15T18:00Z,2025-10-15 20:00,152.845
2025-10-15T19:00Z,2025-10-15 21:00,124.343
2025-10-15T20:00Z,2025-10-15 22:00,98.210
2025-10-15T21:00Z,2025-10-15 23:00,88.170
2025-10-15T22:00Z,2025-10-16 00:00,88.165
2025-10-15T23:00Z,2025-10-16 01:00,85.808
2025-10-16T00:00Z,2025-10-16 02:00,88.000
2025-10-16T01:00Z,2025-10-16 03:00,86.655
2025-10-16T02:00Z,2025-10-16 04:00,88.335
2025-10-16T03:00Z,2025-10-16 05:00,85.045
2025-10-16T04:00Z,2025-10-16 06:00,96.192
2025-10-16T05:00Z,2025-10-16 07:00,116.123
2025-10-16T06:00Z,2025-10-16 08:00,132.767
2025-10-16T07:00Z,2025-10-16 09:00,119.930
2025-10-16T08:00Z,2025-10-16 10:00,92.237
2025-10-16T09:00Z,2025-10-16 11:00,88.308
2025-10-16T10:00Z,2025-10-16 12:00,83.403
2025-10-16T11:00Z,2025-10-16 13:00,81.475
2025-10-16T12:00Z,2025-10-16 14:00,82.980
2025-10-16T13:00Z,2025-10-16 15:00,83.028
2025-10-16T14:00Z,2025-10-16 16:00,89.028
2025-10-16T15:00Z,2025-10-16 17:00,120.915
2025-10-16T16:00Z,2025-10-16 18:00,130.000
2025-10-16T17:00Z,2025-10-16 19:00,140.590
2025-10-16T18:00Z,2025-10-16 20:00,125.595
2025-10-16T19:00Z,2025-10-16 21:00,102.233
2025-10-16T20:00Z,2025-10-16 22:00,99.855
2025-10-16T21:00Z,2025-10-16 23:00,93.362
2025-10-16T22:00Z,2025-10-17 00:00,88.148
2025-10-16T23:00Z,2025-10-17 01:00,88.312
2025-10-17T00:00Z,2025-10-17 02:00,89.058
2025-10-17T01:00Z,2025-10-17 03:00,88.457
2025-10-17T02:00Z,2025-10-17 04:00,90.588
2025-10-17T03:00Z,2025-10-17 05:00,94.510
2025-10-17T04:00Z,2025-10-17 06:00,107.910
2025-10-17T05:00Z,2025-10-17 07:00,129.485
2025-10-17T06:00Z,2025-10-17 08:00,144.835
2025-10-17T07:00Z,2025-10-17 09:00,129.020
2025-10-17T08:00Z,2025-10-17 10:00,117.180
2025-10-17T09:00Z,2025-10-17 11:00,99.037
2025-10-17T10:00Z,2025-10-17 12:00,88.140
2025-10-17T11:00Z,2025-10-17 13:00,86.718
2025-10-17T12:00Z,2025-10-17 14:00,87.805
2025-10-17T13:00Z,2025-10-17 15:00,88.642
2025-10-17T14:00Z,2025-10-17 16:00,95.000
2025-10-17T15:00Z,2025-10-17 17:00,117.168
2025-10-17T16:00Z,2025-10-17 18:00,129.310
2025-10-17T17:00Z,2025-10-17 19:00,130.690
2025-10-17T18:00Z,2025-10-17 20:00,116.988
2025-10-17T19:00Z,2025-10-17 21:00,104.055
2025-10-17T20:00Z,2025-10-17 22:00,102.183
2025-10-17T21:00Z,2025-10-17 23:00,92.498
2025-10-17T22:00Z,2025-10-18 00:00,94.615
2025-10-17T23:00Z,2025-10-18 01:00,89.860
2025-10-18T00:00Z,2025-10-18 02:00,89.812
2025-10-18T01:00Z,2025-10-18 03:00,88.335
2025-10-18T02:00Z,2025-10-18 04:00,88.350
2025-10-18T03:00Z,2025-10-18 05:00,88.315
2025-10-18T04:00Z,2025-10-18 06:00,91.955
2025-10-18T05:00Z,2025-10-18 07:00,109.472
2025-10-18T06:00Z,2025-10-18 08:00,114.545
2025-10-18T07:00Z,2025-10-18 09:00,102.243
2025-10-18T08:00Z,2025-10-18 10:00,91.468
2025-10-18T09:00Z,2025-10-18 11:00,80.787
2025-10-18T10:00Z,2025-10-18 12:00,73.940
2025-10-18T11:00Z,2025-10-18 13:00,67.532
2025-10-18T12:00Z,2025-10-18 14:00,72.297
2025-10-18T13:00Z,2025-10-18 15:00,83.500
2025-10-18T14:00Z,2025-10-18 16:00,96.550
2025-10-18T15:00Z,2025-10-18 17:00,120.640
2025-10-18T16:00Z,2025-10-18 18:00,133.235
2025-10-18T17:00Z,2025-10-18 19:00,124.822
2025-10-18T18:00Z,2025-10-18 20:00,112.995
2025-10-18T19:00Z,2025-10-18 21:00,92.552
2025-10-18T20:00Z,2025-10-18 22:00,95.578
2025-10-18T21:00Z,2025-10-18 23:00,94.355
2025-10-18T22:00Z,2025-10-19 00:00,92.343
2025-10-18T23:00Z,2025-10-19 01:00,87.585
2025-10-19T00:00Z,2025-10-19 02:00,82.293
2025-10-19T01:00Z,2025-10-19 03:00,82.140
2025-10-19T02:00Z,2025-10-19 04:00,83.213
2025-10-19T03:00Z,2025-10-19 05:00,83.498
2025-10-19T04:00Z,2025-10-19 06:00,85.250
2025-10-19T05:00Z,2025-10-19 07:00,85.255
2025-10-19T06:00Z,2025-10-19 08:00,87.157
2025-10-19T07:00Z,2025-10-19 09:00,78.433
2025-10-19T08:00Z,2025-10-19 10:00,69.638
2025-10-19T09:00Z,2025-10-19 11:00,60.300
2025-10-19T10:00Z,2025-10-19 12:00,34.567
2025-10-19T11:00Z,2025-10-19 13:00,20.295
2025-10-19T12:00Z,2025-10-19 14:00,36.218
2025-10-19T13:00Z,2025-10-19 15:00,66.773
2025-10-19T14:00Z,2025-10-19 16:00,89.930
2025-10-19T15:00Z,2025-10-19 17:00,106.072
2025-10-19T16:00Z,2025-10-19 18:00,107.688
2025-10-19T17:00Z,2025-10-19 19:00,85.620
2025-10-19T18:00Z,2025-10-19 20:00,75.502
2025-10-19T19:00Z,2025-10-19 21:00,73.150
2025-10-19T20:00Z,2025-10-19 22:00,74.742
2025-10-19T21:00Z,2025-10-19 23:00,60.855
2025-10-19T22:00Z,2025-10-20 00:00,70.038
2025-10-19T23:00Z,2025-10-20 01:00,63.975
2025-10-20T00:00Z,2025-10-20 02:00,60.980
2025-10-20T01:00Z,2025-10-20 03:00,60.002
2025-10-20T02:00Z,2025-10-20 04:00,60.602
2025-10-20T03:00Z,2025-10-20 05:00,74.810
2025-10-20T04:00Z,2025-10-20 06:00,76.252
2025-10-20T05:00Z,2025-10-20 07:00,91.868
2025-10-20T06:00Z,2025-10-20 08:00,125.097
2025-10-20T07:00Z,2025-10-20 09:00,92.185
2025-10-20T08:00Z,2025-10-20 10:00,73.150
2025-10-20T09:00Z,2025-10-20 11:00,69.935
2025-10-20T10:00Z,2025-10-20 12:00,60.288
2025-10-20T11:00Z,2025-10-20 13:00,65.273
2025-10-20T12:00Z,2025-10-20 14:00,76.085
2025-10-20T13:00Z,2025-10-20 15:00,97.140
2025-10-20T14:00Z,2025-10-20 16:00,119.510
2025-10-20T15:00Z,2025-10-20 17:00,131.123
2025-10-20T16:00Z,2025-10-20 18:00,125.090
2025-10-20T17:00Z,2025-10-20 19:00,103.000
2025-10-20T18:00Z,2025-10-20 20:00,82.290
2025-10-20T19:00Z,2025-10-20 21:00,76.252
2025-10-20T20:00Z,2025-10-20 22:00,68.377
2025-10-20T21:00Z,2025-10-20 23:00,51.000
2025-10-20T22:00Z,2025-10-21 00:00,61.480
2025-10-20T23:00Z,2025-10-21 01:00,43.833
2025-10-21T00:00Z,2025-10-21 02:00,33.072
2025-10-21T01:00Z,2025-10-21 03:00,22.277
2025-10-21T02:00Z,2025-10-21 04:00,25.913
2025-10-21T03:00Z,2025-10-21 05:00,47.460
2025-10-21T04:00Z,2025-10-21 06:00,75.095
2025-10-21T05:00Z,2025-10-21 07:00,88.123
2025-10-21T06:00Z,2025-10-21 08:00,91.582
2025-10-21T07:00Z,2025-10-21 09:00,84.718
2025-10-21T08:00Z,2025-10-21 10:00,74.270
2025-10-21T09:00Z,2025-10-21 11:00,65.112
2025-10-21T10:00Z,2025-10-21 12:00,47.455
2025-10-21T11:00Z,2025-10-21 13:00,31.582
2025-10-21T12:00Z,2025-10-21 14:00,33.060
2025-10-21T13:00Z,2025-10-21 15:00,60.230
2025-10-21T14:00Z,2025-10-21 16:00,68.203
2025-10-21T15:00Z,2025-10-21 17:00,100.000
2025-10-21T16:00Z,2025-10-21 18:00,121.800
2025-10-21T17:00Z,2025-10-21 19:00,115.385
2025-10-21T18:00Z,2025-10-21 20:00,99.672
2025-10-21T19:00Z,2025-10-21 21:00,81.055
2025-10-21T20:00Z,2025-10-21 22:00,81.680
2025-10-21T21:00Z,2025-10-21 23:00,74.330
2025-10-21T22:00Z,2025-10-22 00:00,87.838
2025-10-21T23:00Z,2025-10-22 01:00,87.493
2025-10-22T00:00Z,2025-10-22 02:00,85.405
2025-10-22T01:00Z,2025-10-22 03:00,89.347
2025-10-22T02:00Z,2025-10-22 04:00,89.502
2025-10-22T03:00Z,2025-10-22 05:00,90.175
2025-10-22T04:00Z,2025-10-22 06:00,99.392
2025-10-22T05:00Z,2025-10-22 07:00,100.183
2025-10-22T06:00Z,2025-10-22 08:00,113.757
2025-10-22T07:00Z,2025-10-22 09:00,125.718
2025-10-22T08:00Z,2025-10-22 10:00,105.727
2025-10-22T09:00Z,2025-10-22 11:00,91.215
2025-10-22T10:00Z,2025-10-22 12:00,87.100
2025-10-22T11:00Z,2025-10-22 13:00,86.000
2025-10-22T12:00Z,2025-10-22 14:00,93.460
2025-10-22T13:00Z,2025-10-22 15:00,110.655
2025-10-22T14:00Z,2025-10-22 16:00,135.000
2025-10-22T15:00Z,2025-10-22 17:00,198.053
2025-10-22T16:00Z,2025-10-22 18:00,296.482
2025-10-22T17:00Z,2025-10-22 19:00,279.760
2025-10-22T18:00Z,2025-10-22 20:00,185.310
2025-10-22T19:00Z,2025-10-22 21:00,133.947
2025-10-22T20:00Z,2025-10-22 22:00,122.065
2025-10-22T21:00Z,2025-10-22 23:00,108.093
2025-10-22T22:00Z,2025-10-23 00:00,101.375
2025-10-22T23:00Z,2025-10-23 01:00,98.745
2025-10-23T00:00Z,2025-10-23 02:00,95.067
2025-10-23T01:00Z,2025-10-23 03:00,79.922
2025-10-23T02:00Z,2025-10-23 04:00,70.998
2025-10-23T03:00Z,2025-10-23 05:00,67.520
2025-10-23T04:00Z,2025-10-23 06:00,72.250
2025-10-23T05:00Z,2025-10-23 07:00,82.282
2025-10-23T06:00Z,2025-10-23 08:00,90.000
2025-10-23T07:00Z,2025-10-23 09:00,83.017
2025-10-23T08:00Z,2025-10-23 10:00,79.703
2025-10-23T09:00Z,2025-10-23 11:00,69.600
2025-10-23T10:00Z,2025-10-23 12:00,66.097
2025-10-23T11:00Z,2025-10-23 13:00,64.105
2025-10-23T12:00Z,2025-10-23 14:00,63.535
2025-10-23T13:00Z,2025-10-23 15:00,75.605
2025-10-23T14:00Z,2025-10-23 16:00,85.498
2025-10-23T15:00Z,2025-10-23 17:00,98.118
2025-10-23T16:00Z,2025-10-23 18:00,114.930
2025-10-23T17:00Z,2025-10-23 19:00,107.912
2025-10-23T18:00Z,2025-10-23 20:00,87.713
2025-10-23T19:00Z,2025-10-23 21:00,82.812
2025-10-23T20:00Z,2025-10-23 22:00,77.655
2025-10-23T21:00Z,2025-10-23 23:00,60.078
2025-10-23T22:00Z,2025-10-24 00:00,14.335
2025-10-23T23:00Z,2025-10-24 01:00,9.835
2025-10-24T00:00Z,2025-10-24 02:00,6.525
2025-10-24T01:00Z,2025-10-24 03:00,1.025
2025-10-24T02:00Z,2025-10-24 04:00,2.190
2025-10-24T03:00Z,2025-10-24 05:00,7.525
2025-10-24T04:00Z,2025-10-24 06:00,23.277
2025-10-24T05:00Z,2025-10-24 07:00,64.985
2025-10-24T06:00Z,2025-10-24 08:00,84.870
2025-10-24T07:00Z,2025-10-24 09:00,76.547
2025-10-24T08:00Z,2025-10-24 10:00,58.303
2025-10-24T09:00Z,2025-10-24 11:00,33.000
2025-10-24T10:00Z,2025-10-24 12:00,1.252
2025-10-24T11:00Z,2025-10-24 13:00,-0.010
2025-10-24T12:00Z,2025-10-24 14:00,-0.010
2025-10-24T13:00Z,2025-10-24 15:00,1.810
2025-10-24T14:00Z,2025-10-24 16:00,37.320
2025-10-24T15:00Z,2025-10-24 17:00,66.260
2025-10-24T16:00Z,2025-10-24 18:00,74.610
2025-10-24T17:00Z,2025-10-24 19:00,74.613
2025-10-24T18:00Z,2025-10-24 20:00,57.050
2025-10-24T19:00Z,2025-10-24 21:00,41.508
2025-10-24T20:00Z,2025-10-24 22:00,28.922
2025-10-24T21:00Z,2025-10-24 23:00,9.967
2025-10-24T22:00Z,2025-10-25 00:00,3.525
2025-10-24T23:00Z,2025-10-25 01:00,1.320
2025-10-25T00:00Z,2025-10-25 02:00,0.925
2025-10-25T01:00Z,2025-10-25 03:00,-0.003
2025-10-25T02:00Z,2025-10-25 04:00,-0.007
2025-10-25T03:00Z,2025-10-25 05:00,0.165
2025-10-25T04:00Z,2025-10-25 06:00,0.522
2025-10-25T05:00Z,2025-10-25 07:00,0.990
2025-10-25T06:00Z,2025-10-25 08:00,3.995
2025-10-25T07:00Z,2025-10-25 09:00,7.583
2025-10-25T08:00Z,2025-10-25 10:00,6.728
2025-10-25T09:00Z,2025-10-25 11:00,4.765
2025-10-25T10:00Z,2025-10-25 12:00,6.095
2025-10-25T11:00Z,2025-10-25 13:00,4.370
2025-10-25T12:00Z,2025-10-25 14:00,4.030
2025-10-25T13:00Z,2025-10-25 15:00,3.945
2025-10-25T14:00Z,2025-10-25 16:00,5.558
2025-10-25T15:00Z,2025-10-25 17:00,25.308
2025-10-25T16:00Z,2025-10-25 18:00,55.252
2025-10-25T17:00Z,2025-10-25 19:00,61.265
2025-10-25T18:00Z,2025-10-25 20:00,33.995
2025-10-25T19:00Z,2025-10-25 21:00,14.107
2025-10-25T20:00Z,2025-10-25 22:00,16.682
2025-10-25T21:00Z,2025-10-25 23:00,8.170
2025-10-25T22:00Z,2025-10-26 00:00,5.572
2025-10-25T23:00Z,2025-10-26 01:00,3.697
2025-10-26T00:00Z,2025-10-26 02:00,3.190
2025-10-26T01:00Z,2025-10-26 02:00,2.015
2025-10-26T02:00Z,2025-10-26 03:00,0.343
2025-10-26T03:00Z,2025-10-26 04:00,0.103
2025-10-26T04:00Z,2025-10-26 05:00,0.105
2025-10-26T05:00Z,2025-10-26 06:00,0.108
2025-10-26T06:00Z,2025-10-26 07:00,0.103
2025-10-26T07:00Z,2025-10-26 08:00,-0.010
2025-10-26T08:00Z,2025-10-26 09:00,-0.312
2025-10-26T09:00Z,2025-10-26 10:00,-0.065
2025-10-26T10:00Z,2025-10-26 11:00,-0.080
2025-10-26T11:00Z,2025-10-26 12:00,-0.065
2025-10-26T12:00Z,2025-10-26 13:00,-0.545
2025-10-26T13:00Z,2025-10-26 14:00,-0.733
2025-10-26T14:00Z,2025-10-26 15:00,-0.010
2025-10-26T15:00Z,2025-10-26 16:00,3.038
2025-10-26T16:00Z,2025-10-26 17:00,30.002
2025-10-26T17:00Z,2025-10-26 18:00,42.023
2025-10-26T18:00Z,2025-10-26 19:00,34.730
2025-10-26T19:00Z,2025-10-26 20:00,16.643
2025-10-26T20:00Z,2025-10-26 21:00,3.065
2025-10-26T21:00Z,2025-10-26 22:00,14.907
2025-10-26T22:00Z,2025-10-26 23:00,5.060
2025-10-26T23:00Z,2025-10-27 00:00,1.342
2025-10-27T00:00Z,2025-10-27 01:00,1.825
2025-10-27T01:00Z,2025-10-27 02:00,1.250
2025-10-27T02:00Z,2025-10-27 03:00,-0.003
2025-10-27T03:00Z,2025-10-27 04:00,1.307
2025-10-27T04:00Z,2025-10-27 05:00,10.782
2025-10-27T05:00Z,2025-10-27 06:00,55.000
2025-10-27T06:00Z,2025-10-27 07:00,86.065
2025-10-27T07:00Z,2025-10-27 08:00,100.148
2025-10-27T08:00Z,2025-10-27 09:00,101.860
2025-10-27T09:00Z,2025-10-27 10:00,96.737
2025-10-27T10:00Z,2025-10-27 11:00,94.632
2025-10-27T11:00Z,2025-10-27 12:00,82.698
2025-10-27T12:00Z,2025-10-27 13:00,81.123
2025-10-27T13:00Z,2025-10-27 14:00,83.347
2025-10-27T14:00Z,2025-10-27 15:00,83.665
2025-10-27T15:00Z,2025-10-27 16:00,99.233
2025-10-27T16:00Z,2025-10-27 17:00,110.710
2025-10-27T17:00Z,2025-10-27 18:00,126.537
2025-10-27T18:00Z,2025-10-27 19:00,113.498
2025-10-27T19:00Z,2025-10-27 20:00,95.035
2025-10-27T20:00Z,2025-10-27 21:00,77.940
2025-10-27T21:00Z,2025-10-27 22:00,74.480
2025-10-27T22:00Z,2025-10-27 23:00,62.425
2025-10-27T23:00Z,2025-10-28 00:00,44.110
2025-10-28T00:00Z,2025-10-28 01:00,28.883
2025-10-28T01:00Z,2025-10-28 02:00,18.543
2025-10-28T02:00Z,2025-10-28 03:00,10.223
2025-10-28T03:00Z,2025-10-28 04:00,10.953
2025-10-28T04:00Z,2025-10-28 05:00,30.407
2025-10-28T05:00Z,2025-10-28 06:00,59.522
2025-10-28T06:00Z,2025-10-28 07:00,80.382
2025-10-28T07:00Z,2025-10-28 08:00,89.395
2025-10-28T08:00Z,2025-10-28 09:00,87.365
2025-10-28T09:00Z,2025-10-28 10:00,81.002
2025-10-28T10:00Z,2025-10-28 11:00,75.415
2025-10-28T11:00Z,2025-10-28 12:00,67.560
2025-10-28T12:00Z,2025-10-28 13:00,62.303
2025-10-28T13:00Z,2025-10-28 14:00,64.420
2025-10-28T14:00Z,2025-10-28 15:00,73.097
2025-10-28T15:00Z,2025-10-28 16:00,80.072
2025-10-28T16:00Z,2025-10-28 17:00,93.832
2025-10-28T17:00Z,2025-10-28 18:00,110.230
2025-10-28T18:00Z,2025-10-28 19:00,106.913
2025-10-28T19:00Z,2025-10-28 20:00,91.925
2025-10-28T20:00Z,2025-10-28 21:00,80.838
2025-10-28T21:00Z,2025-10-28 22:00,79.580
2025-10-28T22:00Z,2025-10-28 23:00,73.222
2025-10-28T23:00Z,2025-10-29 00:00,58.803
2025-10-29T00:00Z,2025-10-29 01:00,54.035
2025-10-29T01:00Z,2025-10-29 02:00,54.155
2025-10-29T02:00Z,2025-10-29 03:00,56.347
2025-10-29T03:00Z,2025-10-29 04:00,54.725
2025-10-29T04:00Z,2025-10-29 05:00,66.618
2025-10-29T05:00Z,2025-10-29 06:00,95.433
2025-10-29T06:00Z,2025-10-29 07:00,107.532
2025-10-29T07:00Z,2025-10-29 08:00,100.265
2025-10-29T08:00Z,2025-10-29 09:00,85.805
2025-10-29T09:00Z,2025-10-29 10:00,71.953
2025-10-29T10:00Z,2025-10-29 11:00,70.213
2025-10-29T11:00Z,2025-10-29 12:00,70.838
2025-10-29T12:00Z,2025-10-29 13:00,77.112
2025-10-29T13:00Z,2025-10-29 14:00,88.853
2025-10-29T14:00Z,2025-10-29 15:00,116.358
2025-10-29T15:00Z,2025-10-29 16:00,126.232
2025-10-29T16:00Z,2025-10-29 17:00,126.975
2025-10-29T17:00Z,2025-10-29 18:00,128.743
2025-10-29T18:00Z,2025-10-29 19:00,113.543
2025-10-29T19:00Z,2025-10-29 20:00,102.650
2025-10-29T20:00Z,2025-10-29 21:00,96.502
2025-10-29T21:00Z,2025-10-29 22:00,94.422
2025-10-29T22:00Z,2025-10-29 23:00,87.142
2025-10-29T23:00Z,2025-10-30 00:00,75.245
2025-10-30T00:00Z,2025-10-30 01:00,70.105
2025-10-30T01:00Z,2025-10-30 02:00,65.525
2025-10-30T02:00Z,2025-10-30 03:00,60.417
2025-10-30T03:00Z,2025-10-30 04:00,57.153
2025-10-30T04:00Z,2025-10-30 05:00,60.013
2025-10-30T05:00Z,2025-10-30 06:00,69.177
2025-10-30T06:00Z,2025-10-30 07:00,79.938
2025-10-30T07:00Z,2025-10-30 08:00,85.297
2025-10-30T08:00Z,2025-10-30 09:00,66.722
2025-10-30T09:00Z,2025-10-30 10:00,42.902
2025-10-30T10:00Z,2025-10-30 11:00,7.083
2025-10-30T11:00Z,2025-10-30 12:00,-0.003
2025-10-30T12:00Z,2025-10-30 13:00,0.002
2025-10-30T13:00Z,2025-10-30 14:00,31.293
2025-10-30T14:00Z,2025-10-30 15:00,69.800
2025-10-30T15:00Z,2025-10-30 16:00,85.295
2025-10-30T16:00Z,2025-10-30 17:00,117.930
2025-10-30T17:00Z,2025-10-30 18:00,117.698
2025-10-30T18:00Z,2025-10-30 19:00,117.672
2025-10-30T19:00Z,2025-10-30 20:00,105.287
2025-10-30T20:00Z,2025-10-30 21:00,98.035
2025-10-30T21:00Z,2025-10-30 22:00,98.440
2025-10-30T22:00Z,2025-10-30 23:00,84.832
2025-10-30T23:00Z,2025-10-31 00:00,87.740
2025-10-31T00:00Z,2025-10-31 01:00,78.157
2025-10-31T01:00Z,2025-10-31 02:00,74.740
2025-10-31T02:00Z,2025-10-31 03:00,75.675
2025-10-31T03:00Z,2025-10-31 04:00,79.763
2025-10-31T04:00Z,2025-10-31 05:00,91.825
2025-10-31T05:00Z,2025-10-31 06:00,120.385
2025-10-31T06:00Z,2025-10-31 07:00,119.573
2025-10-31T07:00Z,2025-10-31 08:00,108.765
2025-10-31T08:00Z,2025-10-31 09:00,83.013
2025-10-31T09:00Z,2025-10-31 10:00,75.670
2025-10-31T10:00Z,2025-10-31 11:00,74.088
2025-10-31T11:00Z,2025-10-31 12:00,75.990
2025-10-31T12:00Z,2025-10-31 13:00,84.207
2025-10-31T13:00Z,2025-10-31 14:00,106.700
2025-10-31T14:00Z,2025-10-31 15:00,127.078
2025-10-31T15:00Z,2025-10-31 16:00,132.048
2025-10-31T16:00Z,2025-10-31 17:00,122.175
2025-10-31T17:00Z,2025-10-31 18:00,107.280
2025-10-31T18:00Z,2025-10-31 19:00,90.005
2025-10-31T19:00Z,2025-10-31 20:00,86.047
2025-10-31T20:00Z,2025-10-31 21:00,87.465
2025-10-31T21:00Z,2025-10-31 22:00,81.845
2025-10-31T22:00Z,2025-10-31 23:00,67.602
2025-10-31T23:00Z,2025-11-01 00:00,54.707
2025-11-01T00:00Z,2025-11-01 01:00,38.115
2025-11-01T01:00Z,2025-11-01 02:00,28.273
2025-11-01T02:00Z,2025-11-01 03:00,29.957
2025-11-01T03:00Z,2025-11-01 04:00,19.902
2025-11-01T04:00Z,2025-11-01 05:00,15.328
2025-11-01T05:00Z,2025-11-01 06:00,11.627
2025-11-01T06:00Z,2025-11-01 07:00,17.605
2025-11-01T07:00Z,2025-11-01 08:00,29.950
2025-11-01T08:00Z,2025-11-01 09:00,27.045
2025-11-01T09:00Z,2025-11-01 10:00,18.300
2025-11-01T10:00Z,2025-11-01 11:00,15.758
2025-11-01T11:00Z,2025-11-01 12:00,21.015
2025-11-01T12:00Z,2025-11-01 13:00,31.740
2025-11-01T13:00Z,2025-11-01 14:00,54.002
2025-11-01T14:00Z,2025-11-01 15:00,59.072
2025-11-01T15:00Z,2025-11-01 16:00,76.585
2025-11-01T16:00Z,2025-11-01 17:00,88.790
2025-11-01T17:00Z,2025-11-01 18:00,89.055
2025-11-01T18:00Z,2025-11-01 19:00,86.400
2025-11-01T19:00Z,2025-11-01 20:00,86.198
2025-11-01T20:00Z,2025-11-01 21:00,83.282
2025-11-01T21:00Z,2025-11-01 22:00,82.930
2025-11-01T22:00Z,2025-11-01 23:00,77.507
2025-11-01T23:00Z,2025-11-02 00:00,64.285
2025-11-02T00:00Z,2025-11-02 01:00,60.328
2025-11-02T01:00Z,2025-11-02 02:00,60.977
2025-11-02T02:00Z,2025-11-02 03:00,62.733
2025-11-02T03:00Z,2025-11-02 04:00,67.017
2025-11-02T04:00Z,2025-11-02 05:00,68.810
2025-11-02T05:00Z,2025-11-02 06:00,70.347
2025-11-02T06:00Z,2025-11-02 07:00,75.530
2025-11-02T07:00Z,2025-11-02 08:00,77.120
2025-11-02T08:00Z,2025-11-02 09:00,78.457
2025-11-02T09:00Z,2025-11-02 10:00,74.990
2025-11-02T10:00Z,2025-11-02 11:00,74.980
2025-11-02T11:00Z,2025-11-02 12:00,75.213
2025-11-02T12:00Z,2025-11-02 13:00,83.162
2025-11-02T13:00Z,2025-11-02 14:00,92.550
2025-11-02T14:00Z,2025-11-02 15:00,110.653
2025-11-02T15:00Z,2025-11-02 16:00,116.502
2025-11-02T16:00Z,2025-11-02 17:00,132.072
2025-11-02T17:00Z,2025-11-02 18:00,130.407
2025-11-02T18:00Z,2025-11-02 19:00,113.608
2025-11-02T19:00Z,2025-11-02 20:00,98.600
2025-11-02T20:00Z,2025-11-02 21:00,95.330
2025-11-02T21:00Z,2025-11-02 22:00,93.178
2025-11-02T22:00Z,2025-11-02 23:00,85.042
2025-11-02T23:00Z,2025-11-03 00:00,82.440
2025-11-03T00:00Z,2025-11-03 01:00,80.105
2025-11-03T01:00Z,2025-11-03 02:00,74.998
2025-11-03T02:00Z,2025-11-03 03:00,73.140
2025-11-03T03:00Z,2025-11-03 04:00,74.972
2025-11-03T04:00Z,2025-11-03 05:00,75.000
2025-11-03T05:00Z,2025-11-03 06:00,95.330
2025-11-03T06:00Z,2025-11-03 07:00,117.255
2025-11-03T07:00Z,2025-11-03 08:00,105.000
2025-11-03T08:00Z,2025-11-03 09:00,85.763
2025-11-03T09:00Z,2025-11-03 10:00,75.445
2025-11-03T10:00Z,2025-11-03 11:00,71.675
2025-11-03T11:00Z,2025-11-03 12:00,67.990
2025-11-03T12:00Z,2025-11-03 13:00,71.925
2025-11-03T13:00Z,2025-11-03 14:00,74.975
2025-11-03T14:00Z,2025-11-03 15:00,82.605
2025-11-03T15:00Z,2025-11-03 16:00,92.735
2025-11-03T16:00Z,2025-11-03 17:00,92.520
2025-11-03T17:00Z,2025-11-03 18:00,90.555
2025-11-03T18:00Z,2025-11-03 19:00,81.575
2025-11-03T19:00Z,2025-11-03 20:00,71.633
2025-11-03T20:00Z,2025-11-03 21:00,60.007
2025-11-03T21:00Z,2025-11-03 22:00,52.712
2025-11-03T22:00Z,2025-11-03 23:00,28.715
2025-11-03T23:00Z,2025-11-04 00:00,16.530
2025-11-04T00:00Z,2025-11-04 01:00,7.258
2025-11-04T01:00Z,2025-11-04 02:00,4.925
2025-11-04T02:00Z,2025-11-04 03:00,6.312
2025-11-04T03:00Z,2025-11-04 04:00,21.197
2025-11-04T04:00Z,2025-11-04 05:00,58.432
2025-11-04T05:00Z,2025-11-04 06:00,81.037
2025-11-04T06:00Z,2025-11-04 07:00,114.308
2025-11-04T07:00Z,2025-11-04 08:00,110.000
2025-11-04T08:00Z,2025-11-04 09:00,80.847
2025-11-04T09:00Z,2025-11-04 10:00,60.648
2025-11-04T10:00Z,2025-11-04 11:00,52.870
2025-11-04T11:00Z,2025-11-04 12:00,50.153
2025-11-04T12:00Z,2025-11-04 13:00,66.938
2025-11-04T13:00Z,2025-11-04 14:00,81.050
2025-11-04T14:00Z,2025-11-04 15:00,116.265
2025-11-04T15:00Z,2025-11-04 16:00,127.475
2025-11-04T16:00Z,2025-11-04 17:00,129.100
2025-11-04T17:00Z,2025-11-04 18:00,122.763
2025-11-04T18:00Z,2025-11-04 19:00,106.698
2025-11-04T19:00Z,2025-11-04 20:00,96.752
2025-11-04T20:00Z,2025-11-04 21:00,91.365
2025-11-04T21:00Z,2025-11-04 22:00,86.237
2025-11-04T22:00Z,2025-11-04 23:00,76.123
2025-11-04T23:00Z,2025-11-05 00:00,77.330
2025-11-05T00:00Z,2025-11-05 01:00,75.823
2025-11-05T01:00Z,2025-11-05 02:00,74.355
2025-11-05T02:00Z,2025-11-05 03:00,74.683
2025-11-05T03:00Z,2025-11-05 04:00,78.885
2025-11-05T04:00Z,2025-11-05 05:00,85.000
2025-11-05T05:00Z,2025-11-05 06:00,91.362
2025-11-05T06:00Z,2025-11-05 07:00,115.900
2025-11-05T07:00Z,2025-11-05 08:00,107.115
2025-11-05T08:00Z,2025-11-05 09:00,74.540
2025-11-05T09:00Z,2025-11-05 10:00,62.883
2025-11-05T10:00Z,2025-11-05 11:00,62.008
2025-11-05T11:00Z,2025-11-05 12:00,62.070
2025-11-05T12:00Z,2025-11-05 13:00,77.332
2025-11-05T13:00Z,2025-11-05 14:00,96.192
2025-11-05T14:00Z,2025-11-05 15:00,115.395
2025-11-05T15:00Z,2025-11-05 16:00,141.382
2025-11-05T16:00Z,2025-11-05 17:00,147.417
2025-11-05T17:00Z,2025-11-05 18:00,127.580
2025-11-05T18:00Z,2025-11-05 19:00,114.755
2025-11-05T19:00Z,2025-11-05 20:00,104.790
2025-11-05T20:00Z,2025-11-05 21:00,98.918
2025-11-05T21:00Z,2025-11-05 22:00,88.847
2025-11-05T22:00Z,2025-11-05 23:00,87.700
2025-11-05T23:00Z,2025-11-06 00:00,93.373
2025-11-06T00:00Z,2025-11-06 01:00,90.830
2025-11-06T01:00Z,2025-11-06 02:00,91.398
2025-11-06T02:00Z,2025-11-06 03:00,90.505
2025-11-06T03:00Z,2025-11-06 04:00,91.900
2025-11-06T04:00Z,2025-11-06 05:00,92.170
2025-11-06T05:00Z,2025-11-06 06:00,118.350
2025-11-06T06:00Z,2025-11-06 07:00,130.232
2025-11-06T07:00Z,2025-11-06 08:00,119.680
2025-11-06T08:00Z,2025-11-06 09:00,93.213
2025-11-06T09:00Z,2025-11-06 10:00,85.157
2025-11-06T10:00Z,2025-11-06 11:00,83.700
2025-11-06T11:00Z,2025-11-06 12:00,83.993
2025-11-06T12:00Z,2025-11-06 13:00,87.180
2025-11-06T13:00Z,2025-11-06 14:00,99.485
2025-11-06T14:00Z,2025-11-06 15:00,128.240
2025-11-06T15:00Z,2025-11-06 16:00,147.495
2025-11-06T16:00Z,2025-11-06 17:00,154.255
2025-11-06T17:00Z,2025-11-06 18:00,137.447
2025-11-06T18:00Z,2025-11-06 19:00,126.463
2025-11-06T19:00Z,2025-11-06 20:00,114.970
2025-11-06T20:00Z,2025-11-06 21:00,100.980
2025-11-06T21:00Z,2025-11-06 22:00,97.485
2025-11-06T22:00Z,2025-11-06 23:00,90.553
2025-11-06T23:00Z,2025-11-07 00:00,90.177
2025-11-07T00:00Z,2025-11-07 01:00,88.823
2025-11-07T01:00Z,2025-11-07 02:00,89.600
2025-11-07T02:00Z,2025-11-07 03:00,89.613
2025-11-07T03:00Z,2025-11-07 04:00,90.410
2025-11-07T04:00Z,2025-11-07 05:00,94.210
2025-11-07T05:00Z,2025-11-07 06:00,112.265
2025-11-07T06:00Z,2025-11-07 07:00,133.882
2025-11-07T07:00Z,2025-11-07 08:00,128.048
2025-11-07T08:00Z,2025-11-07 09:00,108.105
2025-11-07T09:00Z,2025-11-07 10:00,93.380
2025-11-07T10:00Z,2025-11-07 11:00,89.987
2025-11-07T11:00Z,2025-11-07 12:00,88.803
2025-11-07T12:00Z,2025-11-07 13:00,92.053
2025-11-07T13:00Z,2025-11-07 14:00,103.100
2025-11-07T14:00Z,2025-11-07 15:00,129.623
2025-11-07T15:00Z,2025-11-07 16:00,165.123
2025-11-07T16:00Z,2025-11-07 17:00,178.537
2025-11-07T17:00Z,2025-11-07 18:00,145.683
2025-11-07T18:00Z,2025-11-07 19:00,131.482
2025-11-07T19:00Z,2025-11-07 20:00,119.428
2025-11-07T20:00Z,2025-11-07 21:00,106.653
2025-11-07T21:00Z,2025-11-07 22:00,98.275
2025-11-07T22:00Z,2025-11-07 23:00,92.052
2025-11-07T23:00Z,2025-11-08 00:00,96.530
2025-11-08T00:00Z,2025-11-08 01:00,96.325
2025-11-08T01:00Z,2025-11-08 02:00,93.998
2025-11-08T02:00Z,2025-11-08 03:00,93.972
2025-11-08T03:00Z,2025-11-08 04:00,95.037
2025-11-08T04:00Z,2025-11-08 05:00,94.195
2025-11-08T05:00Z,2025-11-08 06:00,95.278
2025-11-08T06:00Z,2025-11-08 07:00,103.843
2025-11-08T07:00Z,2025-11-08 08:00,105.500
2025-11-08T08:00Z,2025-11-08 09:00,103.620
2025-11-08T09:00Z,2025-11-08 10:00,102.177
2025-11-08T10:00Z,2025-11-08 11:00,96.947
2025-11-08T11:00Z,2025-11-08 12:00,95.160
2025-11-08T12:00Z,2025-11-08 13:00,95.912
2025-11-08T13:00Z,2025-11-08 14:00,101.542
2025-11-08T14:00Z,2025-11-08 15:00,117.618
2025-11-08T15:00Z,2025-11-08 16:00,124.635
2025-11-08T16:00Z,2025-11-08 17:00,134.915
2025-11-08T17:00Z,2025-11-08 18:00,136.532
2025-11-08T18:00Z,2025-11-08 19:00,131.980
2025-11-08T19:00Z,2025-11-08 20:00,122.968
2025-11-08T20:00Z,2025-11-08 21:00,113.305
2025-11-08T21:00Z,2025-11-08 22:00,106.260
2025-11-08T22:00Z,2025-11-08 23:00,96.905
2025-11-08T23:00Z,2025-11-09 00:00,96.345
2025-11-09T00:00Z,2025-11-09 01:00,94.555
2025-11-09T01:00Z,2025-11-09 02:00,92.832
2025-11-09T02:00Z,2025-11-09 03:00,91.132
2025-11-09T03:00Z,2025-11-09 04:00,91.648
2025-11-09T04:00Z,2025-11-09 05:00,91.685
2025-11-09T05:00Z,2025-11-09 06:00,89.938
2025-11-09T06:00Z,2025-11-09 07:00,88.615
2025-11-09T07:00Z,2025-11-09 08:00,97.273
2025-11-09T08:00Z,2025-11-09 09:00,97.618
2025-11-09T09:00Z,2025-11-09 10:00,97.032
2025-11-09T10:00Z,2025-11-09 11:00,97.305
2025-11-09T11:00Z,2025-11-09 12:00,97.838
2025-11-09T12:00Z,2025-11-09 13:00,96.403
2025-11-09T13:00Z,2025-11-09 14:00,97.315
2025-11-09T14:00Z,2025-11-09 15:00,97.795
2025-11-09T15:00Z,2025-11-09 16:00,109.847
2025-11-09T16:00Z,2025-11-09 17:00,125.100
2025-11-09T17:00Z,2025-11-09 18:00,126.100
2025-11-09T18:00Z,2025-11-09 19:00,117.955
2025-11-09T19:00Z,2025-11-09 20:00,106.000
2025-11-09T20:00Z,2025-11-09 21:00,93.537
2025-11-09T21:00Z,2025-11-09 22:00,92.315
2025-11-09T22:00Z,2025-11-09 23:00,89.930
2025-11-09T23:00Z,2025-11-10 00:00,88.980
2025-11-10T00:00Z,2025-11-10 01:00,87.635
2025-11-10T01:00Z,2025-11-10 02:00,88.903
2025-11-10T02:00Z,2025-11-10 03:00,87.522
2025-11-10T03:00Z,2025-11-10 04:00,87.177
2025-11-10T04:00Z,2025-11-10 05:00,92.312
2025-11-10T05:00Z,2025-11-10 06:00,113.453
2025-11-10T06:00Z,2025-11-10 07:00,142.995
2025-11-10T07:00Z,2025-11-10 08:00,157.875
2025-11-10T08:00Z,2025-11-10 09:00,144.297
2025-11-10T09:00Z,2025-11-10 10:00,126.273
2025-11-10T10:00Z,2025-11-10 11:00,115.245
2025-11-10T11:00Z,2025-11-10 12:00,105.922
2025-11-10T12:00Z,2025-11-10 13:00,108.410
2025-11-10T13:00Z,2025-11-10 14:00,115.565
2025-11-10T14:00Z,2025-11-10 15:00,126.252
2025-11-10T15:00Z,2025-11-10 16:00,133.355
2025-11-10T16:00Z,2025-11-10 17:00,139.403
2025-11-10T17:00Z,2025-11-10 18:00,120.725
2025-11-10T18:00Z,2025-11-10 19:00,103.662
2025-11-10T19:00Z,2025-11-10 20:00,90.110
2025-11-10T20:00Z,2025-11-10 21:00,88.987
2025-11-10T21:00Z,2025-11-10 22:00,88.393
2025-11-10T22:00Z,2025-11-10 23:00,83.870
2025-11-10T23:00Z,2025-11-11 00:00,83.190
2025-11-11T00:00Z,2025-11-11 01:00,79.983
2025-11-11T01:00Z,2025-11-11 02:00,75.803
2025-11-11T02:00Z,2025-11-11 03:00,74.870
2025-11-11T03:00Z,2025-11-11 04:00,75.495
2025-11-11T04:00Z,2025-11-11 05:00,77.072
2025-11-11T05:00Z,2025-11-11 06:00,86.787
2025-11-11T06:00Z,2025-11-11 07:00,105.210
2025-11-11T07:00Z,2025-11-11 08:00,113.797
2025-11-11T08:00Z,2025-11-11 09:00,103.115
2025-11-11T09:00Z,2025-11-11 10:00,91.472
2025-11-11T10:00Z,2025-11-11 11:00,87.922
2025-11-11T11:00Z,2025-11-11 12:00,86.660
2025-11-11T12:00Z,2025-11-11 13:00,89.930
2025-11-11T13:00Z,2025-11-11 14:00,101.235
2025-11-11T14:00Z,2025-11-11 15:00,124.275
2025-11-11T15:00Z,2025-11-11 16:00,143.072
2025-11-11T16:00Z,2025-11-11 17:00,143.257
2025-11-11T17:00Z,2025-11-11 18:00,114.998
2025-11-11T18:00Z,2025-11-11 19:00,105.032
2025-11-11T19:00Z,2025-11-11 20:00,98.175
2025-11-11T20:00Z,2025-11-11 21:00,96.382
2025-11-11T21:00Z,2025-11-11 22:00,92.060
2025-11-11T22:00Z,2025-11-11 23:00,75.500
2025-11-11T23:00Z,2025-11-12 00:00,74.978
2025-11-12T00:00Z,2025-11-12 01:00,68.315
2025-11-12T01:00Z,2025-11-12 02:00,64.410
2025-11-12T02:00Z,2025-11-12 03:00,62.400
2025-11-12T03:00Z,2025-11-12 04:00,62.300
2025-11-12T04:00Z,2025-11-12 05:00,69.300
2025-11-12T05:00Z,2025-11-12 06:00,76.998
2025-11-12T06:00Z,2025-11-12 07:00,107.260
2025-11-12T07:00Z,2025-11-12 08:00,100.722
2025-11-12T08:00Z,2025-11-12 09:00,78.112
2025-11-12T09:00Z,2025-11-12 10:00,71.528
2025-11-12T10:00Z,2025-11-12 11:00,60.005
2025-11-12T11:00Z,2025-11-12 12:00,59.135
2025-11-12T12:00Z,2025-11-12 13:00,73.767
2025-11-12T13:00Z,2025-11-12 14:00,80.425
2025-11-12T14:00Z,2025-11-12 15:00,104.970
2025-11-12T15:00Z,2025-11-12 16:00,113.625
2025-11-12T16:00Z,2025-11-12 17:00,115.395
2025-11-12T17:00Z,2025-11-12 18:00,104.868
2025-11-12T18:00Z,2025-11-12 19:00,88.927
2025-11-12T19:00Z,2025-11-12 20:00,80.945
2025-11-12T20:00Z,2025-11-12 21:00,76.905
2025-11-12T21:00Z,2025-11-12 22:00,75.545
2025-11-12T22:00Z,2025-11-12 23:00,56.935
2025-11-12T23:00Z,2025-11-13 00:00,32.918
2025-11-13T00:00Z,2025-11-13 01:00,18.973
2025-11-13T01:00Z,2025-11-13 02:00,11.188
2025-11-13T02:00Z,2025-11-13 03:00,7.780
2025-11-13T03:00Z,2025-11-13 04:00,6.000
2025-11-13T04:00Z,2025-11-13 05:00,25.973
2025-11-13T05:00Z,2025-11-13 06:00,50.885
2025-11-13T06:00Z,2025-11-13 07:00,76.845
2025-11-13T07:00Z,2025-11-13 08:00,66.082
2025-11-13T08:00Z,2025-11-13 09:00,53.610
2025-11-13T09:00Z,2025-11-13 10:00,50.322
2025-11-13T10:00Z,2025-11-13 11:00,42.960
2025-11-13T11:00Z,2025-11-13 12:00,48.090
2025-11-13T12:00Z,2025-11-13 13:00,60.572
2025-11-13T13:00Z,2025-11-13 14:00,77.335
2025-11-13T14:00Z,2025-11-13 15:00,101.665
2025-11-13T15:00Z,2025-11-13 16:00,111.513
2025-11-13T16:00Z,2025-11-13 17:00,130.100
2025-11-13T17:00Z,2025-11-13 18:00,131.803
2025-11-13T18:00Z,2025-11-13 19:00,129.887
2025-11-13T19:00Z,2025-11-13 20:00,111.845
2025-11-13T20:00Z,2025-11-13 21:00,116.607
2025-11-13T21:00Z,2025-11-13 22:00,110.585
2025-11-13T22:00Z,2025-11-13 23:00,102.773
2025-11-13T23:00Z,2025-11-14 00:00,98.442
2025-11-14T00:00Z,2025-11-14 01:00,95.802
2025-11-14T01:00Z,2025-11-14 02:00,94.933
2025-11-14T02:00Z,2025-11-14 03:00,91.530
2025-11-14T03:00Z,2025-11-14 04:00,92.130
2025-11-14T04:00Z,2025-11-14 05:00,91.602
2025-11-14T05:00Z,2025-11-14 06:00,112.778
2025-11-14T06:00Z,2025-11-14 07:00,138.347
2025-11-14T07:00Z,2025-11-14 08:00,136.385
2025-11-14T08:00Z,2025-11-14 09:00,120.903
2025-11-14T09:00Z,2025-11-14 10:00,112.028
2025-11-14T10:00Z,2025-11-14 11:00,106.035
2025-11-14T11:00Z,2025-11-14 12:00,101.225
2025-11-14T12:00Z,2025-11-14 13:00,105.422
2025-11-14T13:00Z,2025-11-14 14:00,107.062
2025-11-14T14:00Z,2025-11-14 15:00,115.392
2025-11-14T15:00Z,2025-11-14 16:00,115.965
2025-11-14T16:00Z,2025-11-14 17:00,131.570
2025-11-14T17:00Z,2025-11-14 18:00,119.810
2025-11-14T18:00Z,2025-11-14 19:00,106.490
2025-11-14T19:00Z,2025-11-14 20:00,98.915
2025-11-14T20:00Z,2025-11-14 21:00,93.162
2025-11-14T21:00Z,2025-11-14 22:00,97.015
2025-11-14T22:00Z,2025-11-14 23:00,78.650
2025-11-14T23:00Z,2025-11-15 00:00,77.377
2025-11-15T00:00Z,2025-11-15 01:00,77.950
2025-11-15T01:00Z,2025-11-15 02:00,74.718
2025-11-15T02:00Z,2025-11-15 03:00,73.030
2025-11-15T03:00Z,2025-11-15 04:00,72.200
2025-11-15T04:00Z,2025-11-15 05:00,70.615
2025-11-15T05:00Z,2025-11-15 06:00,68.157
2025-11-15T06:00Z,2025-11-15 07:00,77.055
2025-11-15T07:00Z,2025-11-15 08:00,80.065
2025-11-15T08:00Z,2025-11-15 09:00,85.235
2025-11-15T09:00Z,2025-11-15 10:00,85.612
2025-11-15T10:00Z,2025-11-15 11:00,85.422
2025-11-15T11:00Z,2025-11-15 12:00,84.192
2025-11-15T12:00Z,2025-11-15 13:00,90.668
2025-11-15T13:00Z,2025-11-15 14:00,94.653
2025-11-15T14:00Z,2025-11-15 15:00,101.192
2025-11-15T15:00Z,2025-11-15 16:00,109.793
2025-11-15T16:00Z,2025-11-15 17:00,121.800
2025-11-15T17:00Z,2025-11-15 18:00,121.523
2025-11-15T18:00Z,2025-11-15 19:00,114.065
2025-11-15T19:00Z,2025-11-15 20:00,109.125
2025-11-15T20:00Z,2025-11-15 21:00,102.885
2025-11-15T21:00Z,2025-11-15 22:00,101.718
2025-11-15T22:00Z,2025-11-15 23:00,97.868
2025-11-15T23:00Z,2025-11-16 00:00,93.748
2025-11-16T00:00Z,2025-11-16 01:00,95.000
2025-11-16T01:00Z,2025-11-16 02:00,93.350
2025-11-16T02:00Z,2025-11-16 03:00,91.450
2025-11-16T03:00Z,2025-11-16 04:00,88.215
2025-11-16T04:00Z,2025-11-16 05:00,91.130
2025-11-16T05:00Z,2025-11-16 06:00,85.672
2025-11-16T06:00Z,2025-11-16 07:00,92.487
2025-11-16T07:00Z,2025-11-16 08:00,98.490
2025-11-16T08:00Z,2025-11-16 09:00,101.185
2025-11-16T09:00Z,2025-11-16 10:00,99.278
2025-11-16T10:00Z,2025-11-16 11:00,102.567
2025-11-16T11:00Z,2025-11-16 12:00,102.468
2025-11-16T12:00Z,2025-11-16 13:00,103.998
2025-11-16T13:00Z,2025-11-16 14:00,109.265
2025-11-16T14:00Z,2025-11-16 15:00,116.720
2025-11-16T15:00Z,2025-11-16 16:00,124.495
2025-11-16T16:00Z,2025-11-16 17:00,129.373
2025-11-16T17:00Z,2025-11-16 18:00,125.210
2025-11-16T18:00Z,2025-11-16 19:00,115.330
2025-11-16T19:00Z,2025-11-16 20:00,102.718
2025-11-16T20:00Z,2025-11-16 21:00,91.410
2025-11-16T21:00Z,2025-11-16 22:00,94.385
2025-11-16T22:00Z,2025-11-16 23:00,86.528
2025-11-16T23:00Z,2025-11-17 00:00,88.290
2025-11-17T00:00Z,2025-11-17 01:00,80.558
2025-11-17T01:00Z,2025-11-17 02:00,74.088
2025-11-17T02:00Z,2025-11-17 03:00,71.322
2025-11-17T03:00Z,2025-11-17 04:00,74.095
2025-11-17T04:00Z,2025-11-17 05:00,83.600
2025-11-17T05:00Z,2025-11-17 06:00,89.590
2025-11-17T06:00Z,2025-11-17 07:00,114.868
2025-11-17T07:00Z,2025-11-17 08:00,126.993
2025-11-17T08:00Z,2025-11-17 09:00,121.688
2025-11-17T09:00Z,2025-11-17 10:00,105.215
2025-11-17T10:00Z,2025-11-17 11:00,84.392
2025-11-17T11:00Z,2025-11-17 12:00,77.805
2025-11-17T12:00Z,2025-11-17 13:00,77.785
2025-11-17T13:00Z,2025-11-17 14:00,87.035
2025-11-17T14:00Z,2025-11-17 15:00,97.520
2025-11-17T15:00Z,2025-11-17 16:00,107.320
2025-11-17T16:00Z,2025-11-17 17:00,117.355
2025-11-17T17:00Z,2025-11-17 18:00,116.492
2025-11-17T18:00Z,2025-11-17 19:00,110.703
2025-11-17T19:00Z,2025-11-17 20:00,102.890
2025-11-17T20:00Z,2025-11-17 21:00,92.697
2025-11-17T21:00Z,2025-11-17 22:00,89.707
2025-11-17T22:00Z,2025-11-17 23:00,81.140
2025-11-17T23:00Z,2025-11-18 00:00,84.885
2025-11-18T00:00Z,2025-11-18 01:00,82.830
2025-11-18T01:00Z,2025-11-18 02:00,79.037
2025-11-18T02:00Z,2025-11-18 03:00,77.718
2025-11-18T03:00Z,2025-11-18 04:00,80.513
2025-11-18T04:00Z,2025-11-18 05:00,83.472
2025-11-18T05:00Z,2025-11-18 06:00,91.047
2025-11-18T06:00Z,2025-11-18 07:00,104.735
2025-11-18T07:00Z,2025-11-18 08:00,119.840
2025-11-18T08:00Z,2025-11-18 09:00,107.450
2025-11-18T09:00Z,2025-11-18 10:00,92.127
2025-11-18T10:00Z,2025-11-18 11:00,88.797
2025-11-18T11:00Z,2025-11-18 12:00,89.200
2025-11-18T12:00Z,2025-11-18 13:00,90.600
2025-11-18T13:00Z,2025-11-18 14:00,96.575
2025-11-18T14:00Z,2025-11-18 15:00,120.595
2025-11-18T15:00Z,2025-11-18 16:00,141.912
2025-11-18T16:00Z,2025-11-18 17:00,151.660
2025-11-18T17:00Z,2025-11-18 18:00,143.803
2025-11-18T18:00Z,2025-11-18 19:00,131.150
2025-11-18T19:00Z,2025-11-18 20:00,107.130
2025-11-18T20:00Z,2025-11-18 21:00,94.642
2025-11-18T21:00Z,2025-11-18 22:00,97.483
2025-11-18T22:00Z,2025-11-18 23:00,89.963
2025-11-18T23:00Z,2025-11-19 00:00,87.377
2025-11-19T00:00Z,2025-11-19 01:00,86.225
2025-11-19T01:00Z,2025-11-19 02:00,84.168
2025-11-19T02:00Z,2025-11-19 03:00,83.185
2025-11-19T03:00Z,2025-11-19 04:00,84.392
2025-11-19T04:00Z,2025-11-19 05:00,87.002
2025-11-19T05:00Z,2025-11-19 06:00,99.030
2025-11-19T06:00Z,2025-11-19 07:00,127.030
2025-11-19T07:00Z,2025-11-19 08:00,136.670
2025-11-19T08:00Z,2025-11-19 09:00,115.162
2025-11-19T09:00Z,2025-11-19 10:00,97.523
2025-11-19T10:00Z,2025-11-19 11:00,91.620
2025-11-19T11:00Z,2025-11-19 12:00,89.590
2025-11-19T12:00Z,2025-11-19 13:00,93.597
2025-11-19T13:00Z,2025-11-19 14:00,104.620
2025-11-19T14:00Z,2025-11-19 15:00,113.050
2025-11-19T15:00Z,2025-11-19 16:00,117.808
2025-11-19T16:00Z,2025-11-19 17:00,127.567
2025-11-19T17:00Z,2025-11-19 18:00,119.190
2025-11-19T18:00Z,2025-11-19 19:00,119.050
2025-11-19T19:00Z,2025-11-19 20:00,105.688
2025-11-19T20:00Z,2025-11-19 21:00,100.225
2025-11-19T21:00Z,2025-11-19 22:00,99.170
2025-11-19T22:00Z,2025-11-19 23:00,91.885
2025-11-19T23:00Z,2025-11-20 00:00,90.627
2025-11-20T00:00Z,2025-11-20 01:00,88.093
2025-11-20T01:00Z,2025-11-20 02:00,87.032
2025-11-20T02:00Z,2025-11-20 03:00,86.795
2025-11-20T03:00Z,2025-11-20 04:00,87.125
2025-11-20T04:00Z,2025-11-20 05:00,90.502
2025-11-20T05:00Z,2025-11-20 06:00,103.683
2025-11-20T06:00Z,2025-11-20 07:00,144.407
2025-11-20T07:00Z,2025-11-20 08:00,155.715
2025-11-20T08:00Z,2025-11-20 09:00,153.655
2025-11-20T09:00Z,2025-11-20 10:00,141.270
2025-11-20T10:00Z,2025-11-20 11:00,129.303
2025-11-20T11:00Z,2025-11-20 12:00,125.055
2025-11-20T12:00Z,2025-11-20 13:00,126.100
2025-11-20T13:00Z,2025-11-20 14:00,134.202
2025-11-20T14:00Z,2025-11-20 15:00,149.685
2025-11-20T15:00Z,2025-11-20 16:00,175.830
2025-11-20T16:00Z,2025-11-20 17:00,175.472
2025-11-20T17:00Z,2025-11-20 18:00,163.250
2025-11-20T18:00Z,2025-11-20 19:00,156.017
2025-11-20T19:00Z,2025-11-20 20:00,137.102
2025-11-20T20:00Z,2025-11-20 21:00,120.752
2025-11-20T21:00Z,2025-11-20 22:00,108.235
2025-11-20T22:00Z,2025-11-20 23:00,93.763
2025-11-20T23:00Z,2025-11-21 00:00,101.552
2025-11-21T00:00Z,2025-11-21 01:00,94.140
2025-11-21T01:00Z,2025-11-21 02:00,90.282
2025-11-21T02:00Z,2025-11-21 03:00,90.185
2025-11-21T03:00Z,2025-11-21 04:00,93.625
2025-11-21T04:00Z,2025-11-21 05:00,101.865
2025-11-21T05:00Z,2025-11-21 06:00,133.525
2025-11-21T06:00Z,2025-11-21 07:00,180.420
2025-11-21T07:00Z,2025-11-21 08:00,205.382
2025-11-21T08:00Z,2025-11-21 09:00,181.830
2025-11-21T09:00Z,2025-11-21 10:00,151.015
2025-11-21T10:00Z,2025-11-21 11:00,137.720
2025-11-21T11:00Z,2025-11-21 12:00,130.343
2025-11-21T12:00Z,2025-11-21 13:00,135.575
2025-11-21T13:00Z,2025-11-21 14:00,153.752
2025-11-21T14:00Z,2025-11-21 15:00,196.838
2025-11-21T15:00Z,2025-11-21 16:00,251.870
2025-11-21T16:00Z,2025-11-21 17:00,250.007
2025-11-21T17:00Z,2025-11-21 18:00,205.088
2025-11-21T18:00Z,2025-11-21 19:00,171.368
2025-11-21T19:00Z,2025-11-21 20:00,141.950
2025-11-21T20:00Z,2025-11-21 21:00,117.308
2025-11-21T21:00Z,2025-11-21 22:00,104.900
2025-11-21T22:00Z,2025-11-21 23:00,95.032
2025-11-21T23:00Z,2025-11-22 00:00,102.248
2025-11-22T00:00Z,2025-11-22 01:00,94.600
2025-11-22T01:00Z,2025-11-22 02:00,88.440
2025-11-22T02:00Z,2025-11-22 03:00,85.278
2025-11-22T03:00Z,2025-11-22 04:00,86.097
2025-11-22T04:00Z,2025-11-22 05:00,85.278
2025-11-22T05:00Z,2025-11-22 06:00,90.523
2025-11-22T06:00Z,2025-11-22 07:00,106.748
2025-11-22T07:00Z,2025-11-22 08:00,104.210
2025-11-22T08:00Z,2025-11-22 09:00,89.118
2025-11-22T09:00Z,2025-11-22 10:00,82.010
2025-11-22T10:00Z,2025-11-22 11:00,78.580
2025-11-22T11:00Z,2025-11-22 12:00,76.282
2025-11-22T12:00Z,2025-11-22 13:00,75.368
2025-11-22T13:00Z,2025-11-22 14:00,81.645
2025-11-22T14:00Z,2025-11-22 15:00,88.965
2025-11-22T15:00Z,2025-11-22 16:00,105.000
2025-11-22T16:00Z,2025-11-22 17:00,114.455
2025-11-22T17:00Z,2025-11-22 18:00,109.252
2025-11-22T18:00Z,2025-11-22 19:00,98.330
2025-11-22T19:00Z,2025-11-22 20:00,86.610
2025-11-22T20:00Z,2025-11-22 21:00,89.248
2025-11-22T21:00Z,2025-11-22 22:00,89.427
2025-11-22T22:00Z,2025-11-22 23:00,82.230
2025-11-22T23:00Z,2025-11-23 00:00,81.528
2025-11-23T00:00Z,2025-11-23 01:00,74.352
2025-11-23T01:00Z,2025-11-23 02:00,70.440
2025-11-23T02:00Z,2025-11-23 03:00,63.230
2025-11-23T03:00Z,2025-11-23 04:00,60.885
2025-11-23T04:00Z,2025-11-23 05:00,64.210
2025-11-23T05:00Z,2025-11-23 06:00,62.030
2025-11-23T06:00Z,2025-11-23 07:00,67.983
2025-11-23T07:00Z,2025-11-23 08:00,67.832
2025-11-23T08:00Z,2025-11-23 09:00,65.960
2025-11-23T09:00Z,2025-11-23 10:00,65.985
2025-11-23T10:00Z,2025-11-23 11:00,66.690
2025-11-23T11:00Z,2025-11-23 12:00,67.862
2025-11-23T12:00Z,2025-11-23 13:00,65.458
2025-11-23T13:00Z,2025-11-23 14:00,69.428
2025-11-23T14:00Z,2025-11-23 15:00,77.290
2025-11-23T15:00Z,2025-11-23 16:00,77.888
2025-11-23T16:00Z,2025-11-23 17:00,80.840
2025-11-23T17:00Z,2025-11-23 18:00,82.542
2025-11-23T18:00Z,2025-11-23 19:00,83.797
2025-11-23T19:00Z,2025-11-23 20:00,77.412
2025-11-23T20:00Z,2025-11-23 21:00,74.160
2025-11-23T21:00Z,2025-11-23 22:00,75.168
2025-11-23T22:00Z,2025-11-23 23:00,71.263
2025-11-23T23:00Z,2025-11-24 00:00,72.457
2025-11-24T00:00Z,2025-11-24 01:00,70.062
2025-11-24T01:00Z,2025-11-24 02:00,72.255
2025-11-24T02:00Z,2025-11-24 03:00,73.275
2025-11-24T03:00Z,2025-11-24 04:00,73.755
2025-11-24T04:00Z,2025-11-24 05:00,80.065
2025-11-24T05:00Z,2025-11-24 06:00,90.308
2025-11-24T06:00Z,2025-11-24 07:00,104.392
2025-11-24T07:00Z,2025-11-24 08:00,107.785
2025-11-24T08:00Z,2025-11-24 09:00,110.260
2025-11-24T09:00Z,2025-11-24 10:00,117.447
2025-11-24T10:00Z,2025-11-24 11:00,128.037
2025-11-24T11:00Z,2025-11-24 12:00,134.235
2025-11-24T12:00Z,2025-11-24 13:00,149.993
2025-11-24T13:00Z,2025-11-24 14:00,173.537
2025-11-24T14:00Z,2025-11-24 15:00,195.812
2025-11-24T15:00Z,2025-11-24 16:00,225.775
2025-11-24T16:00Z,2025-11-24 17:00,263.483
2025-11-24T17:00Z,2025-11-24 18:00,230.588
2025-11-24T18:00Z,2025-11-24 19:00,188.305
2025-11-24T19:00Z,2025-11-24 20:00,151.185
2025-11-24T20:00Z,2025-11-24 21:00,135.235
2025-11-24T21:00Z,2025-11-24 22:00,123.035
2025-11-24T22:00Z,2025-11-24 23:00,105.405
2025-11-24T23:00Z,2025-11-25 00:00,100.900
2025-11-25T00:00Z,2025-11-25 01:00,99.153
2025-11-25T01:00Z,2025-11-25 02:00,97.588
2025-11-25T02:00Z,2025-11-25 03:00,96.097
2025-11-25T03:00Z,2025-11-25 04:00,99.510
2025-11-25T04:00Z,2025-11-25 05:00,106.730
2025-11-25T05:00Z,2025-11-25 06:00,122.407
2025-11-25T06:00Z,2025-11-25 07:00,291.020
2025-11-25T07:00Z,2025-11-25 08:00,333.275
2025-11-25T08:00Z,2025-11-25 09:00,292.650
2025-11-25T09:00Z,2025-11-25 10:00,273.085
2025-11-25T10:00Z,2025-11-25 11:00,326.627
2025-11-25T11:00Z,2025-11-25 12:00,351.000
2025-11-25T12:00Z,2025-11-25 13:00,317.653
2025-11-25T13:00Z,2025-11-25 14:00,300.000
2025-11-25T14:00Z,2025-11-25 15:00,309.995
2025-11-25T15:00Z,2025-11-25 16:00,325.082
2025-11-25T16:00Z,2025-11-25 17:00,373.312
2025-11-25T17:00Z,2025-11-25 18:00,297.905
2025-11-25T18:00Z,2025-11-25 19:00,249.373
2025-11-25T19:00Z,2025-11-25 20:00,172.835
2025-11-25T20:00Z,2025-11-25 21:00,135.020
2025-11-25T21:00Z,2025-11-25 22:00,119.155
2025-11-25T22:00Z,2025-11-25 23:00,102.035
2025-11-25T23:00Z,2025-11-26 00:00,92.855
2025-11-26T00:00Z,2025-11-26 01:00,89.950
2025-11-26T01:00Z,2025-11-26 02:00,88.325
2025-11-26T02:00Z,2025-11-26 03:00,89.435
2025-11-26T03:00Z,2025-11-26 04:00,89.803
2025-11-26T04:00Z,2025-11-26 05:00,97.250
2025-11-26T05:00Z,2025-11-26 06:00,129.822
2025-11-26T06:00Z,2025-11-26 07:00,191.170
2025-11-26T07:00Z,2025-11-26 08:00,237.222
2025-11-26T08:00Z,2025-11-26 09:00,211.847
2025-11-26T09:00Z,2025-11-26 10:00,197.137
2025-11-26T10:00Z,2025-11-26 11:00,170.498
2025-11-26T11:00Z,2025-11-26 12:00,164.683
2025-11-26T12:00Z,2025-11-26 13:00,168.238
2025-11-26T13:00Z,2025-11-26 14:00,184.490
2025-11-26T14:00Z,2025-11-26 15:00,223.722
2025-11-26T15:00Z,2025-11-26 16:00,294.377
2025-11-26T16:00Z,2025-11-26 17:00,294.610
2025-11-26T17:00Z,2025-11-26 18:00,228.930
2025-11-26T18:00Z,2025-11-26 19:00,183.675
2025-11-26T19:00Z,2025-11-26 20:00,141.260
2025-11-26T20:00Z,2025-11-26 21:00,114.948
2025-11-26T21:00Z,2025-11-26 22:00,101.993
2025-11-26T22:00Z,2025-11-26 23:00,90.188
2025-11-26T23:00Z,2025-11-27 00:00,89.945
2025-11-27T00:00Z,2025-11-27 01:00,84.275
2025-11-27T01:00Z,2025-11-27 02:00,79.948
2025-11-27T02:00Z,2025-11-27 03:00,77.343
2025-11-27T03:00Z,2025-11-27 04:00,79.947
2025-11-27T04:00Z,2025-11-27 05:00,82.078
2025-11-27T05:00Z,2025-11-27 06:00,112.220
2025-11-27T06:00Z,2025-11-27 07:00,122.000
2025-11-27T07:00Z,2025-11-27 08:00,123.105
2025-11-27T08:00Z,2025-11-27 09:00,106.953
2025-11-27T09:00Z,2025-11-27 10:00,90.948
2025-11-27T10:00Z,2025-11-27 11:00,88.665
2025-11-27T11:00Z,2025-11-27 12:00,87.062
2025-11-27T12:00Z,2025-11-27 13:00,85.760
2025-11-27T13:00Z,2025-11-27 14:00,89.248
2025-11-27T14:00Z,2025-11-27 15:00,90.600
2025-11-27T15:00Z,2025-11-27 16:00,90.430
2025-11-27T16:00Z,2025-11-27 17:00,97.507
2025-11-27T17:00Z,2025-11-27 18:00,101.392
2025-11-27T18:00Z,2025-11-27 19:00,88.270
2025-11-27T19:00Z,2025-11-27 20:00,85.398
2025-11-27T20:00Z,2025-11-27 21:00,80.625
2025-11-27T21:00Z,2025-11-27 22:00,85.105
2025-11-27T22:00Z,2025-11-27 23:00,69.458
2025-11-27T23:00Z,2025-11-28 00:00,60.840
2025-11-28T00:00Z,2025-11-28 01:00,55.000
2025-11-28T01:00Z,2025-11-28 02:00,52.930
2025-11-28T02:00Z,2025-11-28 03:00,47.883
2025-11-28T03:00Z,2025-11-28 04:00,58.375
2025-11-28T04:00Z,2025-11-28 05:00,61.040
2025-11-28T05:00Z,2025-11-28 06:00,82.862
2025-11-28T06:00Z,2025-11-28 07:00,87.820
2025-11-28T07:00Z,2025-11-28 08:00,100.475
2025-11-28T08:00Z,2025-11-28 09:00,103.400
2025-11-28T09:00Z,2025-11-28 10:00,97.845
2025-11-28T10:00Z,2025-11-28 11:00,102.820
2025-11-28T11:00Z,2025-11-28 12:00,98.713
2025-11-28T12:00Z,2025-11-28 13:00,99.450
2025-11-28T13:00Z,2025-11-28 14:00,98.790
2025-11-28T14:00Z,2025-11-28 15:00,104.670
2025-11-28T15:00Z,2025-11-28 16:00,103.400
2025-11-28T16:00Z,2025-11-28 17:00,96.157
2025-11-28T17:00Z,2025-11-28 18:00,98.125
2025-11-28T18:00Z,2025-11-28 19:00,93.320
2025-11-28T19:00Z,2025-11-28 20:00,88.458
2025-11-28T20:00Z,2025-11-28 21:00,85.410
2025-11-28T21:00Z,2025-11-28 22:00,85.545
2025-11-28T22:00Z,2025-11-28 23:00,77.830
2025-11-28T23:00Z,2025-11-29 00:00,81.730
2025-11-29T00:00Z,2025-11-29 01:00,80.898
2025-11-29T01:00Z,2025-11-29 02:00,81.335
2025-11-29T02:00Z,2025-11-29 03:00,82.558
2025-11-29T03:00Z,2025-11-29 04:00,85.698
2025-11-29T04:00Z,2025-11-29 05:00,89.998
2025-11-29T05:00Z,2025-11-29 06:00,90.888
2025-11-29T06:00Z,2025-11-29 07:00,96.175
2025-11-29T07:00Z,2025-11-29 08:00,89.150
2025-11-29T08:00Z,2025-11-29 09:00,101.583
2025-11-29T09:00Z,2025-11-29 10:00,101.440
2025-11-29T10:00Z,2025-11-29 11:00,95.263
2025-11-29T11:00Z,2025-11-29 12:00,86.097
2025-11-29T12:00Z,2025-11-29 13:00,87.957
2025-11-29T13:00Z,2025-11-29 14:00,91.727
2025-11-29T14:00Z,2025-11-29 15:00,102.722
2025-11-29T15:00Z,2025-11-29 16:00,102.645
2025-11-29T16:00Z,2025-11-29 17:00,107.085
2025-11-29T17:00Z,2025-11-29 18:00,98.130
2025-11-29T18:00Z,2025-11-29 19:00,88.430
2025-11-29T19:00Z,2025-11-29 20:00,81.112
2025-11-29T20:00Z,2025-11-29 21:00,80.800
2025-11-29T21:00Z,2025-11-29 22:00,83.490
2025-11-29T22:00Z,2025-11-29 23:00,77.727
2025-11-29T23:00Z,2025-11-30 00:00,75.972
2025-11-30T00:00Z,2025-11-30 01:00,69.782
2025-11-30T01:00Z,2025-11-30 02:00,67.438
2025-11-30T02:00Z,2025-11-30 03:00,65.355
2025-11-30T03:00Z,2025-11-30 04:00,67.000
2025-11-30T04:00Z,2025-11-30 05:00,74.293
2025-11-30T05:00Z,2025-11-30 06:00,75.578
2025-11-30T06:00Z,2025-11-30 07:00,75.975
2025-11-30T07:00Z,2025-11-30 08:00,79.840
2025-11-30T08:00Z,2025-11-30 09:00,80.650
2025-11-30T09:00Z,2025-11-30 10:00,84.422
2025-11-30T10:00Z,2025-11-30 11:00,81.543
2025-11-30T11:00Z,2025-11-30 12:00,80.695
2025-11-30T12:00Z,2025-11-30 13:00,82.517
2025-11-30T13:00Z,2025-11-30 14:00,87.547
2025-11-30T14:00Z,2025-11-30 15:00,93.578
2025-11-30T15:00Z,2025-11-30 16:00,92.810
2025-11-30T16:00Z,2025-11-30 17:00,104.047
2025-11-30T17:00Z,2025-11-30 18:00,106.213
2025-11-30T18:00Z,2025-11-30 19:00,104.127
2025-11-30T19:00Z,2025-11-30 20:00,97.525
2025-11-30T20:00Z,2025-11-30 21:00,92.930
2025-11-30T21:00Z,2025-11-30 22:00,92.597
2025-11-30T22:00Z,2025-11-30 23:00,87.127
2025-11-30T23:00Z,2025-12-01 00:00,87.995
2025-12-01T00:00Z,2025-12-01 01:00,86.023
2025-12-01T01:00Z,2025-12-01 02:00,81.340
2025-12-01T02:00Z,2025-12-01 03:00,85.140
2025-12-01T03:00Z,2025-12-01 04:00,80.257
2025-12-01T04:00Z,2025-12-01 05:00,88.745
2025-12-01T05:00Z,2025-12-01 06:00,88.625
2025-12-01T06:00Z,2025-12-01 07:00,127.860
2025-12-01T07:00Z,2025-12-01 08:00,139.333
2025-12-01T08:00Z,2025-12-01 09:00,105.095
2025-12-01T09:00Z,2025-12-01 10:00,93.733
2025-12-01T10:00Z,2025-12-01 11:00,85.960
2025-12-01T11:00Z,2025-12-01 12:00,85.018
2025-12-01T12:00Z,2025-12-01 13:00,90.070
2025-12-01T13:00Z,2025-12-01 14:00,107.218
2025-12-01T14:00Z,2025-12-01 15:00,120.323
2025-12-01T15:00Z,2025-12-01 16:00,112.965
2025-12-01T16:00Z,2025-12-01 17:00,94.412
2025-12-01T17:00Z,2025-12-01 18:00,88.993
2025-12-01T18:00Z,2025-12-01 19:00,86.767
2025-12-01T19:00Z,2025-12-01 20:00,82.300
2025-12-01T20:00Z,2025-12-01 21:00,75.950
2025-12-01T21:00Z,2025-12-01 22:00,76.430
2025-12-01T22:00Z,2025-12-01 23:00,71.803
2025-12-01T23:00Z,2025-12-02 00:00,65.778
2025-12-02T00:00Z,2025-12-02 01:00,58.820
2025-12-02T01:00Z,2025-12-02 02:00,54.935
2025-12-02T02:00Z,2025-12-02 03:00,53.733
2025-12-02T03:00Z,2025-12-02 04:00,50.468
2025-12-02T04:00Z,2025-12-02 05:00,64.585
2025-12-02T05:00Z,2025-12-02 06:00,78.513
2025-12-02T06:00Z,2025-12-02 07:00,87.787
2025-12-02T07:00Z,2025-12-02 08:00,87.650
2025-12-02T08:00Z,2025-12-02 09:00,88.280
2025-12-02T09:00Z,2025-12-02 10:00,85.832
2025-12-02T10:00Z,2025-12-02 11:00,86.722
2025-12-02T11:00Z,2025-12-02 12:00,87.447
2025-12-02T12:00Z,2025-12-02 13:00,97.035
2025-12-02T13:00Z,2025-12-02 14:00,105.007
2025-12-02T14:00Z,2025-12-02 15:00,140.370
2025-12-02T15:00Z,2025-12-02 16:00,136.340
2025-12-02T16:00Z,2025-12-02 17:00,151.640
2025-12-02T17:00Z,2025-12-02 18:00,162.142
2025-12-02T18:00Z,2025-12-02 19:00,163.202
2025-12-02T19:00Z,2025-12-02 20:00,154.885
2025-12-02T20:00Z,2025-12-02 21:00,129.347
2025-12-02T21:00Z,2025-12-02 22:00,119.222
2025-12-02T22:00Z,2025-12-02 23:00,99.138
2025-12-02T23:00Z,2025-12-03 00:00,90.835
2025-12-03T00:00Z,2025-12-03 01:00,89.073
2025-12-03T01:00Z,2025-12-03 02:00,90.258
2025-12-03T02:00Z,2025-12-03 03:00,89.877
2025-12-03T03:00Z,2025-12-03 04:00,90.020
2025-12-03T04:00Z,2025-12-03 05:00,98.980
2025-12-03T05:00Z,2025-12-03 06:00,150.945
2025-12-03T06:00Z,2025-12-03 07:00,200.000
2025-12-03T07:00Z,2025-12-03 08:00,249.998
2025-12-03T08:00Z,2025-12-03 09:00,219.890
2025-12-03T09:00Z,2025-12-03 10:00,187.180
2025-12-03T10:00Z,2025-12-03 11:00,173.373
2025-12-03T11:00Z,2025-12-03 12:00,167.725
2025-12-03T12:00Z,2025-12-03 13:00,181.407
2025-12-03T13:00Z,2025-12-03 14:00,199.938
2025-12-03T14:00Z,2025-12-03 15:00,242.562
2025-12-03T15:00Z,2025-12-03 16:00,308.350
2025-12-03T16:00Z,2025-12-03 17:00,259.603
2025-12-03T17:00Z,2025-12-03 18:00,204.120
2025-12-03T18:00Z,2025-12-03 19:00,172.627
2025-12-03T19:00Z,2025-12-03 20:00,146.240
2025-12-03T20:00Z,2025-12-03 21:00,124.825
2025-12-03T21:00Z,2025-12-03 22:00,113.405
2025-12-03T22:00Z,2025-12-03 23:00,104.135
2025-12-03T23:00Z,2025-12-04 00:00,97.382
2025-12-04T00:00Z,2025-12-04 01:00,93.882
2025-12-04T01:00Z,2025-12-04 02:00,90.832
2025-12-04T02:00Z,2025-12-04 03:00,90.358
2025-12-04T03:00Z,2025-12-04 04:00,92.328
2025-12-04T04:00Z,2025-12-04 05:00,96.755
2025-12-04T05:00Z,2025-12-04 06:00,124.865
2025-12-04T06:00Z,2025-12-04 07:00,128.410
2025-12-04T07:00Z,2025-12-04 08:00,144.702
2025-12-04T08:00Z,2025-12-04 09:00,163.985
2025-12-04T09:00Z,2025-12-04 10:00,138.405
2025-12-04T10:00Z,2025-12-04 11:00,148.093
2025-12-04T11:00Z,2025-12-04 12:00,141.963
2025-12-04T12:00Z,2025-12-04 13:00,145.183
2025-12-04T13:00Z,2025-12-04 14:00,152.067
2025-12-04T14:00Z,2025-12-04 15:00,150.993
2025-12-04T15:00Z,2025-12-04 16:00,145.197
2025-12-04T16:00Z,2025-12-04 17:00,144.697
2025-12-04T17:00Z,2025-12-04 18:00,142.332
2025-12-04T18:00Z,2025-12-04 19:00,134.985
2025-12-04T19:00Z,2025-12-04 20:00,118.603
2025-12-04T20:00Z,2025-12-04 21:00,103.352
2025-12-04T21:00Z,2025-12-04 22:00,109.037
2025-12-04T22:00Z,2025-12-04 23:00,98.257
2025-12-04T23:00Z,2025-12-05 00:00,95.743
2025-12-05T00:00Z,2025-12-05 01:00,93.862
2025-12-05T01:00Z,2025-12-05 02:00,90.920
2025-12-05T02:00Z,2025-12-05 03:00,90.567
2025-12-05T03:00Z,2025-12-05 04:00,94.030
2025-12-05T04:00Z,2025-12-05 05:00,100.873
2025-12-05T05:00Z,2025-12-05 06:00,123.990
2025-12-05T06:00Z,2025-12-05 07:00,162.417
2025-12-05T07:00Z,2025-12-05 08:00,184.433
2025-12-05T08:00Z,2025-12-05 09:00,184.145
2025-12-05T09:00Z,2025-12-05 10:00,171.347
2025-12-05T10:00Z,2025-12-05 11:00,167.515
2025-12-05T11:00Z,2025-12-05 12:00,161.560
2025-12-05T12:00Z,2025-12-05 13:00,157.447
2025-12-05T13:00Z,2025-12-05 14:00,161.178
2025-12-05T14:00Z,2025-12-05 15:00,162.347
2025-12-05T15:00Z,2025-12-05 16:00,169.498
2025-12-05T16:00Z,2025-12-05 17:00,158.305
2025-12-05T17:00Z,2025-12-05 18:00,147.248
2025-12-05T18:00Z,2025-12-05 19:00,131.540
2025-12-05T19:00Z,2025-12-05 20:00,115.150
2025-12-05T20:00Z,2025-12-05 21:00,97.555
2025-12-05T21:00Z,2025-12-05 22:00,93.080
2025-12-05T22:00Z,2025-12-05 23:00,84.123
2025-12-05T23:00Z,2025-12-06 00:00,82.080
2025-12-06T00:00Z,2025-12-06 01:00,76.972
2025-12-06T01:00Z,2025-12-06 02:00,73.630
2025-12-06T02:00Z,2025-12-06 03:00,70.010
2025-12-06T03:00Z,2025-12-06 04:00,67.428
2025-12-06T04:00Z,2025-12-06 05:00,64.972
2025-12-06T05:00Z,2025-12-06 06:00,64.585
2025-12-06T06:00Z,2025-12-06 07:00,67.870
2025-12-06T07:00Z,2025-12-06 08:00,78.612
2025-12-06T08:00Z,2025-12-06 09:00,80.940
2025-12-06T09:00Z,2025-12-06 10:00,82.295
2025-12-06T10:00Z,2025-12-06 11:00,80.612
2025-12-06T11:00Z,2025-12-06 12:00,80.615
2025-12-06T12:00Z,2025-12-06 13:00,81.325
2025-12-06T13:00Z,2025-12-06 14:00,86.172
2025-12-06T14:00Z,2025-12-06 15:00,91.023
2025-12-06T15:00Z,2025-12-06 16:00,95.588
2025-12-06T16:00Z,2025-12-06 17:00,95.118
2025-12-06T17:00Z,2025-12-06 18:00,89.183
2025-12-06T18:00Z,2025-12-06 19:00,89.655
2025-12-06T19:00Z,2025-12-06 20:00,83.385
2025-12-06T20:00Z,2025-12-06 21:00,80.610
2025-12-06T21:00Z,2025-12-06 22:00,76.495
2025-12-06T22:00Z,2025-12-06 23:00,71.565
2025-12-06T23:00Z,2025-12-07 00:00,67.322
2025-12-07T00:00Z,2025-12-07 01:00,60.995
2025-12-07T01:00Z,2025-12-07 02:00,59.422
2025-12-07T02:00Z,2025-12-07 03:00,58.560
2025-12-07T03:00Z,2025-12-07 04:00,62.075
2025-12-07T04:00Z,2025-12-07 05:00,62.005
2025-12-07T05:00Z,2025-12-07 06:00,63.720
2025-12-07T06:00Z,2025-12-07 07:00,71.835
2025-12-07T07:00Z,2025-12-07 08:00,77.998
2025-12-07T08:00Z,2025-12-07 09:00,85.555
2025-12-07T09:00Z,2025-12-07 10:00,90.530
2025-12-07T10:00Z,2025-12-07 11:00,91.922
2025-12-07T11:00Z,2025-12-07 12:00,97.438
2025-12-07T12:00Z,2025-12-07 13:00,99.572
2025-12-07T13:00Z,2025-12-07 14:00,104.145
2025-12-07T14:00Z,2025-12-07 15:00,105.735
2025-12-07T15:00Z,2025-12-07 16:00,109.608
2025-12-07T16:00Z,2025-12-07 17:00,111.820
2025-12-07T17:00Z,2025-12-07 18:00,96.880
2025-12-07T18:00Z,2025-12-07 19:00,87.463
2025-12-07T19:00Z,2025-12-07 20:00,83.760
2025-12-07T20:00Z,2025-12-07 21:00,73.720
2025-12-07T21:00Z,2025-12-07 22:00,65.597
2025-12-07T22:00Z,2025-12-07 23:00,41.737
2025-12-07T23:00Z,2025-12-08 00:00,19.270
2025-12-08T00:00Z,2025-12-08 01:00,11.090
2025-12-08T01:00Z,2025-12-08 02:00,11.662
2025-12-08T02:00Z,2025-12-08 03:00,5.590
2025-12-08T03:00Z,2025-12-08 04:00,12.890
2025-12-08T04:00Z,2025-12-08 05:00,28.655
2025-12-08T05:00Z,2025-12-08 06:00,64.317
2025-12-08T06:00Z,2025-12-08 07:00,82.840
2025-12-08T07:00Z,2025-12-08 08:00,100.000
2025-12-08T08:00Z,2025-12-08 09:00,98.338
2025-12-08T09:00Z,2025-12-08 10:00,86.037
2025-12-08T10:00Z,2025-12-08 11:00,79.990
2025-12-08T11:00Z,2025-12-08 12:00,79.347
2025-12-08T12:00Z,2025-12-08 13:00,86.845
2025-12-08T13:00Z,2025-12-08 14:00,94.080
2025-12-08T14:00Z,2025-12-08 15:00,100.145
2025-12-08T15:00Z,2025-12-08 16:00,101.075
2025-12-08T16:00Z,2025-12-08 17:00,109.850
2025-12-08T17:00Z,2025-12-08 18:00,100.263
2025-12-08T18:00Z,2025-12-08 19:00,96.635
2025-12-08T19:00Z,2025-12-08 20:00,89.345
2025-12-08T20:00Z,2025-12-08 21:00,83.517
2025-12-08T21:00Z,2025-12-08 22:00,80.210
2025-12-08T22:00Z,2025-12-08 23:00,73.252
2025-12-08T23:00Z,2025-12-09 00:00,73.697
2025-12-09T00:00Z,2025-12-09 01:00,72.785
2025-12-09T01:00Z,2025-12-09 02:00,73.713
2025-12-09T02:00Z,2025-12-09 03:00,74.845
2025-12-09T03:00Z,2025-12-09 04:00,73.720
2025-12-09T04:00Z,2025-12-09 05:00,80.205
2025-12-09T05:00Z,2025-12-09 06:00,98.847
2025-12-09T06:00Z,2025-12-09 07:00,105.790
2025-12-09T07:00Z,2025-12-09 08:00,129.750
2025-12-09T08:00Z,2025-12-09 09:00,111.335
2025-12-09T09:00Z,2025-12-09 10:00,103.060
2025-12-09T10:00Z,2025-12-09 11:00,103.340
2025-12-09T11:00Z,2025-12-09 12:00,97.830
2025-12-09T12:00Z,2025-12-09 13:00,101.100
2025-12-09T13:00Z,2025-12-09 14:00,100.220
2025-12-09T14:00Z,2025-12-09 15:00,110.885
2025-12-09T15:00Z,2025-12-09 16:00,108.300
2025-12-09T16:00Z,2025-12-09 17:00,104.567
2025-12-09T17:00Z,2025-12-09 18:00,96.910
2025-12-09T18:00Z,2025-12-09 19:00,85.103
2025-12-09T19:00Z,2025-12-09 20:00,83.670
2025-12-09T20:00Z,2025-12-09 21:00,79.355
2025-12-09T21:00Z,2025-12-09 22:00,73.332
2025-12-09T22:00Z,2025-12-09 23:00,55.420
2025-12-09T23:00Z,2025-12-10 00:00,43.900
2025-12-10T00:00Z,2025-12-10 01:00,36.480
2025-12-10T01:00Z,2025-12-10 02:00,31.000
2025-12-10T02:00Z,2025-12-10 03:00,35.112
2025-12-10T03:00Z,2025-12-10 04:00,48.090
2025-12-10T04:00Z,2025-12-10 05:00,69.650
2025-12-10T05:00Z,2025-12-10 06:00,79.120
2025-12-10T06:00Z,2025-12-10 07:00,87.505
2025-12-10T07:00Z,2025-12-10 08:00,94.333
2025-12-10T08:00Z,2025-12-10 09:00,94.225
2025-12-10T09:00Z,2025-12-10 10:00,87.727
2025-12-10T10:00Z,2025-12-10 11:00,80.998
2025-12-10T11:00Z,2025-12-10 12:00,79.500
2025-12-10T12:00Z,2025-12-10 13:00,81.442
2025-12-10T13:00Z,2025-12-10 14:00,90.222
2025-12-10T14:00Z,2025-12-10 15:00,100.665
2025-12-10T15:00Z,2025-12-10 16:00,104.002
2025-12-10T16:00Z,2025-12-10 17:00,105.672
2025-12-10T17:00Z,2025-12-10 18:00,104.695
2025-12-10T18:00Z,2025-12-10 19:00,96.773
2025-12-10T19:00Z,2025-12-10 20:00,87.750
2025-12-10T20:00Z,2025-12-10 21:00,86.310
2025-12-10T21:00Z,2025-12-10 22:00,82.485
2025-12-10T22:00Z,2025-12-10 23:00,76.425
2025-12-10T23:00Z,2025-12-11 00:00,73.975
2025-12-11T00:00Z,2025-12-11 01:00,73.417
2025-12-11T01:00Z,2025-12-11 02:00,72.515
2025-12-11T02:00Z,2025-12-11 03:00,75.207
2025-12-11T03:00Z,2025-12-11 04:00,76.912
2025-12-11T04:00Z,2025-12-11 05:00,80.593
2025-12-11T05:00Z,2025-12-11 06:00,90.090
2025-12-11T06:00Z,2025-12-11 07:00,98.110
2025-12-11T07:00Z,2025-12-11 08:00,110.358
2025-12-11T08:00Z,2025-12-11 09:00,106.168
2025-12-11T09:00Z,2025-12-11 10:00,93.180
2025-12-11T10:00Z,2025-12-11 11:00,91.918
2025-12-11T11:00Z,2025-12-11 12:00,89.400
2025-12-11T12:00Z,2025-12-11 13:00,90.220
2025-12-11T13:00Z,2025-12-11 14:00,97.787
2025-12-11T14:00Z,2025-12-11 15:00,111.265
2025-12-11T15:00Z,2025-12-11 16:00,114.700
2025-12-11T16:00Z,2025-12-11 17:00,115.405
2025-12-11T17:00Z,2025-12-11 18:00,112.567
2025-12-11T18:00Z,2025-12-11 19:00,107.790
2025-12-11T19:00Z,2025-12-11 20:00,103.642
2025-12-11T20:00Z,2025-12-11 21:00,94.392
2025-12-11T21:00Z,2025-12-11 22:00,93.585
2025-12-11T22:00Z,2025-12-11 23:00,93.735
2025-12-11T23:00Z,2025-12-12 00:00,83.780
2025-12-12T00:00Z,2025-12-12 01:00,86.220
2025-12-12T01:00Z,2025-12-12 02:00,87.900
2025-12-12T02:00Z,2025-12-12 03:00,90.183
2025-12-12T03:00Z,2025-12-12 04:00,90.707
2025-12-12T04:00Z,2025-12-12 05:00,92.213
2025-12-12T05:00Z,2025-12-12 06:00,101.227
2025-12-12T06:00Z,2025-12-12 07:00,121.325
2025-12-12T07:00Z,2025-12-12 08:00,130.852
2025-12-12T08:00Z,2025-12-12 09:00,126.903
2025-12-12T09:00Z,2025-12-12 10:00,121.955
2025-12-12T10:00Z,2025-12-12 11:00,118.305
2025-12-12T11:00Z,2025-12-12 12:00,113.067
2025-12-12T12:00Z,2025-12-12 13:00,118.260
2025-12-12T13:00Z,2025-12-12 14:00,126.823
2025-12-12T14:00Z,2025-12-12 15:00,131.947
2025-12-12T15:00Z,2025-12-12 16:00,145.488
2025-12-12T16:00Z,2025-12-12 17:00,146.825
2025-12-12T17:00Z,2025-12-12 18:00,133.100
2025-12-12T18:00Z,2025-12-12 19:00,128.058
2025-12-12T19:00Z,2025-12-12 20:00,117.002
2025-12-12T20:00Z,2025-12-12 21:00,114.930
2025-12-12T21:00Z,2025-12-12 22:00,103.820
2025-12-12T22:00Z,2025-12-12 23:00,91.752
2025-12-12T23:00Z,2025-12-13 00:00,92.282
2025-12-13T00:00Z,2025-12-13 01:00,90.502
2025-12-13T01:00Z,2025-12-13 02:00,87.390
2025-12-13T02:00Z,2025-12-13 03:00,87.043
2025-12-13T03:00Z,2025-12-13 04:00,85.000
2025-12-13T04:00Z,2025-12-13 05:00,84.667
2025-12-13T05:00Z,2025-12-13 06:00,79.142
2025-12-13T06:00Z,2025-12-13 07:00,81.135
2025-12-13T07:00Z,2025-12-13 08:00,95.953
2025-12-13T08:00Z,2025-12-13 09:00,106.770
2025-12-13T09:00Z,2025-12-13 10:00,102.585
2025-12-13T10:00Z,2025-12-13 11:00,98.093
2025-12-13T11:00Z,2025-12-13 12:00,93.757
2025-12-13T12:00Z,2025-12-13 13:00,92.935
2025-12-13T13:00Z,2025-12-13 14:00,95.758
2025-12-13T14:00Z,2025-12-13 15:00,114.657
2025-12-13T15:00Z,2025-12-13 16:00,119.707
2025-12-13T16:00Z,2025-12-13 17:00,118.448
2025-12-13T17:00Z,2025-12-13 18:00,112.255
2025-12-13T18:00Z,2025-12-13 19:00,103.630
2025-12-13T19:00Z,2025-12-13 20:00,91.707
2025-12-13T20:00Z,2025-12-13 21:00,90.558
2025-12-13T21:00Z,2025-12-13 22:00,93.685
2025-12-13T22:00Z,2025-12-13 23:00,84.388
2025-12-13T23:00Z,2025-12-14 00:00,91.195
2025-12-14T00:00Z,2025-12-14 01:00,90.523
2025-12-14T01:00Z,2025-12-14 02:00,81.900
2025-12-14T02:00Z,2025-12-14 03:00,79.950
2025-12-14T03:00Z,2025-12-14 04:00,77.305
2025-12-14T04:00Z,2025-12-14 05:00,78.763
2025-12-14T05:00Z,2025-12-14 06:00,77.175
2025-12-14T06:00Z,2025-12-14 07:00,77.472
2025-12-14T07:00Z,2025-12-14 08:00,81.760
2025-12-14T08:00Z,2025-12-14 09:00,82.345
2025-12-14T09:00Z,2025-12-14 10:00,80.005
2025-12-14T10:00Z,2025-12-14 11:00,84.078
2025-12-14T11:00Z,2025-12-14 12:00,87.273
2025-12-14T12:00Z,2025-12-14 13:00,86.958
2025-12-14T13:00Z,2025-12-14 14:00,88.650
2025-12-14T14:00Z,2025-12-14 15:00,92.097
2025-12-14T15:00Z,2025-12-14 16:00,99.282
2025-12-14T16:00Z,2025-12-14 17:00,102.785
2025-12-14T17:00Z,2025-12-14 18:00,103.293
2025-12-14T18:00Z,2025-12-14 19:00,92.990
2025-12-14T19:00Z,2025-12-14 20:00,90.398
2025-12-14T20:00Z,2025-12-14 21:00,84.403
2025-12-14T21:00Z,2025-12-14 22:00,82.650
2025-12-14T22:00Z,2025-12-14 23:00,75.750
2025-12-14T23:00Z,2025-12-15 00:00,72.500
2025-12-15T00:00Z,2025-12-15 01:00,71.877
2025-12-15T01:00Z,2025-12-15 02:00,71.037
2025-12-15T02:00Z,2025-12-15 03:00,70.668
2025-12-15T03:00Z,2025-12-15 04:00,75.280
2025-12-15T04:00Z,2025-12-15 05:00,76.802
2025-12-15T05:00Z,2025-12-15 06:00,86.525
2025-12-15T06:00Z,2025-12-15 07:00,98.790
2025-12-15T07:00Z,2025-12-15 08:00,101.127
2025-12-15T08:00Z,2025-12-15 09:00,96.650
2025-12-15T09:00Z,2025-12-15 10:00,89.615
2025-12-15T10:00Z,2025-12-15 11:00,79.722
2025-12-15T11:00Z,2025-12-15 12:00,79.770
2025-12-15T12:00Z,2025-12-15 13:00,88.260
2025-12-15T13:00Z,2025-12-15 14:00,95.438
2025-12-15T14:00Z,2025-12-15 15:00,107.300
2025-12-15T15:00Z,2025-12-15 16:00,108.655
2025-12-15T16:00Z,2025-12-15 17:00,104.212
2025-12-15T17:00Z,2025-12-15 18:00,98.157
2025-12-15T18:00Z,2025-12-15 19:00,90.417
2025-12-15T19:00Z,2025-12-15 20:00,84.250
2025-12-15T20:00Z,2025-12-15 21:00,85.170
2025-12-15T21:00Z,2025-12-15 22:00,84.978
2025-12-15T22:00Z,2025-12-15 23:00,80.463
2025-12-15T23:00Z,2025-12-16 00:00,80.670
2025-12-16T00:00Z,2025-12-16 01:00,79.053
2025-12-16T01:00Z,2025-12-16 02:00,77.097
2025-12-16T02:00Z,2025-12-16 03:00,79.052
2025-12-16T03:00Z,2025-12-16 04:00,80.388
2025-12-16T04:00Z,2025-12-16 05:00,82.312
2025-12-16T05:00Z,2025-12-16 06:00,88.400
2025-12-16T06:00Z,2025-12-16 07:00,91.385
2025-12-16T07:00Z,2025-12-16 08:00,100.468
2025-12-16T08:00Z,2025-12-16 09:00,101.265
2025-12-16T09:00Z,2025-12-16 10:00,92.345
2025-12-16T10:00Z,2025-12-16 11:00,90.608
2025-12-16T11:00Z,2025-12-16 12:00,91.513
2025-12-16T12:00Z,2025-12-16 13:00,99.885
2025-12-16T13:00Z,2025-12-16 14:00,124.398
2025-12-16T14:00Z,2025-12-16 15:00,139.377
2025-12-16T15:00Z,2025-12-16 16:00,155.312
2025-12-16T16:00Z,2025-12-16 17:00,162.205
2025-12-16T17:00Z,2025-12-16 18:00,142.250
2025-12-16T18:00Z,2025-12-16 19:00,137.097
2025-12-16T19:00Z,2025-12-16 20:00,128.850
2025-12-16T20:00Z,2025-12-16 21:00,118.942
2025-12-16T21:00Z,2025-12-16 22:00,115.575
2025-12-16T22:00Z,2025-12-16 23:00,103.420
2025-12-16T23:00Z,2025-12-17 00:00,89.002
2025-12-17T00:00Z,2025-12-17 01:00,89.790
2025-12-17T01:00Z,2025-12-17 02:00,86.493
2025-12-17T02:00Z,2025-12-17 03:00,85.025
2025-12-17T03:00Z,2025-12-17 04:00,88.078
2025-12-17T04:00Z,2025-12-17 05:00,90.498
2025-12-17T05:00Z,2025-12-17 06:00,95.487
2025-12-17T06:00Z,2025-12-17 07:00,108.825
2025-12-17T07:00Z,2025-12-17 08:00,133.460
2025-12-17T08:00Z,2025-12-17 09:00,126.295
2025-12-17T09:00Z,2025-12-17 10:00,124.535
2025-12-17T10:00Z,2025-12-17 11:00,118.150
2025-12-17T11:00Z,2025-12-17 12:00,111.895
2025-12-17T12:00Z,2025-12-17 13:00,122.657
2025-12-17T13:00Z,2025-12-17 14:00,129.970
2025-12-17T14:00Z,2025-12-17 15:00,127.502
2025-12-17T15:00Z,2025-12-17 16:00,126.498
2025-12-17T16:00Z,2025-12-17 17:00,122.825
2025-12-17T17:00Z,2025-12-17 18:00,111.400
2025-12-17T18:00Z,2025-12-17 19:00,97.505
2025-12-17T19:00Z,2025-12-17 20:00,94.710
2025-12-17T20:00Z,2025-12-17 21:00,94.703
2025-12-17T21:00Z,2025-12-17 22:00,93.218
2025-12-17T22:00Z,2025-12-17 23:00,85.000
2025-12-17T23:00Z,2025-12-18 00:00,77.755
2025-12-18T00:00Z,2025-12-18 01:00,69.065
2025-12-18T01:00Z,2025-12-18 02:00,60.127
2025-12-18T02:00Z,2025-12-18 03:00,48.890
2025-12-18T03:00Z,2025-12-18 04:00,44.817
2025-12-18T04:00Z,2025-12-18 05:00,50.828
2025-12-18T05:00Z,2025-12-18 06:00,63.243
2025-12-18T06:00Z,2025-12-18 07:00,81.525
2025-12-18T07:00Z,2025-12-18 08:00,90.742
2025-12-18T08:00Z,2025-12-18 09:00,88.558
2025-12-18T09:00Z,2025-12-18 10:00,78.282
2025-12-18T10:00Z,2025-12-18 11:00,78.287
2025-12-18T11:00Z,2025-12-18 12:00,77.422
2025-12-18T12:00Z,2025-12-18 13:00,79.477
2025-12-18T13:00Z,2025-12-18 14:00,103.755
2025-12-18T14:00Z,2025-12-18 15:00,114.493
2025-12-18T15:00Z,2025-12-18 16:00,110.882
2025-12-18T16:00Z,2025-12-18 17:00,103.418
2025-12-18T17:00Z,2025-12-18 18:00,88.255
2025-12-18T18:00Z,2025-12-18 19:00,80.140
2025-12-18T19:00Z,2025-12-18 20:00,67.683
2025-12-18T20:00Z,2025-12-18 21:00,53.255
2025-12-18T21:00Z,2025-12-18 22:00,51.800
2025-12-18T22:00Z,2025-12-18 23:00,18.652
2025-12-18T23:00Z,2025-12-19 00:00,9.840
2025-12-19T00:00Z,2025-12-19 01:00,5.857
2025-12-19T01:00Z,2025-12-19 02:00,4.330
2025-12-19T02:00Z,2025-12-19 03:00,3.515
2025-12-19T03:00Z,2025-12-19 04:00,4.115
2025-12-19T04:00Z,2025-12-19 05:00,10.775
2025-12-19T05:00Z,2025-12-19 06:00,40.280
2025-12-19T06:00Z,2025-12-19 07:00,76.713
2025-12-19T07:00Z,2025-12-19 08:00,89.543
2025-12-19T08:00Z,2025-12-19 09:00,89.385
2025-12-19T09:00Z,2025-12-19 10:00,89.230
2025-12-19T10:00Z,2025-12-19 11:00,87.490
2025-12-19T11:00Z,2025-12-19 12:00,84.572
2025-12-19T12:00Z,2025-12-19 13:00,87.625
2025-12-19T13:00Z,2025-12-19 14:00,93.347
2025-12-19T14:00Z,2025-12-19 15:00,97.403
2025-12-19T15:00Z,2025-12-19 16:00,100.332
2025-12-19T16:00Z,2025-12-19 17:00,106.905
2025-12-19T17:00Z,2025-12-19 18:00,107.480
2025-12-19T18:00Z,2025-12-19 19:00,105.123
2025-12-19T19:00Z,2025-12-19 20:00,102.910
2025-12-19T20:00Z,2025-12-19 21:00,98.463
2025-12-19T21:00Z,2025-12-19 22:00,96.278
2025-12-19T22:00Z,2025-12-19 23:00,90.180
2025-12-19T23:00Z,2025-12-20 00:00,84.812
2025-12-20T00:00Z,2025-12-20 01:00,83.400
2025-12-20T01:00Z,2025-12-20 02:00,85.002
2025-12-20T02:00Z,2025-12-20 03:00,87.487
2025-12-20T03:00Z,2025-12-20 04:00,88.460
2025-12-20T04:00Z,2025-12-20 05:00,89.915
2025-12-20T05:00Z,2025-12-20 06:00,95.975
2025-12-20T06:00Z,2025-12-20 07:00,104.000
2025-12-20T07:00Z,2025-12-20 08:00,113.207
2025-12-20T08:00Z,2025-12-20 09:00,114.800
2025-12-20T09:00Z,2025-12-20 10:00,112.667
2025-12-20T10:00Z,2025-12-20 11:00,110.987
2025-12-20T11:00Z,2025-12-20 12:00,110.267
2025-12-20T12:00Z,2025-12-20 13:00,114.983
2025-12-20T13:00Z,2025-12-20 14:00,119.483
2025-12-20T14:00Z,2025-12-20 15:00,120.638
2025-12-20T15:00Z,2025-12-20 16:00,120.205
2025-12-20T16:00Z,2025-12-20 17:00,122.392
2025-12-20T17:00Z,2025-12-20 18:00,118.265
2025-12-20T18:00Z,2025-12-20 19:00,104.110
2025-12-20T19:00Z,2025-12-20 20:00,96.382
2025-12-20T20:00Z,2025-12-20 21:00,93.010
2025-12-20T21:00Z,2025-12-20 22:00,92.245
2025-12-20T22:00Z,2025-12-20 23:00,90.672
2025-12-20T23:00Z,2025-12-21 00:00,95.700
2025-12-21T00:00Z,2025-12-21 01:00,90.045
2025-12-21T01:00Z,2025-12-21 02:00,86.485
2025-12-21T02:00Z,2025-12-21 03:00,85.395
2025-12-21T03:00Z,2025-12-21 04:00,85.627
2025-12-21T04:00Z,2025-12-21 05:00,86.825
2025-12-21T05:00Z,2025-12-21 06:00,88.140
2025-12-21T06:00Z,2025-12-21 07:00,92.852
2025-12-21T07:00Z,2025-12-21 08:00,102.148
2025-12-21T08:00Z,2025-12-21 09:00,107.010
2025-12-21T09:00Z,2025-12-21 10:00,102.583
2025-12-21T10:00Z,2025-12-21 11:00,101.300
2025-12-21T11:00Z,2025-12-21 12:00,98.483
2025-12-21T12:00Z,2025-12-21 13:00,94.868
2025-12-21T13:00Z,2025-12-21 14:00,98.892
2025-12-21T14:00Z,2025-12-21 15:00,100.870
2025-12-21T15:00Z,2025-12-21 16:00,97.515
2025-12-21T16:00Z,2025-12-21 17:00,97.067
2025-12-21T17:00Z,2025-12-21 18:00,90.795
2025-12-21T18:00Z,2025-12-21 19:00,86.140
2025-12-21T19:00Z,2025-12-21 20:00,81.655
2025-12-21T20:00Z,2025-12-21 21:00,78.862
2025-12-21T21:00Z,2025-12-21 22:00,77.495
2025-12-21T22:00Z,2025-12-21 23:00,70.905
2025-12-21T23:00Z,2025-12-22 00:00,70.227
2025-12-22T00:00Z,2025-12-22 01:00,68.828
2025-12-22T01:00Z,2025-12-22 02:00,67.785
2025-12-22T02:00Z,2025-12-22 03:00,66.310
2025-12-22T03:00Z,2025-12-22 04:00,71.517
2025-12-22T04:00Z,2025-12-22 05:00,74.112
2025-12-22T05:00Z,2025-12-22 06:00,78.188
2025-12-22T06:00Z,2025-12-22 07:00,90.448
2025-12-22T07:00Z,2025-12-22 08:00,93.343
2025-12-22T08:00Z,2025-12-22 09:00,90.792
2025-12-22T09:00Z,2025-12-22 10:00,89.248
2025-12-22T10:00Z,2025-12-22 11:00,85.000
2025-12-22T11:00Z,2025-12-22 12:00,86.340
2025-12-22T12:00Z,2025-12-22 13:00,88.615
2025-12-22T13:00Z,2025-12-22 14:00,92.123
2025-12-22T14:00Z,2025-12-22 15:00,99.537
2025-12-22T15:00Z,2025-12-22 16:00,101.180
2025-12-22T16:00Z,2025-12-22 17:00,107.892
2025-12-22T17:00Z,2025-12-22 18:00,100.900
2025-12-22T18:00Z,2025-12-22 19:00,93.790
2025-12-22T19:00Z,2025-12-22 20:00,89.477
2025-12-22T20:00Z,2025-12-22 21:00,84.860
2025-12-22T21:00Z,2025-12-22 22:00,84.823
2025-12-22T22:00Z,2025-12-22 23:00,77.968
2025-12-22T23:00Z,2025-12-23 00:00,72.233
2025-12-23T00:00Z,2025-12-23 01:00,65.032
2025-12-23T01:00Z,2025-12-23 02:00,62.005
2025-12-23T02:00Z,2025-12-23 03:00,59.060
2025-12-23T03:00Z,2025-12-23 04:00,58.112
2025-12-23T04:00Z,2025-12-23 05:00,59.023
2025-12-23T05:00Z,2025-12-23 06:00,67.847
2025-12-23T06:00Z,2025-12-23 07:00,78.017
2025-12-23T07:00Z,2025-12-23 08:00,83.875
2025-12-23T08:00Z,2025-12-23 09:00,85.465
2025-12-23T09:00Z,2025-12-23 10:00,83.838
2025-12-23T10:00Z,2025-12-23 11:00,81.867
2025-12-23T11:00Z,2025-12-23 12:00,80.485
2025-12-23T12:00Z,2025-12-23 13:00,79.213
2025-12-23T13:00Z,2025-12-23 14:00,79.215
2025-12-23T14:00Z,2025-12-23 15:00,81.828
2025-12-23T15:00Z,2025-12-23 16:00,83.688
2025-12-23T16:00Z,2025-12-23 17:00,82.468
2025-12-23T17:00Z,2025-12-23 18:00,83.945
2025-12-23T18:00Z,2025-12-23 19:00,82.465
2025-12-23T19:00Z,2025-12-23 20:00,78.005
2025-12-23T20:00Z,2025-12-23 21:00,69.930
2025-12-23T21:00Z,2025-12-23 22:00,71.835
2025-12-23T22:00Z,2025-12-23 23:00,64.093
2025-12-23T23:00Z,2025-12-24 00:00,60.248
2025-12-24T00:00Z,2025-12-24 01:00,55.862
2025-12-24T01:00Z,2025-12-24 02:00,56.800
2025-12-24T02:00Z,2025-12-24 03:00,55.840
2025-12-24T03:00Z,2025-12-24 04:00,55.847
2025-12-24T04:00Z,2025-12-24 05:00,55.850
2025-12-24T05:00Z,2025-12-24 06:00,57.215
2025-12-24T06:00Z,2025-12-24 07:00,67.445
2025-12-24T07:00Z,2025-12-24 08:00,81.000
2025-12-24T08:00Z,2025-12-24 09:00,82.470
2025-12-24T09:00Z,2025-12-24 10:00,76.023
2025-12-24T10:00Z,2025-12-24 11:00,69.287
2025-12-24T11:00Z,2025-12-24 12:00,68.513
2025-12-24T12:00Z,2025-12-24 13:00,67.987
2025-12-24T13:00Z,2025-12-24 14:00,73.757
2025-12-24T14:00Z,2025-12-24 15:00,83.052
2025-12-24T15:00Z,2025-12-24 16:00,87.900
2025-12-24T16:00Z,2025-12-24 17:00,89.132
2025-12-24T17:00Z,2025-12-24 18:00,78.907
2025-12-24T18:00Z,2025-12-24 19:00,71.773
2025-12-24T19:00Z,2025-12-24 20:00,68.157
2025-12-24T20:00Z,2025-12-24 21:00,67.987
2025-12-24T21:00Z,2025-12-24 22:00,69.007
2025-12-24T22:00Z,2025-12-24 23:00,65.162
2025-12-24T23:00Z,2025-12-25 00:00,63.220
2025-12-25T00:00Z,2025-12-25 01:00,58.443
2025-12-25T01:00Z,2025-12-25 02:00,56.858
2025-12-25T02:00Z,2025-12-25 03:00,55.845
2025-12-25T03:00Z,2025-12-25 04:00,54.530
2025-12-25T04:00Z,2025-12-25 05:00,52.605
2025-12-25T05:00Z,2025-12-25 06:00,49.165
2025-12-25T06:00Z,2025-12-25 07:00,54.028
2025-12-25T07:00Z,2025-12-25 08:00,64.205
2025-12-25T08:00Z,2025-12-25 09:00,64.707
2025-12-25T09:00Z,2025-12-25 10:00,53.765
2025-12-25T10:00Z,2025-12-25 11:00,48.983
2025-12-25T11:00Z,2025-12-25 12:00,48.487
2025-12-25T12:00Z,2025-12-25 13:00,47.865
2025-12-25T13:00Z,2025-12-25 14:00,68.547
2025-12-25T14:00Z,2025-12-25 15:00,89.415
2025-12-25T15:00Z,2025-12-25 16:00,92.235
2025-12-25T16:00Z,2025-12-25 17:00,94.005
2025-12-25T17:00Z,2025-12-25 18:00,94.055
2025-12-25T18:00Z,2025-12-25 19:00,91.715
2025-12-25T19:00Z,2025-12-25 20:00,91.032
2025-12-25T20:00Z,2025-12-25 21:00,92.700
2025-12-25T21:00Z,2025-12-25 22:00,96.153
2025-12-25T22:00Z,2025-12-25 23:00,91.470
2025-12-25T23:00Z,2025-12-26 00:00,97.100
2025-12-26T00:00Z,2025-12-26 01:00,91.052
2025-12-26T01:00Z,2025-12-26 02:00,85.817
2025-12-26T02:00Z,2025-12-26 03:00,83.053
2025-12-26T03:00Z,2025-12-26 04:00,82.392
2025-12-26T04:00Z,2025-12-26 05:00,82.835
2025-12-26T05:00Z,2025-12-26 06:00,85.020
2025-12-26T06:00Z,2025-12-26 07:00,93.115
2025-12-26T07:00Z,2025-12-26 08:00,98.900
2025-12-26T08:00Z,2025-12-26 09:00,96.730
2025-12-26T09:00Z,2025-12-26 10:00,89.250
2025-12-26T10:00Z,2025-12-26 11:00,84.993
2025-12-26T11:00Z,2025-12-26 12:00,82.312
2025-12-26T12:00Z,2025-12-26 13:00,83.097
2025-12-26T13:00Z,2025-12-26 14:00,92.700
2025-12-26T14:00Z,2025-12-26 15:00,109.142
2025-12-26T15:00Z,2025-12-26 16:00,116.773
2025-12-26T16:00Z,2025-12-26 17:00,120.470
2025-12-26T17:00Z,2025-12-26 18:00,116.972
2025-12-26T18:00Z,2025-12-26 19:00,116.263
2025-12-26T19:00Z,2025-12-26 20:00,113.725
2025-12-26T20:00Z,2025-12-26 21:00,111.500
2025-12-26T21:00Z,2025-12-26 22:00,108.255
2025-12-26T22:00Z,2025-12-26 23:00,99.367
2025-12-26T23:00Z,2025-12-27 00:00,96.690
2025-12-27T00:00Z,2025-12-27 01:00,91.725
2025-12-27T01:00Z,2025-12-27 02:00,84.707
2025-12-27T02:00Z,2025-12-27 03:00,82.718
2025-12-27T03:00Z,2025-12-27 04:00,83.998
2025-12-27T04:00Z,2025-12-27 05:00,83.170
2025-12-27T05:00Z,2025-12-27 06:00,88.015
2025-12-27T06:00Z,2025-12-27 07:00,99.505
2025-12-27T07:00Z,2025-12-27 08:00,102.320
2025-12-27T08:00Z,2025-12-27 09:00,93.810
2025-12-27T09:00Z,2025-12-27 10:00,80.032
2025-12-27T10:00Z,2025-12-27 11:00,75.395
2025-12-27T11:00Z,2025-12-27 12:00,74.540
2025-12-27T12:00Z,2025-12-27 13:00,76.737
2025-12-27T13:00Z,2025-12-27 14:00,81.200
2025-12-27T14:00Z,2025-12-27 15:00,94.543
2025-12-27T15:00Z,2025-12-27 16:00,103.007
2025-12-27T16:00Z,2025-12-27 17:00,105.925
2025-12-27T17:00Z,2025-12-27 18:00,108.427
2025-12-27T18:00Z,2025-12-27 19:00,105.000
2025-12-27T19:00Z,2025-12-27 20:00,102.588
2025-12-27T20:00Z,2025-12-27 21:00,93.895
2025-12-27T21:00Z,2025-12-27 22:00,95.418
2025-12-27T22:00Z,2025-12-27 23:00,91.295
2025-12-27T23:00Z,2025-12-28 00:00,84.335
2025-12-28T00:00Z,2025-12-28 01:00,83.370
2025-12-28T01:00Z,2025-12-28 02:00,79.960
2025-12-28T02:00Z,2025-12-28 03:00,78.817
2025-12-28T03:00Z,2025-12-28 04:00,80.448
2025-12-28T04:00Z,2025-12-28 05:00,83.610
2025-12-28T05:00Z,2025-12-28 06:00,86.477
2025-12-28T06:00Z,2025-12-28 07:00,92.150
2025-12-28T07:00Z,2025-12-28 08:00,97.362
2025-12-28T08:00Z,2025-12-28 09:00,96.565
2025-12-28T09:00Z,2025-12-28 10:00,88.213
2025-12-28T10:00Z,2025-12-28 11:00,88.368
2025-12-28T11:00Z,2025-12-28 12:00,80.022
2025-12-28T12:00Z,2025-12-28 13:00,80.025
2025-12-28T13:00Z,2025-12-28 14:00,86.677
2025-12-28T14:00Z,2025-12-28 15:00,100.870
2025-12-28T15:00Z,2025-12-28 16:00,110.882
2025-12-28T16:00Z,2025-12-28 17:00,113.703
2025-12-28T17:00Z,2025-12-28 18:00,114.455
2025-12-28T18:00Z,2025-12-28 19:00,109.333
2025-12-28T19:00Z,2025-12-28 20:00,105.010
2025-12-28T20:00Z,2025-12-28 21:00,99.028
2025-12-28T21:00Z,2025-12-28 22:00,98.282
2025-12-28T22:00Z,2025-12-28 23:00,88.440
2025-12-28T23:00Z,2025-12-29 00:00,89.880
2025-12-29T00:00Z,2025-12-29 01:00,84.982
2025-12-29T01:00Z,2025-12-29 02:00,84.183
2025-12-29T02:00Z,2025-12-29 03:00,82.190
2025-12-29T03:00Z,2025-12-29 04:00,83.623
2025-12-29T04:00Z,2025-12-29 05:00,90.793
2025-12-29T05:00Z,2025-12-29 06:00,96.332
2025-12-29T06:00Z,2025-12-29 07:00,104.718
2025-12-29T07:00Z,2025-12-29 08:00,113.877
2025-12-29T08:00Z,2025-12-29 09:00,111.010
2025-12-29T09:00Z,2025-12-29 10:00,97.645
2025-12-29T10:00Z,2025-12-29 11:00,90.345
2025-12-29T11:00Z,2025-12-29 12:00,87.657
2025-12-29T12:00Z,2025-12-29 13:00,88.523
2025-12-29T13:00Z,2025-12-29 14:00,96.102
2025-12-29T14:00Z,2025-12-29 15:00,103.507
2025-12-29T15:00Z,2025-12-29 16:00,108.655
2025-12-29T16:00Z,2025-12-29 17:00,107.007
2025-12-29T17:00Z,2025-12-29 18:00,103.308
2025-12-29T18:00Z,2025-12-29 19:00,95.148
2025-12-29T19:00Z,2025-12-29 20:00,90.373
2025-12-29T20:00Z,2025-12-29 21:00,83.245
2025-12-29T21:00Z,2025-12-29 22:00,87.915
2025-12-29T22:00Z,2025-12-29 23:00,83.343
2025-12-29T23:00Z,2025-12-30 00:00,77.862
2025-12-30T00:00Z,2025-12-30 01:00,73.215
2025-12-30T01:00Z,2025-12-30 02:00,71.855
2025-12-30T02:00Z,2025-12-30 03:00,69.358
2025-12-30T03:00Z,2025-12-30 04:00,68.537
2025-12-30T04:00Z,2025-12-30 05:00,71.990
2025-12-30T05:00Z,2025-12-30 06:00,80.020
2025-12-30T06:00Z,2025-12-30 07:00,87.970
2025-12-30T07:00Z,2025-12-30 08:00,94.877
2025-12-30T08:00Z,2025-12-30 09:00,94.392
2025-12-30T09:00Z,2025-12-30 10:00,85.820
2025-12-30T10:00Z,2025-12-30 11:00,79.380
2025-12-30T11:00Z,2025-12-30 12:00,76.155
2025-12-30T12:00Z,2025-12-30 13:00,76.757
2025-12-30T13:00Z,2025-12-30 14:00,88.968
2025-12-30T14:00Z,2025-12-30 15:00,102.325
2025-12-30T15:00Z,2025-12-30 16:00,109.100
2025-12-30T16:00Z,2025-12-30 17:00,110.715
2025-12-30T17:00Z,2025-12-30 18:00,109.120
2025-12-30T18:00Z,2025-12-30 19:00,105.608
2025-12-30T19:00Z,2025-12-30 20:00,101.040
2025-12-30T20:00Z,2025-12-30 21:00,93.323
2025-12-30T21:00Z,2025-12-30 22:00,92.045
2025-12-30T22:00Z,2025-12-30 23:00,85.808
2025-12-30T23:00Z,2025-12-31 00:00,88.082
2025-12-31T00:00Z,2025-12-31 01:00,84.338
2025-12-31T01:00Z,2025-12-31 02:00,80.213
2025-12-31T02:00Z,2025-12-31 03:00,76.580
2025-12-31T03:00Z,2025-12-31 04:00,74.933
2025-12-31T04:00Z,2025-12-31 05:00,77.377
2025-12-31T05:00Z,2025-12-31 06:00,81.867
2025-12-31T06:00Z,2025-12-31 07:00,85.282
2025-12-31T07:00Z,2025-12-31 08:00,95.793
2025-12-31T08:00Z,2025-12-31 09:00,95.335
2025-12-31T09:00Z,2025-12-31 10:00,89.262
2025-12-31T10:00Z,2025-12-31 11:00,83.480
2025-12-31T11:00Z,2025-12-31 12:00,83.047
2025-12-31T12:00Z,2025-12-31 13:00,85.170
2025-12-31T13:00Z,2025-12-31 14:00,85.178
2025-12-31T14:00Z,2025-12-31 15:00,90.832
2025-12-31T15:00Z,2025-12-31 16:00,100.705
2025-12-31T16:00Z,2025-12-31 17:00,110.100
2025-12-31T17:00Z,2025-12-31 18:00,107.528
2025-12-31T18:00Z,2025-12-31 19:00,95.990
2025-12-31T19:00Z,2025-12-31 20:00,86.802
2025-12-31T20:00Z,2025-12-31 21:00,79.797
2025-12-31T21:00Z,2025-12-31 22:00,81.390
2025-12-31T22:00Z,2025-12-31 23:00,76.448
2025-12-31T23:00Z,2026-01-01 00:00,58.278
2026-01-01T00:00Z,2026-01-01 01:00,42.395
2026-01-01T01:00Z,2026-01-01 02:00,19.570
2026-01-01T02:00Z,2026-01-01 03:00,6.285
2026-01-01T03:00Z,2026-01-01 04:00,3.092
2026-01-01T04:00Z,2026-01-01 05:00,0.830
2026-01-01T05:00Z,2026-01-01 06:00,0.053
2026-01-01T06:00Z,2026-01-01 07:00,0.025
2026-01-01T07:00Z,2026-01-01 08:00,0.058
2026-01-01T08:00Z,2026-01-01 09:00,0.000
2026-01-01T09:00Z,2026-01-01 10:00,-0.003
2026-01-01T10:00Z,2026-01-01 11:00,-0.003
2026-01-01T11:00Z,2026-01-01 12:00,-0.010
2026-01-01T12:00Z,2026-01-01 13:00,-0.007
2026-01-01T13:00Z,2026-01-01 14:00,0.018
2026-01-01T14:00Z,2026-01-01 15:00,3.510
2026-01-01T15:00Z,2026-01-01 16:00,10.345
2026-01-01T16:00Z,2026-01-01 17:00,21.795
2026-01-01T17:00Z,2026-01-01 18:00,23.128
2026-01-01T18:00Z,2026-01-01 19:00,18.093
2026-01-01T19:00Z,2026-01-01 20:00,10.043
2026-01-01T20:00Z,2026-01-01 21:00,8.950
2026-01-01T21:00Z,2026-01-01 22:00,7.372
2026-01-01T22:00Z,2026-01-01 23:00,0.285
2026-01-01T23:00Z,2026-01-02 00:00,9.680
2026-01-02T00:00Z,2026-01-02 01:00,3.010
2026-01-02T01:00Z,2026-01-02 02:00,1.807
2026-01-02T02:00Z,2026-01-02 03:00,0.245
2026-01-02T03:00Z,2026-01-02 04:00,1.725
2026-01-02T04:00Z,2026-01-02 05:00,11.998
2026-01-02T05:00Z,2026-01-02 06:00,21.795
2026-01-02T06:00Z,2026-01-02 07:00,50.965
2026-01-02T07:00Z,2026-01-02 08:00,68.868
2026-01-02T08:00Z,2026-01-02 09:00,71.198
2026-01-02T09:00Z,2026-01-02 10:00,57.888
2026-01-02T10:00Z,2026-01-02 11:00,55.928
2026-01-02T11:00Z,2026-01-02 12:00,58.002
2026-01-02T12:00Z,2026-01-02 13:00,66.947
2026-01-02T13:00Z,2026-01-02 14:00,70.120
2026-01-02T14:00Z,2026-01-02 15:00,77.495
2026-01-02T15:00Z,2026-01-02 16:00,82.455
2026-01-02T16:00Z,2026-01-02 17:00,85.435
2026-01-02T17:00Z,2026-01-02 18:00,88.343
2026-01-02T18:00Z,2026-01-02 19:00,88.573
2026-01-02T19:00Z,2026-01-02 20:00,89.153
2026-01-02T20:00Z,2026-01-02 21:00,83.517
2026-01-02T21:00Z,2026-01-02 22:00,85.593
2026-01-02T22:00Z,2026-01-02 23:00,81.832
2026-01-02T23:00Z,2026-01-03 00:00,80.165
2026-01-03T00:00Z,2026-01-03 01:00,78.330
2026-01-03T01:00Z,2026-01-03 02:00,75.820
2026-01-03T02:00Z,2026-01-03 03:00,74.820
2026-01-03T03:00Z,2026-01-03 04:00,73.023
2026-01-03T04:00Z,2026-01-03 05:00,74.990
2026-01-03T05:00Z,2026-01-03 06:00,75.910
2026-01-03T06:00Z,2026-01-03 07:00,79.312
2026-01-03T07:00Z,2026-01-03 08:00,90.690
2026-01-03T08:00Z,2026-01-03 09:00,94.090
2026-01-03T09:00Z,2026-01-03 10:00,93.310
2026-01-03T10:00Z,2026-01-03 11:00,88.707
2026-01-03T11:00Z,2026-01-03 12:00,87.412
2026-01-03T12:00Z,2026-01-03 13:00,86.605
2026-01-03T13:00Z,2026-01-03 14:00,89.683
2026-01-03T14:00Z,2026-01-03 15:00,94.600
2026-01-03T15:00Z,2026-01-03 16:00,99.880
2026-01-03T16:00Z,2026-01-03 17:00,109.715
2026-01-03T17:00Z,2026-01-03 18:00,110.825
2026-01-03T18:00Z,2026-01-03 19:00,104.760
2026-01-03T19:00Z,2026-01-03 20:00,97.625
2026-01-03T20:00Z,2026-01-03 21:00,91.118
2026-01-03T21:00Z,2026-01-03 22:00,90.713
2026-01-03T22:00Z,2026-01-03 23:00,86.015
2026-01-03T23:00Z,2026-01-04 00:00,88.823
2026-01-04T00:00Z,2026-01-04 01:00,85.330
2026-01-04T01:00Z,2026-01-04 02:00,85.043
2026-01-04T02:00Z,2026-01-04 03:00,83.737
2026-01-04T03:00Z,2026-01-04 04:00,82.558
2026-01-04T04:00Z,2026-01-04 05:00,83.407
2026-01-04T05:00Z,2026-01-04 06:00,83.795
2026-01-04T06:00Z,2026-01-04 07:00,86.483
2026-01-04T07:00Z,2026-01-04 08:00,88.123
2026-01-04T08:00Z,2026-01-04 09:00,94.300
2026-01-04T09:00Z,2026-01-04 10:00,94.755
2026-01-04T10:00Z,2026-01-04 11:00,90.877
2026-01-04T11:00Z,2026-01-04 12:00,89.543
2026-01-04T12:00Z,2026-01-04 13:00,86.778
2026-01-04T13:00Z,2026-01-04 14:00,92.675
2026-01-04T14:00Z,2026-01-04 15:00,93.197
2026-01-04T15:00Z,2026-01-04 16:00,100.593
2026-01-04T16:00Z,2026-01-04 17:00,118.425
2026-01-04T17:00Z,2026-01-04 18:00,121.180
2026-01-04T18:00Z,2026-01-04 19:00,119.715
2026-01-04T19:00Z,2026-01-04 20:00,112.450
2026-01-04T20:00Z,2026-01-04 21:00,99.700
2026-01-04T21:00Z,2026-01-04 22:00,95.765
2026-01-04T22:00Z,2026-01-04 23:00,89.210
2026-01-04T23:00Z,2026-01-05 00:00,92.453
2026-01-05T00:00Z,2026-01-05 01:00,88.847
2026-01-05T01:00Z,2026-01-05 02:00,86.507
2026-01-05T02:00Z,2026-01-05 03:00,86.312
2026-01-05T03:00Z,2026-01-05 04:00,87.495
2026-01-05T04:00Z,2026-01-05 05:00,90.858
2026-01-05T05:00Z,2026-01-05 06:00,109.022
2026-01-05T06:00Z,2026-01-05 07:00,129.312
2026-01-05T07:00Z,2026-01-05 08:00,151.175
2026-01-05T08:00Z,2026-01-05 09:00,152.150
2026-01-05T09:00Z,2026-01-05 10:00,145.627
2026-01-05T10:00Z,2026-01-05 11:00,136.570
2026-01-05T11:00Z,2026-01-05 12:00,134.303
2026-01-05T12:00Z,2026-01-05 13:00,134.303
2026-01-05T13:00Z,2026-01-05 14:00,140.150
2026-01-05T14:00Z,2026-01-05 15:00,148.990
2026-01-05T15:00Z,2026-01-05 16:00,180.708
2026-01-05T16:00Z,2026-01-05 17:00,223.425
2026-01-05T17:00Z,2026-01-05 18:00,213.585
2026-01-05T18:00Z,2026-01-05 19:00,182.800
2026-01-05T19:00Z,2026-01-05 20:00,147.032
2026-01-05T20:00Z,2026-01-05 21:00,129.102
2026-01-05T21:00Z,2026-01-05 22:00,123.850
2026-01-05T22:00Z,2026-01-05 23:00,111.300
2026-01-05T23:00Z,2026-01-06 00:00,104.695
2026-01-06T00:00Z,2026-01-06 01:00,104.600
2026-01-06T01:00Z,2026-01-06 02:00,101.545
2026-01-06T02:00Z,2026-01-06 03:00,100.088
2026-01-06T03:00Z,2026-01-06 04:00,102.453
2026-01-06T04:00Z,2026-01-06 05:00,107.000
2026-01-06T05:00Z,2026-01-06 06:00,121.287
2026-01-06T06:00Z,2026-01-06 07:00,138.498
2026-01-06T07:00Z,2026-01-06 08:00,164.185
2026-01-06T08:00Z,2026-01-06 09:00,168.820
2026-01-06T09:00Z,2026-01-06 10:00,154.843
2026-01-06T10:00Z,2026-01-06 11:00,147.265
2026-01-06T11:00Z,2026-01-06 12:00,134.433
2026-01-06T12:00Z,2026-01-06 13:00,130.202
2026-01-06T13:00Z,2026-01-06 14:00,130.702
2026-01-06T14:00Z,2026-01-06 15:00,136.985
2026-01-06T15:00Z,2026-01-06 16:00,145.007
2026-01-06T16:00Z,2026-01-06 17:00,152.993
2026-01-06T17:00Z,2026-01-06 18:00,148.267
2026-01-06T18:00Z,2026-01-06 19:00,139.118
2026-01-06T19:00Z,2026-01-06 20:00,121.603
2026-01-06T20:00Z,2026-01-06 21:00,108.562
2026-01-06T21:00Z,2026-01-06 22:00,102.222
2026-01-06T22:00Z,2026-01-06 23:00,92.817
2026-01-06T23:00Z,2026-01-07 00:00,93.987
2026-01-07T00:00Z,2026-01-07 01:00,88.610
2026-01-07T01:00Z,2026-01-07 02:00,85.045
2026-01-07T02:00Z,2026-01-07 03:00,81.648
2026-01-07T03:00Z,2026-01-07 04:00,80.782
2026-01-07T04:00Z,2026-01-07 05:00,84.882
2026-01-07T05:00Z,2026-01-07 06:00,92.770
2026-01-07T06:00Z,2026-01-07 07:00,99.200
2026-01-07T07:00Z,2026-01-07 08:00,109.350
2026-01-07T08:00Z,2026-01-07 09:00,112.127
2026-01-07T09:00Z,2026-01-07 10:00,108.312
2026-01-07T10:00Z,2026-01-07 11:00,99.935
2026-01-07T11:00Z,2026-01-07 12:00,96.340
2026-01-07T12:00Z,2026-01-07 13:00,93.155
2026-01-07T13:00Z,2026-01-07 14:00,95.227
2026-01-07T14:00Z,2026-01-07 15:00,101.838
2026-01-07T15:00Z,2026-01-07 16:00,106.385
2026-01-07T16:00Z,2026-01-07 17:00,125.188
2026-01-07T17:00Z,2026-01-07 18:00,124.100
2026-01-07T18:00Z,2026-01-07 19:00,116.733
2026-01-07T19:00Z,2026-01-07 20:00,108.727
2026-01-07T20:00Z,2026-01-07 21:00,98.455
2026-01-07T21:00Z,2026-01-07 22:00,93.960
2026-01-07T22:00Z,2026-01-07 23:00,88.763
2026-01-07T23:00Z,2026-01-08 00:00,84.080
2026-01-08T00:00Z,2026-01-08 01:00,83.083
2026-01-08T01:00Z,2026-01-08 02:00,84.523
2026-01-08T02:00Z,2026-01-08 03:00,82.472
2026-01-08T03:00Z,2026-01-08 04:00,85.265
2026-01-08T04:00Z,2026-01-08 05:00,87.888
2026-01-08T05:00Z,2026-01-08 06:00,97.880
2026-01-08T06:00Z,2026-01-08 07:00,126.713
2026-01-08T07:00Z,2026-01-08 08:00,168.810
2026-01-08T08:00Z,2026-01-08 09:00,192.720
2026-01-08T09:00Z,2026-01-08 10:00,207.933
2026-01-08T10:00Z,2026-01-08 11:00,213.113
2026-01-08T11:00Z,2026-01-08 12:00,220.270
2026-01-08T12:00Z,2026-01-08 13:00,236.215
2026-01-08T13:00Z,2026-01-08 14:00,264.585
2026-01-08T14:00Z,2026-01-08 15:00,264.420
2026-01-08T15:00Z,2026-01-08 16:00,259.490
2026-01-08T16:00Z,2026-01-08 17:00,233.852
2026-01-08T17:00Z,2026-01-08 18:00,199.397
2026-01-08T18:00Z,2026-01-08 19:00,139.248
2026-01-08T19:00Z,2026-01-08 20:00,102.125
2026-01-08T20:00Z,2026-01-08 21:00,94.483
2026-01-08T21:00Z,2026-01-08 22:00,91.305
2026-01-08T22:00Z,2026-01-08 23:00,79.035
2026-01-08T23:00Z,2026-01-09 00:00,78.963
2026-01-09T00:00Z,2026-01-09 01:00,70.690
2026-01-09T01:00Z,2026-01-09 02:00,57.350
2026-01-09T02:00Z,2026-01-09 03:00,50.840
2026-01-09T03:00Z,2026-01-09 04:00,47.845
2026-01-09T04:00Z,2026-01-09 05:00,56.575
2026-01-09T05:00Z,2026-01-09 06:00,72.605
2026-01-09T06:00Z,2026-01-09 07:00,84.302
2026-01-09T07:00Z,2026-01-09 08:00,89.763
2026-01-09T08:00Z,2026-01-09 09:00,89.147
2026-01-09T09:00Z,2026-01-09 10:00,93.930
2026-01-09T10:00Z,2026-01-09 11:00,85.795
2026-01-09T11:00Z,2026-01-09 12:00,83.015
2026-01-09T12:00Z,2026-01-09 13:00,82.850
2026-01-09T13:00Z,2026-01-09 14:00,82.835
2026-01-09T14:00Z,2026-01-09 15:00,85.245
2026-01-09T15:00Z,2026-01-09 16:00,87.573
2026-01-09T16:00Z,2026-01-09 17:00,92.520
2026-01-09T17:00Z,2026-01-09 18:00,91.663
2026-01-09T18:00Z,2026-01-09 19:00,87.280
2026-01-09T19:00Z,2026-01-09 20:00,82.803
2026-01-09T20:00Z,2026-01-09 21:00,80.360
2026-01-09T21:00Z,2026-01-09 22:00,80.350
2026-01-09T22:00Z,2026-01-09 23:00,74.510
2026-01-09T23:00Z,2026-01-10 00:00,72.790
2026-01-10T00:00Z,2026-01-10 01:00,69.775
2026-01-10T01:00Z,2026-01-10 02:00,66.237
2026-01-10T02:00Z,2026-01-10 03:00,66.535
2026-01-10T03:00Z,2026-01-10 04:00,66.513
2026-01-10T04:00Z,2026-01-10 05:00,68.460
2026-01-10T05:00Z,2026-01-10 06:00,69.960
2026-01-10T06:00Z,2026-01-10 07:00,76.665
2026-01-10T07:00Z,2026-01-10 08:00,85.028
2026-01-10T08:00Z,2026-01-10 09:00,92.362
2026-01-10T09:00Z,2026-01-10 10:00,97.595
2026-01-10T10:00Z,2026-01-10 11:00,101.558
2026-01-10T11:00Z,2026-01-10 12:00,101.570
2026-01-10T12:00Z,2026-01-10 13:00,104.825
2026-01-10T13:00Z,2026-01-10 14:00,111.442
2026-01-10T14:00Z,2026-01-10 15:00,117.718
2026-01-10T15:00Z,2026-01-10 16:00,128.007
2026-01-10T16:00Z,2026-01-10 17:00,139.528
2026-01-10T17:00Z,2026-01-10 18:00,136.910
2026-01-10T18:00Z,2026-01-10 19:00,128.305
2026-01-10T19:00Z,2026-01-10 20:00,120.490
2026-01-10T20:00Z,2026-01-10 21:00,113.210
2026-01-10T21:00Z,2026-01-10 22:00,107.680
2026-01-10T22:00Z,2026-01-10 23:00,98.198
2026-01-10T23:00Z,2026-01-11 00:00,96.903
2026-01-11T00:00Z,2026-01-11 01:00,92.748
2026-01-11T01:00Z,2026-01-11 02:00,88.035
2026-01-11T02:00Z,2026-01-11 03:00,84.860
2026-01-11T03:00Z,2026-01-11 04:00,82.680
2026-01-11T04:00Z,2026-01-11 05:00,82.260
2026-01-11T05:00Z,2026-01-11 06:00,81.603
2026-01-11T06:00Z,2026-01-11 07:00,84.260
2026-01-11T07:00Z,2026-01-11 08:00,92.060
2026-01-11T08:00Z,2026-01-11 09:00,103.102
2026-01-11T09:00Z,2026-01-11 10:00,100.683
2026-01-11T10:00Z,2026-01-11 11:00,99.918
2026-01-11T11:00Z,2026-01-11 12:00,97.088
2026-01-11T12:00Z,2026-01-11 13:00,96.517
2026-01-11T13:00Z,2026-01-11 14:00,98.877
2026-01-11T14:00Z,2026-01-11 15:00,101.275
2026-01-11T15:00Z,2026-01-11 16:00,111.755
2026-01-11T16:00Z,2026-01-11 17:00,116.250
2026-01-11T17:00Z,2026-01-11 18:00,112.248
2026-01-11T18:00Z,2026-01-11 19:00,106.208
2026-01-11T19:00Z,2026-01-11 20:00,96.040
2026-01-11T20:00Z,2026-01-11 21:00,95.005
2026-01-11T21:00Z,2026-01-11 22:00,93.020
2026-01-11T22:00Z,2026-01-11 23:00,85.230
2026-01-11T23:00Z,2026-01-12 00:00,81.257
2026-01-12T00:00Z,2026-01-12 01:00,81.192
2026-01-12T01:00Z,2026-01-12 02:00,79.043
2026-01-12T02:00Z,2026-01-12 03:00,77.310
2026-01-12T03:00Z,2026-01-12 04:00,76.585
2026-01-12T04:00Z,2026-01-12 05:00,80.162
2026-01-12T05:00Z,2026-01-12 06:00,86.922
2026-01-12T06:00Z,2026-01-12 07:00,97.873
2026-01-12T07:00Z,2026-01-12 08:00,115.618
2026-01-12T08:00Z,2026-01-12 09:00,129.847
2026-01-12T09:00Z,2026-01-12 10:00,124.398
2026-01-12T10:00Z,2026-01-12 11:00,129.868
2026-01-12T11:00Z,2026-01-12 12:00,129.963
2026-01-12T12:00Z,2026-01-12 13:00,132.760
2026-01-12T13:00Z,2026-01-12 14:00,128.370
2026-01-12T14:00Z,2026-01-12 15:00,131.713
2026-01-12T15:00Z,2026-01-12 16:00,119.580
2026-01-12T16:00Z,2026-01-12 17:00,119.600
2026-01-12T17:00Z,2026-01-12 18:00,116.500
2026-01-12T18:00Z,2026-01-12 19:00,102.338
2026-01-12T19:00Z,2026-01-12 20:00,93.480
2026-01-12T20:00Z,2026-01-12 21:00,91.795
2026-01-12T21:00Z,2026-01-12 22:00,92.165
2026-01-12T22:00Z,2026-01-12 23:00,86.047
2026-01-12T23:00Z,2026-01-13 00:00,84.305
2026-01-13T00:00Z,2026-01-13 01:00,82.690
2026-01-13T01:00Z,2026-01-13 02:00,82.685
2026-01-13T02:00Z,2026-01-13 03:00,84.115
2026-01-13T03:00Z,2026-01-13 04:00,86.748
2026-01-13T04:00Z,2026-01-13 05:00,88.725
2026-01-13T05:00Z,2026-01-13 06:00,97.553
2026-01-13T06:00Z,2026-01-13 07:00,116.030
2026-01-13T07:00Z,2026-01-13 08:00,129.805
2026-01-13T08:00Z,2026-01-13 09:00,132.518
2026-01-13T09:00Z,2026-01-13 10:00,142.197
2026-01-13T10:00Z,2026-01-13 11:00,123.853
2026-01-13T11:00Z,2026-01-13 12:00,117.675
2026-01-13T12:00Z,2026-01-13 13:00,112.977
2026-01-13T13:00Z,2026-01-13 14:00,122.215
2026-01-13T14:00Z,2026-01-13 15:00,120.515
2026-01-13T15:00Z,2026-01-13 16:00,122.150
2026-01-13T16:00Z,2026-01-13 17:00,122.330
2026-01-13T17:00Z,2026-01-13 18:00,113.352
2026-01-13T18:00Z,2026-01-13 19:00,98.735
2026-01-13T19:00Z,2026-01-13 20:00,90.950
2026-01-13T20:00Z,2026-01-13 21:00,92.207
2026-01-13T21:00Z,2026-01-13 22:00,90.000
2026-01-13T22:00Z,2026-01-13 23:00,82.672
2026-01-13T23:00Z,2026-01-14 00:00,85.562
2026-01-14T00:00Z,2026-01-14 01:00,84.295
2026-01-14T01:00Z,2026-01-14 02:00,85.877
2026-01-14T02:00Z,2026-01-14 03:00,86.163
2026-01-14T03:00Z,2026-01-14 04:00,87.645
2026-01-14T04:00Z,2026-01-14 05:00,89.860
2026-01-14T05:00Z,2026-01-14 06:00,95.145
2026-01-14T06:00Z,2026-01-14 07:00,105.140
2026-01-14T07:00Z,2026-01-14 08:00,128.958
2026-01-14T08:00Z,2026-01-14 09:00,132.032
2026-01-14T09:00Z,2026-01-14 10:00,116.453
2026-01-14T10:00Z,2026-01-14 11:00,107.532
2026-01-14T11:00Z,2026-01-14 12:00,103.475
2026-01-14T12:00Z,2026-01-14 13:00,103.600
2026-01-14T13:00Z,2026-01-14 14:00,118.218
2026-01-14T14:00Z,2026-01-14 15:00,144.630
2026-01-14T15:00Z,2026-01-14 16:00,152.858
2026-01-14T16:00Z,2026-01-14 17:00,200.023
2026-01-14T17:00Z,2026-01-14 18:00,182.355
2026-01-14T18:00Z,2026-01-14 19:00,158.767
2026-01-14T19:00Z,2026-01-14 20:00,134.010
2026-01-14T20:00Z,2026-01-14 21:00,121.787
2026-01-14T21:00Z,2026-01-14 22:00,113.862
2026-01-14T22:00Z,2026-01-14 23:00,97.088
2026-01-14T23:00Z,2026-01-15 00:00,100.615
2026-01-15T00:00Z,2026-01-15 01:00,94.047
2026-01-15T01:00Z,2026-01-15 02:00,89.340
2026-01-15T02:00Z,2026-01-15 03:00,84.808
2026-01-15T03:00Z,2026-01-15 04:00,82.930
2026-01-15T04:00Z,2026-01-15 05:00,86.000
2026-01-15T05:00Z,2026-01-15 06:00,98.203
2026-01-15T06:00Z,2026-01-15 07:00,105.115
2026-01-15T07:00Z,2026-01-15 08:00,104.975
2026-01-15T08:00Z,2026-01-15 09:00,101.415
2026-01-15T09:00Z,2026-01-15 10:00,100.400
2026-01-15T10:00Z,2026-01-15 11:00,97.862
2026-01-15T11:00Z,2026-01-15 12:00,95.282
2026-01-15T12:00Z,2026-01-15 13:00,100.615
2026-01-15T13:00Z,2026-01-15 14:00,105.645
2026-01-15T14:00Z,2026-01-15 15:00,123.095
2026-01-15T15:00Z,2026-01-15 16:00,135.373
2026-01-15T16:00Z,2026-01-15 17:00,145.495
2026-01-15T17:00Z,2026-01-15 18:00,119.745
2026-01-15T18:00Z,2026-01-15 19:00,105.492
2026-01-15T19:00Z,2026-01-15 20:00,98.160
2026-01-15T20:00Z,2026-01-15 21:00,90.995
2026-01-15T21:00Z,2026-01-15 22:00,88.392
2026-01-15T22:00Z,2026-01-15 23:00,81.155
2026-01-15T23:00Z,2026-01-16 00:00,81.050
2026-01-16T00:00Z,2026-01-16 01:00,75.000
2026-01-16T01:00Z,2026-01-16 02:00,70.572
2026-01-16T02:00Z,2026-01-16 03:00,67.230
2026-01-16T03:00Z,2026-01-16 04:00,71.380
2026-01-16T04:00Z,2026-01-16 05:00,82.050
2026-01-16T05:00Z,2026-01-16 06:00,90.722
2026-01-16T06:00Z,2026-01-16 07:00,98.600
2026-01-16T07:00Z,2026-01-16 08:00,109.308
2026-01-16T08:00Z,2026-01-16 09:00,108.927
2026-01-16T09:00Z,2026-01-16 10:00,103.028
2026-01-16T10:00Z,2026-01-16 11:00,99.787
2026-01-16T11:00Z,2026-01-16 12:00,99.198
2026-01-16T12:00Z,2026-01-16 13:00,99.312
2026-01-16T13:00Z,2026-01-16 14:00,113.200
2026-01-16T14:00Z,2026-01-16 15:00,141.000
2026-01-16T15:00Z,2026-01-16 16:00,162.680
2026-01-16T16:00Z,2026-01-16 17:00,170.325
2026-01-16T17:00Z,2026-01-16 18:00,162.442
2026-01-16T18:00Z,2026-01-16 19:00,154.180
2026-01-16T19:00Z,2026-01-16 20:00,134.000
2026-01-16T20:00Z,2026-01-16 21:00,117.612
2026-01-16T21:00Z,2026-01-16 22:00,117.705
2026-01-16T22:00Z,2026-01-16 23:00,104.170
2026-01-16T23:00Z,2026-01-17 00:00,104.660
2026-01-17T00:00Z,2026-01-17 01:00,101.287
2026-01-17T01:00Z,2026-01-17 02:00,98.235
2026-01-17T02:00Z,2026-01-17 03:00,96.138
2026-01-17T03:00Z,2026-01-17 04:00,95.188
2026-01-17T04:00Z,2026-01-17 05:00,95.243
2026-01-17T05:00Z,2026-01-17 06:00,95.852
2026-01-17T06:00Z,2026-01-17 07:00,99.188
2026-01-17T07:00Z,2026-01-17 08:00,105.970
2026-01-17T08:00Z,2026-01-17 09:00,116.655
2026-01-17T09:00Z,2026-01-17 10:00,115.100
2026-01-17T10:00Z,2026-01-17 11:00,111.608
2026-01-17T11:00Z,2026-01-17 12:00,111.947
2026-01-17T12:00Z,2026-01-17 13:00,108.640
2026-01-17T13:00Z,2026-01-17 14:00,112.817
2026-01-17T14:00Z,2026-01-17 15:00,122.770
2026-01-17T15:00Z,2026-01-17 16:00,135.775
2026-01-17T16:00Z,2026-01-17 17:00,140.912
2026-01-17T17:00Z,2026-01-17 18:00,142.848
2026-01-17T18:00Z,2026-01-17 19:00,138.588
2026-01-17T19:00Z,2026-01-17 20:00,120.790
2026-01-17T20:00Z,2026-01-17 21:00,107.805
2026-01-17T21:00Z,2026-01-17 22:00,109.150
2026-01-17T22:00Z,2026-01-17 23:00,107.022
2026-01-17T23:00Z,2026-01-18 00:00,110.715
2026-01-18T00:00Z,2026-01-18 01:00,109.190
2026-01-18T01:00Z,2026-01-18 02:00,107.390
2026-01-18T02:00Z,2026-01-18 03:00,102.540
2026-01-18T03:00Z,2026-01-18 04:00,102.235
2026-01-18T04:00Z,2026-01-18 05:00,102.080
2026-01-18T05:00Z,2026-01-18 06:00,101.050
2026-01-18T06:00Z,2026-01-18 07:00,100.605
2026-01-18T07:00Z,2026-01-18 08:00,105.680
2026-01-18T08:00Z,2026-01-18 09:00,107.422
2026-01-18T09:00Z,2026-01-18 10:00,101.910
2026-01-18T10:00Z,2026-01-18 11:00,98.483
2026-01-18T11:00Z,2026-01-18 12:00,96.855
2026-01-18T12:00Z,2026-01-18 13:00,96.963
2026-01-18T13:00Z,2026-01-18 14:00,100.845
2026-01-18T14:00Z,2026-01-18 15:00,105.550
2026-01-18T15:00Z,2026-01-18 16:00,114.875
2026-01-18T16:00Z,2026-01-18 17:00,129.993
2026-01-18T17:00Z,2026-01-18 18:00,142.195
2026-01-18T18:00Z,2026-01-18 19:00,136.673
2026-01-18T19:00Z,2026-01-18 20:00,123.053
2026-01-18T20:00Z,2026-01-18 21:00,110.630
2026-01-18T21:00Z,2026-01-18 22:00,114.280
2026-01-18T22:00Z,2026-01-18 23:00,103.733
2026-01-18T23:00Z,2026-01-19 00:00,101.150
2026-01-19T00:00Z,2026-01-19 01:00,100.440
2026-01-19T01:00Z,2026-01-19 02:00,100.832
2026-01-19T02:00Z,2026-01-19 03:00,100.438
2026-01-19T03:00Z,2026-01-19 04:00,100.135
2026-01-19T04:00Z,2026-01-19 05:00,102.530
2026-01-19T05:00Z,2026-01-19 06:00,126.380
2026-01-19T06:00Z,2026-01-19 07:00,161.082
2026-01-19T07:00Z,2026-01-19 08:00,175.983
2026-01-19T08:00Z,2026-01-19 09:00,161.938
2026-01-19T09:00Z,2026-01-19 10:00,135.923
2026-01-19T10:00Z,2026-01-19 11:00,120.528
2026-01-19T11:00Z,2026-01-19 12:00,117.560
2026-01-19T12:00Z,2026-01-19 13:00,125.002
2026-01-19T13:00Z,2026-01-19 14:00,144.350
2026-01-19T14:00Z,2026-01-19 15:00,170.042
2026-01-19T15:00Z,2026-01-19 16:00,194.890
2026-01-19T16:00Z,2026-01-19 17:00,208.227
2026-01-19T17:00Z,2026-01-19 18:00,200.055
2026-01-19T18:00Z,2026-01-19 19:00,180.963
2026-01-19T19:00Z,2026-01-19 20:00,157.385
2026-01-19T20:00Z,2026-01-19 21:00,135.170
2026-01-19T21:00Z,2026-01-19 22:00,126.403
2026-01-19T22:00Z,2026-01-19 23:00,112.470
2026-01-19T23:00Z,2026-01-20 00:00,115.060
2026-01-20T00:00Z,2026-01-20 01:00,114.335
2026-01-20T01:00Z,2026-01-20 02:00,110.355
2026-01-20T02:00Z,2026-01-20 03:00,109.868
2026-01-20T03:00Z,2026-01-20 04:00,113.172
2026-01-20T04:00Z,2026-01-20 05:00,125.280
2026-01-20T05:00Z,2026-01-20 06:00,190.105
2026-01-20T06:00Z,2026-01-20 07:00,240.877
2026-01-20T07:00Z,2026-01-20 08:00,262.785
2026-01-20T08:00Z,2026-01-20 09:00,179.535
2026-01-20T09:00Z,2026-01-20 10:00,132.170
2026-01-20T10:00Z,2026-01-20 11:00,107.953
2026-01-20T11:00Z,2026-01-20 12:00,103.623
2026-01-20T12:00Z,2026-01-20 13:00,105.755
2026-01-20T13:00Z,2026-01-20 14:00,136.722
2026-01-20T14:00Z,2026-01-20 15:00,178.260
2026-01-20T15:00Z,2026-01-20 16:00,276.735
2026-01-20T16:00Z,2026-01-20 17:00,249.630
2026-01-20T17:00Z,2026-01-20 18:00,193.925
2026-01-20T18:00Z,2026-01-20 19:00,181.918
2026-01-20T19:00Z,2026-01-20 20:00,155.100
2026-01-20T20:00Z,2026-01-20 21:00,139.890
2026-01-20T21:00Z,2026-01-20 22:00,117.192
2026-01-20T22:00Z,2026-01-20 23:00,107.838
2026-01-20T23:00Z,2026-01-21 00:00,101.490
2026-01-21T00:00Z,2026-01-21 01:00,101.718
2026-01-21T01:00Z,2026-01-21 02:00,98.757
2026-01-21T02:00Z,2026-01-21 03:00,100.910
2026-01-21T03:00Z,2026-01-21 04:00,98.845
2026-01-21T04:00Z,2026-01-21 05:00,98.692
2026-01-21T05:00Z,2026-01-21 06:00,107.873
2026-01-21T06:00Z,2026-01-21 07:00,160.000
2026-01-21T07:00Z,2026-01-21 08:00,176.398
2026-01-21T08:00Z,2026-01-21 09:00,142.892
2026-01-21T09:00Z,2026-01-21 10:00,118.300
2026-01-21T10:00Z,2026-01-21 11:00,100.993
2026-01-21T11:00Z,2026-01-21 12:00,99.130
2026-01-21T12:00Z,2026-01-21 13:00,103.475
2026-01-21T13:00Z,2026-01-21 14:00,108.623
2026-01-21T14:00Z,2026-01-21 15:00,126.928
2026-01-21T15:00Z,2026-01-21 16:00,145.035
2026-01-21T16:00Z,2026-01-21 17:00,139.110
2026-01-21T17:00Z,2026-01-21 18:00,138.907
2026-01-21T18:00Z,2026-01-21 19:00,127.830
2026-01-21T19:00Z,2026-01-21 20:00,105.447
2026-01-21T20:00Z,2026-01-21 21:00,102.440
2026-01-21T21:00Z,2026-01-21 22:00,104.760
2026-01-21T22:00Z,2026-01-21 23:00,99.375
2026-01-21T23:00Z,2026-01-22 00:00,92.797
2026-01-22T00:00Z,2026-01-22 01:00,92.528
2026-01-22T01:00Z,2026-01-22 02:00,91.450
2026-01-22T02:00Z,2026-01-22 03:00,91.820
2026-01-22T03:00Z,2026-01-22 04:00,92.850
2026-01-22T04:00Z,2026-01-22 05:00,93.188
2026-01-22T05:00Z,2026-01-22 06:00,100.678
2026-01-22T06:00Z,2026-01-22 07:00,125.520
2026-01-22T07:00Z,2026-01-22 08:00,137.123
2026-01-22T08:00Z,2026-01-22 09:00,114.418
2026-01-22T09:00Z,2026-01-22 10:00,95.257
2026-01-22T10:00Z,2026-01-22 11:00,89.075
2026-01-22T11:00Z,2026-01-22 12:00,83.858
2026-01-22T12:00Z,2026-01-22 13:00,88.065
2026-01-22T13:00Z,2026-01-22 14:00,94.910
2026-01-22T14:00Z,2026-01-22 15:00,107.780
2026-01-22T15:00Z,2026-01-22 16:00,130.898
2026-01-22T16:00Z,2026-01-22 17:00,136.365
2026-01-22T17:00Z,2026-01-22 18:00,129.667
2026-01-22T18:00Z,2026-01-22 19:00,121.567
2026-01-22T19:00Z,2026-01-22 20:00,109.350
2026-01-22T20:00Z,2026-01-22 21:00,106.945
2026-01-22T21:00Z,2026-01-22 22:00,103.322
2026-01-22T22:00Z,2026-01-22 23:00,97.308
2026-01-22T23:00Z,2026-01-23 00:00,97.888
2026-01-23T00:00Z,2026-01-23 01:00,97.245
2026-01-23T01:00Z,2026-01-23 02:00,95.948
2026-01-23T02:00Z,2026-01-23 03:00,95.002
2026-01-23T03:00Z,2026-01-23 04:00,95.623
2026-01-23T04:00Z,2026-01-23 05:00,96.998
2026-01-23T05:00Z,2026-01-23 06:00,108.197
2026-01-23T06:00Z,2026-01-23 07:00,133.000
2026-01-23T07:00Z,2026-01-23 08:00,152.938
2026-01-23T08:00Z,2026-01-23 09:00,142.488
2026-01-23T09:00Z,2026-01-23 10:00,115.377
2026-01-23T10:00Z,2026-01-23 11:00,100.127
2026-01-23T11:00Z,2026-01-23 12:00,96.213
2026-01-23T12:00Z,2026-01-23 13:00,95.760
2026-01-23T13:00Z,2026-01-23 14:00,97.080
2026-01-23T14:00Z,2026-01-23 15:00,108.767
2026-01-23T15:00Z,2026-01-23 16:00,124.047
2026-01-23T16:00Z,2026-01-23 17:00,136.085
2026-01-23T17:00Z,2026-01-23 18:00,128.483
2026-01-23T18:00Z,2026-01-23 19:00,116.802
2026-01-23T19:00Z,2026-01-23 20:00,107.222
2026-01-23T20:00Z,2026-01-23 21:00,103.960
2026-01-23T21:00Z,2026-01-23 22:00,104.790
2026-01-23T22:00Z,2026-01-23 23:00,96.995
2026-01-23T23:00Z,2026-01-24 00:00,99.800
2026-01-24T00:00Z,2026-01-24 01:00,99.035
2026-01-24T01:00Z,2026-01-24 02:00,98.315
2026-01-24T02:00Z,2026-01-24 03:00,97.825
2026-01-24T03:00Z,2026-01-24 04:00,97.547
2026-01-24T04:00Z,2026-01-24 05:00,98.910
2026-01-24T05:00Z,2026-01-24 06:00,100.398
2026-01-24T06:00Z,2026-01-24 07:00,104.060
2026-01-24T07:00Z,2026-01-24 08:00,110.998
2026-01-24T08:00Z,2026-01-24 09:00,123.093
2026-01-24T09:00Z,2026-01-24 10:00,119.240
2026-01-24T10:00Z,2026-01-24 11:00,110.297
2026-01-24T11:00Z,2026-01-24 12:00,106.218
2026-01-24T12:00Z,2026-01-24 13:00,101.873
2026-01-24T13:00Z,2026-01-24 14:00,105.120
2026-01-24T14:00Z,2026-01-24 15:00,118.227
2026-01-24T15:00Z,2026-01-24 16:00,131.905
2026-01-24T16:00Z,2026-01-24 17:00,146.722
2026-01-24T17:00Z,2026-01-24 18:00,141.748
2026-01-24T18:00Z,2026-01-24 19:00,131.933
2026-01-24T19:00Z,2026-01-24 20:00,118.672
2026-01-24T20:00Z,2026-01-24 21:00,110.537
2026-01-24T21:00Z,2026-01-24 22:00,110.310
2026-01-24T22:00Z,2026-01-24 23:00,104.150
2026-01-24T23:00Z,2026-01-25 00:00,101.442
2026-01-25T00:00Z,2026-01-25 01:00,101.757
2026-01-25T01:00Z,2026-01-25 02:00,101.315
2026-01-25T02:00Z,2026-01-25 03:00,101.770
2026-01-25T03:00Z,2026-01-25 04:00,100.862
2026-01-25T04:00Z,2026-01-25 05:00,100.513
2026-01-25T05:00Z,2026-01-25 06:00,99.965
2026-01-25T06:00Z,2026-01-25 07:00,102.060
2026-01-25T07:00Z,2026-01-25 08:00,103.757
2026-01-25T08:00Z,2026-01-25 09:00,108.888
2026-01-25T09:00Z,2026-01-25 10:00,113.192
2026-01-25T10:00Z,2026-01-25 11:00,116.017
2026-01-25T11:00Z,2026-01-25 12:00,120.030
2026-01-25T12:00Z,2026-01-25 13:00,116.108
2026-01-25T13:00Z,2026-01-25 14:00,114.315
2026-01-25T14:00Z,2026-01-25 15:00,111.752
2026-01-25T15:00Z,2026-01-25 16:00,116.900
2026-01-25T16:00Z,2026-01-25 17:00,131.213
2026-01-25T17:00Z,2026-01-25 18:00,137.375
2026-01-25T18:00Z,2026-01-25 19:00,132.575
2026-01-25T19:00Z,2026-01-25 20:00,124.017
2026-01-25T20:00Z,2026-01-25 21:00,114.023
2026-01-25T21:00Z,2026-01-25 22:00,111.942
2026-01-25T22:00Z,2026-01-25 23:00,104.490
2026-01-25T23:00Z,2026-01-26 00:00,103.925
2026-01-26T00:00Z,2026-01-26 01:00,101.112
2026-01-26T01:00Z,2026-01-26 02:00,98.728
2026-01-26T02:00Z,2026-01-26 03:00,95.852
2026-01-26T03:00Z,2026-01-26 04:00,95.032
2026-01-26T04:00Z,2026-01-26 05:00,97.192
2026-01-26T05:00Z,2026-01-26 06:00,114.278
2026-01-26T06:00Z,2026-01-26 07:00,153.197
2026-01-26T07:00Z,2026-01-26 08:00,175.132
2026-01-26T08:00Z,2026-01-26 09:00,177.968
2026-01-26T09:00Z,2026-01-26 10:00,178.012
2026-01-26T10:00Z,2026-01-26 11:00,170.343
2026-01-26T11:00Z,2026-01-26 12:00,156.030
2026-01-26T12:00Z,2026-01-26 13:00,149.395
2026-01-26T13:00Z,2026-01-26 14:00,147.780
2026-01-26T14:00Z,2026-01-26 15:00,159.970
2026-01-26T15:00Z,2026-01-26 16:00,166.330
2026-01-26T16:00Z,2026-01-26 17:00,178.697
2026-01-26T17:00Z,2026-01-26 18:00,178.023
2026-01-26T18:00Z,2026-01-26 19:00,169.972
2026-01-26T19:00Z,2026-01-26 20:00,154.165
2026-01-26T20:00Z,2026-01-26 21:00,137.113
2026-01-26T21:00Z,2026-01-26 22:00,121.500
2026-01-26T22:00Z,2026-01-26 23:00,111.685
2026-01-26T23:00Z,2026-01-27 00:00,118.767
2026-01-27T00:00Z,2026-01-27 01:00,113.703
2026-01-27T01:00Z,2026-01-27 02:00,112.157
2026-01-27T02:00Z,2026-01-27 03:00,111.488
2026-01-27T03:00Z,2026-01-27 04:00,110.545
2026-01-27T04:00Z,2026-01-27 05:00,111.650
2026-01-27T05:00Z,2026-01-27 06:00,133.610
2026-01-27T06:00Z,2026-01-27 07:00,159.875
2026-01-27T07:00Z,2026-01-27 08:00,176.635
2026-01-27T08:00Z,2026-01-27 09:00,171.195
2026-01-27T09:00Z,2026-01-27 10:00,148.457
2026-01-27T10:00Z,2026-01-27 11:00,133.290
2026-01-27T11:00Z,2026-01-27 12:00,123.030
2026-01-27T12:00Z,2026-01-27 13:00,112.487
2026-01-27T13:00Z,2026-01-27 14:00,131.083
2026-01-27T14:00Z,2026-01-27 15:00,127.448
2026-01-27T15:00Z,2026-01-27 16:00,132.980
2026-01-27T16:00Z,2026-01-27 17:00,152.620
2026-01-27T17:00Z,2026-01-27 18:00,141.140
2026-01-27T18:00Z,2026-01-27 19:00,138.882
2026-01-27T19:00Z,2026-01-27 20:00,121.587
2026-01-27T20:00Z,2026-01-27 21:00,119.368
2026-01-27T21:00Z,2026-01-27 22:00,120.700
2026-01-27T22:00Z,2026-01-27 23:00,111.850
2026-01-27T23:00Z,2026-01-28 00:00,105.475
2026-01-28T00:00Z,2026-01-28 01:00,104.465
2026-01-28T01:00Z,2026-01-28 02:00,104.465
2026-01-28T02:00Z,2026-01-28 03:00,102.240
2026-01-28T03:00Z,2026-01-28 04:00,104.713
2026-01-28T04:00Z,2026-01-28 05:00,106.600
2026-01-28T05:00Z,2026-01-28 06:00,113.697
2026-01-28T06:00Z,2026-01-28 07:00,143.597
2026-01-28T07:00Z,2026-01-28 08:00,171.002
2026-01-28T08:00Z,2026-01-28 09:00,173.645
2026-01-28T09:00Z,2026-01-28 10:00,172.325
2026-01-28T10:00Z,2026-01-28 11:00,166.240
2026-01-28T11:00Z,2026-01-28 12:00,157.088
2026-01-28T12:00Z,2026-01-28 13:00,147.912
2026-01-28T13:00Z,2026-01-28 14:00,145.035
2026-01-28T14:00Z,2026-01-28 15:00,141.138
2026-01-28T15:00Z,2026-01-28 16:00,147.127
2026-01-28T16:00Z,2026-01-28 17:00,164.222
2026-01-28T17:00Z,2026-01-28 18:00,170.425
2026-01-28T18:00Z,2026-01-28 19:00,161.225
2026-01-28T19:00Z,2026-01-28 20:00,134.265
2026-01-28T20:00Z,2026-01-28 21:00,119.010
2026-01-28T21:00Z,2026-01-28 22:00,117.000
2026-01-28T22:00Z,2026-01-28 23:00,110.958
2026-01-28T23:00Z,2026-01-29 00:00,104.550
2026-01-29T00:00Z,2026-01-29 01:00,104.000
2026-01-29T01:00Z,2026-01-29 02:00,101.880
2026-01-29T02:00Z,2026-01-29 03:00,100.023
2026-01-29T03:00Z,2026-01-29 04:00,100.933
2026-01-29T04:00Z,2026-01-29 05:00,104.637
2026-01-29T05:00Z,2026-01-29 06:00,116.120
2026-01-29T06:00Z,2026-01-29 07:00,149.595
2026-01-29T07:00Z,2026-01-29 08:00,165.683
2026-01-29T08:00Z,2026-01-29 09:00,168.035
2026-01-29T09:00Z,2026-01-29 10:00,160.675
2026-01-29T10:00Z,2026-01-29 11:00,152.792
2026-01-29T11:00Z,2026-01-29 12:00,143.035
2026-01-29T12:00Z,2026-01-29 13:00,142.815
2026-01-29T13:00Z,2026-01-29 14:00,142.993
2026-01-29T14:00Z,2026-01-29 15:00,147.613
2026-01-29T15:00Z,2026-01-29 16:00,153.102
2026-01-29T16:00Z,2026-01-29 17:00,159.477
2026-01-29T17:00Z,2026-01-29 18:00,157.240
2026-01-29T18:00Z,2026-01-29 19:00,150.037
2026-01-29T19:00Z,2026-01-29 20:00,126.558
2026-01-29T20:00Z,2026-01-29 21:00,113.570
2026-01-29T21:00Z,2026-01-29 22:00,109.315
2026-01-29T22:00Z,2026-01-29 23:00,102.978
2026-01-29T23:00Z,2026-01-30 00:00,111.065
2026-01-30T00:00Z,2026-01-30 01:00,103.312
2026-01-30T01:00Z,2026-01-30 02:00,100.853
2026-01-30T02:00Z,2026-01-30 03:00,97.388
2026-01-30T03:00Z,2026-01-30 04:00,97.300
2026-01-30T04:00Z,2026-01-30 05:00,96.278
2026-01-30T05:00Z,2026-01-30 06:00,111.125
2026-01-30T06:00Z,2026-01-30 07:00,131.778
2026-01-30T07:00Z,2026-01-30 08:00,143.755
2026-01-30T08:00Z,2026-01-30 09:00,147.035
2026-01-30T09:00Z,2026-01-30 10:00,132.630
2026-01-30T10:00Z,2026-01-30 11:00,126.100
2026-01-30T11:00Z,2026-01-30 12:00,118.205
2026-01-30T12:00Z,2026-01-30 13:00,110.390
2026-01-30T13:00Z,2026-01-30 14:00,110.317
2026-01-30T14:00Z,2026-01-30 15:00,111.195
2026-01-30T15:00Z,2026-01-30 16:00,114.938
2026-01-30T16:00Z,2026-01-30 17:00,124.810
2026-01-30T17:00Z,2026-01-30 18:00,122.888
2026-01-30T18:00Z,2026-01-30 19:00,113.088
2026-01-30T19:00Z,2026-01-30 20:00,108.597
2026-01-30T20:00Z,2026-01-30 21:00,101.683
2026-01-30T21:00Z,2026-01-30 22:00,101.090
2026-01-30T22:00Z,2026-01-30 23:00,92.695
2026-01-30T23:00Z,2026-01-31 00:00,96.953
2026-01-31T00:00Z,2026-01-31 01:00,97.377
2026-01-31T01:00Z,2026-01-31 02:00,94.507
2026-01-31T02:00Z,2026-01-31 03:00,94.080
2026-01-31T03:00Z,2026-01-31 04:00,93.325
2026-01-31T04:00Z,2026-01-31 05:00,94.058
2026-01-31T05:00Z,2026-01-31 06:00,93.450
2026-01-31T06:00Z,2026-01-31 07:00,92.903
2026-01-31T07:00Z,2026-01-31 08:00,103.955
2026-01-31T08:00Z,2026-01-31 09:00,109.062
2026-01-31T09:00Z,2026-01-31 10:00,114.215
2026-01-31T10:00Z,2026-01-31 11:00,113.470
2026-01-31T11:00Z,2026-01-31 12:00,111.278
2026-01-31T12:00Z,2026-01-31 13:00,107.390
2026-01-31T13:00Z,2026-01-31 14:00,110.305
2026-01-31T14:00Z,2026-01-31 15:00,113.168
2026-01-31T15:00Z,2026-01-31 16:00,119.358
2026-01-31T16:00Z,2026-01-31 17:00,134.605
2026-01-31T17:00Z,2026-01-31 18:00,138.037
2026-01-31T18:00Z,2026-01-31 19:00,133.950
2026-01-31T19:00Z,2026-01-31 20:00,125.645
2026-01-31T20:00Z,2026-01-31 21:00,114.207
2026-01-31T21:00Z,2026-01-31 22:00,114.145
2026-01-31T22:00Z,2026-01-31 23:00,105.900
2026-01-31T23:00Z,2026-02-01 00:00,96.090
2026-02-01T00:00Z,2026-02-01 01:00,94.007
2026-02-01T01:00Z,2026-02-01 02:00,98.403
2026-02-01T02:00Z,2026-02-01 03:00,96.058
2026-02-01T03:00Z,2026-02-01 04:00,98.312
2026-02-01T04:00Z,2026-02-01 05:00,98.222
2026-02-01T05:00Z,2026-02-01 06:00,96.015
2026-02-01T06:00Z,2026-02-01 07:00,99.500
2026-02-01T07:00Z,2026-02-01 08:00,105.255
2026-02-01T08:00Z,2026-02-01 09:00,109.235
2026-02-01T09:00Z,2026-02-01 10:00,109.845
2026-02-01T10:00Z,2026-02-01 11:00,108.157
2026-02-01T11:00Z,2026-02-01 12:00,107.125
2026-02-01T12:00Z,2026-02-01 13:00,100.388
2026-02-01T13:00Z,2026-02-01 14:00,102.235
2026-02-01T14:00Z,2026-02-01 15:00,108.957
2026-02-01T15:00Z,2026-02-01 16:00,114.667
2026-02-01T16:00Z,2026-02-01 17:00,129.488
2026-02-01T17:00Z,2026-02-01 18:00,136.843
2026-02-01T18:00Z,2026-02-01 19:00,137.390
2026-02-01T19:00Z,2026-02-01 20:00,125.593
2026-02-01T20:00Z,2026-02-01 21:00,113.858
2026-02-01T21:00Z,2026-02-01 22:00,113.885
2026-02-01T22:00Z,2026-02-01 23:00,106.552
2026-02-01T23:00Z,2026-02-02 00:00,99.593
2026-02-02T00:00Z,2026-02-02 01:00,97.993
2026-02-02T01:00Z,2026-02-02 02:00,95.093
2026-02-02T02:00Z,2026-02-02 03:00,91.000
2026-02-02T03:00Z,2026-02-02 04:00,91.733
2026-02-02T04:00Z,2026-02-02 05:00,94.722
2026-02-02T05:00Z,2026-02-02 06:00,106.575
2026-02-02T06:00Z,2026-02-02 07:00,122.885
2026-02-02T07:00Z,2026-02-02 08:00,136.868
2026-02-02T08:00Z,2026-02-02 09:00,140.155
2026-02-02T09:00Z,2026-02-02 10:00,124.540
2026-02-02T10:00Z,2026-02-02 11:00,114.668
2026-02-02T11:00Z,2026-02-02 12:00,109.213
2026-02-02T12:00Z,2026-02-02 13:00,104.000
2026-02-02T13:00Z,2026-02-02 14:00,102.903
2026-02-02T14:00Z,2026-02-02 15:00,105.078
2026-02-02T15:00Z,2026-02-02 16:00,109.778
2026-02-02T16:00Z,2026-02-02 17:00,118.197
2026-02-02T17:00Z,2026-02-02 18:00,118.968
2026-02-02T18:00Z,2026-02-02 19:00,105.000
2026-02-02T19:00Z,2026-02-02 20:00,102.255
2026-02-02T20:00Z,2026-02-02 21:00,102.015
2026-02-02T21:00Z,2026-02-02 22:00,101.228
2026-02-02T22:00Z,2026-02-02 23:00,91.385
2026-02-02T23:00Z,2026-02-03 00:00,91.718
2026-02-03T00:00Z,2026-02-03 01:00,89.365
2026-02-03T01:00Z,2026-02-03 02:00,84.007
2026-02-03T02:00Z,2026-02-03 03:00,79.938
2026-02-03T03:00Z,2026-02-03 04:00,76.840
2026-02-03T04:00Z,2026-02-03 05:00,82.160
2026-02-03T05:00Z,2026-02-03 06:00,91.160
2026-02-03T06:00Z,2026-02-03 07:00,97.692
2026-02-03T07:00Z,2026-02-03 08:00,106.273
2026-02-03T08:00Z,2026-02-03 09:00,108.225
2026-02-03T09:00Z,2026-02-03 10:00,99.940
2026-02-03T10:00Z,2026-02-03 11:00,90.830
2026-02-03T11:00Z,2026-02-03 12:00,87.947
2026-02-03T12:00Z,2026-02-03 13:00,89.905
2026-02-03T13:00Z,2026-02-03 14:00,93.153
2026-02-03T14:00Z,2026-02-03 15:00,100.410
2026-02-03T15:00Z,2026-02-03 16:00,106.615
2026-02-03T16:00Z,2026-02-03 17:00,125.773
2026-02-03T17:00Z,2026-02-03 18:00,126.347
2026-02-03T18:00Z,2026-02-03 19:00,123.227
2026-02-03T19:00Z,2026-02-03 20:00,112.900
2026-02-03T20:00Z,2026-02-03 21:00,103.293
2026-02-03T21:00Z,2026-02-03 22:00,100.895
2026-02-03T22:00Z,2026-02-03 23:00,94.812
2026-02-03T23:00Z,2026-02-04 00:00,95.002
2026-02-04T00:00Z,2026-02-04 01:00,92.787
2026-02-04T01:00Z,2026-02-04 02:00,92.962
2026-02-04T02:00Z,2026-02-04 03:00,94.623
2026-02-04T03:00Z,2026-02-04 04:00,93.958
2026-02-04T04:00Z,2026-02-04 05:00,96.585
2026-02-04T05:00Z,2026-02-04 06:00,105.285
2026-02-04T06:00Z,2026-02-04 07:00,122.935
2026-02-04T07:00Z,2026-02-04 08:00,131.605
2026-02-04T08:00Z,2026-02-04 09:00,122.672
2026-02-04T09:00Z,2026-02-04 10:00,110.000
2026-02-04T10:00Z,2026-02-04 11:00,98.708
2026-02-04T11:00Z,2026-02-04 12:00,91.915
2026-02-04T12:00Z,2026-02-04 13:00,91.382
2026-02-04T13:00Z,2026-02-04 14:00,96.078
2026-02-04T14:00Z,2026-02-04 15:00,102.875
2026-02-04T15:00Z,2026-02-04 16:00,114.185
2026-02-04T16:00Z,2026-02-04 17:00,124.618
2026-02-04T17:00Z,2026-02-04 18:00,117.040
2026-02-04T18:00Z,2026-02-04 19:00,104.520
2026-02-04T19:00Z,2026-02-04 20:00,96.287
2026-02-04T20:00Z,2026-02-04 21:00,94.752
2026-02-04T21:00Z,2026-02-04 22:00,93.822
2026-02-04T22:00Z,2026-02-04 23:00,86.308
2026-02-04T23:00Z,2026-02-05 00:00,90.302
2026-02-05T00:00Z,2026-02-05 01:00,88.438
2026-02-05T01:00Z,2026-02-05 02:00,87.433
2026-02-05T02:00Z,2026-02-05 03:00,87.795
2026-02-05T03:00Z,2026-02-05 04:00,89.565
2026-02-05T04:00Z,2026-02-05 05:00,91.510
2026-02-05T05:00Z,2026-02-05 06:00,102.845
2026-02-05T06:00Z,2026-02-05 07:00,113.320
2026-02-05T07:00Z,2026-02-05 08:00,125.365
2026-02-05T08:00Z,2026-02-05 09:00,121.520
2026-02-05T09:00Z,2026-02-05 10:00,118.192
2026-02-05T10:00Z,2026-02-05 11:00,121.067
2026-02-05T11:00Z,2026-02-05 12:00,108.252
2026-02-05T12:00Z,2026-02-05 13:00,109.757
2026-02-05T13:00Z,2026-02-05 14:00,110.102
2026-02-05T14:00Z,2026-02-05 15:00,116.980
2026-02-05T15:00Z,2026-02-05 16:00,126.000
2026-02-05T16:00Z,2026-02-05 17:00,140.500
2026-02-05T17:00Z,2026-02-05 18:00,136.645
2026-02-05T18:00Z,2026-02-05 19:00,132.907
2026-02-05T19:00Z,2026-02-05 20:00,120.810
2026-02-05T20:00Z,2026-02-05 21:00,107.782
2026-02-05T21:00Z,2026-02-05 22:00,105.880
2026-02-05T22:00Z,2026-02-05 23:00,100.037
2026-02-05T23:00Z,2026-02-06 00:00,99.310
2026-02-06T00:00Z,2026-02-06 01:00,99.127
2026-02-06T01:00Z,2026-02-06 02:00,98.088
2026-02-06T02:00Z,2026-02-06 03:00,98.227
2026-02-06T03:00Z,2026-02-06 04:00,98.743
2026-02-06T04:00Z,2026-02-06 05:00,102.332
2026-02-06T05:00Z,2026-02-06 06:00,115.422
2026-02-06T06:00Z,2026-02-06 07:00,139.463
2026-02-06T07:00Z,2026-02-06 08:00,144.740
2026-02-06T08:00Z,2026-02-06 09:00,144.202
2026-02-06T09:00Z,2026-02-06 10:00,142.093
2026-02-06T10:00Z,2026-02-06 11:00,138.910
2026-02-06T11:00Z,2026-02-06 12:00,136.210
2026-02-06T12:00Z,2026-02-06 13:00,135.892
2026-02-06T13:00Z,2026-02-06 14:00,135.668
2026-02-06T14:00Z,2026-02-06 15:00,139.472
2026-02-06T15:00Z,2026-02-06 16:00,133.963
2026-02-06T16:00Z,2026-02-06 17:00,137.188
2026-02-06T17:00Z,2026-02-06 18:00,132.190
2026-02-06T18:00Z,2026-02-06 19:00,125.627
2026-02-06T19:00Z,2026-02-06 20:00,110.983
2026-02-06T20:00Z,2026-02-06 21:00,108.850
2026-02-06T21:00Z,2026-02-06 22:00,106.263
2026-02-06T22:00Z,2026-02-06 23:00,102.237
2026-02-06T23:00Z,2026-02-07 00:00,101.493
2026-02-07T00:00Z,2026-02-07 01:00,100.000
2026-02-07T01:00Z,2026-02-07 02:00,98.043
2026-02-07T02:00Z,2026-02-07 03:00,96.885
2026-02-07T03:00Z,2026-02-07 04:00,96.395
2026-02-07T04:00Z,2026-02-07 05:00,96.725
2026-02-07T05:00Z,2026-02-07 06:00,97.095
2026-02-07T06:00Z,2026-02-07 07:00,105.547
2026-02-07T07:00Z,2026-02-07 08:00,114.080
2026-02-07T08:00Z,2026-02-07 09:00,117.975
2026-02-07T09:00Z,2026-02-07 10:00,110.062
2026-02-07T10:00Z,2026-02-07 11:00,104.532
2026-02-07T11:00Z,2026-02-07 12:00,100.118
2026-02-07T12:00Z,2026-02-07 13:00,97.388
2026-02-07T13:00Z,2026-02-07 14:00,99.928
2026-02-07T14:00Z,2026-02-07 15:00,106.332
2026-02-07T15:00Z,2026-02-07 16:00,120.290
2026-02-07T16:00Z,2026-02-07 17:00,134.038
2026-02-07T17:00Z,2026-02-07 18:00,135.332
2026-02-07T18:00Z,2026-02-07 19:00,127.498
2026-02-07T19:00Z,2026-02-07 20:00,113.395
2026-02-07T20:00Z,2026-02-07 21:00,104.390
2026-02-07T21:00Z,2026-02-07 22:00,104.072
2026-02-07T22:00Z,2026-02-07 23:00,98.760
2026-02-07T23:00Z,2026-02-08 00:00,102.035
2026-02-08T00:00Z,2026-02-08 01:00,99.045
2026-02-08T01:00Z,2026-02-08 02:00,97.567
2026-02-08T02:00Z,2026-02-08 03:00,96.425
2026-02-08T03:00Z,2026-02-08 04:00,94.860
2026-02-08T04:00Z,2026-02-08 05:00,95.750
2026-02-08T05:00Z,2026-02-08 06:00,95.000
2026-02-08T06:00Z,2026-02-08 07:00,95.805
2026-02-08T07:00Z,2026-02-08 08:00,100.347
2026-02-08T08:00Z,2026-02-08 09:00,101.987
2026-02-08T09:00Z,2026-02-08 10:00,102.645
2026-02-08T10:00Z,2026-02-08 11:00,99.600
2026-02-08T11:00Z,2026-02-08 12:00,96.572
2026-02-08T12:00Z,2026-02-08 13:00,95.450
2026-02-08T13:00Z,2026-02-08 14:00,97.220
2026-02-08T14:00Z,2026-02-08 15:00,103.322
2026-02-08T15:00Z,2026-02-08 16:00,111.785
2026-02-08T16:00Z,2026-02-08 17:00,127.632
2026-02-08T17:00Z,2026-02-08 18:00,131.267
2026-02-08T18:00Z,2026-02-08 19:00,126.907
2026-02-08T19:00Z,2026-02-08 20:00,113.282
2026-02-08T20:00Z,2026-02-08 21:00,107.627
2026-02-08T21:00Z,2026-02-08 22:00,105.140
2026-02-08T22:00Z,2026-02-08 23:00,99.983
2026-02-08T23:00Z,2026-02-09 00:00,96.745
2026-02-09T00:00Z,2026-02-09 01:00,95.453
2026-02-09T01:00Z,2026-02-09 02:00,95.703
2026-02-09T02:00Z,2026-02-09 03:00,95.468
2026-02-09T03:00Z,2026-02-09 04:00,96.565
2026-02-09T04:00Z,2026-02-09 05:00,104.735
2026-02-09T05:00Z,2026-02-09 06:00,132.235
2026-02-09T06:00Z,2026-02-09 07:00,158.595
2026-02-09T07:00Z,2026-02-09 08:00,182.710
2026-02-09T08:00Z,2026-02-09 09:00,169.208
2026-02-09T09:00Z,2026-02-09 10:00,157.290
2026-02-09T10:00Z,2026-02-09 11:00,144.380
2026-02-09T11:00Z,2026-02-09 12:00,137.072
2026-02-09T12:00Z,2026-02-09 13:00,135.025
2026-02-09T13:00Z,2026-02-09 14:00,137.657
2026-02-09T14:00Z,2026-02-09 15:00,149.077
2026-02-09T15:00Z,2026-02-09 16:00,168.982
2026-02-09T16:00Z,2026-02-09 17:00,227.213
2026-02-09T17:00Z,2026-02-09 18:00,182.225
2026-02-09T18:00Z,2026-02-09 19:00,165.810
2026-02-09T19:00Z,2026-02-09 20:00,144.127
2026-02-09T20:00Z,2026-02-09 21:00,134.600
2026-02-09T21:00Z,2026-02-09 22:00,122.895
2026-02-09T22:00Z,2026-02-09 23:00,108.922
2026-02-09T23:00Z,2026-02-10 00:00,104.642
2026-02-10T00:00Z,2026-02-10 01:00,103.745
2026-02-10T01:00Z,2026-02-10 02:00,102.748
2026-02-10T02:00Z,2026-02-10 03:00,102.435
2026-02-10T03:00Z,2026-02-10 04:00,102.435
2026-02-10T04:00Z,2026-02-10 05:00,105.428
2026-02-10T05:00Z,2026-02-10 06:00,119.917
2026-02-10T06:00Z,2026-02-10 07:00,134.890
2026-02-10T07:00Z,2026-02-10 08:00,143.827
2026-02-10T08:00Z,2026-02-10 09:00,132.082
2026-02-10T09:00Z,2026-02-10 10:00,129.088
2026-02-10T10:00Z,2026-02-10 11:00,119.442
2026-02-10T11:00Z,2026-02-10 12:00,109.222
2026-02-10T12:00Z,2026-02-10 13:00,109.470
2026-02-10T13:00Z,2026-02-10 14:00,116.222
2026-02-10T14:00Z,2026-02-10 15:00,128.115
2026-02-10T15:00Z,2026-02-10 16:00,127.662
2026-02-10T16:00Z,2026-02-10 17:00,135.243
2026-02-10T17:00Z,2026-02-10 18:00,131.713
2026-02-10T18:00Z,2026-02-10 19:00,120.328
2026-02-10T19:00Z,2026-02-10 20:00,111.252
2026-02-10T20:00Z,2026-02-10 21:00,107.157
2026-02-10T21:00Z,2026-02-10 22:00,106.690
2026-02-10T22:00Z,2026-02-10 23:00,100.528
2026-02-10T23:00Z,2026-02-11 00:00,96.782
2026-02-11T00:00Z,2026-02-11 01:00,96.630
2026-02-11T01:00Z,2026-02-11 02:00,95.605
2026-02-11T02:00Z,2026-02-11 03:00,94.680
2026-02-11T03:00Z,2026-02-11 04:00,94.845
2026-02-11T04:00Z,2026-02-11 05:00,99.142
2026-02-11T05:00Z,2026-02-11 06:00,110.477
2026-02-11T06:00Z,2026-02-11 07:00,129.000
2026-02-11T07:00Z,2026-02-11 08:00,137.067
2026-02-11T08:00Z,2026-02-11 09:00,131.438
2026-02-11T09:00Z,2026-02-11 10:00,127.500
2026-02-11T10:00Z,2026-02-11 11:00,125.940
2026-02-11T11:00Z,2026-02-11 12:00,115.862
2026-02-11T12:00Z,2026-02-11 13:00,116.700
2026-02-11T13:00Z,2026-02-11 14:00,116.700
2026-02-11T14:00Z,2026-02-11 15:00,118.185
2026-02-11T15:00Z,2026-02-11 16:00,122.315
2026-02-11T16:00Z,2026-02-11 17:00,127.900
2026-02-11T17:00Z,2026-02-11 18:00,125.465
2026-02-11T18:00Z,2026-02-11 19:00,112.020
2026-02-11T19:00Z,2026-02-11 20:00,104.928
2026-02-11T20:00Z,2026-02-11 21:00,104.380
2026-02-11T21:00Z,2026-02-11 22:00,101.998
2026-02-11T22:00Z,2026-02-11 23:00,95.308
2026-02-11T23:00Z,2026-02-12 00:00,88.192
2026-02-12T00:00Z,2026-02-12 01:00,87.580
2026-02-12T01:00Z,2026-02-12 02:00,86.203
2026-02-12T02:00Z,2026-02-12 03:00,84.892
2026-02-12T03:00Z,2026-02-12 04:00,86.013
2026-02-12T04:00Z,2026-02-12 05:00,89.430
2026-02-12T05:00Z,2026-02-12 06:00,99.862
2026-02-12T06:00Z,2026-02-12 07:00,116.007
2026-02-12T07:00Z,2026-02-12 08:00,123.073
2026-02-12T08:00Z,2026-02-12 09:00,121.205
2026-02-12T09:00Z,2026-02-12 10:00,117.520
2026-02-12T10:00Z,2026-02-12 11:00,111.153
2026-02-12T11:00Z,2026-02-12 12:00,105.515
2026-02-12T12:00Z,2026-02-12 13:00,103.555
2026-02-12T13:00Z,2026-02-12 14:00,105.213
2026-02-12T14:00Z,2026-02-12 15:00,107.980
2026-02-12T15:00Z,2026-02-12 16:00,110.785
2026-02-12T16:00Z,2026-02-12 17:00,123.050
2026-02-12T17:00Z,2026-02-12 18:00,125.662
2026-02-12T18:00Z,2026-02-12 19:00,120.873
2026-02-12T19:00Z,2026-02-12 20:00,109.103
2026-02-12T20:00Z,2026-02-12 21:00,99.692
2026-02-12T21:00Z,2026-02-12 22:00,97.175
2026-02-12T22:00Z,2026-02-12 23:00,89.333
2026-02-12T23:00Z,2026-02-13 00:00,83.858
2026-02-13T00:00Z,2026-02-13 01:00,83.660
2026-02-13T01:00Z,2026-02-13 02:00,82.218
2026-02-13T02:00Z,2026-02-13 03:00,81.855
2026-02-13T03:00Z,2026-02-13 04:00,83.350
2026-02-13T04:00Z,2026-02-13 05:00,87.188
2026-02-13T05:00Z,2026-02-13 06:00,98.728
2026-02-13T06:00Z,2026-02-13 07:00,117.727
2026-02-13T07:00Z,2026-02-13 08:00,123.850
2026-02-13T08:00Z,2026-02-13 09:00,119.150
2026-02-13T09:00Z,2026-02-13 10:00,106.392
2026-02-13T10:00Z,2026-02-13 11:00,101.030
2026-02-13T11:00Z,2026-02-13 12:00,97.300
2026-02-13T12:00Z,2026-02-13 13:00,97.495
2026-02-13T13:00Z,2026-02-13 14:00,102.090
2026-02-13T14:00Z,2026-02-13 15:00,118.097
2026-02-13T15:00Z,2026-02-13 16:00,125.905
2026-02-13T16:00Z,2026-02-13 17:00,131.985
2026-02-13T17:00Z,2026-02-13 18:00,136.022
2026-02-13T18:00Z,2026-02-13 19:00,131.892
2026-02-13T19:00Z,2026-02-13 20:00,126.000
2026-02-13T20:00Z,2026-02-13 21:00,117.580
2026-02-13T21:00Z,2026-02-13 22:00,109.947
2026-02-13T22:00Z,2026-02-13 23:00,100.858
2026-02-13T23:00Z,2026-02-14 00:00,96.993
2026-02-14T00:00Z,2026-02-14 01:00,91.830
2026-02-14T01:00Z,2026-02-14 02:00,89.090
2026-02-14T02:00Z,2026-02-14 03:00,88.672
2026-02-14T03:00Z,2026-02-14 04:00,87.507
2026-02-14T04:00Z,2026-02-14 05:00,88.750
2026-02-14T05:00Z,2026-02-14 06:00,90.218
2026-02-14T06:00Z,2026-02-14 07:00,93.118
2026-02-14T07:00Z,2026-02-14 08:00,101.832
2026-02-14T08:00Z,2026-02-14 09:00,107.490
2026-02-14T09:00Z,2026-02-14 10:00,103.970
2026-02-14T10:00Z,2026-02-14 11:00,98.162
2026-02-14T11:00Z,2026-02-14 12:00,95.160
2026-02-14T12:00Z,2026-02-14 13:00,93.972
2026-02-14T13:00Z,2026-02-14 14:00,97.112
2026-02-14T14:00Z,2026-02-14 15:00,104.953
2026-02-14T15:00Z,2026-02-14 16:00,116.888
2026-02-14T16:00Z,2026-02-14 17:00,126.100
2026-02-14T17:00Z,2026-02-14 18:00,131.928
2026-02-14T18:00Z,2026-02-14 19:00,128.720
2026-02-14T19:00Z,2026-02-14 20:00,123.192
2026-02-14T20:00Z,2026-02-14 21:00,116.980
2026-02-14T21:00Z,2026-02-14 22:00,111.203
2026-02-14T22:00Z,2026-02-14 23:00,101.100
2026-02-14T23:00Z,2026-02-15 00:00,101.778
2026-02-15T00:00Z,2026-02-15 01:00,99.948
2026-02-15T01:00Z,2026-02-15 02:00,100.755
2026-02-15T02:00Z,2026-02-15 03:00,98.025
2026-02-15T03:00Z,2026-02-15 04:00,96.520
2026-02-15T04:00Z,2026-02-15 05:00,94.355
2026-02-15T05:00Z,2026-02-15 06:00,94.168
2026-02-15T06:00Z,2026-02-15 07:00,96.115
2026-02-15T07:00Z,2026-02-15 08:00,96.800
2026-02-15T08:00Z,2026-02-15 09:00,93.065
2026-02-15T09:00Z,2026-02-15 10:00,83.017
2026-02-15T10:00Z,2026-02-15 11:00,74.722
2026-02-15T11:00Z,2026-02-15 12:00,67.370
2026-02-15T12:00Z,2026-02-15 13:00,64.407
2026-02-15T13:00Z,2026-02-15 14:00,64.422
2026-02-15T14:00Z,2026-02-15 15:00,71.953
2026-02-15T15:00Z,2026-02-15 16:00,84.205
2026-02-15T16:00Z,2026-02-15 17:00,96.385
2026-02-15T17:00Z,2026-02-15 18:00,98.203
2026-02-15T18:00Z,2026-02-15 19:00,83.612
2026-02-15T19:00Z,2026-02-15 20:00,71.002
2026-02-15T20:00Z,2026-02-15 21:00,67.263
2026-02-15T21:00Z,2026-02-15 22:00,65.615
2026-02-15T22:00Z,2026-02-15 23:00,58.040
2026-02-15T23:00Z,2026-02-16 00:00,68.930
2026-02-16T00:00Z,2026-02-16 01:00,65.375
2026-02-16T01:00Z,2026-02-16 02:00,64.410
2026-02-16T02:00Z,2026-02-16 03:00,64.412
2026-02-16T03:00Z,2026-02-16 04:00,66.052
2026-02-16T04:00Z,2026-02-16 05:00,69.985
2026-02-16T05:00Z,2026-02-16 06:00,79.328
2026-02-16T06:00Z,2026-02-16 07:00,94.072
2026-02-16T07:00Z,2026-02-16 08:00,101.032
2026-02-16T08:00Z,2026-02-16 09:00,104.425
2026-02-16T09:00Z,2026-02-16 10:00,101.540
2026-02-16T10:00Z,2026-02-16 11:00,94.860
2026-02-16T11:00Z,2026-02-16 12:00,92.002
2026-02-16T12:00Z,2026-02-16 13:00,94.403
2026-02-16T13:00Z,2026-02-16 14:00,96.013
2026-02-16T14:00Z,2026-02-16 15:00,104.075
2026-02-16T15:00Z,2026-02-16 16:00,115.303
2026-02-16T16:00Z,2026-02-16 17:00,130.355
2026-02-16T17:00Z,2026-02-16 18:00,129.118
2026-02-16T18:00Z,2026-02-16 19:00,126.355
2026-02-16T19:00Z,2026-02-16 20:00,115.633
2026-02-16T20:00Z,2026-02-16 21:00,103.898
2026-02-16T21:00Z,2026-02-16 22:00,101.920
2026-02-16T22:00Z,2026-02-16 23:00,92.755
2026-02-16T23:00Z,2026-02-17 00:00,87.020
2026-02-17T00:00Z,2026-02-17 01:00,85.105
2026-02-17T01:00Z,2026-02-17 02:00,84.780
2026-02-17T02:00Z,2026-02-17 03:00,85.650
2026-02-17T03:00Z,2026-02-17 04:00,84.817
2026-02-17T04:00Z,2026-02-17 05:00,88.843
2026-02-17T05:00Z,2026-02-17 06:00,102.722
2026-02-17T06:00Z,2026-02-17 07:00,114.328
2026-02-17T07:00Z,2026-02-17 08:00,114.855
2026-02-17T08:00Z,2026-02-17 09:00,110.838
2026-02-17T09:00Z,2026-02-17 10:00,102.400
2026-02-17T10:00Z,2026-02-17 11:00,93.055
2026-02-17T11:00Z,2026-02-17 12:00,83.940
2026-02-17T12:00Z,2026-02-17 13:00,82.293
2026-02-17T13:00Z,2026-02-17 14:00,82.418
2026-02-17T14:00Z,2026-02-17 15:00,86.377
2026-02-17T15:00Z,2026-02-17 16:00,94.082
2026-02-17T16:00Z,2026-02-17 17:00,110.805
2026-02-17T17:00Z,2026-02-17 18:00,126.975
2026-02-17T18:00Z,2026-02-17 19:00,126.600
2026-02-17T19:00Z,2026-02-17 20:00,111.227
2026-02-17T20:00Z,2026-02-17 21:00,99.953
2026-02-17T21:00Z,2026-02-17 22:00,93.225
2026-02-17T22:00Z,2026-02-17 23:00,89.610
2026-02-17T23:00Z,2026-02-18 00:00,95.630
2026-02-18T00:00Z,2026-02-18 01:00,93.562
2026-02-18T01:00Z,2026-02-18 02:00,93.293
2026-02-18T02:00Z,2026-02-18 03:00,92.675
2026-02-18T03:00Z,2026-02-18 04:00,93.418
2026-02-18T04:00Z,2026-02-18 05:00,101.197
2026-02-18T05:00Z,2026-02-18 06:00,122.513
2026-02-18T06:00Z,2026-02-18 07:00,175.688
2026-02-18T07:00Z,2026-02-18 08:00,186.093
2026-02-18T08:00Z,2026-02-18 09:00,135.642
2026-02-18T09:00Z,2026-02-18 10:00,115.880
2026-02-18T10:00Z,2026-02-18 11:00,106.222
2026-02-18T11:00Z,2026-02-18 12:00,101.332
2026-02-18T12:00Z,2026-02-18 13:00,100.502
2026-02-18T13:00Z,2026-02-18 14:00,103.642
2026-02-18T14:00Z,2026-02-18 15:00,114.090
2026-02-18T15:00Z,2026-02-18 16:00,122.082
2026-02-18T16:00Z,2026-02-18 17:00,140.405
2026-02-18T17:00Z,2026-02-18 18:00,142.597
2026-02-18T18:00Z,2026-02-18 19:00,119.843
2026-02-18T19:00Z,2026-02-18 20:00,102.670
2026-02-18T20:00Z,2026-02-18 21:00,96.140
2026-02-18T21:00Z,2026-02-18 22:00,95.097
2026-02-18T22:00Z,2026-02-18 23:00,89.465
2026-02-18T23:00Z,2026-02-19 00:00,83.775
2026-02-19T00:00Z,2026-02-19 01:00,81.850
2026-02-19T01:00Z,2026-02-19 02:00,81.930
2026-02-19T02:00Z,2026-02-19 03:00,81.450
2026-02-19T03:00Z,2026-02-19 04:00,77.655
2026-02-19T04:00Z,2026-02-19 05:00,84.150
2026-02-19T05:00Z,2026-02-19 06:00,87.113
2026-02-19T06:00Z,2026-02-19 07:00,89.237
2026-02-19T07:00Z,2026-02-19 08:00,96.945
2026-02-19T08:00Z,2026-02-19 09:00,103.610
2026-02-19T09:00Z,2026-02-19 10:00,100.995
2026-02-19T10:00Z,2026-02-19 11:00,95.108
2026-02-19T11:00Z,2026-02-19 12:00,91.000
2026-02-19T12:00Z,2026-02-19 13:00,90.100
2026-02-19T13:00Z,2026-02-19 14:00,90.160
2026-02-19T14:00Z,2026-02-19 15:00,92.588
2026-02-19T15:00Z,2026-02-19 16:00,96.392
2026-02-19T16:00Z,2026-02-19 17:00,105.692
2026-02-19T17:00Z,2026-02-19 18:00,113.517
2026-02-19T18:00Z,2026-02-19 19:00,111.385
2026-02-19T19:00Z,2026-02-19 20:00,100.485
2026-02-19T20:00Z,2026-02-19 21:00,98.115
2026-02-19T21:00Z,2026-02-19 22:00,92.100
2026-02-19T22:00Z,2026-02-19 23:00,85.185
2026-02-19T23:00Z,2026-02-20 00:00,86.060
2026-02-20T00:00Z,2026-02-20 01:00,85.927
2026-02-20T01:00Z,2026-02-20 02:00,85.438
2026-02-20T02:00Z,2026-02-20 03:00,84.880
2026-02-20T03:00Z,2026-02-20 04:00,84.418
2026-02-20T04:00Z,2026-02-20 05:00,90.270
2026-02-20T05:00Z,2026-02-20 06:00,104.832
2026-02-20T06:00Z,2026-02-20 07:00,113.782
2026-02-20T07:00Z,2026-02-20 08:00,116.142
2026-02-20T08:00Z,2026-02-20 09:00,109.183
2026-02-20T09:00Z,2026-02-20 10:00,91.100
2026-02-20T10:00Z,2026-02-20 11:00,83.683
2026-02-20T11:00Z,2026-02-20 12:00,81.013
2026-02-20T12:00Z,2026-02-20 13:00,79.600
2026-02-20T13:00Z,2026-02-20 14:00,79.958
2026-02-20T14:00Z,2026-02-20 15:00,83.465
2026-02-20T15:00Z,2026-02-20 16:00,91.858
2026-02-20T16:00Z,2026-02-20 17:00,101.438
2026-02-20T17:00Z,2026-02-20 18:00,93.782
2026-02-20T18:00Z,2026-02-20 19:00,82.987
2026-02-20T19:00Z,2026-02-20 20:00,78.715
2026-02-20T20:00Z,2026-02-20 21:00,67.998
2026-02-20T21:00Z,2026-02-20 22:00,64.640
2026-02-20T22:00Z,2026-02-20 23:00,46.805
2026-02-20T23:00Z,2026-02-21 00:00,52.440
2026-02-21T00:00Z,2026-02-21 01:00,46.645
2026-02-21T01:00Z,2026-02-21 02:00,43.458
2026-02-21T02:00Z,2026-02-21 03:00,41.657
2026-02-21T03:00Z,2026-02-21 04:00,38.975
2026-02-21T04:00Z,2026-02-21 05:00,39.477
2026-02-21T05:00Z,2026-02-21 06:00,35.860
2026-02-21T06:00Z,2026-02-21 07:00,46.990
2026-02-21T07:00Z,2026-02-21 08:00,56.050
2026-02-21T08:00Z,2026-02-21 09:00,58.035
2026-02-21T09:00Z,2026-02-21 10:00,59.525
2026-02-21T10:00Z,2026-02-21 11:00,55.385
2026-02-21T11:00Z,2026-02-21 12:00,50.527
2026-02-21T12:00Z,2026-02-21 13:00,45.163
2026-02-21T13:00Z,2026-02-21 14:00,56.005
2026-02-21T14:00Z,2026-02-21 15:00,68.885
2026-02-21T15:00Z,2026-02-21 16:00,81.940
2026-02-21T16:00Z,2026-02-21 17:00,98.635
2026-02-21T17:00Z,2026-02-21 18:00,108.312
2026-02-21T18:00Z,2026-02-21 19:00,101.172
2026-02-21T19:00Z,2026-02-21 20:00,89.097
2026-02-21T20:00Z,2026-02-21 21:00,82.812
2026-02-21T21:00Z,2026-02-21 22:00,76.593
2026-02-21T22:00Z,2026-02-21 23:00,66.710
2026-02-21T23:00Z,2026-02-22 00:00,56.675
2026-02-22T00:00Z,2026-02-22 01:00,52.510
2026-02-22T01:00Z,2026-02-22 02:00,44.057
2026-02-22T02:00Z,2026-02-22 03:00,40.957
2026-02-22T03:00Z,2026-02-22 04:00,39.017
2026-02-22T04:00Z,2026-02-22 05:00,38.287
2026-02-22T05:00Z,2026-02-22 06:00,34.875
2026-02-22T06:00Z,2026-02-22 07:00,41.502
2026-02-22T07:00Z,2026-02-22 08:00,47.355
2026-02-22T08:00Z,2026-02-22 09:00,55.463
2026-02-22T09:00Z,2026-02-22 10:00,55.102
2026-02-22T10:00Z,2026-02-22 11:00,53.963
2026-02-22T11:00Z,2026-02-22 12:00,50.585
2026-02-22T12:00Z,2026-02-22 13:00,45.080
2026-02-22T13:00Z,2026-02-22 14:00,43.308
2026-02-22T14:00Z,2026-02-22 15:00,47.942
2026-02-22T15:00Z,2026-02-22 16:00,56.928
2026-02-22T16:00Z,2026-02-22 17:00,75.950
2026-02-22T17:00Z,2026-02-22 18:00,79.442
2026-02-22T18:00Z,2026-02-22 19:00,75.120
2026-02-22T19:00Z,2026-02-22 20:00,68.517
2026-02-22T20:00Z,2026-02-22 21:00,67.690
2026-02-22T21:00Z,2026-02-22 22:00,70.410
2026-02-22T22:00Z,2026-02-22 23:00,51.947
2026-02-22T23:00Z,2026-02-23 00:00,45.350
2026-02-23T00:00Z,2026-02-23 01:00,45.513
2026-02-23T01:00Z,2026-02-23 02:00,43.975
2026-02-23T02:00Z,2026-02-23 03:00,44.915
2026-02-23T03:00Z,2026-02-23 04:00,45.145
2026-02-23T04:00Z,2026-02-23 05:00,56.070
2026-02-23T05:00Z,2026-02-23 06:00,77.763
2026-02-23T06:00Z,2026-02-23 07:00,95.957
2026-02-23T07:00Z,2026-02-23 08:00,99.042
2026-02-23T08:00Z,2026-02-23 09:00,87.468
2026-02-23T09:00Z,2026-02-23 10:00,67.015
2026-02-23T10:00Z,2026-02-23 11:00,48.850
2026-02-23T11:00Z,2026-02-23 12:00,7.880
2026-02-23T12:00Z,2026-02-23 13:00,2.902
2026-02-23T13:00Z,2026-02-23 14:00,34.892
2026-02-23T14:00Z,2026-02-23 15:00,58.508
2026-02-23T15:00Z,2026-02-23 16:00,79.507
2026-02-23T16:00Z,2026-02-23 17:00,96.090
2026-02-23T17:00Z,2026-02-23 18:00,107.270
2026-02-23T18:00Z,2026-02-23 19:00,110.898
2026-02-23T19:00Z,2026-02-23 20:00,98.025
2026-02-23T20:00Z,2026-02-23 21:00,97.235
2026-02-23T21:00Z,2026-02-23 22:00,95.855
2026-02-23T22:00Z,2026-02-23 23:00,87.287
2026-02-23T23:00Z,2026-02-24 00:00,82.358
2026-02-24T00:00Z,2026-02-24 01:00,83.963
2026-02-24T01:00Z,2026-02-24 02:00,85.975
2026-02-24T02:00Z,2026-02-24 03:00,86.450
2026-02-24T03:00Z,2026-02-24 04:00,88.205
2026-02-24T04:00Z,2026-02-24 05:00,94.170
2026-02-24T05:00Z,2026-02-24 06:00,111.123
2026-02-24T06:00Z,2026-02-24 07:00,133.097
2026-02-24T07:00Z,2026-02-24 08:00,147.475
2026-02-24T08:00Z,2026-02-24 09:00,140.720
2026-02-24T09:00Z,2026-02-24 10:00,128.768
2026-02-24T10:00Z,2026-02-24 11:00,111.395
2026-02-24T11:00Z,2026-02-24 12:00,100.190
2026-02-24T12:00Z,2026-02-24 13:00,99.300
2026-02-24T13:00Z,2026-02-24 14:00,95.005
2026-02-24T14:00Z,2026-02-24 15:00,107.072
2026-02-24T15:00Z,2026-02-24 16:00,125.808
2026-02-24T16:00Z,2026-02-24 17:00,182.220
2026-02-24T17:00Z,2026-02-24 18:00,184.048
2026-02-24T18:00Z,2026-02-24 19:00,144.417
2026-02-24T19:00Z,2026-02-24 20:00,118.958
2026-02-24T20:00Z,2026-02-24 21:00,108.725
2026-02-24T21:00Z,2026-02-24 22:00,101.705
2026-02-24T22:00Z,2026-02-24 23:00,93.903
2026-02-24T23:00Z,2026-02-25 00:00,92.143
2026-02-25T00:00Z,2026-02-25 01:00,87.403
2026-02-25T01:00Z,2026-02-25 02:00,84.833
2026-02-25T02:00Z,2026-02-25 03:00,88.095
2026-02-25T03:00Z,2026-02-25 04:00,88.610
2026-02-25T04:00Z,2026-02-25 05:00,93.172
2026-02-25T05:00Z,2026-02-25 06:00,113.817
2026-02-25T06:00Z,2026-02-25 07:00,130.732
2026-02-25T07:00Z,2026-02-25 08:00,119.852
2026-02-25T08:00Z,2026-02-25 09:00,107.175
2026-02-25T09:00Z,2026-02-25 10:00,90.830
2026-02-25T10:00Z,2026-02-25 11:00,79.847
2026-02-25T11:00Z,2026-02-25 12:00,65.803
2026-02-25T12:00Z,2026-02-25 13:00,60.197
2026-02-25T13:00Z,2026-02-25 14:00,67.847
2026-02-25T14:00Z,2026-02-25 15:00,80.983
2026-02-25T15:00Z,2026-02-25 16:00,101.370
2026-02-25T16:00Z,2026-02-25 17:00,118.642
2026-02-25T17:00Z,2026-02-25 18:00,121.770
2026-02-25T18:00Z,2026-02-25 19:00,107.153
2026-02-25T19:00Z,2026-02-25 20:00,94.255
2026-02-25T20:00Z,2026-02-25 21:00,87.280
2026-02-25T21:00Z,2026-02-25 22:00,86.828
2026-02-25T22:00Z,2026-02-25 23:00,79.120
2026-02-25T23:00Z,2026-02-26 00:00,76.422
2026-02-26T00:00Z,2026-02-26 01:00,72.390
2026-02-26T01:00Z,2026-02-26 02:00,68.742
2026-02-26T02:00Z,2026-02-26 03:00,67.933
2026-02-26T03:00Z,2026-02-26 04:00,67.377
2026-02-26T04:00Z,2026-02-26 05:00,75.855
2026-02-26T05:00Z,2026-02-26 06:00,100.817
2026-02-26T06:00Z,2026-02-26 07:00,110.100
2026-02-26T07:00Z,2026-02-26 08:00,97.448
2026-02-26T08:00Z,2026-02-26 09:00,80.425
2026-02-26T09:00Z,2026-02-26 10:00,67.850
2026-02-26T10:00Z,2026-02-26 11:00,53.345
2026-02-26T11:00Z,2026-02-26 12:00,20.038
2026-02-26T12:00Z,2026-02-26 13:00,14.053
2026-02-26T13:00Z,2026-02-26 14:00,44.638
2026-02-26T14:00Z,2026-02-26 15:00,71.308
2026-02-26T15:00Z,2026-02-26 16:00,94.733
2026-02-26T16:00Z,2026-02-26 17:00,111.138
2026-02-26T17:00Z,2026-02-26 18:00,113.095
2026-02-26T18:00Z,2026-02-26 19:00,107.985
2026-02-26T19:00Z,2026-02-26 20:00,93.447
2026-02-26T20:00Z,2026-02-26 21:00,84.078
2026-02-26T21:00Z,2026-02-26 22:00,80.458
2026-02-26T22:00Z,2026-02-26 23:00,71.575
2026-02-26T23:00Z,2026-02-27 00:00,55.148
2026-02-27T00:00Z,2026-02-27 01:00,56.008
2026-02-27T01:00Z,2026-02-27 02:00,57.303
2026-02-27T02:00Z,2026-02-27 03:00,60.000
2026-02-27T03:00Z,2026-02-27 04:00,61.795
2026-02-27T04:00Z,2026-02-27 05:00,65.993
2026-02-27T05:00Z,2026-02-27 06:00,76.565
2026-02-27T06:00Z,2026-02-27 07:00,88.525
2026-02-27T07:00Z,2026-02-27 08:00,79.330
2026-02-27T08:00Z,2026-02-27 09:00,64.415
2026-02-27T09:00Z,2026-02-27 10:00,31.547
2026-02-27T10:00Z,2026-02-27 11:00,0.970
2026-02-27T11:00Z,2026-02-27 12:00,-0.013
2026-02-27T12:00Z,2026-02-27 13:00,-0.010
2026-02-27T13:00Z,2026-02-27 14:00,7.737
2026-02-27T14:00Z,2026-02-27 15:00,59.755
2026-02-27T15:00Z,2026-02-27 16:00,92.000
2026-02-27T16:00Z,2026-02-27 17:00,115.195
2026-02-27T17:00Z,2026-02-27 18:00,118.100
2026-02-27T18:00Z,2026-02-27 19:00,109.252
2026-02-27T19:00Z,2026-02-27 20:00,100.030
2026-02-27T20:00Z,2026-02-27 21:00,90.963
2026-02-27T21:00Z,2026-02-27 22:00,87.510
2026-02-27T22:00Z,2026-02-27 23:00,80.002
2026-02-27T23:00Z,2026-02-28 00:00,80.020
2026-02-28T00:00Z,2026-02-28 01:00,76.305
2026-02-28T01:00Z,2026-02-28 02:00,74.728
2026-02-28T02:00Z,2026-02-28 03:00,71.775
2026-02-28T03:00Z,2026-02-28 04:00,71.892
2026-02-28T04:00Z,2026-02-28 05:00,72.250
2026-02-28T05:00Z,2026-02-28 06:00,72.922
2026-02-28T06:00Z,2026-02-28 07:00,76.290
2026-02-28T07:00Z,2026-02-28 08:00,57.115
2026-02-28T08:00Z,2026-02-28 09:00,17.797
2026-02-28T09:00Z,2026-02-28 10:00,-0.010
2026-02-28T10:00Z,2026-02-28 11:00,-0.028
2026-02-28T11:00Z,2026-02-28 12:00,-0.253
2026-02-28T12:00Z,2026-02-28 13:00,-0.223
2026-02-28T13:00Z,2026-02-28 14:00,-0.007
2026-02-28T14:00Z,2026-02-28 15:00,14.863
2026-02-28T15:00Z,2026-02-28 16:00,65.647
2026-02-28T16:00Z,2026-02-28 17:00,89.935
2026-02-28T17:00Z,2026-02-28 18:00,95.192
2026-02-28T18:00Z,2026-02-28 19:00,85.168
2026-02-28T19:00Z,2026-02-28 20:00,69.118
2026-02-28T20:00Z,2026-02-28 21:00,64.668
2026-02-28T21:00Z,2026-02-28 22:00,64.662
2026-02-28T22:00Z,2026-02-28 23:00,60.672
2026-02-28T23:00Z,2026-03-01 00:00,47.648
2026-03-01T00:00Z,2026-03-01 01:00,51.550
2026-03-01T01:00Z,2026-03-01 02:00,54.248
2026-03-01T02:00Z,2026-03-01 03:00,57.073
2026-03-01T03:00Z,2026-03-01 04:00,61.085
2026-03-01T04:00Z,2026-03-01 05:00,65.180
2026-03-01T05:00Z,2026-03-01 06:00,66.008
2026-03-01T06:00Z,2026-03-01 07:00,64.998
2026-03-01T07:00Z,2026-03-01 08:00,52.535
2026-03-01T08:00Z,2026-03-01 09:00,19.980
2026-03-01T09:00Z,2026-03-01 10:00,0.000
2026-03-01T10:00Z,2026-03-01 11:00,-0.025
2026-03-01T11:00Z,2026-03-01 12:00,-0.365
2026-03-01T12:00Z,2026-03-01 13:00,-0.787
2026-03-01T13:00Z,2026-03-01 14:00,-0.005
2026-03-01T14:00Z,2026-03-01 15:00,25.953
2026-03-01T15:00Z,2026-03-01 16:00,74.840
2026-03-01T16:00Z,2026-03-01 17:00,103.760
2026-03-01T17:00Z,2026-03-01 18:00,110.203
2026-03-01T18:00Z,2026-03-01 19:00,101.685
2026-03-01T19:00Z,2026-03-01 20:00,90.735
2026-03-01T20:00Z,2026-03-01 21:00,81.315
2026-03-01T21:00Z,2026-03-01 22:00,74.665
2026-03-01T22:00Z,2026-03-01 23:00,68.147
2026-03-01T23:00Z,2026-03-02 00:00,65.130
2026-03-02T00:00Z,2026-03-02 01:00,66.945
2026-03-02T01:00Z,2026-03-02 02:00,69.007
2026-03-02T02:00Z,2026-03-02 03:00,69.567
2026-03-02T03:00Z,2026-03-02 04:00,74.030
2026-03-02T04:00Z,2026-03-02 05:00,85.030
2026-03-02T05:00Z,2026-03-02 06:00,100.168
2026-03-02T06:00Z,2026-03-02 07:00,138.653
2026-03-02T07:00Z,2026-03-02 08:00,124.862
2026-03-02T08:00Z,2026-03-02 09:00,89.463
2026-03-02T09:00Z,2026-03-02 10:00,69.900
2026-03-02T10:00Z,2026-03-02 11:00,53.562
2026-03-02T11:00Z,2026-03-02 12:00,29.068
2026-03-02T12:00Z,2026-03-02 13:00,40.252
2026-03-02T13:00Z,2026-03-02 14:00,64.030
2026-03-02T14:00Z,2026-03-02 15:00,84.987
2026-03-02T15:00Z,2026-03-02 16:00,109.153
2026-03-02T16:00Z,2026-03-02 17:00,173.500
2026-03-02T17:00Z,2026-03-02 18:00,187.995
2026-03-02T18:00Z,2026-03-02 19:00,143.610
2026-03-02T19:00Z,2026-03-02 20:00,107.685
2026-03-02T20:00Z,2026-03-02 21:00,96.468
2026-03-02T21:00Z,2026-03-02 22:00,96.800
2026-03-02T22:00Z,2026-03-02 23:00,88.895
2026-03-02T23:00Z,2026-03-03 00:00,89.062
2026-03-03T00:00Z,2026-03-03 01:00,90.123
2026-03-03T01:00Z,2026-03-03 02:00,89.425
2026-03-03T02:00Z,2026-03-03 03:00,92.815
2026-03-03T03:00Z,2026-03-03 04:00,95.722
2026-03-03T04:00Z,2026-03-03 05:00,103.320
2026-03-03T05:00Z,2026-03-03 06:00,136.048
2026-03-03T06:00Z,2026-03-03 07:00,156.398
2026-03-03T07:00Z,2026-03-03 08:00,136.780
2026-03-03T08:00Z,2026-03-03 09:00,99.520
2026-03-03T09:00Z,2026-03-03 10:00,78.170
2026-03-03T10:00Z,2026-03-03 11:00,55.922
2026-03-03T11:00Z,2026-03-03 12:00,32.365
2026-03-03T12:00Z,2026-03-03 13:00,35.663
2026-03-03T13:00Z,2026-03-03 14:00,64.145
2026-03-03T14:00Z,2026-03-03 15:00,86.767
2026-03-03T15:00Z,2026-03-03 16:00,114.180
2026-03-03T16:00Z,2026-03-03 17:00,158.615
2026-03-03T17:00Z,2026-03-03 18:00,204.257
2026-03-03T18:00Z,2026-03-03 19:00,173.370
2026-03-03T19:00Z,2026-03-03 20:00,131.725
2026-03-03T20:00Z,2026-03-03 21:00,116.180
2026-03-03T21:00Z,2026-03-03 22:00,111.320
2026-03-03T22:00Z,2026-03-03 23:00,104.695
2026-03-03T23:00Z,2026-03-04 00:00,129.010
2026-03-04T00:00Z,2026-03-04 01:00,127.823
2026-03-04T01:00Z,2026-03-04 02:00,125.323
2026-03-04T02:00Z,2026-03-04 03:00,124.735
2026-03-04T03:00Z,2026-03-04 04:00,128.202
2026-03-04T04:00Z,2026-03-04 05:00,141.160
2026-03-04T05:00Z,2026-03-04 06:00,200.298
2026-03-04T06:00Z,2026-03-04 07:00,267.485
2026-03-04T07:00Z,2026-03-04 08:00,193.347
2026-03-04T08:00Z,2026-03-04 09:00,150.760
2026-03-04T09:00Z,2026-03-04 10:00,110.418
2026-03-04T10:00Z,2026-03-04 11:00,78.297
2026-03-04T11:00Z,2026-03-04 12:00,42.495
2026-03-04T12:00Z,2026-03-04 13:00,32.975
2026-03-04T13:00Z,2026-03-04 14:00,65.405
2026-03-04T14:00Z,2026-03-04 15:00,99.112
2026-03-04T15:00Z,2026-03-04 16:00,137.210
2026-03-04T16:00Z,2026-03-04 17:00,244.265
2026-03-04T17:00Z,2026-03-04 18:00,310.860
2026-03-04T18:00Z,2026-03-04 19:00,239.627
2026-03-04T19:00Z,2026-03-04 20:00,169.860
2026-03-04T20:00Z,2026-03-04 21:00,151.877
2026-03-04T21:00Z,2026-03-04 22:00,142.240
2026-03-04T22:00Z,2026-03-04 23:00,124.808
2026-03-04T23:00Z,2026-03-05 00:00,116.485
2026-03-05T00:00Z,2026-03-05 01:00,109.933
2026-03-05T01:00Z,2026-03-05 02:00,109.263
2026-03-05T02:00Z,2026-03-05 03:00,108.785
2026-03-05T03:00Z,2026-03-05 04:00,111.062
2026-03-05T04:00Z,2026-03-05 05:00,126.933
2026-03-05T05:00Z,2026-03-05 06:00,154.387
2026-03-05T06:00Z,2026-03-05 07:00,175.545
2026-03-05T07:00Z,2026-03-05 08:00,139.330
2026-03-05T08:00Z,2026-03-05 09:00,97.093
2026-03-05T09:00Z,2026-03-05 10:00,64.145
2026-03-05T10:00Z,2026-03-05 11:00,22.955
2026-03-05T11:00Z,2026-03-05 12:00,2.123
2026-03-05T12:00Z,2026-03-05 13:00,2.825
2026-03-05T13:00Z,2026-03-05 14:00,38.835
2026-03-05T14:00Z,2026-03-05 15:00,90.002
2026-03-05T15:00Z,2026-03-05 16:00,137.750
2026-03-05T16:00Z,2026-03-05 17:00,180.375
2026-03-05T17:00Z,2026-03-05 18:00,192.020
2026-03-05T18:00Z,2026-03-05 19:00,165.000
2026-03-05T19:00Z,2026-03-05 20:00,135.245
2026-03-05T20:00Z,2026-03-05 21:00,130.590
2026-03-05T21:00Z,2026-03-05 22:00,130.143
2026-03-05T22:00Z,2026-03-05 23:00,119.700
2026-03-05T23:00Z,2026-03-06 00:00,104.125
2026-03-06T00:00Z,2026-03-06 01:00,106.000
2026-03-06T01:00Z,2026-03-06 02:00,108.522
2026-03-06T02:00Z,2026-03-06 03:00,109.525
2026-03-06T03:00Z,2026-03-06 04:00,115.500
2026-03-06T04:00Z,2026-03-06 05:00,129.657
2026-03-06T05:00Z,2026-03-06 06:00,157.285
2026-03-06T06:00Z,2026-03-06 07:00,177.025
2026-03-06T07:00Z,2026-03-06 08:00,138.287
2026-03-06T08:00Z,2026-03-06 09:00,111.963
2026-03-06T09:00Z,2026-03-06 10:00,96.500
2026-03-06T10:00Z,2026-03-06 11:00,66.713
2026-03-06T11:00Z,2026-03-06 12:00,52.640
2026-03-06T12:00Z,2026-03-06 13:00,48.653
2026-03-06T13:00Z,2026-03-06 14:00,73.938
2026-03-06T14:00Z,2026-03-06 15:00,107.067
2026-03-06T15:00Z,2026-03-06 16:00,130.397
2026-03-06T16:00Z,2026-03-06 17:00,177.438
2026-03-06T17:00Z,2026-03-06 18:00,229.553
2026-03-06T18:00Z,2026-03-06 19:00,189.765
2026-03-06T19:00Z,2026-03-06 20:00,153.110
2026-03-06T20:00Z,2026-03-06 21:00,134.192
2026-03-06T21:00Z,2026-03-06 22:00,127.245
2026-03-06T22:00Z,2026-03-06 23:00,126.075
2026-03-06T23:00Z,2026-03-07 00:00,135.162
2026-03-07T00:00Z,2026-03-07 01:00,130.678
2026-03-07T01:00Z,2026-03-07 02:00,125.672
2026-03-07T02:00Z,2026-03-07 03:00,124.390
2026-03-07T03:00Z,2026-03-07 04:00,124.748
2026-03-07T04:00Z,2026-03-07 05:00,129.575
2026-03-07T05:00Z,2026-03-07 06:00,135.620
2026-03-07T06:00Z,2026-03-07 07:00,129.558
2026-03-07T07:00Z,2026-03-07 08:00,112.903
2026-03-07T08:00Z,2026-03-07 09:00,102.787
2026-03-07T09:00Z,2026-03-07 10:00,74.445
2026-03-07T10:00Z,2026-03-07 11:00,30.543
2026-03-07T11:00Z,2026-03-07 12:00,13.030
2026-03-07T12:00Z,2026-03-07 13:00,1.417
2026-03-07T13:00Z,2026-03-07 14:00,18.178
2026-03-07T14:00Z,2026-03-07 15:00,83.285
2026-03-07T15:00Z,2026-03-07 16:00,126.315
2026-03-07T16:00Z,2026-03-07 17:00,147.370
2026-03-07T17:00Z,2026-03-07 18:00,180.873
2026-03-07T18:00Z,2026-03-07 19:00,166.725
2026-03-07T19:00Z,2026-03-07 20:00,148.197
2026-03-07T20:00Z,2026-03-07 21:00,137.610
2026-03-07T21:00Z,2026-03-07 22:00,134.197
2026-03-07T22:00Z,2026-03-07 23:00,130.645
2026-03-07T23:00Z,2026-03-08 00:00,135.993
2026-03-08T00:00Z,2026-03-08 01:00,132.732
2026-03-08T01:00Z,2026-03-08 02:00,131.192
2026-03-08T02:00Z,2026-03-08 03:00,130.093
2026-03-08T03:00Z,2026-03-08 04:00,129.335
2026-03-08T04:00Z,2026-03-08 05:00,129.635
2026-03-08T05:00Z,2026-03-08 06:00,131.097
2026-03-08T06:00Z,2026-03-08 07:00,116.985
2026-03-08T07:00Z,2026-03-08 08:00,108.562
2026-03-08T08:00Z,2026-03-08 09:00,90.718
2026-03-08T09:00Z,2026-03-08 10:00,62.940
2026-03-08T10:00Z,2026-03-08 11:00,18.027
2026-03-08T11:00Z,2026-03-08 12:00,8.332
2026-03-08T12:00Z,2026-03-08 13:00,-0.005
2026-03-08T13:00Z,2026-03-08 14:00,6.480
2026-03-08T14:00Z,2026-03-08 15:00,64.260
2026-03-08T15:00Z,2026-03-08 16:00,117.203
2026-03-08T16:00Z,2026-03-08 17:00,146.312
2026-03-08T17:00Z,2026-03-08 18:00,160.260
2026-03-08T18:00Z,2026-03-08 19:00,154.053
2026-03-08T19:00Z,2026-03-08 20:00,138.792
2026-03-08T20:00Z,2026-03-08 21:00,127.435
2026-03-08T21:00Z,2026-03-08 22:00,121.115
2026-03-08T22:00Z,2026-03-08 23:00,113.572
2026-03-08T23:00Z,2026-03-09 00:00,114.088
2026-03-09T00:00Z,2026-03-09 01:00,109.273
2026-03-09T01:00Z,2026-03-09 02:00,109.120
2026-03-09T02:00Z,2026-03-09 03:00,110.480
2026-03-09T03:00Z,2026-03-09 04:00,116.390
2026-03-09T04:00Z,2026-03-09 05:00,136.998
2026-03-09T05:00Z,2026-03-09 06:00,163.925
2026-03-09T06:00Z,2026-03-09 07:00,191.580
2026-03-09T07:00Z,2026-03-09 08:00,162.605
2026-03-09T08:00Z,2026-03-09 09:00,127.073
2026-03-09T09:00Z,2026-03-09 10:00,101.117
2026-03-09T10:00Z,2026-03-09 11:00,81.047
2026-03-09T11:00Z,2026-03-09 12:00,67.690
2026-03-09T12:00Z,2026-03-09 13:00,67.293
2026-03-09T13:00Z,2026-03-09 14:00,81.375
2026-03-09T14:00Z,2026-03-09 15:00,112.993
2026-03-09T15:00Z,2026-03-09 16:00,143.438
2026-03-09T16:00Z,2026-03-09 17:00,187.025
2026-03-09T17:00Z,2026-03-09 18:00,243.972
2026-03-09T18:00Z,2026-03-09 19:00,222.405
2026-03-09T19:00Z,2026-03-09 20:00,180.890
2026-03-09T20:00Z,2026-03-09 21:00,152.157
2026-03-09T21:00Z,2026-03-09 22:00,143.270
2026-03-09T22:00Z,2026-03-09 23:00,132.695
2026-03-09T23:00Z,2026-03-10 00:00,138.580
2026-03-10T00:00Z,2026-03-10 01:00,130.440
2026-03-10T01:00Z,2026-03-10 02:00,127.612
2026-03-10T02:00Z,2026-03-10 03:00,126.900
2026-03-10T03:00Z,2026-03-10 04:00,128.483
2026-03-10T04:00Z,2026-03-10 05:00,140.710
2026-03-10T05:00Z,2026-03-10 06:00,168.102
2026-03-10T06:00Z,2026-03-10 07:00,180.170
2026-03-10T07:00Z,2026-03-10 08:00,173.320
2026-03-10T08:00Z,2026-03-10 09:00,140.538
2026-03-10T09:00Z,2026-03-10 10:00,118.250
2026-03-10T10:00Z,2026-03-10 11:00,103.793
2026-03-10T11:00Z,2026-03-10 12:00,91.440
2026-03-10T12:00Z,2026-03-10 13:00,97.037
2026-03-10T13:00Z,2026-03-10 14:00,107.165
2026-03-10T14:00Z,2026-03-10 15:00,121.493
2026-03-10T15:00Z,2026-03-10 16:00,144.393
2026-03-10T16:00Z,2026-03-10 17:00,179.002
2026-03-10T17:00Z,2026-03-10 18:00,218.227
2026-03-10T18:00Z,2026-03-10 19:00,201.130
2026-03-10T19:00Z,2026-03-10 20:00,159.548
2026-03-10T20:00Z,2026-03-10 21:00,139.968
2026-03-10T21:00Z,2026-03-10 22:00,123.255
2026-03-10T22:00Z,2026-03-10 23:00,98.583
2026-03-10T23:00Z,2026-03-11 00:00,83.957
2026-03-11T00:00Z,2026-03-11 01:00,70.805
2026-03-11T01:00Z,2026-03-11 02:00,65.425
2026-03-11T02:00Z,2026-03-11 03:00,63.572
2026-03-11T03:00Z,2026-03-11 04:00,56.072
2026-03-11T04:00Z,2026-03-11 05:00,64.535
2026-03-11T05:00Z,2026-03-11 06:00,70.868
2026-03-11T06:00Z,2026-03-11 07:00,80.870
2026-03-11T07:00Z,2026-03-11 08:00,75.502
2026-03-11T08:00Z,2026-03-11 09:00,57.945
2026-03-11T09:00Z,2026-03-11 10:00,26.227
2026-03-11T10:00Z,2026-03-11 11:00,12.197
2026-03-11T11:00Z,2026-03-11 12:00,9.912
2026-03-11T12:00Z,2026-03-11 13:00,16.137
2026-03-11T13:00Z,2026-03-11 14:00,47.273
2026-03-11T14:00Z,2026-03-11 15:00,79.330
2026-03-11T15:00Z,2026-03-11 16:00,104.105
2026-03-11T16:00Z,2026-03-11 17:00,128.778
2026-03-11T17:00Z,2026-03-11 18:00,153.138
2026-03-11T18:00Z,2026-03-11 19:00,156.720
2026-03-11T19:00Z,2026-03-11 20:00,132.190
2026-03-11T20:00Z,2026-03-11 21:00,123.028
2026-03-11T21:00Z,2026-03-11 22:00,119.303
2026-03-11T22:00Z,2026-03-11 23:00,104.002
2026-03-11T23:00Z,2026-03-12 00:00,100.185
2026-03-12T00:00Z,2026-03-12 01:00,92.043
2026-03-12T01:00Z,2026-03-12 02:00,88.812
2026-03-12T02:00Z,2026-03-12 03:00,88.610
2026-03-12T03:00Z,2026-03-12 04:00,89.662
2026-03-12T04:00Z,2026-03-12 05:00,99.822
2026-03-12T05:00Z,2026-03-12 06:00,130.667
2026-03-12T06:00Z,2026-03-12 07:00,137.140
2026-03-12T07:00Z,2026-03-12 08:00,104.805
2026-03-12T08:00Z,2026-03-12 09:00,79.998
2026-03-12T09:00Z,2026-03-12 10:00,28.475
2026-03-12T10:00Z,2026-03-12 11:00,0.343
2026-03-12T11:00Z,2026-03-12 12:00,-1.093
2026-03-12T12:00Z,2026-03-12 13:00,-2.493
2026-03-12T13:00Z,2026-03-12 14:00,-0.902
2026-03-12T14:00Z,2026-03-12 15:00,3.600
2026-03-12T15:00Z,2026-03-12 16:00,51.165
2026-03-12T16:00Z,2026-03-12 17:00,108.578
2026-03-12T17:00Z,2026-03-12 18:00,114.865
2026-03-12T18:00Z,2026-03-12 19:00,105.998
2026-03-12T19:00Z,2026-03-12 20:00,86.570
2026-03-12T20:00Z,2026-03-12 21:00,69.790
2026-03-12T21:00Z,2026-03-12 22:00,62.555
2026-03-12T22:00Z,2026-03-12 23:00,17.902
2026-03-12T23:00Z,2026-03-13 00:00,6.290
2026-03-13T00:00Z,2026-03-13 01:00,4.103
2026-03-13T01:00Z,2026-03-13 02:00,2.888
2026-03-13T02:00Z,2026-03-13 03:00,1.147
2026-03-13T03:00Z,2026-03-13 04:00,1.460
2026-03-13T04:00Z,2026-03-13 05:00,2.907
2026-03-13T05:00Z,2026-03-13 06:00,8.460
2026-03-13T06:00Z,2026-03-13 07:00,19.938
2026-03-13T07:00Z,2026-03-13 08:00,6.415
2026-03-13T08:00Z,2026-03-13 09:00,-0.240
2026-03-13T09:00Z,2026-03-13 10:00,-4.997
2026-03-13T10:00Z,2026-03-13 11:00,-9.000
2026-03-13T11:00Z,2026-03-13 12:00,-8.348
2026-03-13T12:00Z,2026-03-13 13:00,-2.553
2026-03-13T13:00Z,2026-03-13 14:00,1.173
2026-03-13T14:00Z,2026-03-13 15:00,47.070
2026-03-13T15:00Z,2026-03-13 16:00,101.310
2026-03-13T16:00Z,2026-03-13 17:00,141.930
2026-03-13T17:00Z,2026-03-13 18:00,161.493
2026-03-13T18:00Z,2026-03-13 19:00,165.745
2026-03-13T19:00Z,2026-03-13 20:00,145.722
2026-03-13T20:00Z,2026-03-13 21:00,130.335
2026-03-13T21:00Z,2026-03-13 22:00,123.422
2026-03-13T22:00Z,2026-03-13 23:00,115.808
2026-03-13T23:00Z,2026-03-14 00:00,112.945
2026-03-14T00:00Z,2026-03-14 01:00,109.070
2026-03-14T01:00Z,2026-03-14 02:00,103.990
2026-03-14T02:00Z,2026-03-14 03:00,101.862
2026-03-14T03:00Z,2026-03-14 04:00,105.115
2026-03-14T04:00Z,2026-03-14 05:00,109.067
2026-03-14T05:00Z,2026-03-14 06:00,111.520
2026-03-14T06:00Z,2026-03-14 07:00,116.707
2026-03-14T07:00Z,2026-03-14 08:00,121.880
2026-03-14T08:00Z,2026-03-14 09:00,116.140
2026-03-14T09:00Z,2026-03-14 10:00,107.523
2026-03-14T10:00Z,2026-03-14 11:00,103.525
2026-03-14T11:00Z,2026-03-14 12:00,104.195
2026-03-14T12:00Z,2026-03-14 13:00,103.430
2026-03-14T13:00Z,2026-03-14 14:00,105.678
2026-03-14T14:00Z,2026-03-14 15:00,114.220
2026-03-14T15:00Z,2026-03-14 16:00,130.000
2026-03-14T16:00Z,2026-03-14 17:00,138.650
2026-03-14T17:00Z,2026-03-14 18:00,161.100
2026-03-14T18:00Z,2026-03-14 19:00,169.835
2026-03-14T19:00Z,2026-03-14 20:00,150.265
2026-03-14T20:00Z,2026-03-14 21:00,137.452
2026-03-14T21:00Z,2026-03-14 22:00,135.238
2026-03-14T22:00Z,2026-03-14 23:00,128.045
2026-03-14T23:00Z,2026-03-15 00:00,137.343
2026-03-15T00:00Z,2026-03-15 01:00,133.730
2026-03-15T01:00Z,2026-03-15 02:00,124.960
2026-03-15T02:00Z,2026-03-15 03:00,123.528
2026-03-15T03:00Z,2026-03-15 04:00,122.177
2026-03-15T04:00Z,2026-03-15 05:00,124.120
2026-03-15T05:00Z,2026-03-15 06:00,124.388
2026-03-15T06:00Z,2026-03-15 07:00,118.460
2026-03-15T07:00Z,2026-03-15 08:00,109.095
2026-03-15T08:00Z,2026-03-15 09:00,94.770
2026-03-15T09:00Z,2026-03-15 10:00,87.305
2026-03-15T10:00Z,2026-03-15 11:00,72.210
2026-03-15T11:00Z,2026-03-15 12:00,52.968
2026-03-15T12:00Z,2026-03-15 13:00,36.458
2026-03-15T13:00Z,2026-03-15 14:00,37.197
2026-03-15T14:00Z,2026-03-15 15:00,63.078
2026-03-15T15:00Z,2026-03-15 16:00,89.245
2026-03-15T16:00Z,2026-03-15 17:00,127.912
2026-03-15T17:00Z,2026-03-15 18:00,149.115
2026-03-15T18:00Z,2026-03-15 19:00,131.870
2026-03-15T19:00Z,2026-03-15 20:00,108.483
2026-03-15T20:00Z,2026-03-15 21:00,91.875
2026-03-15T21:00Z,2026-03-15 22:00,82.862
2026-03-15T22:00Z,2026-03-15 23:00,64.015
2026-03-15T23:00Z,2026-03-16 00:00,34.165
2026-03-16T00:00Z,2026-03-16 01:00,23.328
2026-03-16T01:00Z,2026-03-16 02:00,17.590
2026-03-16T02:00Z,2026-03-16 03:00,14.137
2026-03-16T03:00Z,2026-03-16 04:00,20.057
2026-03-16T04:00Z,2026-03-16 05:00,37.428
2026-03-16T05:00Z,2026-03-16 06:00,66.190
2026-03-16T06:00Z,2026-03-16 07:00,95.567
2026-03-16T07:00Z,2026-03-16 08:00,95.977
2026-03-16T08:00Z,2026-03-16 09:00,73.105
2026-03-16T09:00Z,2026-03-16 10:00,42.595
2026-03-16T10:00Z,2026-03-16 11:00,17.365
2026-03-16T11:00Z,2026-03-16 12:00,12.035
2026-03-16T12:00Z,2026-03-16 13:00,15.880
2026-03-16T13:00Z,2026-03-16 14:00,42.172
2026-03-16T14:00Z,2026-03-16 15:00,64.445
2026-03-16T15:00Z,2026-03-16 16:00,106.210
2026-03-16T16:00Z,2026-03-16 17:00,138.602
2026-03-16T17:00Z,2026-03-16 18:00,165.035
2026-03-16T18:00Z,2026-03-16 19:00,179.887
2026-03-16T19:00Z,2026-03-16 20:00,154.785
2026-03-16T20:00Z,2026-03-16 21:00,125.713
2026-03-16T21:00Z,2026-03-16 22:00,121.912
2026-03-16T22:00Z,2026-03-16 23:00,99.765
2026-03-16T23:00Z,2026-03-17 00:00,113.665
2026-03-17T00:00Z,2026-03-17 01:00,105.585
2026-03-17T01:00Z,2026-03-17 02:00,106.422
2026-03-17T02:00Z,2026-03-17 03:00,106.523
2026-03-17T03:00Z,2026-03-17 04:00,110.030
2026-03-17T04:00Z,2026-03-17 05:00,119.915
2026-03-17T05:00Z,2026-03-17 06:00,147.965
2026-03-17T06:00Z,2026-03-17 07:00,167.980
2026-03-17T07:00Z,2026-03-17 08:00,152.512
2026-03-17T08:00Z,2026-03-17 09:00,124.072
2026-03-17T09:00Z,2026-03-17 10:00,108.640
2026-03-17T10:00Z,2026-03-17 11:00,100.650
2026-03-17T11:00Z,2026-03-17 12:00,95.227
2026-03-17T12:00Z,2026-03-17 13:00,96.765
2026-03-17T13:00Z,2026-03-17 14:00,99.325
2026-03-17T14:00Z,2026-03-17 15:00,112.108
2026-03-17T15:00Z,2026-03-17 16:00,131.778
2026-03-17T16:00Z,2026-03-17 17:00,162.202
2026-03-17T17:00Z,2026-03-17 18:00,207.298
2026-03-17T18:00Z,2026-03-17 19:00,170.382
2026-03-17T19:00Z,2026-03-17 20:00,144.238
2026-03-17T20:00Z,2026-03-17 21:00,129.790
2026-03-17T21:00Z,2026-03-17 22:00,114.240
2026-03-17T22:00Z,2026-03-17 23:00,100.457
2026-03-17T23:00Z,2026-03-18 00:00,89.800
2026-03-18T00:00Z,2026-03-18 01:00,86.727
2026-03-18T01:00Z,2026-03-18 02:00,85.685
2026-03-18T02:00Z,2026-03-18 03:00,86.868
2026-03-18T03:00Z,2026-03-18 04:00,88.835
2026-03-18T04:00Z,2026-03-18 05:00,100.055
2026-03-18T05:00Z,2026-03-18 06:00,130.740
2026-03-18T06:00Z,2026-03-18 07:00,133.593
2026-03-18T07:00Z,2026-03-18 08:00,99.938
2026-03-18T08:00Z,2026-03-18 09:00,62.950
2026-03-18T09:00Z,2026-03-18 10:00,9.998
2026-03-18T10:00Z,2026-03-18 11:00,-1.620
2026-03-18T11:00Z,2026-03-18 12:00,-2.310
2026-03-18T12:00Z,2026-03-18 13:00,-2.712
2026-03-18T13:00Z,2026-03-18 14:00,0.222
2026-03-18T14:00Z,2026-03-18 15:00,47.195
2026-03-18T15:00Z,2026-03-18 16:00,107.032
2026-03-18T16:00Z,2026-03-18 17:00,145.213
2026-03-18T17:00Z,2026-03-18 18:00,177.623
2026-03-18T18:00Z,2026-03-18 19:00,170.197
2026-03-18T19:00Z,2026-03-18 20:00,148.490
2026-03-18T20:00Z,2026-03-18 21:00,132.058
2026-03-18T21:00Z,2026-03-18 22:00,123.775
2026-03-18T22:00Z,2026-03-18 23:00,113.375
2026-03-18T23:00Z,2026-03-19 00:00,109.250
2026-03-19T00:00Z,2026-03-19 01:00,112.640
2026-03-19T01:00Z,2026-03-19 02:00,113.993
2026-03-19T02:00Z,2026-03-19 03:00,115.525
2026-03-19T03:00Z,2026-03-19 04:00,123.275
2026-03-19T04:00Z,2026-03-19 05:00,132.780
2026-03-19T05:00Z,2026-03-19 06:00,160.127
2026-03-19T06:00Z,2026-03-19 07:00,158.243
2026-03-19T07:00Z,2026-03-19 08:00,138.602
2026-03-19T08:00Z,2026-03-19 09:00,90.903
2026-03-19T09:00Z,2026-03-19 10:00,55.300
2026-03-19T10:00Z,2026-03-19 11:00,7.870
2026-03-19T11:00Z,2026-03-19 12:00,0.000
2026-03-19T12:00Z,2026-03-19 13:00,2.530
2026-03-19T13:00Z,2026-03-19 14:00,43.715
2026-03-19T14:00Z,2026-03-19 15:00,85.948
2026-03-19T15:00Z,2026-03-19 16:00,120.347
2026-03-19T16:00Z,2026-03-19 17:00,152.175
2026-03-19T17:00Z,2026-03-19 18:00,209.268
2026-03-19T18:00Z,2026-03-19 19:00,214.382
2026-03-19T19:00Z,2026-03-19 20:00,163.370
2026-03-19T20:00Z,2026-03-19 21:00,149.040
2026-03-19T21:00Z,2026-03-19 22:00,139.550
2026-03-19T22:00Z,2026-03-19 23:00,132.238
2026-03-19T23:00Z,2026-03-20 00:00,143.562
2026-03-20T00:00Z,2026-03-20 01:00,137.960
2026-03-20T01:00Z,2026-03-20 02:00,135.643
2026-03-20T02:00Z,2026-03-20 03:00,137.475
2026-03-20T03:00Z,2026-03-20 04:00,138.905
2026-03-20T04:00Z,2026-03-20 05:00,154.590
2026-03-20T05:00Z,2026-03-20 06:00,192.295
2026-03-20T06:00Z,2026-03-20 07:00,197.642
2026-03-20T07:00Z,2026-03-20 08:00,161.303
2026-03-20T08:00Z,2026-03-20 09:00,132.007
2026-03-20T09:00Z,2026-03-20 10:00,101.085
2026-03-20T10:00Z,2026-03-20 11:00,78.472
2026-03-20T11:00Z,2026-03-20 12:00,65.610
2026-03-20T12:00Z,2026-03-20 13:00,65.610
2026-03-20T13:00Z,2026-03-20 14:00,87.400
2026-03-20T14:00Z,2026-03-20 15:00,117.155
2026-03-20T15:00Z,2026-03-20 16:00,144.675
2026-03-20T16:00Z,2026-03-20 17:00,174.817
2026-03-20T17:00Z,2026-03-20 18:00,211.005
2026-03-20T18:00Z,2026-03-20 19:00,212.310
2026-03-20T19:00Z,2026-03-20 20:00,180.035
2026-03-20T20:00Z,2026-03-20 21:00,163.050
2026-03-20T21:00Z,2026-03-20 22:00,151.852
2026-03-20T22:00Z,2026-03-20 23:00,148.125
2026-03-20T23:00Z,2026-03-21 00:00,142.398
2026-03-21T00:00Z,2026-03-21 01:00,138.343
2026-03-21T01:00Z,2026-03-21 02:00,136.085
2026-03-21T02:00Z,2026-03-21 03:00,132.058
2026-03-21T03:00Z,2026-03-21 04:00,131.192
2026-03-21T04:00Z,2026-03-21 05:00,137.665
2026-03-21T05:00Z,2026-03-21 06:00,142.340
2026-03-21T06:00Z,2026-03-21 07:00,139.662
2026-03-21T07:00Z,2026-03-21 08:00,127.265
2026-03-21T08:00Z,2026-03-21 09:00,100.578
2026-03-21T09:00Z,2026-03-21 10:00,76.472
2026-03-21T10:00Z,2026-03-21 11:00,45.900
2026-03-21T11:00Z,2026-03-21 12:00,23.490
2026-03-21T12:00Z,2026-03-21 13:00,24.270
2026-03-21T13:00Z,2026-03-21 14:00,62.927
2026-03-21T14:00Z,2026-03-21 15:00,90.000
2026-03-21T15:00Z,2026-03-21 16:00,115.665
2026-03-21T16:00Z,2026-03-21 17:00,146.025
2026-03-21T17:00Z,2026-03-21 18:00,171.618
2026-03-21T18:00Z,2026-03-21 19:00,163.105
2026-03-21T19:00Z,2026-03-21 20:00,141.827
2026-03-21T20:00Z,2026-03-21 21:00,126.875
2026-03-21T21:00Z,2026-03-21 22:00,120.243
2026-03-21T22:00Z,2026-03-21 23:00,108.000
2026-03-21T23:00Z,2026-03-22 00:00,100.412
2026-03-22T00:00Z,2026-03-22 01:00,95.755
2026-03-22T01:00Z,2026-03-22 02:00,94.203
2026-03-22T02:00Z,2026-03-22 03:00,95.260
2026-03-22T03:00Z,2026-03-22 04:00,98.597
2026-03-22T04:00Z,2026-03-22 05:00,101.662
2026-03-22T05:00Z,2026-03-22 06:00,100.105
2026-03-22T06:00Z,2026-03-22 07:00,84.710
2026-03-22T07:00Z,2026-03-22 08:00,41.330
2026-03-22T08:00Z,2026-03-22 09:00,6.772
2026-03-22T09:00Z,2026-03-22 10:00,-0.430
2026-03-22T10:00Z,2026-03-22 11:00,-4.362
2026-03-22T11:00Z,2026-03-22 12:00,-11.760
2026-03-22T12:00Z,2026-03-22 13:00,-10.310
2026-03-22T13:00Z,2026-03-22 14:00,-2.177
2026-03-22T14:00Z,2026-03-22 15:00,11.250
2026-03-22T15:00Z,2026-03-22 16:00,93.153
2026-03-22T16:00Z,2026-03-22 17:00,145.635
2026-03-22T17:00Z,2026-03-22 18:00,174.190
2026-03-22T18:00Z,2026-03-22 19:00,173.382
2026-03-22T19:00Z,2026-03-22 20:00,164.732
2026-03-22T20:00Z,2026-03-22 21:00,155.377
2026-03-22T21:00Z,2026-03-22 22:00,146.798
2026-03-22T22:00Z,2026-03-22 23:00,143.505
2026-03-22T23:00Z,2026-03-23 00:00,131.138
2026-03-23T00:00Z,2026-03-23 01:00,125.900
2026-03-23T01:00Z,2026-03-23 02:00,125.160
2026-03-23T02:00Z,2026-03-23 03:00,128.588
2026-03-23T03:00Z,2026-03-23 04:00,138.267
2026-03-23T04:00Z,2026-03-23 05:00,155.720
2026-03-23T05:00Z,2026-03-23 06:00,182.290
2026-03-23T06:00Z,2026-03-23 07:00,186.185
2026-03-23T07:00Z,2026-03-23 08:00,147.605
2026-03-23T08:00Z,2026-03-23 09:00,108.000
2026-03-23T09:00Z,2026-03-23 10:00,81.433
2026-03-23T10:00Z,2026-03-23 11:00,48.082
2026-03-23T11:00Z,2026-03-23 12:00,49.255
2026-03-23T12:00Z,2026-03-23 13:00,74.875
2026-03-23T13:00Z,2026-03-23 14:00,94.980
2026-03-23T14:00Z,2026-03-23 15:00,114.453
2026-03-23T15:00Z,2026-03-23 16:00,138.542
2026-03-23T16:00Z,2026-03-23 17:00,190.775
2026-03-23T17:00Z,2026-03-23 18:00,263.010
2026-03-23T18:00Z,2026-03-23 19:00,241.560
2026-03-23T19:00Z,2026-03-23 20:00,206.588
2026-03-23T20:00Z,2026-03-23 21:00,177.320
2026-03-23T21:00Z,2026-03-23 22:00,155.740
2026-03-23T22:00Z,2026-03-23 23:00,140.450
2026-03-23T23:00Z,2026-03-24 00:00,141.062
2026-03-24T00:00Z,2026-03-24 01:00,124.317
2026-03-24T01:00Z,2026-03-24 02:00,109.998
2026-03-24T02:00Z,2026-03-24 03:00,101.640
2026-03-24T03:00Z,2026-03-24 04:00,100.375
2026-03-24T04:00Z,2026-03-24 05:00,100.972
2026-03-24T05:00Z,2026-03-24 06:00,110.817
2026-03-24T06:00Z,2026-03-24 07:00,113.047
2026-03-24T07:00Z,2026-03-24 08:00,97.458
2026-03-24T08:00Z,2026-03-24 09:00,70.905
2026-03-24T09:00Z,2026-03-24 10:00,23.727
2026-03-24T10:00Z,2026-03-24 11:00,1.195
2026-03-24T11:00Z,2026-03-24 12:00,-0.010
2026-03-24T12:00Z,2026-03-24 13:00,-0.020
2026-03-24T13:00Z,2026-03-24 14:00,-0.003
2026-03-24T14:00Z,2026-03-24 15:00,19.998
2026-03-24T15:00Z,2026-03-24 16:00,77.433
2026-03-24T16:00Z,2026-03-24 17:00,112.840
2026-03-24T17:00Z,2026-03-24 18:00,135.843
2026-03-24T18:00Z,2026-03-24 19:00,137.993
2026-03-24T19:00Z,2026-03-24 20:00,101.100
2026-03-24T20:00Z,2026-03-24 21:00,74.498
2026-03-24T21:00Z,2026-03-24 22:00,66.103
2026-03-24T22:00Z,2026-03-24 23:00,22.098
2026-03-24T23:00Z,2026-03-25 00:00,1.810
2026-03-25T00:00Z,2026-03-25 01:00,0.368
2026-03-25T01:00Z,2026-03-25 02:00,-0.003
2026-03-25T02:00Z,2026-03-25 03:00,-0.010
2026-03-25T03:00Z,2026-03-25 04:00,-0.005
2026-03-25T04:00Z,2026-03-25 05:00,0.365
2026-03-25T05:00Z,2026-03-25 06:00,3.643
2026-03-25T06:00Z,2026-03-25 07:00,8.902
2026-03-25T07:00Z,2026-03-25 08:00,0.907
2026-03-25T08:00Z,2026-03-25 09:00,-0.030
2026-03-25T09:00Z,2026-03-25 10:00,-0.028
2026-03-25T10:00Z,2026-03-25 11:00,-0.010
2026-03-25T11:00Z,2026-03-25 12:00,-0.010
2026-03-25T12:00Z,2026-03-25 13:00,-0.010
2026-03-25T13:00Z,2026-03-25 14:00,0.007
2026-03-25T14:00Z,2026-03-25 15:00,4.775
2026-03-25T15:00Z,2026-03-25 16:00,41.903
2026-03-25T16:00Z,2026-03-25 17:00,98.838
2026-03-25T17:00Z,2026-03-25 18:00,134.830
2026-03-25T18:00Z,2026-03-25 19:00,161.925
2026-03-25T19:00Z,2026-03-25 20:00,134.907
2026-03-25T20:00Z,2026-03-25 21:00,114.460
2026-03-25T21:00Z,2026-03-25 22:00,108.100
2026-03-25T22:00Z,2026-03-25 23:00,88.803
2026-03-25T23:00Z,2026-03-26 00:00,99.638
2026-03-26T00:00Z,2026-03-26 01:00,95.072
2026-03-26T01:00Z,2026-03-26 02:00,91.605
2026-03-26T02:00Z,2026-03-26 03:00,94.870
2026-03-26T03:00Z,2026-03-26 04:00,97.578
2026-03-26T04:00Z,2026-03-26 05:00,105.267
2026-03-26T05:00Z,2026-03-26 06:00,120.280
2026-03-26T06:00Z,2026-03-26 07:00,137.345
2026-03-26T07:00Z,2026-03-26 08:00,125.790
2026-03-26T08:00Z,2026-03-26 09:00,87.415
2026-03-26T09:00Z,2026-03-26 10:00,41.852
2026-03-26T10:00Z,2026-03-26 11:00,13.740
2026-03-26T11:00Z,2026-03-26 12:00,3.120
2026-03-26T12:00Z,2026-03-26 13:00,0.630
2026-03-26T13:00Z,2026-03-26 14:00,5.902
2026-03-26T14:00Z,2026-03-26 15:00,37.435
2026-03-26T15:00Z,2026-03-26 16:00,75.817
2026-03-26T16:00Z,2026-03-26 17:00,115.922
2026-03-26T17:00Z,2026-03-26 18:00,155.417
2026-03-26T18:00Z,2026-03-26 19:00,167.220
2026-03-26T19:00Z,2026-03-26 20:00,153.745
2026-03-26T20:00Z,2026-03-26 21:00,130.505
2026-03-26T21:00Z,2026-03-26 22:00,124.373
2026-03-26T22:00Z,2026-03-26 23:00,115.025
2026-03-26T23:00Z,2026-03-27 00:00,119.392
2026-03-27T00:00Z,2026-03-27 01:00,119.500
2026-03-27T01:00Z,2026-03-27 02:00,117.343
2026-03-27T02:00Z,2026-03-27 03:00,117.832
2026-03-27T03:00Z,2026-03-27 04:00,120.248
2026-03-27T04:00Z,2026-03-27 05:00,136.463
2026-03-27T05:00Z,2026-03-27 06:00,172.630
2026-03-27T06:00Z,2026-03-27 07:00,176.395
2026-03-27T07:00Z,2026-03-27 08:00,147.558
2026-03-27T08:00Z,2026-03-27 09:00,114.002
2026-03-27T09:00Z,2026-03-27 10:00,87.260
2026-03-27T10:00Z,2026-03-27 11:00,72.810
2026-03-27T11:00Z,2026-03-27 12:00,63.320
2026-03-27T12:00Z,2026-03-27 13:00,59.600
2026-03-27T13:00Z,2026-03-27 14:00,74.075
2026-03-27T14:00Z,2026-03-27 15:00,92.322
2026-03-27T15:00Z,2026-03-27 16:00,103.082
2026-03-27T16:00Z,2026-03-27 17:00,139.050
2026-03-27T17:00Z,2026-03-27 18:00,158.933
2026-03-27T18:00Z,2026-03-27 19:00,168.245
2026-03-27T19:00Z,2026-03-27 20:00,142.890
2026-03-27T20:00Z,2026-03-27 21:00,118.995
2026-03-27T21:00Z,2026-03-27 22:00,116.660
2026-03-27T22:00Z,2026-03-27 23:00,106.013
2026-03-27T23:00Z,2026-03-28 00:00,95.135
2026-03-28T00:00Z,2026-03-28 01:00,92.665
2026-03-28T01:00Z,2026-03-28 02:00,89.547
2026-03-28T02:00Z,2026-03-28 03:00,87.263
2026-03-28T03:00Z,2026-03-28 04:00,88.118
2026-03-28T04:00Z,2026-03-28 05:00,91.612
2026-03-28T05:00Z,2026-03-28 06:00,87.920
2026-03-28T06:00Z,2026-03-28 07:00,79.185
2026-03-28T07:00Z,2026-03-28 08:00,68.300
2026-03-28T08:00Z,2026-03-28 09:00,44.907
2026-03-28T09:00Z,2026-03-28 10:00,17.582
2026-03-28T10:00Z,2026-03-28 11:00,7.643
2026-03-28T11:00Z,2026-03-28 12:00,6.695
2026-03-28T12:00Z,2026-03-28 13:00,7.848
2026-03-28T13:00Z,2026-03-28 14:00,20.475
2026-03-28T14:00Z,2026-03-28 15:00,54.242
2026-03-28T15:00Z,2026-03-28 16:00,81.053
2026-03-28T16:00Z,2026-03-28 17:00,110.340
2026-03-28T17:00Z,2026-03-28 18:00,138.925
2026-03-28T18:00Z,2026-03-28 19:00,154.070
2026-03-28T19:00Z,2026-03-28 20:00,143.952
2026-03-28T20:00Z,2026-03-28 21:00,131.595
2026-03-28T21:00Z,2026-03-28 22:00,125.330
2026-03-28T22:00Z,2026-03-28 23:00,119.580
2026-03-28T23:00Z,2026-03-29 00:00,114.560
2026-03-29T00:00Z,2026-03-29 01:00,107.698
2026-03-29T01:00Z,2026-03-29 03:00,101.165
2026-03-29T02:00Z,2026-03-29 04:00,105.225
2026-03-29T03:00Z,2026-03-29 05:00,104.605
2026-03-29T04:00Z,2026-03-29 06:00,109.755
2026-03-29T05:00Z,2026-03-29 07:00,115.030
2026-03-29T06:00Z,2026-03-29 08:00,114.843
2026-03-29T07:00Z,2026-03-29 09:00,94.397
2026-03-29T08:00Z,2026-03-29 10:00,74.808
2026-03-29T09:00Z,2026-03-29 11:00,44.697
2026-03-29T10:00Z,2026-03-29 12:00,9.730
2026-03-29T11:00Z,2026-03-29 13:00,-0.005
2026-03-29T12:00Z,2026-03-29 14:00,-1.785
2026-03-29T13:00Z,2026-03-29 15:00,-2.100
2026-03-29T14:00Z,2026-03-29 16:00,0.872
2026-03-29T15:00Z,2026-03-29 17:00,33.310
2026-03-29T16:00Z,2026-03-29 18:00,89.260
2026-03-29T17:00Z,2026-03-29 19:00,105.678
2026-03-29T18:00Z,2026-03-29 20:00,95.180
2026-03-29T19:00Z,2026-03-29 21:00,74.812
2026-03-29T20:00Z,2026-03-29 22:00,66.850
2026-03-29T21:00Z,2026-03-29 23:00,25.635
2026-03-29T22:00Z,2026-03-30 00:00,9.197
2026-03-29T23:00Z,2026-03-30 01:00,2.300
2026-03-30T00:00Z,2026-03-30 02:00,5.020
2026-03-30T01:00Z,2026-03-30 03:00,3.825
2026-03-30T02:00Z,2026-03-30 04:00,4.357
2026-03-30T03:00Z,2026-03-30 05:00,18.422
2026-03-30T04:00Z,2026-03-30 06:00,66.870
2026-03-30T05:00Z,2026-03-30 07:00,90.312
2026-03-30T06:00Z,2026-03-30 08:00,109.222
2026-03-30T07:00Z,2026-03-30 09:00,96.838
2026-03-30T08:00Z,2026-03-30 10:00,73.847
2026-03-30T09:00Z,2026-03-30 11:00,45.998
2026-03-30T10:00Z,2026-03-30 12:00,23.587
2026-03-30T11:00Z,2026-03-30 13:00,11.400
2026-03-30T12:00Z,2026-03-30 14:00,7.543
2026-03-30T13:00Z,2026-03-30 15:00,12.938
2026-03-30T14:00Z,2026-03-30 16:00,35.145
2026-03-30T15:00Z,2026-03-30 17:00,77.450
2026-03-30T16:00Z,2026-03-30 18:00,104.828
2026-03-30T17:00Z,2026-03-30 19:00,121.653
2026-03-30T18:00Z,2026-03-30 20:00,125.608
2026-03-30T19:00Z,2026-03-30 21:00,126.165
2026-03-30T20:00Z,2026-03-30 22:00,121.175
2026-03-30T21:00Z,2026-03-30 23:00,108.880
2026-03-30T22:00Z,2026-03-31 00:00,109.245
2026-03-30T23:00Z,2026-03-31 01:00,102.680
2026-03-31T00:00Z,2026-03-31 02:00,101.260
2026-03-31T01:00Z,2026-03-31 03:00,100.535
2026-03-31T02:00Z,2026-03-31 04:00,101.680
2026-03-31T03:00Z,2026-03-31 05:00,108.043
2026-03-31T04:00Z,2026-03-31 06:00,137.197
2026-03-31T05:00Z,2026-03-31 07:00,152.125
2026-03-31T06:00Z,2026-03-31 08:00,163.790
2026-03-31T07:00Z,2026-03-31 09:00,135.555
2026-03-31T08:00Z,2026-03-31 10:00,104.255
2026-03-31T09:00Z,2026-03-31 11:00,87.350
2026-03-31T10:00Z,2026-03-31 12:00,78.670
2026-03-31T11:00Z,2026-03-31 13:00,55.225
2026-03-31T12:00Z,2026-03-31 14:00,53.488
2026-03-31T13:00Z,2026-03-31 15:00,63.052
2026-03-31T14:00Z,2026-03-31 16:00,82.218
2026-03-31T15:00Z,2026-03-31 17:00,110.968
2026-03-31T16:00Z,2026-03-31 18:00,151.000
2026-03-31T17:00Z,2026-03-31 19:00,175.002
2026-03-31T18:00Z,2026-03-31 20:00,176.005
2026-03-31T19:00Z,2026-03-31 21:00,171.725
2026-03-31T20:00Z,2026-03-31 22:00,158.330
2026-03-31T21:00Z,2026-03-31 23:00,148.475
2026-03-31T22:00Z,2026-04-01 00:00,145.510
2026-03-31T23:00Z,2026-04-01 01:00,129.487
2026-04-01T00:00Z,2026-04-01 02:00,125.345
2026-04-01T01:00Z,2026-04-01 03:00,129.428
2026-04-01T02:00Z,2026-04-01 04:00,136.025
2026-04-01T03:00Z,2026-04-01 05:00,149.115
2026-04-01T04:00Z,2026-04-01 06:00,180.835
2026-04-01T05:00Z,2026-04-01 07:00,226.947
2026-04-01T06:00Z,2026-04-01 08:00,199.978
2026-04-01T07:00Z,2026-04-01 09:00,171.515
2026-04-01T08:00Z,2026-04-01 10:00,139.800
2026-04-01T09:00Z,2026-04-01 11:00,128.077
2026-04-01T10:00Z,2026-04-01 12:00,115.053
2026-04-01T11:00Z,2026-04-01 13:00,93.835
2026-04-01T12:00Z,2026-04-01 14:00,86.332
2026-04-01T13:00Z,2026-04-01 15:00,93.838
2026-04-01T14:00Z,2026-04-01 16:00,105.515
2026-04-01T15:00Z,2026-04-01 17:00,130.120
2026-04-01T16:00Z,2026-04-01 18:00,152.095
2026-04-01T17:00Z,2026-04-01 19:00,188.665
2026-04-01T18:00Z,2026-04-01 20:00,181.192
2026-04-01T19:00Z,2026-04-01 21:00,165.822
2026-04-01T20:00Z,2026-04-01 22:00,152.822
2026-04-01T21:00Z,2026-04-01 23:00,133.782
2026-04-01T22:00Z,2026-04-02 00:00,127.172
2026-04-01T23:00Z,2026-04-02 01:00,118.995
2026-04-02T00:00Z,2026-04-02 02:00,114.130
2026-04-02T01:00Z,2026-04-02 03:00,109.185
2026-04-02T02:00Z,2026-04-02 04:00,107.410
2026-04-02T03:00Z,2026-04-02 05:00,119.293
2026-04-02T04:00Z,2026-04-02 06:00,152.053
2026-04-02T05:00Z,2026-04-02 07:00,160.007
2026-04-02T06:00Z,2026-04-02 08:00,157.657
2026-04-02T07:00Z,2026-04-02 09:00,114.278
2026-04-02T08:00Z,2026-04-02 10:00,90.662
2026-04-02T09:00Z,2026-04-02 11:00,74.250
2026-04-02T10:00Z,2026-04-02 12:00,59.745
2026-04-02T11:00Z,2026-04-02 13:00,42.455
2026-04-02T12:00Z,2026-04-02 14:00,52.860
2026-04-02T13:00Z,2026-04-02 15:00,73.770
2026-04-02T14:00Z,2026-04-02 16:00,92.757
2026-04-02T15:00Z,2026-04-02 17:00,108.810
2026-04-02T16:00Z,2026-04-02 18:00,134.385
2026-04-02T17:00Z,2026-04-02 19:00,161.840
2026-04-02T18:00Z,2026-04-02 20:00,159.635
2026-04-02T19:00Z,2026-04-02 21:00,146.523
2026-04-02T20:00Z,2026-04-02 22:00,134.998
2026-04-02T21:00Z,2026-04-02 23:00,123.970
2026-04-02T22:00Z,2026-04-03 00:00,133.600
2026-04-02T23:00Z,2026-04-03 01:00,121.985
2026-04-03T00:00Z,2026-04-03 02:00,119.515
2026-04-03T01:00Z,2026-04-03 03:00,117.668
2026-04-03T02:00Z,2026-04-03 04:00,120.183
2026-04-03T03:00Z,2026-04-03 05:00,123.403
2026-04-03T04:00Z,2026-04-03 06:00,133.125
2026-04-03T05:00Z,2026-04-03 07:00,135.863
2026-04-03T06:00Z,2026-04-03 08:00,131.043
2026-04-03T07:00Z,2026-04-03 09:00,113.180
2026-04-03T08:00Z,2026-04-03 10:00,85.585
2026-04-03T09:00Z,2026-04-03 11:00,52.958
2026-04-03T10:00Z,2026-04-03 12:00,27.010
2026-04-03T11:00Z,2026-04-03 13:00,9.945
2026-04-03T12:00Z,2026-04-03 14:00,1.653
2026-04-03T13:00Z,2026-04-03 15:00,3.050
2026-04-03T14:00Z,2026-04-03 16:00,23.943
2026-04-03T15:00Z,2026-04-03 17:00,66.797
2026-04-03T16:00Z,2026-04-03 18:00,88.972
2026-04-03T17:00Z,2026-04-03 19:00,99.390
2026-04-03T18:00Z,2026-04-03 20:00,96.338
2026-04-03T19:00Z,2026-04-03 21:00,84.203
2026-04-03T20:00Z,2026-04-03 22:00,81.280
2026-04-03T21:00Z,2026-04-03 23:00,60.587
2026-04-03T22:00Z,2026-04-04 00:00,9.727
2026-04-03T23:00Z,2026-04-04 01:00,8.955
2026-04-04T00:00Z,2026-04-04 02:00,6.433
2026-04-04T01:00Z,2026-04-04 03:00,1.988
2026-04-04T02:00Z,2026-04-04 04:00,6.402
2026-04-04T03:00Z,2026-04-04 05:00,11.735
2026-04-04T04:00Z,2026-04-04 06:00,13.362
2026-04-04T05:00Z,2026-04-04 07:00,19.267
2026-04-04T06:00Z,2026-04-04 08:00,16.695
2026-04-04T07:00Z,2026-04-04 09:00,6.600
2026-04-04T08:00Z,2026-04-04 10:00,1.810
2026-04-04T09:00Z,2026-04-04 11:00,-0.010
2026-04-04T10:00Z,2026-04-04 12:00,-0.248
2026-04-04T11:00Z,2026-04-04 13:00,-0.035
2026-04-04T12:00Z,2026-04-04 14:00,-0.018
2026-04-04T13:00Z,2026-04-04 15:00,0.025
2026-04-04T14:00Z,2026-04-04 16:00,10.690
2026-04-04T15:00Z,2026-04-04 17:00,62.735
2026-04-04T16:00Z,2026-04-04 18:00,109.595
2026-04-04T17:00Z,2026-04-04 19:00,149.873
2026-04-04T18:00Z,2026-04-04 20:00,135.740
2026-04-04T19:00Z,2026-04-04 21:00,103.838
2026-04-04T20:00Z,2026-04-04 22:00,76.808
2026-04-04T21:00Z,2026-04-04 23:00,41.833
2026-04-04T22:00Z,2026-04-05 00:00,1.058
2026-04-04T23:00Z,2026-04-05 01:00,-0.005
2026-04-05T00:00Z,2026-04-05 02:00,-0.362
2026-04-05T01:00Z,2026-04-05 03:00,-1.208
2026-04-05T02:00Z,2026-04-05 04:00,-1.617
2026-04-05T03:00Z,2026-04-05 05:00,-2.042
2026-04-05T04:00Z,2026-04-05 06:00,-2.995
2026-04-05T05:00Z,2026-04-05 07:00,-1.290
2026-04-05T06:00Z,2026-04-05 08:00,-2.430
2026-04-05T07:00Z,2026-04-05 09:00,-10.558
2026-04-05T08:00Z,2026-04-05 10:00,-39.968
2026-04-05T09:00Z,2026-04-05 11:00,-71.343
2026-04-05T10:00Z,2026-04-05 12:00,-84.953
2026-04-05T11:00Z,2026-04-05 13:00,-105.175
2026-04-05T12:00Z,2026-04-05 14:00,-98.705
2026-04-05T13:00Z,2026-04-05 15:00,-66.907
2026-04-05T14:00Z,2026-04-05 16:00,-29.980
2026-04-05T15:00Z,2026-04-05 17:00,-6.588
2026-04-05T16:00Z,2026-04-05 18:00,-0.103
2026-04-05T17:00Z,2026-04-05 19:00,20.043
2026-04-05T18:00Z,2026-04-05 20:00,33.350
2026-04-05T19:00Z,2026-04-05 21:00,30.205
2026-04-05T20:00Z,2026-04-05 22:00,30.378
2026-04-05T21:00Z,2026-04-05 23:00,19.023
2026-04-05T22:00Z,2026-04-06 00:00,3.240
2026-04-05T23:00Z,2026-04-06 01:00,1.985
2026-04-06T00:00Z,2026-04-06 02:00,1.040
2026-04-06T01:00Z,2026-04-06 03:00,1.360
2026-04-06T02:00Z,2026-04-06 04:00,1.060
2026-04-06T03:00Z,2026-04-06 05:00,2.110
2026-04-06T04:00Z,2026-04-06 06:00,1.985
2026-04-06T05:00Z,2026-04-06 07:00,1.333
2026-04-06T06:00Z,2026-04-06 08:00,-0.943
2026-04-06T07:00Z,2026-04-06 09:00,-11.105
2026-04-06T08:00Z,2026-04-06 10:00,-26.003
2026-04-06T09:00Z,2026-04-06 11:00,-59.760
2026-04-06T10:00Z,2026-04-06 12:00,-79.515
2026-04-06T11:00Z,2026-04-06 13:00,-125.638
2026-04-06T12:00Z,2026-04-06 14:00,-123.535
2026-04-06T13:00Z,2026-04-06 15:00,-84.618
2026-04-06T14:00Z,2026-04-06 16:00,-28.720
2026-04-06T15:00Z,2026-04-06 17:00,-5.610
2026-04-06T16:00Z,2026-04-06 18:00,48.625
2026-04-06T17:00Z,2026-04-06 19:00,107.688
2026-04-06T18:00Z,2026-04-06 20:00,116.005
2026-04-06T19:00Z,2026-04-06 21:00,109.222
2026-04-06T20:00Z,2026-04-06 22:00,113.847
2026-04-06T21:00Z,2026-04-06 23:00,108.805
2026-04-06T22:00Z,2026-04-07 00:00,106.400
2026-04-06T23:00Z,2026-04-07 01:00,101.295
2026-04-07T00:00Z,2026-04-07 02:00,101.647
2026-04-07T01:00Z,2026-04-07 03:00,102.280
2026-04-07T02:00Z,2026-04-07 04:00,105.135
2026-04-07T03:00Z,2026-04-07 05:00,117.767
2026-04-07T04:00Z,2026-04-07 06:00,143.912
2026-04-07T05:00Z,2026-04-07 07:00,178.262
2026-04-07T06:00Z,2026-04-07 08:00,127.858
2026-04-07T07:00Z,2026-04-07 09:00,81.802
2026-04-07T08:00Z,2026-04-07 10:00,24.887
2026-04-07T09:00Z,2026-04-07 11:00,-0.007
2026-04-07T10:00Z,2026-04-07 12:00,-3.010
2026-04-07T11:00Z,2026-04-07 13:00,-11.287
2026-04-07T12:00Z,2026-04-07 14:00,-11.230
2026-04-07T13:00Z,2026-04-07 15:00,-4.205
2026-04-07T14:00Z,2026-04-07 16:00,3.800
2026-04-07T15:00Z,2026-04-07 17:00,79.903
2026-04-07T16:00Z,2026-04-07 18:00,137.995
2026-04-07T17:00Z,2026-04-07 19:00,194.028
2026-04-07T18:00Z,2026-04-07 20:00,188.882
2026-04-07T19:00Z,2026-04-07 21:00,144.002
2026-04-07T20:00Z,2026-04-07 22:00,129.010
2026-04-07T21:00Z,2026-04-07 23:00,118.200
2026-04-07T22:00Z,2026-04-08 00:00,107.170
2026-04-07T23:00Z,2026-04-08 01:00,102.210
2026-04-08T00:00Z,2026-04-08 02:00,100.820
2026-04-08T01:00Z,2026-04-08 03:00,103.498
2026-04-08T02:00Z,2026-04-08 04:00,107.513
2026-04-08T03:00Z,2026-04-08 05:00,116.928
2026-04-08T04:00Z,2026-04-08 06:00,149.795
2026-04-08T05:00Z,2026-04-08 07:00,168.798
2026-04-08T06:00Z,2026-04-08 08:00,138.507
2026-04-08T07:00Z,2026-04-08 09:00,97.450
2026-04-08T08:00Z,2026-04-08 10:00,51.120
2026-04-08T09:00Z,2026-04-08 11:00,-0.050
2026-04-08T10:00Z,2026-04-08 12:00,-18.828
2026-04-08T11:00Z,2026-04-08 13:00,-32.780
2026-04-08T12:00Z,2026-04-08 14:00,-29.735
2026-04-08T13:00Z,2026-04-08 15:00,-13.155
2026-04-08T14:00Z,2026-04-08 16:00,13.353
2026-04-08T15:00Z,2026-04-08 17:00,91.875
2026-04-08T16:00Z,2026-04-08 18:00,134.248
2026-04-08T17:00Z,2026-04-08 19:00,170.007
2026-04-08T18:00Z,2026-04-08 20:00,160.553
2026-04-08T19:00Z,2026-04-08 21:00,137.103
2026-04-08T20:00Z,2026-04-08 22:00,121.392
2026-04-08T21:00Z,2026-04-08 23:00,109.475
2026-04-08T22:00Z,2026-04-09 00:00,104.898
2026-04-08T23:00Z,2026-04-09 01:00,101.102
2026-04-09T00:00Z,2026-04-09 02:00,101.095
2026-04-09T01:00Z,2026-04-09 03:00,101.862
2026-04-09T02:00Z,2026-04-09 04:00,105.100
2026-04-09T03:00Z,2026-04-09 05:00,115.873
2026-04-09T04:00Z,2026-04-09 06:00,135.295
2026-04-09T05:00Z,2026-04-09 07:00,146.600
2026-04-09T06:00Z,2026-04-09 08:00,128.090
2026-04-09T07:00Z,2026-04-09 09:00,99.675
2026-04-09T08:00Z,2026-04-09 10:00,54.998
2026-04-09T09:00Z,2026-04-09 11:00,1.208
2026-04-09T10:00Z,2026-04-09 12:00,-1.030
2026-04-09T11:00Z,2026-04-09 13:00,-7.865
2026-04-09T12:00Z,2026-04-09 14:00,-8.137
2026-04-09T13:00Z,2026-04-09 15:00,-1.302
2026-04-09T14:00Z,2026-04-09 16:00,27.080
2026-04-09T15:00Z,2026-04-09 17:00,82.528
2026-04-09T16:00Z,2026-04-09 18:00,115.355
2026-04-09T17:00Z,2026-04-09 19:00,137.167
2026-04-09T18:00Z,2026-04-09 20:00,127.325
2026-04-09T19:00Z,2026-04-09 21:00,110.950
2026-04-09T20:00Z,2026-04-09 22:00,100.230
2026-04-09T21:00Z,2026-04-09 23:00,81.053
2026-04-09T22:00Z,2026-04-10 00:00,81.880
2026-04-09T23:00Z,2026-04-10 01:00,79.320
2026-04-10T00:00Z,2026-04-10 02:00,78.830
2026-04-10T01:00Z,2026-04-10 03:00,78.552
2026-04-10T02:00Z,2026-04-10 04:00,81.123
2026-04-10T03:00Z,2026-04-10 05:00,88.767
2026-04-10T04:00Z,2026-04-10 06:00,112.157
2026-04-10T05:00Z,2026-04-10 07:00,126.438
2026-04-10T06:00Z,2026-04-10 08:00,123.160
2026-04-10T07:00Z,2026-04-10 09:00,119.265
2026-04-10T08:00Z,2026-04-10 10:00,109.840
2026-04-10T09:00Z,2026-04-10 11:00,102.990
2026-04-10T10:00Z,2026-04-10 12:00,92.090
2026-04-10T11:00Z,2026-04-10 13:00,88.938
2026-04-10T12:00Z,2026-04-10 14:00,87.400
2026-04-10T13:00Z,2026-04-10 15:00,94.017
2026-04-10T14:00Z,2026-04-10 16:00,108.780
2026-04-10T15:00Z,2026-04-10 17:00,130.102
2026-04-10T16:00Z,2026-04-10 18:00,155.290
2026-04-10T17:00Z,2026-04-10 19:00,227.768
2026-04-10T18:00Z,2026-04-10 20:00,245.115
2026-04-10T19:00Z,2026-04-10 21:00,176.477
2026-04-10T20:00Z,2026-04-10 22:00,149.305
2026-04-10T21:00Z,2026-04-10 23:00,131.960
2026-04-10T22:00Z,2026-04-11 00:00,134.015
2026-04-10T23:00Z,2026-04-11 01:00,120.632
2026-04-11T00:00Z,2026-04-11 02:00,114.382
2026-04-11T01:00Z,2026-04-11 03:00,112.350
2026-04-11T02:00Z,2026-04-11 04:00,110.838
2026-04-11T03:00Z,2026-04-11 05:00,108.360
2026-04-11T04:00Z,2026-04-11 06:00,106.605
2026-04-11T05:00Z,2026-04-11 07:00,93.237
2026-04-11T06:00Z,2026-04-11 08:00,69.610
2026-04-11T07:00Z,2026-04-11 09:00,21.570
2026-04-11T08:00Z,2026-04-11 10:00,-0.157
2026-04-11T09:00Z,2026-04-11 11:00,-8.308
2026-04-11T10:00Z,2026-04-11 12:00,-40.252
2026-04-11T11:00Z,2026-04-11 13:00,-79.965
2026-04-11T12:00Z,2026-04-11 14:00,-77.635
2026-04-11T13:00Z,2026-04-11 15:00,-45.828
2026-04-11T14:00Z,2026-04-11 16:00,-15.797
2026-04-11T15:00Z,2026-04-11 17:00,-0.715
2026-04-11T16:00Z,2026-04-11 18:00,43.698
2026-04-11T17:00Z,2026-04-11 19:00,73.817
2026-04-11T18:00Z,2026-04-11 20:00,74.787
2026-04-11T19:00Z,2026-04-11 21:00,65.233
2026-04-11T20:00Z,2026-04-11 22:00,68.627
2026-04-11T21:00Z,2026-04-11 23:00,68.625
2026-04-11T22:00Z,2026-04-12 00:00,72.523
2026-04-11T23:00Z,2026-04-12 01:00,76.572
2026-04-12T00:00Z,2026-04-12 02:00,80.422
2026-04-12T01:00Z,2026-04-12 03:00,85.260
2026-04-12T02:00Z,2026-04-12 04:00,95.103
2026-04-12T03:00Z,2026-04-12 05:00,98.050
2026-04-12T04:00Z,2026-04-12 06:00,98.700
2026-04-12T05:00Z,2026-04-12 07:00,94.317
2026-04-12T06:00Z,2026-04-12 08:00,76.102
2026-04-12T07:00Z,2026-04-12 09:00,53.322
2026-04-12T08:00Z,2026-04-12 10:00,30.233
2026-04-12T09:00Z,2026-04-12 11:00,22.415
2026-04-12T10:00Z,2026-04-12 12:00,14.975
2026-04-12T11:00Z,2026-04-12 13:00,1.970
2026-04-12T12:00Z,2026-04-12 14:00,4.625
2026-04-12T13:00Z,2026-04-12 15:00,15.905
2026-04-12T14:00Z,2026-04-12 16:00,67.550
2026-04-12T15:00Z,2026-04-12 17:00,110.178
2026-04-12T16:00Z,2026-04-12 18:00,135.387
2026-04-12T17:00Z,2026-04-12 19:00,144.765
2026-04-12T18:00Z,2026-04-12 20:00,146.803
2026-04-12T19:00Z,2026-04-12 21:00,136.733
2026-04-12T20:00Z,2026-04-12 22:00,130.607
2026-04-12T21:00Z,2026-04-12 23:00,121.018
2026-04-12T22:00Z,2026-04-13 00:00,116.542
2026-04-12T23:00Z,2026-04-13 01:00,109.795
2026-04-13T00:00Z,2026-04-13 02:00,107.315
2026-04-13T01:00Z,2026-04-13 03:00,107.590
2026-04-13T02:00Z,2026-04-13 04:00,110.020
2026-04-13T03:00Z,2026-04-13 05:00,119.073
2026-04-13T04:00Z,2026-04-13 06:00,136.115
2026-04-13T05:00Z,2026-04-13 07:00,145.120
2026-04-13T06:00Z,2026-04-13 08:00,173.880
2026-04-13T07:00Z,2026-04-13 09:00,160.965
2026-04-13T08:00Z,2026-04-13 10:00,138.630
2026-04-13T09:00Z,2026-04-13 11:00,116.000
2026-04-13T10:00Z,2026-04-13 12:00,104.735
2026-04-13T11:00Z,2026-04-13 13:00,97.393
2026-04-13T12:00Z,2026-04-13 14:00,101.695
2026-04-13T13:00Z,2026-04-13 15:00,104.638
2026-04-13T14:00Z,2026-04-13 16:00,114.597
2026-04-13T15:00Z,2026-04-13 17:00,130.377
2026-04-13T16:00Z,2026-04-13 18:00,148.200
2026-04-13T17:00Z,2026-04-13 19:00,164.523
2026-04-13T18:00Z,2026-04-13 20:00,156.610
2026-04-13T19:00Z,2026-04-13 21:00,139.048
2026-04-13T20:00Z,2026-04-13 22:00,129.760
2026-04-13T21:00Z,2026-04-13 23:00,122.627
2026-04-13T22:00Z,2026-04-14 00:00,116.062
2026-04-13T23:00Z,2026-04-14 01:00,113.665
2026-04-14T00:00Z,2026-04-14 02:00,114.990
2026-04-14T01:00Z,2026-04-14 03:00,113.385
2026-04-14T02:00Z,2026-04-14 04:00,114.680
2026-04-14T03:00Z,2026-04-14 05:00,118.148
2026-04-14T04:00Z,2026-04-14 06:00,138.720
2026-04-14T05:00Z,2026-04-14 07:00,163.023
2026-04-14T06:00Z,2026-04-14 08:00,164.495
2026-04-14T07:00Z,2026-04-14 09:00,144.330
2026-04-14T08:00Z,2026-04-14 10:00,128.830
2026-04-14T09:00Z,2026-04-14 11:00,117.332
2026-04-14T10:00Z,2026-04-14 12:00,109.507
2026-04-14T11:00Z,2026-04-14 13:00,104.700
2026-04-14T12:00Z,2026-04-14 14:00,108.910
2026-04-14T13:00Z,2026-04-14 15:00,115.567
2026-04-14T14:00Z,2026-04-14 16:00,121.695
2026-04-14T15:00Z,2026-04-14 17:00,137.438
2026-04-14T16:00Z,2026-04-14 18:00,160.015
2026-04-14T17:00Z,2026-04-14 19:00,224.752
2026-04-14T18:00Z,2026-04-14 20:00,234.277
2026-04-14T19:00Z,2026-04-14 21:00,165.947
2026-04-14T20:00Z,2026-04-14 22:00,148.257
2026-04-14T21:00Z,2026-04-14 23:00,135.370
2026-04-14T22:00Z,2026-04-15 00:00,121.600
2026-04-14T23:00Z,2026-04-15 01:00,116.458
2026-04-15T00:00Z,2026-04-15 02:00,111.767
2026-04-15T01:00Z,2026-04-15 03:00,110.017
2026-04-15T02:00Z,2026-04-15 04:00,110.843
2026-04-15T03:00Z,2026-04-15 05:00,123.180
2026-04-15T04:00Z,2026-04-15 06:00,148.440
2026-04-15T05:00Z,2026-04-15 07:00,159.553
2026-04-15T06:00Z,2026-04-15 08:00,140.100
2026-04-15T07:00Z,2026-04-15 09:00,116.320
2026-04-15T08:00Z,2026-04-15 10:00,100.803
2026-04-15T09:00Z,2026-04-15 11:00,78.940
2026-04-15T10:00Z,2026-04-15 12:00,58.318
2026-04-15T11:00Z,2026-04-15 13:00,50.233
2026-04-15T12:00Z,2026-04-15 14:00,67.258
2026-04-15T13:00Z,2026-04-15 15:00,81.493
2026-04-15T14:00Z,2026-04-15 16:00,99.255
2026-04-15T15:00Z,2026-04-15 17:00,124.840
2026-04-15T16:00Z,2026-04-15 18:00,141.900
2026-04-15T17:00Z,2026-04-15 19:00,180.080
2026-04-15T18:00Z,2026-04-15 20:00,180.800
2026-04-15T19:00Z,2026-04-15 21:00,148.080
2026-04-15T20:00Z,2026-04-15 22:00,132.685
2026-04-15T21:00Z,2026-04-15 23:00,117.770
2026-04-15T22:00Z,2026-04-16 00:00,106.215
2026-04-15T23:00Z,2026-04-16 01:00,101.398
2026-04-16T00:00Z,2026-04-16 02:00,99.595
2026-04-16T01:00Z,2026-04-16 03:00,98.365
2026-04-16T02:00Z,2026-04-16 04:00,100.903
2026-04-16T03:00Z,2026-04-16 05:00,110.605
2026-04-16T04:00Z,2026-04-16 06:00,139.475
2026-04-16T05:00Z,2026-04-16 07:00,145.022
2026-04-16T06:00Z,2026-04-16 08:00,133.635
2026-04-16T07:00Z,2026-04-16 09:00,110.195
2026-04-16T08:00Z,2026-04-16 10:00,96.353
2026-04-16T09:00Z,2026-04-16 11:00,75.672
2026-04-16T10:00Z,2026-04-16 12:00,60.513
2026-04-16T11:00Z,2026-04-16 13:00,45.767
2026-04-16T12:00Z,2026-04-16 14:00,53.972
2026-04-16T13:00Z,2026-04-16 15:00,70.870
2026-04-16T14:00Z,2026-04-16 16:00,89.757
2026-04-16T15:00Z,2026-04-16 17:00,111.555
2026-04-16T16:00Z,2026-04-16 18:00,131.145
2026-04-16T17:00Z,2026-04-16 19:00,166.928
2026-04-16T18:00Z,2026-04-16 20:00,187.317
2026-04-16T19:00Z,2026-04-16 21:00,155.010
2026-04-16T20:00Z,2026-04-16 22:00,138.760
2026-04-16T21:00Z,2026-04-16 23:00,127.362
2026-04-16T22:00Z,2026-04-17 00:00,121.772
2026-04-16T23:00Z,2026-04-17 01:00,115.523
2026-04-17T00:00Z,2026-04-17 02:00,112.532
2026-04-17T01:00Z,2026-04-17 03:00,108.513
2026-04-17T02:00Z,2026-04-17 04:00,111.468
2026-04-17T03:00Z,2026-04-17 05:00,120.192
2026-04-17T04:00Z,2026-04-17 06:00,146.567
2026-04-17T05:00Z,2026-04-17 07:00,148.555
2026-04-17T06:00Z,2026-04-17 08:00,127.157
2026-04-17T07:00Z,2026-04-17 09:00,101.903
2026-04-17T08:00Z,2026-04-17 10:00,90.782
2026-04-17T09:00Z,2026-04-17 11:00,57.880
2026-04-17T10:00Z,2026-04-17 12:00,30.870
2026-04-17T11:00Z,2026-04-17 13:00,26.445
2026-04-17T12:00Z,2026-04-17 14:00,31.372
2026-04-17T13:00Z,2026-04-17 15:00,59.998
2026-04-17T14:00Z,2026-04-17 16:00,81.820
2026-04-17T15:00Z,2026-04-17 17:00,102.310
2026-04-17T16:00Z,2026-04-17 18:00,126.755
2026-04-17T17:00Z,2026-04-17 19:00,157.405
2026-04-17T18:00Z,2026-04-17 20:00,157.113
2026-04-17T19:00Z,2026-04-17 21:00,138.007
2026-04-17T20:00Z,2026-04-17 22:00,123.930
2026-04-17T21:00Z,2026-04-17 23:00,112.710
2026-04-17T22:00Z,2026-04-18 00:00,116.245
2026-04-17T23:00Z,2026-04-18 01:00,110.877
2026-04-18T00:00Z,2026-04-18 02:00,109.662
2026-04-18T01:00Z,2026-04-18 03:00,107.695
2026-04-18T02:00Z,2026-04-18 04:00,108.873
2026-04-18T03:00Z,2026-04-18 05:00,110.905
2026-04-18T04:00Z,2026-04-18 06:00,110.830
2026-04-18T05:00Z,2026-04-18 07:00,105.742
2026-04-18T06:00Z,2026-04-18 08:00,92.287
2026-04-18T07:00Z,2026-04-18 09:00,75.127
2026-04-18T08:00Z,2026-04-18 10:00,39.567
2026-04-18T09:00Z,2026-04-18 11:00,3.940
2026-04-18T10:00Z,2026-04-18 12:00,-3.383
2026-04-18T11:00Z,2026-04-18 13:00,-4.080
2026-04-18T12:00Z,2026-04-18 14:00,-0.100
2026-04-18T13:00Z,2026-04-18 15:00,18.898
2026-04-18T14:00Z,2026-04-18 16:00,44.888
2026-04-18T15:00Z,2026-04-18 17:00,90.805
2026-04-18T16:00Z,2026-04-18 18:00,119.595
2026-04-18T17:00Z,2026-04-18 19:00,131.540
2026-04-18T18:00Z,2026-04-18 20:00,144.890
2026-04-18T19:00Z,2026-04-18 21:00,140.295
2026-04-18T20:00Z,2026-04-18 22:00,129.993
2026-04-18T21:00Z,2026-04-18 23:00,125.000
2026-04-18T22:00Z,2026-04-19 00:00,116.560
2026-04-18T23:00Z,2026-04-19 01:00,109.950
2026-04-19T00:00Z,2026-04-19 02:00,109.205
2026-04-19T01:00Z,2026-04-19 03:00,106.322
2026-04-19T02:00Z,2026-04-19 04:00,105.415
2026-04-19T03:00Z,2026-04-19 05:00,106.550
2026-04-19T04:00Z,2026-04-19 06:00,104.782
2026-04-19T05:00Z,2026-04-19 07:00,100.032
2026-04-19T06:00Z,2026-04-19 08:00,96.630
2026-04-19T07:00Z,2026-04-19 09:00,93.843
2026-04-19T08:00Z,2026-04-19 10:00,71.385
2026-04-19T09:00Z,2026-04-19 11:00,31.985
2026-04-19T10:00Z,2026-04-19 12:00,5.735
2026-04-19T11:00Z,2026-04-19 13:00,-0.848
2026-04-19T12:00Z,2026-04-19 14:00,-3.005
2026-04-19T13:00Z,2026-04-19 15:00,-2.255
2026-04-19T14:00Z,2026-04-19 16:00,16.020
2026-04-19T15:00Z,2026-04-19 17:00,73.757
2026-04-19T16:00Z,2026-04-19 18:00,103.855
2026-04-19T17:00Z,2026-04-19 19:00,117.352
2026-04-19T18:00Z,2026-04-19 20:00,124.112
2026-04-19T19:00Z,2026-04-19 21:00,121.547
2026-04-19T20:00Z,2026-04-19 22:00,119.362
2026-04-19T21:00Z,2026-04-19 23:00,111.233
2026-04-19T22:00Z,2026-04-20 00:00,106.308
2026-04-19T23:00Z,2026-04-20 01:00,101.112
2026-04-20T00:00Z,2026-04-20 02:00,99.013
2026-04-20T01:00Z,2026-04-20 03:00,99.040
2026-04-20T02:00Z,2026-04-20 04:00,102.302
2026-04-20T03:00Z,2026-04-20 05:00,111.600
2026-04-20T04:00Z,2026-04-20 06:00,129.385
2026-04-20T05:00Z,2026-04-20 07:00,142.208
2026-04-20T06:00Z,2026-04-20 08:00,134.320
2026-04-20T07:00Z,2026-04-20 09:00,110.015
2026-04-20T08:00Z,2026-04-20 10:00,90.198
2026-04-20T09:00Z,2026-04-20 11:00,75.887
2026-04-20T10:00Z,2026-04-20 12:00,51.183
2026-04-20T11:00Z,2026-04-20 13:00,32.595
2026-04-20T12:00Z,2026-04-20 14:00,29.570
2026-04-20T13:00Z,2026-04-20 15:00,46.475
2026-04-20T14:00Z,2026-04-20 16:00,78.325
2026-04-20T15:00Z,2026-04-20 17:00,97.245
2026-04-20T16:00Z,2026-04-20 18:00,112.910
2026-04-20T17:00Z,2026-04-20 19:00,123.407
2026-04-20T18:00Z,2026-04-20 20:00,127.180
2026-04-20T19:00Z,2026-04-20 21:00,121.940
2026-04-20T20:00Z,2026-04-20 22:00,115.972
2026-04-20T21:00Z,2026-04-20 23:00,106.792
2026-04-20T22:00Z,2026-04-21 00:00,99.000
2026-04-20T23:00Z,2026-04-21 01:00,98.642
2026-04-21T00:00Z,2026-04-21 02:00,98.373
2026-04-21T01:00Z,2026-04-21 03:00,99.075
2026-04-21T02:00Z,2026-04-21 04:00,100.190
2026-04-21T03:00Z,2026-04-21 05:00,108.447
2026-04-21T04:00Z,2026-04-21 06:00,127.085
2026-04-21T05:00Z,2026-04-21 07:00,135.327
2026-04-21T06:00Z,2026-04-21 08:00,118.947
2026-04-21T07:00Z,2026-04-21 09:00,97.305
2026-04-21T08:00Z,2026-04-21 10:00,59.895
2026-04-21T09:00Z,2026-04-21 11:00,19.603
2026-04-21T10:00Z,2026-04-21 12:00,-0.097
2026-04-21T11:00Z,2026-04-21 13:00,-1.752
2026-04-21T12:00Z,2026-04-21 14:00,-3.700
2026-04-21T13:00Z,2026-04-21 15:00,-1.863
2026-04-21T14:00Z,2026-04-21 16:00,14.535
2026-04-21T15:00Z,2026-04-21 17:00,69.830
2026-04-21T16:00Z,2026-04-21 18:00,102.645
2026-04-21T17:00Z,2026-04-21 19:00,134.110
2026-04-21T18:00Z,2026-04-21 20:00,144.775
2026-04-21T19:00Z,2026-04-21 21:00,129.620
2026-04-21T20:00Z,2026-04-21 22:00,119.845
2026-04-21T21:00Z,2026-04-21 23:00,111.873
2026-04-21T22:00Z,2026-04-22 00:00,107.095
2026-04-21T23:00Z,2026-04-22 01:00,104.110
2026-04-22T00:00Z,2026-04-22 02:00,104.200
2026-04-22T01:00Z,2026-04-22 03:00,104.847
2026-04-22T02:00Z,2026-04-22 04:00,109.692
2026-04-22T03:00Z,2026-04-22 05:00,121.233
2026-04-22T04:00Z,2026-04-22 06:00,139.843
2026-04-22T05:00Z,2026-04-22 07:00,134.797
2026-04-22T06:00Z,2026-04-22 08:00,113.865
2026-04-22T07:00Z,2026-04-22 09:00,79.555
2026-04-22T08:00Z,2026-04-22 10:00,20.155
2026-04-22T09:00Z,2026-04-22 11:00,-2.420
2026-04-22T10:00Z,2026-04-22 12:00,-8.832
2026-04-22T11:00Z,2026-04-22 13:00,-20.985
2026-04-22T12:00Z,2026-04-22 14:00,-19.000
2026-04-22T13:00Z,2026-04-22 15:00,-4.920
2026-04-22T14:00Z,2026-04-22 16:00,-0.010
2026-04-22T15:00Z,2026-04-22 17:00,57.405
2026-04-22T16:00Z,2026-04-22 18:00,105.297
2026-04-22T17:00Z,2026-04-22 19:00,140.118
2026-04-22T18:00Z,2026-04-22 20:00,153.910
2026-04-22T19:00Z,2026-04-22 21:00,128.510
2026-04-22T20:00Z,2026-04-22 22:00,114.450
2026-04-22T21:00Z,2026-04-22 23:00,105.078
2026-04-22T22:00Z,2026-04-23 00:00,100.140
2026-04-22T23:00Z,2026-04-23 01:00,97.625
2026-04-23T00:00Z,2026-04-23 02:00,96.735
2026-04-23T01:00Z,2026-04-23 03:00,96.207
2026-04-23T02:00Z,2026-04-23 04:00,95.850
2026-04-23T03:00Z,2026-04-23 05:00,104.160
2026-04-23T04:00Z,2026-04-23 06:00,119.000
2026-04-23T05:00Z,2026-04-23 07:00,119.400
2026-04-23T06:00Z,2026-04-23 08:00,109.698
2026-04-23T07:00Z,2026-04-23 09:00,63.293
2026-04-23T08:00Z,2026-04-23 10:00,-0.562
2026-04-23T09:00Z,2026-04-23 11:00,-6.175
2026-04-23T10:00Z,2026-04-23 12:00,-29.008
2026-04-23T11:00Z,2026-04-23 13:00,-49.560
2026-04-23T12:00Z,2026-04-23 14:00,-48.862
2026-04-23T13:00Z,2026-04-23 15:00,-22.890
2026-04-23T14:00Z,2026-04-23 16:00,-1.930
2026-04-23T15:00Z,2026-04-23 17:00,21.968
2026-04-23T16:00Z,2026-04-23 18:00,93.572
2026-04-23T17:00Z,2026-04-23 19:00,121.500
2026-04-23T18:00Z,2026-04-23 20:00,136.955
2026-04-23T19:00Z,2026-04-23 21:00,116.287
2026-04-23T20:00Z,2026-04-23 22:00,108.235
2026-04-23T21:00Z,2026-04-23 23:00,99.457
2026-04-23T22:00Z,2026-04-24 00:00,102.455
2026-04-23T23:00Z,2026-04-24 01:00,100.130
2026-04-24T00:00Z,2026-04-24 02:00,100.710
2026-04-24T01:00Z,2026-04-24 03:00,101.690
2026-04-24T02:00Z,2026-04-24 04:00,105.358
2026-04-24T03:00Z,2026-04-24 05:00,116.305
2026-04-24T04:00Z,2026-04-24 06:00,131.873
2026-04-24T05:00Z,2026-04-24 07:00,137.988
2026-04-24T06:00Z,2026-04-24 08:00,117.685
2026-04-24T07:00Z,2026-04-24 09:00,80.905
2026-04-24T08:00Z,2026-04-24 10:00,19.572
2026-04-24T09:00Z,2026-04-24 11:00,-0.035
2026-04-24T10:00Z,2026-04-24 12:00,-6.907
2026-04-24T11:00Z,2026-04-24 13:00,-26.140
2026-04-24T12:00Z,2026-04-24 14:00,-30.002
2026-04-24T13:00Z,2026-04-24 15:00,-16.555
2026-04-24T14:00Z,2026-04-24 16:00,-1.612
2026-04-24T15:00Z,2026-04-24 17:00,50.907
2026-04-24T16:00Z,2026-04-24 18:00,104.817
2026-04-24T17:00Z,2026-04-24 19:00,133.810
2026-04-24T18:00Z,2026-04-24 20:00,137.340
2026-04-24T19:00Z,2026-04-24 21:00,131.025
2026-04-24T20:00Z,2026-04-24 22:00,121.877
2026-04-24T21:00Z,2026-04-24 23:00,113.442
2026-04-24T22:00Z,2026-04-25 00:00,100.625
2026-04-24T23:00Z,2026-04-25 01:00,95.540
2026-04-25T00:00Z,2026-04-25 02:00,95.120
2026-04-25T01:00Z,2026-04-25 03:00,95.157
2026-04-25T02:00Z,2026-04-25 04:00,88.457
2026-04-25T03:00Z,2026-04-25 05:00,88.030
2026-04-25T04:00Z,2026-04-25 06:00,83.183
2026-04-25T05:00Z,2026-04-25 07:00,71.362
2026-04-25T06:00Z,2026-04-25 08:00,20.035
2026-04-25T07:00Z,2026-04-25 09:00,-0.042
2026-04-25T08:00Z,2026-04-25 10:00,-7.270
2026-04-25T09:00Z,2026-04-25 11:00,-42.142
2026-04-25T10:00Z,2026-04-25 12:00,-100.513
2026-04-25T11:00Z,2026-04-25 13:00,-176.442
2026-04-25T12:00Z,2026-04-25 14:00,-190.865
2026-04-25T13:00Z,2026-04-25 15:00,-133.803
2026-04-25T14:00Z,2026-04-25 16:00,-53.975
2026-04-25T15:00Z,2026-04-25 17:00,-5.245
2026-04-25T16:00Z,2026-04-25 18:00,4.615
2026-04-25T17:00Z,2026-04-25 19:00,65.197
2026-04-25T18:00Z,2026-04-25 20:00,75.420
2026-04-25T19:00Z,2026-04-25 21:00,72.005
2026-04-25T20:00Z,2026-04-25 22:00,72.677
2026-04-25T21:00Z,2026-04-25 23:00,69.980
2026-04-25T22:00Z,2026-04-26 00:00,79.440
2026-04-25T23:00Z,2026-04-26 01:00,83.595
2026-04-26T00:00Z,2026-04-26 02:00,87.100
2026-04-26T01:00Z,2026-04-26 03:00,90.487
2026-04-26T02:00Z,2026-04-26 04:00,94.153
2026-04-26T03:00Z,2026-04-26 05:00,98.640
2026-04-26T04:00Z,2026-04-26 06:00,94.185
2026-04-26T05:00Z,2026-04-26 07:00,83.153
2026-04-26T06:00Z,2026-04-26 08:00,54.312
2026-04-26T07:00Z,2026-04-26 09:00,-0.010
2026-04-26T08:00Z,2026-04-26 10:00,-28.185
2026-04-26T09:00Z,2026-04-26 11:00,-127.365
2026-04-26T10:00Z,2026-04-26 12:00,-259.960
2026-04-26T11:00Z,2026-04-26 13:00,-413.770
2026-04-26T12:00Z,2026-04-26 14:00,-413.245
2026-04-26T13:00Z,2026-04-26 15:00,-235.893
2026-04-26T14:00Z,2026-04-26 16:00,-37.305
2026-04-26T15:00Z,2026-04-26 17:00,11.177
2026-04-26T16:00Z,2026-04-26 18:00,113.097
2026-04-26T17:00Z,2026-04-26 19:00,150.287
2026-04-26T18:00Z,2026-04-26 20:00,157.815
2026-04-26T19:00Z,2026-04-26 21:00,140.653
2026-04-26T20:00Z,2026-04-26 22:00,126.407
2026-04-26T21:00Z,2026-04-26 23:00,122.875
2026-04-26T22:00Z,2026-04-27 00:00,118.447
2026-04-26T23:00Z,2026-04-27 01:00,113.030
2026-04-27T00:00Z,2026-04-27 02:00,112.710
2026-04-27T01:00Z,2026-04-27 03:00,112.825
2026-04-27T02:00Z,2026-04-27 04:00,116.740
2026-04-27T03:00Z,2026-04-27 05:00,125.668
2026-04-27T04:00Z,2026-04-27 06:00,165.567
2026-04-27T05:00Z,2026-04-27 07:00,153.690
2026-04-27T06:00Z,2026-04-27 08:00,126.547
2026-04-27T07:00Z,2026-04-27 09:00,92.528
2026-04-27T08:00Z,2026-04-27 10:00,59.142
2026-04-27T09:00Z,2026-04-27 11:00,4.140
2026-04-27T10:00Z,2026-04-27 12:00,-0.098
2026-04-27T11:00Z,2026-04-27 13:00,-0.830
2026-04-27T12:00Z,2026-04-27 14:00,-0.163
2026-04-27T13:00Z,2026-04-27 15:00,5.143
2026-04-27T14:00Z,2026-04-27 16:00,68.665
2026-04-27T15:00Z,2026-04-27 17:00,107.185
2026-04-27T16:00Z,2026-04-27 18:00,129.852
2026-04-27T17:00Z,2026-04-27 19:00,172.300
2026-04-27T18:00Z,2026-04-27 20:00,188.118
2026-04-27T19:00Z,2026-04-27 21:00,148.460
2026-04-27T20:00Z,2026-04-27 22:00,125.648
2026-04-27T21:00Z,2026-04-27 23:00,115.203
2026-04-27T22:00Z,2026-04-28 00:00,112.660
2026-04-27T23:00Z,2026-04-28 01:00,106.903
2026-04-28T00:00Z,2026-04-28 02:00,102.980
2026-04-28T01:00Z,2026-04-28 03:00,102.830
2026-04-28T02:00Z,2026-04-28 04:00,105.278
2026-04-28T03:00Z,2026-04-28 05:00,111.835
2026-04-28T04:00Z,2026-04-28 06:00,122.100
2026-04-28T05:00Z,2026-04-28 07:00,121.430
2026-04-28T06:00Z,2026-04-28 08:00,112.315
2026-04-28T07:00Z,2026-04-28 09:00,79.778
2026-04-28T08:00Z,2026-04-28 10:00,21.815
2026-04-28T09:00Z,2026-04-28 11:00,-1.085
2026-04-28T10:00Z,2026-04-28 12:00,-14.043
2026-04-28T11:00Z,2026-04-28 13:00,-29.000
2026-04-28T12:00Z,2026-04-28 14:00,-29.008
2026-04-28T13:00Z,2026-04-28 15:00,-17.330
2026-04-28T14:00Z,2026-04-28 16:00,-4.655
2026-04-28T15:00Z,2026-04-28 17:00,33.315
2026-04-28T16:00Z,2026-04-28 18:00,90.100
2026-04-28T17:00Z,2026-04-28 19:00,117.400
2026-04-28T18:00Z,2026-04-28 20:00,120.972
2026-04-28T19:00Z,2026-04-28 21:00,115.828
2026-04-28T20:00Z,2026-04-28 22:00,111.295
2026-04-28T21:00Z,2026-04-28 23:00,101.770
2026-04-28T22:00Z,2026-04-29 00:00,98.207
2026-04-28T23:00Z,2026-04-29 01:00,96.725
2026-04-29T00:00Z,2026-04-29 02:00,97.918
2026-04-29T01:00Z,2026-04-29 03:00,98.528
2026-04-29T02:00Z,2026-04-29 04:00,100.650
2026-04-29T03:00Z,2026-04-29 05:00,107.905
2026-04-29T04:00Z,2026-04-29 06:00,139.798
2026-04-29T05:00Z,2026-04-29 07:00,126.847
2026-04-29T06:00Z,2026-04-29 08:00,112.365
2026-04-29T07:00Z,2026-04-29 09:00,66.420
2026-04-29T08:00Z,2026-04-29 10:00,-1.077
2026-04-29T09:00Z,2026-04-29 11:00,-11.567
2026-04-29T10:00Z,2026-04-29 12:00,-33.765
2026-04-29T11:00Z,2026-04-29 13:00,-60.362
2026-04-29T12:00Z,2026-04-29 14:00,-55.432
2026-04-29T13:00Z,2026-04-29 15:00,-36.220
2026-04-29T14:00Z,2026-04-29 16:00,-11.250
2026-04-29T15:00Z,2026-04-29 17:00,19.645
2026-04-29T16:00Z,2026-04-29 18:00,91.145
2026-04-29T17:00Z,2026-04-29 19:00,125.810
2026-04-29T18:00Z,2026-04-29 20:00,145.593
2026-04-29T19:00Z,2026-04-29 21:00,129.950
2026-04-29T20:00Z,2026-04-29 22:00,115.657
2026-04-29T21:00Z,2026-04-29 23:00,105.097
2026-04-29T22:00Z,2026-04-30 00:00,100.320
2026-04-29T23:00Z,2026-04-30 01:00,100.110
2026-04-30T00:00Z,2026-04-30 02:00,98.570
2026-04-30T01:00Z,2026-04-30 03:00,99.478
2026-04-30T02:00Z,2026-04-30 04:00,104.090
2026-04-30T03:00Z,2026-04-30 05:00,114.102
2026-04-30T04:00Z,2026-04-30 06:00,139.120
2026-04-30T05:00Z,2026-04-30 07:00,122.285
2026-04-30T06:00Z,2026-04-30 08:00,96.218
2026-04-30T07:00Z,2026-04-30 09:00,45.555
2026-04-30T08:00Z,2026-04-30 10:00,-0.038
2026-04-30T09:00Z,2026-04-30 11:00,-3.875
2026-04-30T10:00Z,2026-04-30 12:00,-16.253
2026-04-30T11:00Z,2026-04-30 13:00,-32.020
2026-04-30T12:00Z,2026-04-30 14:00,-28.930
2026-04-30T13:00Z,2026-04-30 15:00,-12.050
2026-04-30T14:00Z,2026-04-30 16:00,-2.292
2026-04-30T15:00Z,2026-04-30 17:00,20.580
2026-04-30T16:00Z,2026-04-30 18:00,92.430
2026-04-30T17:00Z,2026-04-30 19:00,139.088
2026-04-30T18:00Z,2026-04-30 20:00,178.620
2026-04-30T19:00Z,2026-04-30 21:00,145.840
2026-04-30T20:00Z,2026-04-30 22:00,118.920
2026-04-30T21:00Z,2026-04-30 23:00,109.608
2026-04-30T22:00Z,2026-05-01 00:00,107.227
2026-04-30T23:00Z,2026-05-01 01:00,103.085
2026-05-01T00:00Z,2026-05-01 02:00,101.385
2026-05-01T01:00Z,2026-05-01 03:00,99.245
2026-05-01T02:00Z,2026-05-01 04:00,97.980
2026-05-01T03:00Z,2026-05-01 05:00,97.495
2026-05-01T04:00Z,2026-05-01 06:00,103.767
2026-05-01T05:00Z,2026-05-01 07:00,80.340
2026-05-01T06:00Z,2026-05-01 08:00,35.333
2026-05-01T07:00Z,2026-05-01 09:00,-0.028
2026-05-01T08:00Z,2026-05-01 10:00,-21.180
2026-05-01T09:00Z,2026-05-01 11:00,-108.618
2026-05-01T10:00Z,2026-05-01 12:00,-318.580
2026-05-01T11:00Z,2026-05-01 13:00,-499.000
2026-05-01T12:00Z,2026-05-01 14:00,-474.967
2026-05-01T13:00Z,2026-05-01 15:00,-205.877
2026-05-01T14:00Z,2026-05-01 16:00,-26.247
2026-05-01T15:00Z,2026-05-01 17:00,5.555
2026-05-01T16:00Z,2026-05-01 18:00,92.530
2026-05-01T17:00Z,2026-05-01 19:00,154.190
2026-05-01T18:00Z,2026-05-01 20:00,173.325
2026-05-01T19:00Z,2026-05-01 21:00,142.950
2026-05-01T20:00Z,2026-05-01 22:00,113.222
2026-05-01T21:00Z,2026-05-01 23:00,96.983
2026-05-01T22:00Z,2026-05-02 00:00,117.425
2026-05-01T23:00Z,2026-05-02 01:00,103.713
2026-05-02T00:00Z,2026-05-02 02:00,99.477
2026-05-02T01:00Z,2026-05-02 03:00,93.335
2026-05-02T02:00Z,2026-05-02 04:00,93.545
2026-05-02T03:00Z,2026-05-02 05:00,93.697
2026-05-02T04:00Z,2026-05-02 06:00,91.780
2026-05-02T05:00Z,2026-05-02 07:00,78.013
2026-05-02T06:00Z,2026-05-02 08:00,18.270
2026-05-02T07:00Z,2026-05-02 09:00,1.270
2026-05-02T08:00Z,2026-05-02 10:00,-2.387
2026-05-02T09:00Z,2026-05-02 11:00,-21.913
2026-05-02T10:00Z,2026-05-02 12:00,-83.608
2026-05-02T11:00Z,2026-05-02 13:00,-130.028
2026-05-02T12:00Z,2026-05-02 14:00,-86.843
2026-05-02T13:00Z,2026-05-02 15:00,-14.038
2026-05-02T14:00Z,2026-05-02 16:00,0.033
2026-05-02T15:00Z,2026-05-02 17:00,54.945
2026-05-02T16:00Z,2026-05-02 18:00,127.140
2026-05-02T17:00Z,2026-05-02 19:00,165.000
2026-05-02T18:00Z,2026-05-02 20:00,195.450
2026-05-02T19:00Z,2026-05-02 21:00,154.320
2026-05-02T20:00Z,2026-05-02 22:00,139.960
2026-05-02T21:00Z,2026-05-02 23:00,123.865
2026-05-02T22:00Z,2026-05-03 00:00,121.195
2026-05-02T23:00Z,2026-05-03 01:00,116.032
2026-05-03T00:00Z,2026-05-03 02:00,110.162
2026-05-03T01:00Z,2026-05-03 03:00,108.478
2026-05-03T02:00Z,2026-05-03 04:00,106.293
2026-05-03T03:00Z,2026-05-03 05:00,107.073
2026-05-03T04:00Z,2026-05-03 06:00,101.700
2026-05-03T05:00Z,2026-05-03 07:00,85.338
2026-05-03T06:00Z,2026-05-03 08:00,71.737
2026-05-03T07:00Z,2026-05-03 09:00,32.657
2026-05-03T08:00Z,2026-05-03 10:00,1.287
2026-05-03T09:00Z,2026-05-03 11:00,-1.427
2026-05-03T10:00Z,2026-05-03 12:00,-6.790
2026-05-03T11:00Z,2026-05-03 13:00,-14.435
2026-05-03T12:00Z,2026-05-03 14:00,-10.883
2026-05-03T13:00Z,2026-05-03 15:00,-3.967
2026-05-03T14:00Z,2026-05-03 16:00,9.133
2026-05-03T15:00Z,2026-05-03 17:00,80.707
2026-05-03T16:00Z,2026-05-03 18:00,120.572
2026-05-03T17:00Z,2026-05-03 19:00,134.795
2026-05-03T18:00Z,2026-05-03 20:00,140.870
2026-05-03T19:00Z,2026-05-03 21:00,137.310
2026-05-03T20:00Z,2026-05-03 22:00,130.377
2026-05-03T21:00Z,2026-05-03 23:00,121.115
2026-05-03T22:00Z,2026-05-04 00:00,117.355
2026-05-03T23:00Z,2026-05-04 01:00,108.410
2026-05-04T00:00Z,2026-05-04 02:00,110.558
2026-05-04T01:00Z,2026-05-04 03:00,106.347
2026-05-04T02:00Z,2026-05-04 04:00,109.907
2026-05-04T03:00Z,2026-05-04 05:00,128.882
2026-05-04T04:00Z,2026-05-04 06:00,149.548
2026-05-04T05:00Z,2026-05-04 07:00,151.267
2026-05-04T06:00Z,2026-05-04 08:00,134.602
2026-05-04T07:00Z,2026-05-04 09:00,113.625
2026-05-04T08:00Z,2026-05-04 10:00,99.990
2026-05-04T09:00Z,2026-05-04 11:00,93.095
2026-05-04T10:00Z,2026-05-04 12:00,75.065
2026-05-04T11:00Z,2026-05-04 13:00,69.407
2026-05-04T12:00Z,2026-05-04 14:00,81.078
2026-05-04T13:00Z,2026-05-04 15:00,94.002
2026-05-04T14:00Z,2026-05-04 16:00,107.968
2026-05-04T15:00Z,2026-05-04 17:00,128.993
2026-05-04T16:00Z,2026-05-04 18:00,169.000
2026-05-04T17:00Z,2026-05-04 19:00,245.030
2026-05-04T18:00Z,2026-05-04 20:00,266.835
2026-05-04T19:00Z,2026-05-04 21:00,194.300
2026-05-04T20:00Z,2026-05-04 22:00,153.045
2026-05-04T21:00Z,2026-05-04 23:00,137.200
2026-05-04T22:00Z,2026-05-05 00:00,131.360
2026-05-04T23:00Z,2026-05-05 01:00,126.200
2026-05-05T00:00Z,2026-05-05 02:00,122.110
2026-05-05T01:00Z,2026-05-05 03:00,122.045
2026-05-05T02:00Z,2026-05-05 04:00,123.900
2026-05-05T03:00Z,2026-05-05 05:00,133.903
2026-05-05T04:00Z,2026-05-05 06:00,160.113
2026-05-05T05:00Z,2026-05-05 07:00,160.765
2026-05-05T06:00Z,2026-05-05 08:00,147.233
2026-05-05T07:00Z,2026-05-05 09:00,129.610
2026-05-05T08:00Z,2026-05-05 10:00,114.120
2026-05-05T09:00Z,2026-05-05 11:00,108.257
2026-05-05T10:00Z,2026-05-05 12:00,99.093
2026-05-05T11:00Z,2026-05-05 13:00,98.055
2026-05-05T12:00Z,2026-05-05 14:00,97.745
2026-05-05T13:00Z,2026-05-05 15:00,105.990
2026-05-05T14:00Z,2026-05-05 16:00,111.977
2026-05-05T15:00Z,2026-05-05 17:00,128.670
2026-05-05T16:00Z,2026-05-05 18:00,145.762
2026-05-05T17:00Z,2026-05-05 19:00,163.685
2026-05-05T18:00Z,2026-05-05 20:00,163.903
2026-05-05T19:00Z,2026-05-05 21:00,146.998
2026-05-05T20:00Z,2026-05-05 22:00,132.745
2026-05-05T21:00Z,2026-05-05 23:00,115.293
2026-05-05T22:00Z,2026-05-06 00:00,120.035
2026-05-05T23:00Z,2026-05-06 01:00,114.230
2026-05-06T00:00Z,2026-05-06 02:00,113.165
2026-05-06T01:00Z,2026-05-06 03:00,112.995
2026-05-06T02:00Z,2026-05-06 04:00,113.340
2026-05-06T03:00Z,2026-05-06 05:00,118.225
2026-05-06T04:00Z,2026-05-06 06:00,131.140
2026-05-06T05:00Z,2026-05-06 07:00,142.450
2026-05-06T06:00Z,2026-05-06 08:00,141.550
2026-05-06T07:00Z,2026-05-06 09:00,121.305
2026-05-06T08:00Z,2026-05-06 10:00,108.800
2026-05-06T09:00Z,2026-05-06 11:00,104.120
2026-05-06T10:00Z,2026-05-06 12:00,100.093
2026-05-06T11:00Z,2026-05-06 13:00,89.340
2026-05-06T12:00Z,2026-05-06 14:00,91.330
2026-05-06T13:00Z,2026-05-06 15:00,103.125
2026-05-06T14:00Z,2026-05-06 16:00,112.662
2026-05-06T15:00Z,2026-05-06 17:00,125.052
2026-05-06T16:00Z,2026-05-06 18:00,137.910
2026-05-06T17:00Z,2026-05-06 19:00,154.605
2026-05-06T18:00Z,2026-05-06 20:00,156.915
2026-05-06T19:00Z,2026-05-06 21:00,154.610
2026-05-06T20:00Z,2026-05-06 22:00,143.412
2026-05-06T21:00Z,2026-05-06 23:00,128.260
2026-05-06T22:00Z,2026-05-07 00:00,125.153
2026-05-06T23:00Z,2026-05-07 01:00,116.485
2026-05-07T00:00Z,2026-05-07 02:00,115.258
2026-05-07T01:00Z,2026-05-07 03:00,116.490
2026-05-07T02:00Z,2026-05-07 04:00,119.138
2026-05-07T03:00Z,2026-05-07 05:00,126.875
2026-05-07T04:00Z,2026-05-07 06:00,151.000
2026-05-07T05:00Z,2026-05-07 07:00,167.293
2026-05-07T06:00Z,2026-05-07 08:00,155.593
2026-05-07T07:00Z,2026-05-07 09:00,136.410
2026-05-07T08:00Z,2026-05-07 10:00,120.132
2026-05-07T09:00Z,2026-05-07 11:00,113.525
2026-05-07T10:00Z,2026-05-07 12:00,103.922
2026-05-07T11:00Z,2026-05-07 13:00,101.915
2026-05-07T12:00Z,2026-05-07 14:00,101.730
2026-05-07T13:00Z,2026-05-07 15:00,107.445
2026-05-07T14:00Z,2026-05-07 16:00,117.998
2026-05-07T15:00Z,2026-05-07 17:00,132.560
2026-05-07T16:00Z,2026-05-07 18:00,148.705
2026-05-07T17:00Z,2026-05-07 19:00,185.655
2026-05-07T18:00Z,2026-05-07 20:00,221.477
2026-05-07T19:00Z,2026-05-07 21:00,182.715
2026-05-07T20:00Z,2026-05-07 22:00,154.435
2026-05-07T21:00Z,2026-05-07 23:00,142.757
2026-05-07T22:00Z,2026-05-08 00:00,130.343
2026-05-07T23:00Z,2026-05-08 01:00,120.660
2026-05-08T00:00Z,2026-05-08 02:00,118.215
2026-05-08T01:00Z,2026-05-08 03:00,116.977
2026-05-08T02:00Z,2026-05-08 04:00,118.565
2026-05-08T03:00Z,2026-05-08 05:00,126.185
2026-05-08T04:00Z,2026-05-08 06:00,143.600
2026-05-08T05:00Z,2026-05-08 07:00,147.028
2026-05-08T06:00Z,2026-05-08 08:00,137.400
2026-05-08T07:00Z,2026-05-08 09:00,115.248
2026-05-08T08:00Z,2026-05-08 10:00,97.748
2026-05-08T09:00Z,2026-05-08 11:00,75.810
2026-05-08T10:00Z,2026-05-08 12:00,65.370
2026-05-08T11:00Z,2026-05-08 13:00,58.708
2026-05-08T12:00Z,2026-05-08 14:00,64.340
2026-05-08T13:00Z,2026-05-08 15:00,81.892
2026-05-08T14:00Z,2026-05-08 16:00,94.062
2026-05-08T15:00Z,2026-05-08 17:00,109.500
2026-05-08T16:00Z,2026-05-08 18:00,127.815
2026-05-08T17:00Z,2026-05-08 19:00,143.543
2026-05-08T18:00Z,2026-05-08 20:00,152.977
2026-05-08T19:00Z,2026-05-08 21:00,138.900
2026-05-08T20:00Z,2026-05-08 22:00,127.502
2026-05-08T21:00Z,2026-05-08 23:00,119.140
2026-05-08T22:00Z,2026-05-09 00:00,127.692
2026-05-08T23:00Z,2026-05-09 01:00,123.407
2026-05-09T00:00Z,2026-05-09 02:00,123.480
2026-05-09T01:00Z,2026-05-09 03:00,124.353
2026-05-09T02:00Z,2026-05-09 04:00,125.737
2026-05-09T03:00Z,2026-05-09 05:00,126.453
2026-05-09T04:00Z,2026-05-09 06:00,127.523
2026-05-09T05:00Z,2026-05-09 07:00,118.670
2026-05-09T06:00Z,2026-05-09 08:00,107.672
2026-05-09T07:00Z,2026-05-09 09:00,68.308
2026-05-09T08:00Z,2026-05-09 10:00,9.928
2026-05-09T09:00Z,2026-05-09 11:00,-0.015
2026-05-09T10:00Z,2026-05-09 12:00,-0.062
2026-05-09T11:00Z,2026-05-09 13:00,-0.090
2026-05-09T12:00Z,2026-05-09 14:00,-0.013
2026-05-09T13:00Z,2026-05-09 15:00,0.003
2026-05-09T14:00Z,2026-05-09 16:00,27.715
2026-05-09T15:00Z,2026-05-09 17:00,93.690
2026-05-09T16:00Z,2026-05-09 18:00,123.190
2026-05-09T17:00Z,2026-05-09 19:00,138.507
2026-05-09T18:00Z,2026-05-09 20:00,146.965
2026-05-09T19:00Z,2026-05-09 21:00,143.485
2026-05-09T20:00Z,2026-05-09 22:00,136.300
2026-05-09T21:00Z,2026-05-09 23:00,127.088
2026-05-09T22:00Z,2026-05-10 00:00,128.093
2026-05-09T23:00Z,2026-05-10 01:00,125.447
2026-05-10T00:00Z,2026-05-10 02:00,125.433
2026-05-10T01:00Z,2026-05-10 03:00,123.483
2026-05-10T02:00Z,2026-05-10 04:00,124.197
2026-05-10T03:00Z,2026-05-10 05:00,123.940
2026-05-10T04:00Z,2026-05-10 06:00,115.140
2026-05-10T05:00Z,2026-05-10 07:00,101.168
2026-05-10T06:00Z,2026-05-10 08:00,70.835
2026-05-10T07:00Z,2026-05-10 09:00,11.180
2026-05-10T08:00Z,2026-05-10 10:00,0.003
2026-05-10T09:00Z,2026-05-10 11:00,-0.670
2026-05-10T10:00Z,2026-05-10 12:00,-1.880
2026-05-10T11:00Z,2026-05-10 13:00,-2.165
2026-05-10T12:00Z,2026-05-10 14:00,-1.400
2026-05-10T13:00Z,2026-05-10 15:00,-0.255
2026-05-10T14:00Z,2026-05-10 16:00,1.882
2026-05-10T15:00Z,2026-05-10 17:00,71.005
2026-05-10T16:00Z,2026-05-10 18:00,110.942
2026-05-10T17:00Z,2026-05-10 19:00,122.000
2026-05-10T18:00Z,2026-05-10 20:00,129.317
2026-05-10T19:00Z,2026-05-10 21:00,128.515
2026-05-10T20:00Z,2026-05-10 22:00,124.140
2026-05-10T21:00Z,2026-05-10 23:00,119.838
2026-05-10T22:00Z,2026-05-11 00:00,118.785
2026-05-10T23:00Z,2026-05-11 01:00,112.335
2026-05-11T00:00Z,2026-05-11 02:00,110.428
2026-05-11T01:00Z,2026-05-11 03:00,112.657
2026-05-11T02:00Z,2026-05-11 04:00,113.093
2026-05-11T03:00Z,2026-05-11 05:00,122.138
2026-05-11T04:00Z,2026-05-11 06:00,136.475
2026-05-11T05:00Z,2026-05-11 07:00,154.048
2026-05-11T06:00Z,2026-05-11 08:00,150.012
2026-05-11T07:00Z,2026-05-11 09:00,136.800
2026-05-11T08:00Z,2026-05-11 10:00,126.308
2026-05-11T09:00Z,2026-05-11 11:00,113.433
2026-05-11T10:00Z,2026-05-11 12:00,105.485
2026-05-11T11:00Z,2026-05-11 13:00,98.780
2026-05-11T12:00Z,2026-05-11 14:00,95.980
2026-05-11T13:00Z,2026-05-11 15:00,96.200
2026-05-11T14:00Z,2026-05-11 16:00,100.490
2026-05-11T15:00Z,2026-05-11 17:00,116.303
2026-05-11T16:00Z,2026-05-11 18:00,122.980
2026-05-11T17:00Z,2026-05-11 19:00,130.718
2026-05-11T18:00Z,2026-05-11 20:00,131.120
2026-05-11T19:00Z,2026-05-11 21:00,127.873
2026-05-11T20:00Z,2026-05-11 22:00,120.765
2026-05-11T21:00Z,2026-05-11 23:00,108.953
2026-05-11T22:00Z,2026-05-12 00:00,99.065
2026-05-11T23:00Z,2026-05-12 01:00,95.275
2026-05-12T00:00Z,2026-05-12 02:00,91.730
2026-05-12T01:00Z,2026-05-12 03:00,89.897
2026-05-12T02:00Z,2026-05-12 04:00,91.375
2026-05-12T03:00Z,2026-05-12 05:00,94.002
2026-05-12T04:00Z,2026-05-12 06:00,111.263
2026-05-12T05:00Z,2026-05-12 07:00,122.575
2026-05-12T06:00Z,2026-05-12 08:00,112.145
2026-05-12T07:00Z,2026-05-12 09:00,94.075
2026-05-12T08:00Z,2026-05-12 10:00,79.558
2026-05-12T09:00Z,2026-05-12 11:00,63.535
2026-05-12T10:00Z,2026-05-12 12:00,45.910
2026-05-12T11:00Z,2026-05-12 13:00,27.330
2026-05-12T12:00Z,2026-05-12 14:00,19.973
2026-05-12T13:00Z,2026-05-12 15:00,44.760
2026-05-12T14:00Z,2026-05-12 16:00,74.405
2026-05-12T15:00Z,2026-05-12 17:00,96.000
2026-05-12T16:00Z,2026-05-12 18:00,114.880
2026-05-12T17:00Z,2026-05-12 19:00,136.278
2026-05-12T18:00Z,2026-05-12 20:00,142.985
2026-05-12T19:00Z,2026-05-12 21:00,142.743
2026-05-12T20:00Z,2026-05-12 22:00,131.225
2026-05-12T21:00Z,2026-05-12 23:00,118.345
2026-05-12T22:00Z,2026-05-13 00:00,114.330
2026-05-12T23:00Z,2026-05-13 01:00,106.218
2026-05-13T00:00Z,2026-05-13 02:00,104.358
2026-05-13T01:00Z,2026-05-13 03:00,107.435
2026-05-13T02:00Z,2026-05-13 04:00,111.195
2026-05-13T03:00Z,2026-05-13 05:00,120.000
2026-05-13T04:00Z,2026-05-13 06:00,137.183
2026-05-13T05:00Z,2026-05-13 07:00,141.123
2026-05-13T06:00Z,2026-05-13 08:00,126.700
2026-05-13T07:00Z,2026-05-13 09:00,102.525
2026-05-13T08:00Z,2026-05-13 10:00,86.440
2026-05-13T09:00Z,2026-05-13 11:00,83.778
2026-05-13T10:00Z,2026-05-13 12:00,74.102
2026-05-13T11:00Z,2026-05-13 13:00,71.773
2026-05-13T12:00Z,2026-05-13 14:00,70.203
2026-05-13T13:00Z,2026-05-13 15:00,82.267
2026-05-13T14:00Z,2026-05-13 16:00,92.375
2026-05-13T15:00Z,2026-05-13 17:00,112.602
2026-05-13T16:00Z,2026-05-13 18:00,132.355
2026-05-13T17:00Z,2026-05-13 19:00,151.493
2026-05-13T18:00Z,2026-05-13 20:00,171.267
2026-05-13T19:00Z,2026-05-13 21:00,160.045
2026-05-13T20:00Z,2026-05-13 22:00,142.205
2026-05-13T21:00Z,2026-05-13 23:00,123.095
2026-05-13T22:00Z,2026-05-14 00:00,130.540
2026-05-13T23:00Z,2026-05-14 01:00,121.750
2026-05-14T00:00Z,2026-05-14 02:00,119.225
2026-05-14T01:00Z,2026-05-14 03:00,115.638
2026-05-14T02:00Z,2026-05-14 04:00,112.918
2026-05-14T03:00Z,2026-05-14 05:00,112.045
2026-05-14T04:00Z,2026-05-14 06:00,111.405
2026-05-14T05:00Z,2026-05-14 07:00,108.090
2026-05-14T06:00Z,2026-05-14 08:00,99.258
2026-05-14T07:00Z,2026-05-14 09:00,85.150
2026-05-14T08:00Z,2026-05-14 10:00,58.642
2026-05-14T09:00Z,2026-05-14 11:00,35.568
2026-05-14T10:00Z,2026-05-14 12:00,16.055
2026-05-14T11:00Z,2026-05-14 13:00,7.553
2026-05-14T12:00Z,2026-05-14 14:00,4.603
2026-05-14T13:00Z,2026-05-14 15:00,17.848
2026-05-14T14:00Z,2026-05-14 16:00,66.912
2026-05-14T15:00Z,2026-05-14 17:00,94.760
2026-05-14T16:00Z,2026-05-14 18:00,126.000
2026-05-14T17:00Z,2026-05-14 19:00,142.583
2026-05-14T18:00Z,2026-05-14 20:00,150.447
2026-05-14T19:00Z,2026-05-14 21:00,152.202
2026-05-14T20:00Z,2026-05-14 22:00,150.910
2026-05-14T21:00Z,2026-05-14 23:00,136.320
2026-05-14T22:00Z,2026-05-15 00:00,137.972
2026-05-14T23:00Z,2026-05-15 01:00,131.373
2026-05-15T00:00Z,2026-05-15 02:00,126.312
2026-05-15T01:00Z,2026-05-15 03:00,121.938
2026-05-15T02:00Z,2026-05-15 04:00,123.713
2026-05-15T03:00Z,2026-05-15 05:00,127.160
2026-05-15T04:00Z,2026-05-15 06:00,136.100
2026-05-15T05:00Z,2026-05-15 07:00,132.515
2026-05-15T06:00Z,2026-05-15 08:00,123.995
2026-05-15T07:00Z,2026-05-15 09:00,104.540
2026-05-15T08:00Z,2026-05-15 10:00,81.782
2026-05-15T09:00Z,2026-05-15 11:00,66.817
2026-05-15T10:00Z,2026-05-15 12:00,54.302
2026-05-15T11:00Z,2026-05-15 13:00,40.322
2026-05-15T12:00Z,2026-05-15 14:00,40.148
2026-05-15T13:00Z,2026-05-15 15:00,51.002
2026-05-15T14:00Z,2026-05-15 16:00,77.320
2026-05-15T15:00Z,2026-05-15 17:00,105.047
2026-05-15T16:00Z,2026-05-15 18:00,125.042
2026-05-15T17:00Z,2026-05-15 19:00,143.310
2026-05-15T18:00Z,2026-05-15 20:00,153.455
2026-05-15T19:00Z,2026-05-15 21:00,151.145
2026-05-15T20:00Z,2026-05-15 22:00,144.685
2026-05-15T21:00Z,2026-05-15 23:00,135.512
2026-05-15T22:00Z,2026-05-16 00:00,130.000
2026-05-15T23:00Z,2026-05-16 01:00,121.787
2026-05-16T00:00Z,2026-05-16 02:00,117.562
2026-05-16T01:00Z,2026-05-16 03:00,116.002
2026-05-16T02:00Z,2026-05-16 04:00,114.020
2026-05-16T03:00Z,2026-05-16 05:00,109.343
2026-05-16T04:00Z,2026-05-16 06:00,105.707
2026-05-16T05:00Z,2026-05-16 07:00,100.045
2026-05-16T06:00Z,2026-05-16 08:00,86.953
2026-05-16T07:00Z,2026-05-16 09:00,43.953
2026-05-16T08:00Z,2026-05-16 10:00,4.202
2026-05-16T09:00Z,2026-05-16 11:00,-0.030
2026-05-16T10:00Z,2026-05-16 12:00,-1.195
2026-05-16T11:00Z,2026-05-16 13:00,-2.200
2026-05-16T12:00Z,2026-05-16 14:00,-1.933
2026-05-16T13:00Z,2026-05-16 15:00,-0.998
2026-05-16T14:00Z,2026-05-16 16:00,4.780
2026-05-16T15:00Z,2026-05-16 17:00,60.093
2026-05-16T16:00Z,2026-05-16 18:00,100.222
2026-05-16T17:00Z,2026-05-16 19:00,126.470
2026-05-16T18:00Z,2026-05-16 20:00,139.998
2026-05-16T19:00Z,2026-05-16 21:00,140.688
2026-05-16T20:00Z,2026-05-16 22:00,135.990
2026-05-16T21:00Z,2026-05-16 23:00,127.700
2026-05-16T22:00Z,2026-05-17 00:00,127.718
2026-05-16T23:00Z,2026-05-17 01:00,119.062
2026-05-17T00:00Z,2026-05-17 02:00,115.565
2026-05-17T01:00Z,2026-05-17 03:00,113.897
2026-05-17T02:00Z,2026-05-17 04:00,109.170
2026-05-17T03:00Z,2026-05-17 05:00,105.445
2026-05-17T04:00Z,2026-05-17 06:00,98.793
2026-05-17T05:00Z,2026-05-17 07:00,80.795
2026-05-17T06:00Z,2026-05-17 08:00,53.843
2026-05-17T07:00Z,2026-05-17 09:00,18.970
2026-05-17T08:00Z,2026-05-17 10:00,3.490
2026-05-17T09:00Z,2026-05-17 11:00,0.560
2026-05-17T10:00Z,2026-05-17 12:00,0.823
2026-05-17T11:00Z,2026-05-17 13:00,0.000
2026-05-17T12:00Z,2026-05-17 14:00,0.980
2026-05-17T13:00Z,2026-05-17 15:00,11.310
2026-05-17T14:00Z,2026-05-17 16:00,52.438
2026-05-17T15:00Z,2026-05-17 17:00,100.315
2026-05-17T16:00Z,2026-05-17 18:00,129.387
2026-05-17T17:00Z,2026-05-17 19:00,143.067
2026-05-17T18:00Z,2026-05-17 20:00,155.800
2026-05-17T19:00Z,2026-05-17 21:00,156.705
2026-05-17T20:00Z,2026-05-17 22:00,151.368
2026-05-17T21:00Z,2026-05-17 23:00,142.575
2026-05-17T22:00Z,2026-05-18 00:00,134.657
2026-05-17T23:00Z,2026-05-18 01:00,125.972
2026-05-18T00:00Z,2026-05-18 02:00,125.998
2026-05-18T01:00Z,2026-05-18 03:00,126.392
2026-05-18T02:00Z,2026-05-18 04:00,129.360
2026-05-18T03:00Z,2026-05-18 05:00,137.023
2026-05-18T04:00Z,2026-05-18 06:00,152.517
2026-05-18T05:00Z,2026-05-18 07:00,160.075
2026-05-18T06:00Z,2026-05-18 08:00,152.105
2026-05-18T07:00Z,2026-05-18 09:00,125.880
2026-05-18T08:00Z,2026-05-18 10:00,107.850
2026-05-18T09:00Z,2026-05-18 11:00,100.052
2026-05-18T10:00Z,2026-05-18 12:00,94.895
2026-05-18T11:00Z,2026-05-18 13:00,94.977
2026-05-18T12:00Z,2026-05-18 14:00,96.770
2026-05-18T13:00Z,2026-05-18 15:00,102.405
2026-05-18T14:00Z,2026-05-18 16:00,113.965
2026-05-18T15:00Z,2026-05-18 17:00,134.065
2026-05-18T16:00Z,2026-05-18 18:00,152.137
2026-05-18T17:00Z,2026-05-18 19:00,192.853
2026-05-18T18:00Z,2026-05-18 20:00,250.897
2026-05-18T19:00Z,2026-05-18 21:00,214.338
2026-05-18T20:00Z,2026-05-18 22:00,160.648
2026-05-18T21:00Z,2026-05-18 23:00,148.895
2026-05-18T22:00Z,2026-05-19 00:00,148.252
2026-05-18T23:00Z,2026-05-19 01:00,141.942
2026-05-19T00:00Z,2026-05-19 02:00,139.322
2026-05-19T01:00Z,2026-05-19 03:00,138.540
2026-05-19T02:00Z,2026-05-19 04:00,141.567
2026-05-19T03:00Z,2026-05-19 05:00,146.920
2026-05-19T04:00Z,2026-05-19 06:00,164.460
2026-05-19T05:00Z,2026-05-19 07:00,153.773
2026-05-19T06:00Z,2026-05-19 08:00,131.855
2026-05-19T07:00Z,2026-05-19 09:00,108.743
2026-05-19T08:00Z,2026-05-19 10:00,94.265
2026-05-19T09:00Z,2026-05-19 11:00,82.085
2026-05-19T10:00Z,2026-05-19 12:00,73.145
2026-05-19T11:00Z,2026-05-19 13:00,73.737
2026-05-19T12:00Z,2026-05-19 14:00,79.810
2026-05-19T13:00Z,2026-05-19 15:00,87.570
2026-05-19T14:00Z,2026-05-19 16:00,102.250
2026-05-19T15:00Z,2026-05-19 17:00,127.292
2026-05-19T16:00Z,2026-05-19 18:00,144.950
2026-05-19T17:00Z,2026-05-19 19:00,172.485
2026-05-19T18:00Z,2026-05-19 20:00,180.903
2026-05-19T19:00Z,2026-05-19 21:00,163.630
2026-05-19T20:00Z,2026-05-19 22:00,145.545
2026-05-19T21:00Z,2026-05-19 23:00,131.803
2026-05-19T22:00Z,2026-05-20 00:00,123.730
2026-05-19T23:00Z,2026-05-20 01:00,114.635
2026-05-20T00:00Z,2026-05-20 02:00,109.752
2026-05-20T01:00Z,2026-05-20 03:00,109.972
2026-05-20T02:00Z,2026-05-20 04:00,110.410
2026-05-20T03:00Z,2026-05-20 05:00,119.050
2026-05-20T04:00Z,2026-05-20 06:00,134.988
2026-05-20T05:00Z,2026-05-20 07:00,136.975
2026-05-20T06:00Z,2026-05-20 08:00,125.512
2026-05-20T07:00Z,2026-05-20 09:00,109.060
2026-05-20T08:00Z,2026-05-20 10:00,89.700
2026-05-20T09:00Z,2026-05-20 11:00,75.462
2026-05-20T10:00Z,2026-05-20 12:00,64.005
2026-05-20T11:00Z,2026-05-20 13:00,44.997
2026-05-20T12:00Z,2026-05-20 14:00,33.513
2026-05-20T13:00Z,2026-05-20 15:00,45.660
2026-05-20T14:00Z,2026-05-20 16:00,65.010
2026-05-20T15:00Z,2026-05-20 17:00,99.397
2026-05-20T16:00Z,2026-05-20 18:00,130.213
2026-05-20T17:00Z,2026-05-20 19:00,149.567
2026-05-20T18:00Z,2026-05-20 20:00,167.922
2026-05-20T19:00Z,2026-05-20 21:00,165.000
2026-05-20T20:00Z,2026-05-20 22:00,150.020
2026-05-20T21:00Z,2026-05-20 23:00,139.002
2026-05-20T22:00Z,2026-05-21 00:00,133.028
2026-05-20T23:00Z,2026-05-21 01:00,121.660
2026-05-21T00:00Z,2026-05-21 02:00,116.023
2026-05-21T01:00Z,2026-05-21 03:00,113.550
2026-05-21T02:00Z,2026-05-21 04:00,116.010
2026-05-21T03:00Z,2026-05-21 05:00,128.405
2026-05-21T04:00Z,2026-05-21 06:00,142.815
2026-05-21T05:00Z,2026-05-21 07:00,143.618
2026-05-21T06:00Z,2026-05-21 08:00,131.387
2026-05-21T07:00Z,2026-05-21 09:00,104.140
2026-05-21T08:00Z,2026-05-21 10:00,81.198
2026-05-21T09:00Z,2026-05-21 11:00,42.753
2026-05-21T10:00Z,2026-05-21 12:00,12.137
2026-05-21T11:00Z,2026-05-21 13:00,7.370
2026-05-21T12:00Z,2026-05-21 14:00,8.812
2026-05-21T13:00Z,2026-05-21 15:00,35.200
2026-05-21T14:00Z,2026-05-21 16:00,71.707
2026-05-21T15:00Z,2026-05-21 17:00,104.995
2026-05-21T16:00Z,2026-05-21 18:00,135.887
2026-05-21T17:00Z,2026-05-21 19:00,163.355
2026-05-21T18:00Z,2026-05-21 20:00,204.695
2026-05-21T19:00Z,2026-05-21 21:00,188.418
2026-05-21T20:00Z,2026-05-21 22:00,166.035
2026-05-21T21:00Z,2026-05-21 23:00,146.392
2026-05-21T22:00Z,2026-05-22 00:00,144.315
2026-05-21T23:00Z,2026-05-22 01:00,136.900
2026-05-22T00:00Z,2026-05-22 02:00,131.637
2026-05-22T01:00Z,2026-05-22 03:00,128.950
2026-05-22T02:00Z,2026-05-22 04:00,131.498
2026-05-22T03:00Z,2026-05-22 05:00,135.718
2026-05-22T04:00Z,2026-05-22 06:00,144.355
2026-05-22T05:00Z,2026-05-22 07:00,138.178
2026-05-22T06:00Z,2026-05-22 08:00,123.135
2026-05-22T07:00Z,2026-05-22 09:00,91.882
2026-05-22T08:00Z,2026-05-22 10:00,42.480
2026-05-22T09:00Z,2026-05-22 11:00,3.940
2026-05-22T10:00Z,2026-05-22 12:00,0.005
2026-05-22T11:00Z,2026-05-22 13:00,0.000
2026-05-22T12:00Z,2026-05-22 14:00,1.000
2026-05-22T13:00Z,2026-05-22 15:00,20.305
2026-05-22T14:00Z,2026-05-22 16:00,70.240
2026-05-22T15:00Z,2026-05-22 17:00,104.195
2026-05-22T16:00Z,2026-05-22 18:00,134.950
2026-05-22T17:00Z,2026-05-22 19:00,161.222
2026-05-22T18:00Z,2026-05-22 20:00,218.428
2026-05-22T19:00Z,2026-05-22 21:00,193.662
2026-05-22T20:00Z,2026-05-22 22:00,154.635
2026-05-22T21:00Z,2026-05-22 23:00,140.735
2026-05-22T22:00Z,2026-05-23 00:00,136.760
2026-05-22T23:00Z,2026-05-23 01:00,130.000
2026-05-23T00:00Z,2026-05-23 02:00,125.868
2026-05-23T01:00Z,2026-05-23 03:00,125.368
2026-05-23T02:00Z,2026-05-23 04:00,121.733
2026-05-23T03:00Z,2026-05-23 05:00,119.260
2026-05-23T04:00Z,2026-05-23 06:00,116.368
2026-05-23T05:00Z,2026-05-23 07:00,97.085
2026-05-23T06:00Z,2026-05-23 08:00,49.862
2026-05-23T07:00Z,2026-05-23 09:00,1.600
2026-05-23T08:00Z,2026-05-23 10:00,-0.333
2026-05-23T09:00Z,2026-05-23 11:00,-3.900
2026-05-23T10:00Z,2026-05-23 12:00,-12.392
2026-05-23T11:00Z,2026-05-23 13:00,-31.817
2026-05-23T12:00Z,2026-05-23 14:00,-18.420
2026-05-23T13:00Z,2026-05-23 15:00,-4.000
2026-05-23T14:00Z,2026-05-23 16:00,-0.288
2026-05-23T15:00Z,2026-05-23 17:00,44.447
2026-05-23T16:00Z,2026-05-23 18:00,120.763
2026-05-23T17:00Z,2026-05-23 19:00,149.657
2026-05-23T18:00Z,2026-05-23 20:00,174.520
2026-05-23T19:00Z,2026-05-23 21:00,171.065
2026-05-23T20:00Z,2026-05-23 22:00,156.915
2026-05-23T21:00Z,2026-05-23 23:00,144.653
2026-05-23T22:00Z,2026-05-24 00:00,143.803
2026-05-23T23:00Z,2026-05-24 01:00,133.377
2026-05-24T00:00Z,2026-05-24 02:00,136.885
2026-05-24T01:00Z,2026-05-24 03:00,125.440
2026-05-24T02:00Z,2026-05-24 04:00,122.890
2026-05-24T03:00Z,2026-05-24 05:00,117.722
2026-05-24T04:00Z,2026-05-24 06:00,108.795
2026-05-24T05:00Z,2026-05-24 07:00,88.463
2026-05-24T06:00Z,2026-05-24 08:00,16.367
2026-05-24T07:00Z,2026-05-24 09:00,-0.028
2026-05-24T08:00Z,2026-05-24 10:00,-2.502
2026-05-24T09:00Z,2026-05-24 11:00,-13.832
2026-05-24T10:00Z,2026-05-24 12:00,-37.612
2026-05-24T11:00Z,2026-05-24 13:00,-75.938
2026-05-24T12:00Z,2026-05-24 14:00,-61.752
2026-05-24T13:00Z,2026-05-24 15:00,-23.492
2026-05-24T14:00Z,2026-05-24 16:00,-1.958
2026-05-24T15:00Z,2026-05-24 17:00,14.375
2026-05-24T16:00Z,2026-05-24 18:00,96.377
2026-05-24T17:00Z,2026-05-24 19:00,133.218
2026-05-24T18:00Z,2026-05-24 20:00,151.018
2026-05-24T19:00Z,2026-05-24 21:00,153.227
2026-05-24T20:00Z,2026-05-24 22:00,144.420
2026-05-24T21:00Z,2026-05-24 23:00,132.100
2026-05-24T22:00Z,2026-05-25 00:00,130.868
2026-05-24T23:00Z,2026-05-25 01:00,125.983
2026-05-25T00:00Z,2026-05-25 02:00,125.240
2026-05-25T01:00Z,2026-05-25 03:00,126.013
2026-05-25T02:00Z,2026-05-25 04:00,129.312
2026-05-25T03:00Z,2026-05-25 05:00,131.995
2026-05-25T04:00Z,2026-05-25 06:00,130.195
2026-05-25T05:00Z,2026-05-25 07:00,117.877
2026-05-25T06:00Z,2026-05-25 08:00,77.680
2026-05-25T07:00Z,2026-05-25 09:00,5.000
2026-05-25T08:00Z,2026-05-25 10:00,-0.167
2026-05-25T09:00Z,2026-05-25 11:00,-5.263
2026-05-25T10:00Z,2026-05-25 12:00,-12.713
2026-05-25T11:00Z,2026-05-25 13:00,-29.295
2026-05-25T12:00Z,2026-05-25 14:00,-27.183
2026-05-25T13:00Z,2026-05-25 15:00,-10.050
2026-05-25T14:00Z,2026-05-25 16:00,-2.915
2026-05-25T15:00Z,2026-05-25 17:00,31.950
2026-05-25T16:00Z,2026-05-25 18:00,118.822
2026-05-25T17:00Z,2026-05-25 19:00,150.575
2026-05-25T18:00Z,2026-05-25 20:00,172.185
2026-05-25T19:00Z,2026-05-25 21:00,170.250
2026-05-25T20:00Z,2026-05-25 22:00,157.332
2026-05-25T21:00Z,2026-05-25 23:00,141.025
2026-05-25T22:00Z,2026-05-26 00:00,136.360
2026-05-25T23:00Z,2026-05-26 01:00,125.647
2026-05-26T00:00Z,2026-05-26 02:00,120.645
2026-05-26T01:00Z,2026-05-26 03:00,121.180
2026-05-26T02:00Z,2026-05-26 04:00,119.530
2026-05-26T03:00Z,2026-05-26 05:00,128.910
2026-05-26T04:00Z,2026-05-26 06:00,143.105
2026-05-26T05:00Z,2026-05-26 07:00,141.540
2026-05-26T06:00Z,2026-05-26 08:00,122.045
2026-05-26T07:00Z,2026-05-26 09:00,78.800
2026-05-26T08:00Z,2026-05-26 10:00,6.520
2026-05-26T09:00Z,2026-05-26 11:00,-0.007
2026-05-26T10:00Z,2026-05-26 12:00,-1.825
2026-05-26T11:00Z,2026-05-26 13:00,-2.500
2026-05-26T12:00Z,2026-05-26 14:00,-0.835
2026-05-26T13:00Z,2026-05-26 15:00,-0.015
2026-05-26T14:00Z,2026-05-26 16:00,13.115
2026-05-26T15:00Z,2026-05-26 17:00,89.685
2026-05-26T16:00Z,2026-05-26 18:00,134.787
2026-05-26T17:00Z,2026-05-26 19:00,185.103
2026-05-26T18:00Z,2026-05-26 20:00,217.947
2026-05-26T19:00Z,2026-05-26 21:00,184.785
2026-05-26T20:00Z,2026-05-26 22:00,153.775
2026-05-26T21:00Z,2026-05-26 23:00,130.532
2026-05-26T22:00Z,2026-05-27 00:00,134.787
2026-05-26T23:00Z,2026-05-27 01:00,127.517
2026-05-27T00:00Z,2026-05-27 02:00,120.543
2026-05-27T01:00Z,2026-05-27 03:00,118.870
2026-05-27T02:00Z,2026-05-27 04:00,119.047
2026-05-27T03:00Z,2026-05-27 05:00,121.235
2026-05-27T04:00Z,2026-05-27 06:00,134.200
2026-05-27T05:00Z,2026-05-27 07:00,131.100
2026-05-27T06:00Z,2026-05-27 08:00,106.453
2026-05-27T07:00Z,2026-05-27 09:00,48.235
2026-05-27T08:00Z,2026-05-27 10:00,3.425
2026-05-27T09:00Z,2026-05-27 11:00,-0.270
2026-05-27T10:00Z,2026-05-27 12:00,-1.050
2026-05-27T11:00Z,2026-05-27 13:00,-1.635
2026-05-27T12:00Z,2026-05-27 14:00,-1.645
2026-05-27T13:00Z,2026-05-27 15:00,-1.702
2026-05-27T14:00Z,2026-05-27 16:00,-0.422
2026-05-27T15:00Z,2026-05-27 17:00,32.207
2026-05-27T16:00Z,2026-05-27 18:00,97.847
2026-05-27T17:00Z,2026-05-27 19:00,136.517
2026-05-27T18:00Z,2026-05-27 20:00,156.678
2026-05-27T19:00Z,2026-05-27 21:00,157.530
2026-05-27T20:00Z,2026-05-27 22:00,144.160
2026-05-27T21:00Z,2026-05-27 23:00,133.455
2026-05-27T22:00Z,2026-05-28 00:00,132.945
2026-05-27T23:00Z,2026-05-28 01:00,129.537
2026-05-28T00:00Z,2026-05-28 02:00,127.238
2026-05-28T01:00Z,2026-05-28 03:00,127.362
2026-05-28T02:00Z,2026-05-28 04:00,130.090
2026-05-28T03:00Z,2026-05-28 05:00,135.502
2026-05-28T04:00Z,2026-05-28 06:00,148.452
2026-05-28T05:00Z,2026-05-28 07:00,138.155
2026-05-28T06:00Z,2026-05-28 08:00,123.403
2026-05-28T07:00Z,2026-05-28 09:00,87.543
2026-05-28T08:00Z,2026-05-28 10:00,19.308
2026-05-28T09:00Z,2026-05-28 11:00,0.568
2026-05-28T10:00Z,2026-05-28 12:00,0.002
2026-05-28T11:00Z,2026-05-28 13:00,-0.013
2026-05-28T12:00Z,2026-05-28 14:00,0.000
2026-05-28T13:00Z,2026-05-28 15:00,1.297
2026-05-28T14:00Z,2026-05-28 16:00,39.645
2026-05-28T15:00Z,2026-05-28 17:00,101.258
2026-05-28T16:00Z,2026-05-28 18:00,138.250
2026-05-28T17:00Z,2026-05-28 19:00,217.602
2026-05-28T18:00Z,2026-05-28 20:00,393.935
2026-05-28T19:00Z,2026-05-28 21:00,368.017
2026-05-28T20:00Z,2026-05-28 22:00,215.750
2026-05-28T21:00Z,2026-05-28 23:00,159.797
2026-05-28T22:00Z,2026-05-29 00:00,144.442
2026-05-28T23:00Z,2026-05-29 01:00,133.928
2026-05-29T00:00Z,2026-05-29 02:00,127.975
2026-05-29T01:00Z,2026-05-29 03:00,126.192
2026-05-29T02:00Z,2026-05-29 04:00,125.278
2026-05-29T03:00Z,2026-05-29 05:00,125.495
2026-05-29T04:00Z,2026-05-29 06:00,131.885
2026-05-29T05:00Z,2026-05-29 07:00,125.995
2026-05-29T06:00Z,2026-05-29 08:00,113.565
2026-05-29T07:00Z,2026-05-29 09:00,71.907
2026-05-29T08:00Z,2026-05-29 10:00,17.027
2026-05-29T09:00Z,2026-05-29 11:00,0.290
2026-05-29T10:00Z,2026-05-29 12:00,-0.055
2026-05-29T11:00Z,2026-05-29 13:00,-0.035
2026-05-29T12:00Z,2026-05-29 14:00,0.000
2026-05-29T13:00Z,2026-05-29 15:00,9.410
2026-05-29T14:00Z,2026-05-29 16:00,51.610
2026-05-29T15:00Z,2026-05-29 17:00,103.407
2026-05-29T16:00Z,2026-05-29 18:00,136.985
2026-05-29T17:00Z,2026-05-29 19:00,174.947
2026-05-29T18:00Z,2026-05-29 20:00,240.610
2026-05-29T19:00Z,2026-05-29 21:00,201.405
2026-05-29T20:00Z,2026-05-29 22:00,161.700
2026-05-29T21:00Z,2026-05-29 23:00,145.192
2026-05-29T22:00Z,2026-05-30 00:00,135.515
2026-05-29T23:00Z,2026-05-30 01:00,128.450
2026-05-30T00:00Z,2026-05-30 02:00,123.773
2026-05-30T01:00Z,2026-05-30 03:00,121.085
2026-05-30T02:00Z,2026-05-30 04:00,125.358
2026-05-30T03:00Z,2026-05-30 05:00,125.045
2026-05-30T04:00Z,2026-05-30 06:00,118.993
2026-05-30T05:00Z,2026-05-30 07:00,109.095
2026-05-30T06:00Z,2026-05-30 08:00,88.868
2026-05-30T07:00Z,2026-05-30 09:00,36.683
2026-05-30T08:00Z,2026-05-30 10:00,2.960
2026-05-30T09:00Z,2026-05-30 11:00,-0.005
2026-05-30T10:00Z,2026-05-30 12:00,-0.053
2026-05-30T11:00Z,2026-05-30 13:00,-1.442
2026-05-30T12:00Z,2026-05-30 14:00,-0.748
2026-05-30T13:00Z,2026-05-30 15:00,-0.010
2026-05-30T14:00Z,2026-05-30 16:00,3.007
2026-05-30T15:00Z,2026-05-30 17:00,62.500
2026-05-30T16:00Z,2026-05-30 18:00,107.007
2026-05-30T17:00Z,2026-05-30 19:00,139.873
2026-05-30T18:00Z,2026-05-30 20:00,160.525
2026-05-30T19:00Z,2026-05-30 21:00,171.845
2026-05-30T20:00Z,2026-05-30 22:00,159.403
2026-05-30T21:00Z,2026-05-30 23:00,143.040
2026-05-30T22:00Z,2026-05-31 00:00,136.412
2026-05-30T23:00Z,2026-05-31 01:00,129.105
2026-05-31T00:00Z,2026-05-31 02:00,125.915
2026-05-31T01:00Z,2026-05-31 03:00,125.197
2026-05-31T02:00Z,2026-05-31 04:00,126.950
2026-05-31T03:00Z,2026-05-31 05:00,123.358
2026-05-31T04:00Z,2026-05-31 06:00,115.002
2026-05-31T05:00Z,2026-05-31 07:00,100.560
2026-05-31T06:00Z,2026-05-31 08:00,90.438
2026-05-31T07:00Z,2026-05-31 09:00,56.290
2026-05-31T08:00Z,2026-05-31 10:00,7.567
2026-05-31T09:00Z,2026-05-31 11:00,0.000
2026-05-31T10:00Z,2026-05-31 12:00,-0.005
2026-05-31T11:00Z,2026-05-31 13:00,-0.010
2026-05-31T12:00Z,2026-05-31 14:00,-0.010
2026-05-31T13:00Z,2026-05-31 15:00,0.000
2026-05-31T14:00Z,2026-05-31 16:00,49.003
2026-05-31T15:00Z,2026-05-31 17:00,95.925
2026-05-31T16:00Z,2026-05-31 18:00,127.265
2026-05-31T17:00Z,2026-05-31 19:00,141.370
2026-05-31T18:00Z,2026-05-31 20:00,152.762
2026-05-31T19:00Z,2026-05-31 21:00,156.035
2026-05-31T20:00Z,2026-05-31 22:00,153.127
2026-05-31T21:00Z,2026-05-31 23:00,145.347
2026-05-31T22:00Z,2026-06-01 00:00,141.007
2026-05-31T23:00Z,2026-06-01 01:00,128.255
2026-06-01T00:00Z,2026-06-01 02:00,123.138
2026-06-01T01:00Z,2026-06-01 03:00,120.295
2026-06-01T02:00Z,2026-06-01 04:00,124.487
2026-06-01T03:00Z,2026-06-01 05:00,135.093
2026-06-01T04:00Z,2026-06-01 06:00,164.030
2026-06-01T05:00Z,2026-06-01 07:00,160.000
2026-06-01T06:00Z,2026-06-01 08:00,151.715
2026-06-01T07:00Z,2026-06-01 09:00,133.200
2026-06-01T08:00Z,2026-06-01 10:00,117.660
2026-06-01T09:00Z,2026-06-01 11:00,108.142
2026-06-01T10:00Z,2026-06-01 12:00,93.083
2026-06-01T11:00Z,2026-06-01 13:00,89.907
2026-06-01T12:00Z,2026-06-01 14:00,87.447
2026-06-01T13:00Z,2026-06-01 15:00,95.097
2026-06-01T14:00Z,2026-06-01 16:00,106.735
2026-06-01T15:00Z,2026-06-01 17:00,125.243
2026-06-01T16:00Z,2026-06-01 18:00,141.458
2026-06-01T17:00Z,2026-06-01 19:00,226.613
2026-06-01T18:00Z,2026-06-01 20:00,355.252
2026-06-01T19:00Z,2026-06-01 21:00,333.368
2026-06-01T20:00Z,2026-06-01 22:00,222.502
2026-06-01T21:00Z,2026-06-01 23:00,161.025
2026-06-01T22:00Z,2026-06-02 00:00,142.065
2026-06-01T23:00Z,2026-06-02 01:00,131.722
2026-06-02T00:00Z,2026-06-02 02:00,125.085
2026-06-02T01:00Z,2026-06-02 03:00,120.915
2026-06-02T02:00Z,2026-06-02 04:00,120.627
2026-06-02T03:00Z,2026-06-02 05:00,124.215
2026-06-02T04:00Z,2026-06-02 06:00,131.028
2026-06-02T05:00Z,2026-06-02 07:00,131.795
2026-06-02T06:00Z,2026-06-02 08:00,121.082
2026-06-02T07:00Z,2026-06-02 09:00,105.410
2026-06-02T08:00Z,2026-06-02 10:00,90.515
2026-06-02T09:00Z,2026-06-02 11:00,84.700
2026-06-02T10:00Z,2026-06-02 12:00,80.293
2026-06-02T11:00Z,2026-06-02 13:00,84.957
2026-06-02T12:00Z,2026-06-02 14:00,90.782
2026-06-02T13:00Z,2026-06-02 15:00,99.737
2026-06-02T14:00Z,2026-06-02 16:00,112.248
2026-06-02T15:00Z,2026-06-02 17:00,131.137
2026-06-02T16:00Z,2026-06-02 18:00,146.978
2026-06-02T17:00Z,2026-06-02 19:00,167.938
2026-06-02T18:00Z,2026-06-02 20:00,167.273
2026-06-02T19:00Z,2026-06-02 21:00,152.325
2026-06-02T20:00Z,2026-06-02 22:00,140.435
2026-06-02T21:00Z,2026-06-02 23:00,125.238
2026-06-02T22:00Z,2026-06-03 00:00,116.300
2026-06-02T23:00Z,2026-06-03 01:00,111.895
2026-06-03T00:00Z,2026-06-03 02:00,108.017
2026-06-03T01:00Z,2026-06-03 03:00,107.300
2026-06-03T02:00Z,2026-06-03 04:00,107.190
2026-06-03T03:00Z,2026-06-03 05:00,113.275
2026-06-03T04:00Z,2026-06-03 06:00,130.738
2026-06-03T05:00Z,2026-06-03 07:00,136.830
2026-06-03T06:00Z,2026-06-03 08:00,131.077
2026-06-03T07:00Z,2026-06-03 09:00,112.148
2026-06-03T08:00Z,2026-06-03 10:00,94.093
2026-06-03T09:00Z,2026-06-03 11:00,80.248
2026-06-03T10:00Z,2026-06-03 12:00,58.170
2026-06-03T11:00Z,2026-06-03 13:00,37.833
2026-06-03T12:00Z,2026-06-03 14:00,38.043
2026-06-03T13:00Z,2026-06-03 15:00,47.100
2026-06-03T14:00Z,2026-06-03 16:00,76.900
2026-06-03T15:00Z,2026-06-03 17:00,95.532
2026-06-03T16:00Z,2026-06-03 18:00,122.188
2026-06-03T17:00Z,2026-06-03 19:00,138.368
2026-06-03T18:00Z,2026-06-03 20:00,146.238
2026-06-03T19:00Z,2026-06-03 21:00,133.420
2026-06-03T20:00Z,2026-06-03 22:00,120.953
2026-06-03T21:00Z,2026-06-03 23:00,99.407
2026-06-03T22:00Z,2026-06-04 00:00,86.205
2026-06-03T23:00Z,2026-06-04 01:00,75.487
2026-06-04T00:00Z,2026-06-04 02:00,66.920
2026-06-04T01:00Z,2026-06-04 03:00,67.472
2026-06-04T02:00Z,2026-06-04 04:00,68.293
2026-06-04T03:00Z,2026-06-04 05:00,71.185
2026-06-04T04:00Z,2026-06-04 06:00,73.970
2026-06-04T05:00Z,2026-06-04 07:00,87.080
2026-06-04T06:00Z,2026-06-04 08:00,75.620
2026-06-04T07:00Z,2026-06-04 09:00,34.125
2026-06-04T08:00Z,2026-06-04 10:00,4.790
2026-06-04T09:00Z,2026-06-04 11:00,-0.003
2026-06-04T10:00Z,2026-06-04 12:00,-0.025
2026-06-04T11:00Z,2026-06-04 13:00,-0.048
2026-06-04T12:00Z,2026-06-04 14:00,-0.035
2026-06-04T13:00Z,2026-06-04 15:00,1.617
2026-06-04T14:00Z,2026-06-04 16:00,28.637
2026-06-04T15:00Z,2026-06-04 17:00,70.153
2026-06-04T16:00Z,2026-06-04 18:00,101.502
2026-06-04T17:00Z,2026-06-04 19:00,114.165
2026-06-04T18:00Z,2026-06-04 20:00,117.963
2026-06-04T19:00Z,2026-06-04 21:00,115.373
2026-06-04T20:00Z,2026-06-04 22:00,111.690
2026-06-04T21:00Z,2026-06-04 23:00,100.050
2026-06-04T22:00Z,2026-06-05 00:00,80.695
2026-06-04T23:00Z,2026-06-05 01:00,79.447
2026-06-05T00:00Z,2026-06-05 02:00,83.447
2026-06-05T01:00Z,2026-06-05 03:00,85.025
2026-06-05T02:00Z,2026-06-05 04:00,89.832
2026-06-05T03:00Z,2026-06-05 05:00,97.257
2026-06-05T04:00Z,2026-06-05 06:00,114.898
2026-06-05T05:00Z,2026-06-05 07:00,118.618
2026-06-05T06:00Z,2026-06-05 08:00,113.817
2026-06-05T07:00Z,2026-06-05 09:00,98.300
2026-06-05T08:00Z,2026-06-05 10:00,86.115
2026-06-05T09:00Z,2026-06-05 11:00,70.825
2026-06-05T10:00Z,2026-06-05 12:00,45.205
2026-06-05T11:00Z,2026-06-05 13:00,34.178
2026-06-05T12:00Z,2026-06-05 14:00,27.200
2026-06-05T13:00Z,2026-06-05 15:00,38.010
2026-06-05T14:00Z,2026-06-05 16:00,72.555
2026-06-05T15:00Z,2026-06-05 17:00,104.252
2026-06-05T16:00Z,2026-06-05 18:00,128.903
2026-06-05T17:00Z,2026-06-05 19:00,150.498
2026-06-05T18:00Z,2026-06-05 20:00,179.077
2026-06-05T19:00Z,2026-06-05 21:00,189.355
2026-06-05T20:00Z,2026-06-05 22:00,169.135
2026-06-05T21:00Z,2026-06-05 23:00,152.060
2026-06-05T22:00Z,2026-06-06 00:00,148.243
2026-06-05T23:00Z,2026-06-06 01:00,137.180
2026-06-06T00:00Z,2026-06-06 02:00,134.790
2026-06-06T01:00Z,2026-06-06 03:00,116.168
2026-06-06T02:00Z,2026-06-06 04:00,130.183
2026-06-06T03:00Z,2026-06-06 05:00,126.035
2026-06-06T04:00Z,2026-06-06 06:00,117.690
2026-06-06T05:00Z,2026-06-06 07:00,102.315
2026-06-06T06:00Z,2026-06-06 08:00,81.017
2026-06-06T07:00Z,2026-06-06 09:00,50.000
2026-06-06T08:00Z,2026-06-06 10:00,14.742
2026-06-06T09:00Z,2026-06-06 11:00,0.033
2026-06-06T10:00Z,2026-06-06 12:00,-0.030
2026-06-06T11:00Z,2026-06-06 13:00,-0.025
2026-06-06T12:00Z,2026-06-06 14:00,0.022
2026-06-06T13:00Z,2026-06-06 15:00,9.510
2026-06-06T14:00Z,2026-06-06 16:00,46.105
2026-06-06T15:00Z,2026-06-06 17:00,93.282
2026-06-06T16:00Z,2026-06-06 18:00,121.787
2026-06-06T17:00Z,2026-06-06 19:00,133.850
2026-06-06T18:00Z,2026-06-06 20:00,152.433
2026-06-06T19:00Z,2026-06-06 21:00,150.923
2026-06-06T20:00Z,2026-06-06 22:00,134.327
2026-06-06T21:00Z,2026-06-06 23:00,121.543
2026-06-06T22:00Z,2026-06-07 00:00,110.700
2026-06-06T23:00Z,2026-06-07 01:00,99.513
2026-06-07T00:00Z,2026-06-07 02:00,92.207
2026-06-07T01:00Z,2026-06-07 03:00,81.415
2026-06-07T02:00Z,2026-06-07 04:00,67.013
2026-06-07T03:00Z,2026-06-07 05:00,39.210
2026-06-07T04:00Z,2026-06-07 06:00,5.048
2026-06-07T05:00Z,2026-06-07 07:00,0.460
2026-06-07T06:00Z,2026-06-07 08:00,-0.552
2026-06-07T07:00Z,2026-06-07 09:00,-5.050
2026-06-07T08:00Z,2026-06-07 10:00,-8.000
2026-06-07T09:00Z,2026-06-07 11:00,-14.053
2026-06-07T10:00Z,2026-06-07 12:00,-18.262
2026-06-07T11:00Z,2026-06-07 13:00,-35.938
2026-06-07T12:00Z,2026-06-07 14:00,-44.737
2026-06-07T13:00Z,2026-06-07 15:00,-36.470
2026-06-07T14:00Z,2026-06-07 16:00,-15.960
2026-06-07T15:00Z,2026-06-07 17:00,-1.135
2026-06-07T16:00Z,2026-06-07 18:00,53.625
2026-06-07T17:00Z,2026-06-07 19:00,108.002
2026-06-07T18:00Z,2026-06-07 20:00,128.267
2026-06-07T19:00Z,2026-06-07 21:00,137.137
2026-06-07T20:00Z,2026-06-07 22:00,141.188
2026-06-07T21:00Z,2026-06-07 23:00,140.343
2026-06-07T22:00Z,2026-06-08 00:00,140.430
2026-06-07T23:00Z,2026-06-08 01:00,134.238
2026-06-08T00:00Z,2026-06-08 02:00,132.710
2026-06-08T01:00Z,2026-06-08 03:00,127.670
2026-06-08T02:00Z,2026-06-08 04:00,130.175
2026-06-08T03:00Z,2026-06-08 05:00,138.562
2026-06-08T04:00Z,2026-06-08 06:00,150.675
2026-06-08T05:00Z,2026-06-08 07:00,145.675
2026-06-08T06:00Z,2026-06-08 08:00,124.875
2026-06-08T07:00Z,2026-06-08 09:00,100.903
2026-06-08T08:00Z,2026-06-08 10:00,75.915
2026-06-08T09:00Z,2026-06-08 11:00,55.642
2026-06-08T10:00Z,2026-06-08 12:00,54.483
2026-06-08T11:00Z,2026-06-08 13:00,55.218
2026-06-08T12:00Z,2026-06-08 14:00,68.670
2026-06-08T13:00Z,2026-06-08 15:00,88.853
2026-06-08T14:00Z,2026-06-08 16:00,102.580
2026-06-08T15:00Z,2026-06-08 17:00,128.875
2026-06-08T16:00Z,2026-06-08 18:00,151.330
2026-06-08T17:00Z,2026-06-08 19:00,199.322
2026-06-08T18:00Z,2026-06-08 20:00,208.903
2026-06-08T19:00Z,2026-06-08 21:00,185.750
2026-06-08T20:00Z,2026-06-08 22:00,152.368
2026-06-08T21:00Z,2026-06-08 23:00,128.205
2026-06-08T22:00Z,2026-06-09 00:00,129.012
2026-06-08T23:00Z,2026-06-09 01:00,122.157
2026-06-09T00:00Z,2026-06-09 02:00,115.500
2026-06-09T01:00Z,2026-06-09 03:00,111.218
2026-06-09T02:00Z,2026-06-09 04:00,110.475
2026-06-09T03:00Z,2026-06-09 05:00,115.843
2026-06-09T04:00Z,2026-06-09 06:00,130.153
2026-06-09T05:00Z,2026-06-09 07:00,134.632
2026-06-09T06:00Z,2026-06-09 08:00,126.890
2026-06-09T07:00Z,2026-06-09 09:00,107.000
2026-06-09T08:00Z,2026-06-09 10:00,82.335
2026-06-09T09:00Z,2026-06-09 11:00,60.900
2026-06-09T10:00Z,2026-06-09 12:00,25.215
2026-06-09T11:00Z,2026-06-09 13:00,3.532
2026-06-09T12:00Z,2026-06-09 14:00,0.145
2026-06-09T13:00Z,2026-06-09 15:00,1.520
2026-06-09T14:00Z,2026-06-09 16:00,30.585
2026-06-09T15:00Z,2026-06-09 17:00,75.727
2026-06-09T16:00Z,2026-06-09 18:00,118.547
2026-06-09T17:00Z,2026-06-09 19:00,137.300
2026-06-09T18:00Z,2026-06-09 20:00,153.730
2026-06-09T19:00Z,2026-06-09 21:00,156.275
2026-06-09T20:00Z,2026-06-09 22:00,144.993
2026-06-09T21:00Z,2026-06-09 23:00,131.308
2026-06-09T22:00Z,2026-06-10 00:00,124.912
2026-06-09T23:00Z,2026-06-10 01:00,116.903
2026-06-10T00:00Z,2026-06-10 02:00,111.127
2026-06-10T01:00Z,2026-06-10 03:00,111.308
2026-06-10T02:00Z,2026-06-10 04:00,113.240
2026-06-10T03:00Z,2026-06-10 05:00,118.752
2026-06-10T04:00Z,2026-06-10 06:00,131.892
2026-06-10T05:00Z,2026-06-10 07:00,136.808
2026-06-10T06:00Z,2026-06-10 08:00,126.653
2026-06-10T07:00Z,2026-06-10 09:00,104.602
2026-06-10T08:00Z,2026-06-10 10:00,86.558
2026-06-10T09:00Z,2026-06-10 11:00,73.058
2026-06-10T10:00Z,2026-06-10 12:00,68.678
2026-06-10T11:00Z,2026-06-10 13:00,71.567
2026-06-10T12:00Z,2026-06-10 14:00,77.825
2026-06-10T13:00Z,2026-06-10 15:00,86.625
2026-06-10T14:00Z,2026-06-10 16:00,103.453
2026-06-10T15:00Z,2026-06-10 17:00,125.400
2026-06-10T16:00Z,2026-06-10 18:00,140.525
2026-06-10T17:00Z,2026-06-10 19:00,170.968
2026-06-10T18:00Z,2026-06-10 20:00,213.980
2026-06-10T19:00Z,2026-06-10 21:00,204.998
2026-06-10T20:00Z,2026-06-10 22:00,168.635
2026-06-10T21:00Z,2026-06-10 23:00,151.750
2026-06-10T22:00Z,2026-06-11 00:00,140.732
2026-06-10T23:00Z,2026-06-11 01:00,133.488
2026-06-11T00:00Z,2026-06-11 02:00,126.195
2026-06-11T01:00Z,2026-06-11 03:00,125.757
2026-06-11T02:00Z,2026-06-11 04:00,126.045
2026-06-11T03:00Z,2026-06-11 05:00,126.662
2026-06-11T04:00Z,2026-06-11 06:00,138.330
2026-06-11T05:00Z,2026-06-11 07:00,138.798
2026-06-11T06:00Z,2026-06-11 08:00,126.640
2026-06-11T07:00Z,2026-06-11 09:00,103.797
2026-06-11T08:00Z,2026-06-11 10:00,90.543
2026-06-11T09:00Z,2026-06-11 11:00,76.972
2026-06-11T10:00Z,2026-06-11 12:00,60.273
2026-06-11T11:00Z,2026-06-11 13:00,45.310
2026-06-11T12:00Z,2026-06-11 14:00,31.580
2026-06-11T13:00Z,2026-06-11 15:00,51.025
2026-06-11T14:00Z,2026-06-11 16:00,78.468
2026-06-11T15:00Z,2026-06-11 17:00,101.597
2026-06-11T16:00Z,2026-06-11 18:00,127.980
2026-06-11T17:00Z,2026-06-11 19:00,146.235
2026-06-11T18:00Z,2026-06-11 20:00,174.858
2026-06-11T19:00Z,2026-06-11 21:00,164.942
2026-06-11T20:00Z,2026-06-11 22:00,137.232
2026-06-11T21:00Z,2026-06-11 23:00,116.062
2026-06-11T22:00Z,2026-06-12 00:00,116.895
2026-06-11T23:00Z,2026-06-12 01:00,102.013
2026-06-12T00:00Z,2026-06-12 02:00,94.505
2026-06-12T01:00Z,2026-06-12 03:00,92.053
2026-06-12T02:00Z,2026-06-12 04:00,93.047
2026-06-12T03:00Z,2026-06-12 05:00,96.078
2026-06-12T04:00Z,2026-06-12 06:00,117.757
2026-06-12T05:00Z,2026-06-12 07:00,122.655
2026-06-12T06:00Z,2026-06-12 08:00,127.340
2026-06-12T07:00Z,2026-06-12 09:00,117.405
2026-06-12T08:00Z,2026-06-12 10:00,102.100
2026-06-12T09:00Z,2026-06-12 11:00,90.510
2026-06-12T10:00Z,2026-06-12 12:00,81.005
2026-06-12T11:00Z,2026-06-12 13:00,70.132
2026-06-12T12:00Z,2026-06-12 14:00,60.370
2026-06-12T13:00Z,2026-06-12 15:00,56.047
2026-06-12T14:00Z,2026-06-12 16:00,68.267
2026-06-12T15:00Z,2026-06-12 17:00,78.873
2026-06-12T16:00Z,2026-06-12 18:00,103.650
2026-06-12T17:00Z,2026-06-12 19:00,115.873
2026-06-12T18:00Z,2026-06-12 20:00,110.665
2026-06-12T19:00Z,2026-06-12 21:00,109.810
2026-06-12T20:00Z,2026-06-12 22:00,111.123
2026-06-12T21:00Z,2026-06-12 23:00,100.897
2026-06-12T22:00Z,2026-06-13 00:00,87.085
2026-06-12T23:00Z,2026-06-13 01:00,74.045
2026-06-13T00:00Z,2026-06-13 02:00,65.852
2026-06-13T01:00Z,2026-06-13 03:00,63.835
2026-06-13T02:00Z,2026-06-13 04:00,65.558
2026-06-13T03:00Z,2026-06-13 05:00,53.795
2026-06-13T04:00Z,2026-06-13 06:00,31.630
2026-06-13T05:00Z,2026-06-13 07:00,13.655
2026-06-13T06:00Z,2026-06-13 08:00,0.327
2026-06-13T07:00Z,2026-06-13 09:00,-1.107
2026-06-13T08:00Z,2026-06-13 10:00,-4.918
2026-06-13T09:00Z,2026-06-13 11:00,-15.695
2026-06-13T10:00Z,2026-06-13 12:00,-27.422
2026-06-13T11:00Z,2026-06-13 13:00,-45.867
2026-06-13T12:00Z,2026-06-13 14:00,-44.998
2026-06-13T13:00Z,2026-06-13 15:00,-31.540
2026-06-13T14:00Z,2026-06-13 16:00,-19.170
2026-06-13T15:00Z,2026-06-13 17:00,-4.215
2026-06-13T16:00Z,2026-06-13 18:00,-0.548
2026-06-13T17:00Z,2026-06-13 19:00,33.410
2026-06-13T18:00Z,2026-06-13 20:00,72.255
2026-06-13T19:00Z,2026-06-13 21:00,87.160
2026-06-13T20:00Z,2026-06-13 22:00,102.485
2026-06-13T21:00Z,2026-06-13 23:00,88.000
2026-06-13T22:00Z,2026-06-14 00:00,67.787
2026-06-13T23:00Z,2026-06-14 01:00,49.440
2026-06-14T00:00Z,2026-06-14 02:00,34.078
2026-06-14T01:00Z,2026-06-14 03:00,28.072
2026-06-14T02:00Z,2026-06-14 04:00,26.572
2026-06-14T03:00Z,2026-06-14 05:00,21.367
2026-06-14T04:00Z,2026-06-14 06:00,7.740
2026-06-14T05:00Z,2026-06-14 07:00,0.460
2026-06-14T06:00Z,2026-06-14 08:00,-0.348
2026-06-14T07:00Z,2026-06-14 09:00,-2.833
2026-06-14T08:00Z,2026-06-14 10:00,-6.370
2026-06-14T09:00Z,2026-06-14 11:00,-9.287
2026-06-14T10:00Z,2026-06-14 12:00,-14.992
2026-06-14T11:00Z,2026-06-14 13:00,-23.422
2026-06-14T12:00Z,2026-06-14 14:00,-25.000
2026-06-14T13:00Z,2026-06-14 15:00,-20.000
2026-06-14T14:00Z,2026-06-14 16:00,-9.203
2026-06-14T15:00Z,2026-06-14 17:00,-1.745
2026-06-14T16:00Z,2026-06-14 18:00,5.280
2026-06-14T17:00Z,2026-06-14 19:00,62.082
2026-06-14T18:00Z,2026-06-14 20:00,94.880
2026-06-14T19:00Z,2026-06-14 21:00,102.627
2026-06-14T20:00Z,2026-06-14 22:00,112.280
2026-06-14T21:00Z,2026-06-14 23:00,103.395
2026-06-14T22:00Z,2026-06-15 00:00,101.433
2026-06-14T23:00Z,2026-06-15 01:00,92.910
2026-06-15T00:00Z,2026-06-15 02:00,85.375
2026-06-15T01:00Z,2026-06-15 03:00,83.748
2026-06-15T02:00Z,2026-06-15 04:00,84.388
2026-06-15T03:00Z,2026-06-15 05:00,91.405
2026-06-15T04:00Z,2026-06-15 06:00,105.692
2026-06-15T05:00Z,2026-06-15 07:00,107.392
2026-06-15T06:00Z,2026-06-15 08:00,91.440
2026-06-15T07:00Z,2026-06-15 09:00,63.652
2026-06-15T08:00Z,2026-06-15 10:00,21.558
2026-06-15T09:00Z,2026-06-15 11:00,1.008
2026-06-15T10:00Z,2026-06-15 12:00,-0.028
2026-06-15T11:00Z,2026-06-15 13:00,-1.482
2026-06-15T12:00Z,2026-06-15 14:00,-2.902
2026-06-15T13:00Z,2026-06-15 15:00,-0.932
2026-06-15T14:00Z,2026-06-15 16:00,-0.015
2026-06-15T15:00Z,2026-06-15 17:00,43.677
2026-06-15T16:00Z,2026-06-15 18:00,91.453
2026-06-15T17:00Z,2026-06-15 19:00,129.083
2026-06-15T18:00Z,2026-06-15 20:00,148.695
2026-06-15T19:00Z,2026-06-15 21:00,156.260
2026-06-15T20:00Z,2026-06-15 22:00,153.792
2026-06-15T21:00Z,2026-06-15 23:00,134.755
2026-06-15T22:00Z,2026-06-16 00:00,122.828
2026-06-15T23:00Z,2026-06-16 01:00,117.317
2026-06-16T00:00Z,2026-06-16 02:00,113.775
2026-06-16T01:00Z,2026-06-16 03:00,110.993
2026-06-16T02:00Z,2026-06-16 04:00,111.240
2026-06-16T03:00Z,2026-06-16 05:00,115.123
2026-06-16T04:00Z,2026-06-16 06:00,127.993
2026-06-16T05:00Z,2026-06-16 07:00,131.695
2026-06-16T06:00Z,2026-06-16 08:00,126.315
2026-06-16T07:00Z,2026-06-16 09:00,109.502
2026-06-16T08:00Z,2026-06-16 10:00,85.980
2026-06-16T09:00Z,2026-06-16 11:00,80.537
2026-06-16T10:00Z,2026-06-16 12:00,66.498
2026-06-16T11:00Z,2026-06-16 13:00,54.255
2026-06-16T12:00Z,2026-06-16 14:00,50.733
2026-06-16T13:00Z,2026-06-16 15:00,60.220
2026-06-16T14:00Z,2026-06-16 16:00,81.457
2026-06-16T15:00Z,2026-06-16 17:00,109.722
2026-06-16T16:00Z,2026-06-16 18:00,127.110
2026-06-16T17:00Z,2026-06-16 19:00,148.118
2026-06-16T18:00Z,2026-06-16 20:00,174.102
2026-06-16T19:00Z,2026-06-16 21:00,181.420
2026-06-16T20:00Z,2026-06-16 22:00,163.860
2026-06-16T21:00Z,2026-06-16 23:00,143.108
2026-06-16T22:00Z,2026-06-17 00:00,141.230
2026-06-16T23:00Z,2026-06-17 01:00,135.392
2026-06-17T00:00Z,2026-06-17 02:00,129.330
2026-06-17T01:00Z,2026-06-17 03:00,127.540
2026-06-17T02:00Z,2026-06-17 04:00,127.415
2026-06-17T03:00Z,2026-06-17 05:00,128.045
2026-06-17T04:00Z,2026-06-17 06:00,140.265
2026-06-17T05:00Z,2026-06-17 07:00,136.675
2026-06-17T06:00Z,2026-06-17 08:00,121.755
2026-06-17T07:00Z,2026-06-17 09:00,105.795
2026-06-17T08:00Z,2026-06-17 10:00,88.245
2026-06-17T09:00Z,2026-06-17 11:00,78.487
2026-06-17T10:00Z,2026-06-17 12:00,72.230
2026-06-17T11:00Z,2026-06-17 13:00,62.792
2026-06-17T12:00Z,2026-06-17 14:00,66.257
2026-06-17T13:00Z,2026-06-17 15:00,75.975
2026-06-17T14:00Z,2026-06-17 16:00,88.093
2026-06-17T15:00Z,2026-06-17 17:00,106.425
2026-06-17T16:00Z,2026-06-17 18:00,120.737
2026-06-17T17:00Z,2026-06-17 19:00,142.558
2026-06-17T18:00Z,2026-06-17 20:00,162.390
2026-06-17T19:00Z,2026-06-17 21:00,164.115
2026-06-17T20:00Z,2026-06-17 22:00,158.610
2026-06-17T21:00Z,2026-06-17 23:00,142.738
2026-06-17T22:00Z,2026-06-18 00:00,135.257
2026-06-17T23:00Z,2026-06-18 01:00,125.728
2026-06-18T00:00Z,2026-06-18 02:00,121.862
2026-06-18T01:00Z,2026-06-18 03:00,119.685
2026-06-18T02:00Z,2026-06-18 04:00,119.312
2026-06-18T03:00Z,2026-06-18 05:00,127.090
2026-06-18T04:00Z,2026-06-18 06:00,135.300
2026-06-18T05:00Z,2026-06-18 07:00,135.265
2026-06-18T06:00Z,2026-06-18 08:00,118.733
2026-06-18T07:00Z,2026-06-18 09:00,101.715
2026-06-18T08:00Z,2026-06-18 10:00,75.135
2026-06-18T09:00Z,2026-06-18 11:00,44.028
2026-06-18T10:00Z,2026-06-18 12:00,28.248
2026-06-18T11:00Z,2026-06-18 13:00,18.670
2026-06-18T12:00Z,2026-06-18 14:00,25.900
2026-06-18T13:00Z,2026-06-18 15:00,48.098
2026-06-18T14:00Z,2026-06-18 16:00,79.060
2026-06-18T15:00Z,2026-06-18 17:00,105.515
2026-06-18T16:00Z,2026-06-18 18:00,135.707
2026-06-18T17:00Z,2026-06-18 19:00,253.392
2026-06-18T18:00Z,2026-06-18 20:00,435.067
2026-06-18T19:00Z,2026-06-18 21:00,441.915
2026-06-18T20:00Z,2026-06-18 22:00,264.320
2026-06-18T21:00Z,2026-06-18 23:00,163.018
2026-06-18T22:00Z,2026-06-19 00:00,146.643
2026-06-18T23:00Z,2026-06-19 01:00,132.512
2026-06-19T00:00Z,2026-06-19 02:00,124.823
2026-06-19T01:00Z,2026-06-19 03:00,120.460
2026-06-19T02:00Z,2026-06-19 04:00,118.468
2026-06-19T03:00Z,2026-06-19 05:00,120.595
2026-06-19T04:00Z,2026-06-19 06:00,138.718
2026-06-19T05:00Z,2026-06-19 07:00,127.373
2026-06-19T06:00Z,2026-06-19 08:00,111.957
2026-06-19T07:00Z,2026-06-19 09:00,95.395
2026-06-19T08:00Z,2026-06-19 10:00,69.907
2026-06-19T09:00Z,2026-06-19 11:00,32.090
2026-06-19T10:00Z,2026-06-19 12:00,15.000
2026-06-19T11:00Z,2026-06-19 13:00,11.235
2026-06-19T12:00Z,2026-06-19 14:00,16.305
2026-06-19T13:00Z,2026-06-19 15:00,42.852
2026-06-19T14:00Z,2026-06-19 16:00,80.685
2026-06-19T15:00Z,2026-06-19 17:00,108.322
2026-06-19T16:00Z,2026-06-19 18:00,129.702
2026-06-19T17:00Z,2026-06-19 19:00,170.785
2026-06-19T18:00Z,2026-06-19 20:00,201.360
2026-06-19T19:00Z,2026-06-19 21:00,185.532
2026-06-19T20:00Z,2026-06-19 22:00,157.863
2026-06-19T21:00Z,2026-06-19 23:00,137.782
2026-06-19T22:00Z,2026-06-20 00:00,130.350
2026-06-19T23:00Z,2026-06-20 01:00,121.120
2026-06-20T00:00Z,2026-06-20 02:00,118.600
2026-06-20T01:00Z,2026-06-20 03:00,116.763
2026-06-20T02:00Z,2026-06-20 04:00,114.797
2026-06-20T03:00Z,2026-06-20 05:00,114.493
2026-06-20T04:00Z,2026-06-20 06:00,109.728
2026-06-20T05:00Z,2026-06-20 07:00,101.677
2026-06-20T06:00Z,2026-06-20 08:00,89.987
2026-06-20T07:00Z,2026-06-20 09:00,41.335
2026-06-20T08:00Z,2026-06-20 10:00,4.125
2026-06-20T09:00Z,2026-06-20 11:00,-0.003
2026-06-20T10:00Z,2026-06-20 12:00,-0.013
2026-06-20T11:00Z,2026-06-20 13:00,-0.018
2026-06-20T12:00Z,2026-06-20 14:00,-0.013
2026-06-20T13:00Z,2026-06-20 15:00,0.250
2026-06-20T14:00Z,2026-06-20 16:00,18.308
2026-06-20T15:00Z,2026-06-20 17:00,84.220
2026-06-20T16:00Z,2026-06-20 18:00,119.782
2026-06-20T17:00Z,2026-06-20 19:00,147.398
2026-06-20T18:00Z,2026-06-20 20:00,171.987
2026-06-20T19:00Z,2026-06-20 21:00,182.550
2026-06-20T20:00Z,2026-06-20 22:00,165.067
2026-06-20T21:00Z,2026-06-20 23:00,146.808
2026-06-20T22:00Z,2026-06-21 00:00,137.915
2026-06-20T23:00Z,2026-06-21 01:00,128.565
2026-06-21T00:00Z,2026-06-21 02:00,126.415
2026-06-21T01:00Z,2026-06-21 03:00,124.170
2026-06-21T02:00Z,2026-06-21 04:00,122.433
2026-06-21T03:00Z,2026-06-21 05:00,119.588
2026-06-21T04:00Z,2026-06-21 06:00,112.100
2026-06-21T05:00Z,2026-06-21 07:00,102.355
2026-06-21T06:00Z,2026-06-21 08:00,70.815
2026-06-21T07:00Z,2026-06-21 09:00,25.983
2026-06-21T08:00Z,2026-06-21 10:00,1.362
2026-06-21T09:00Z,2026-06-21 11:00,-0.003
2026-06-21T10:00Z,2026-06-21 12:00,-0.007
2026-06-21T11:00Z,2026-06-21 13:00,-0.010
2026-06-21T12:00Z,2026-06-21 14:00,-0.005
2026-06-21T13:00Z,2026-06-21 15:00,0.007
2026-06-21T14:00Z,2026-06-21 16:00,12.762
2026-06-21T15:00Z,2026-06-21 17:00,77.720
2026-06-21T16:00Z,2026-06-21 18:00,115.615
2026-06-21T17:00Z,2026-06-21 19:00,133.920
2026-06-21T18:00Z,2026-06-21 20:00,150.002
2026-06-21T19:00Z,2026-06-21 21:00,150.265
2026-06-21T20:00Z,2026-06-21 22:00,146.100
2026-06-21T21:00Z,2026-06-21 23:00,133.993
2026-06-21T22:00Z,2026-06-22 00:00,128.377
2026-06-21T23:00Z,2026-06-22 01:00,120.123
2026-06-22T00:00Z,2026-06-22 02:00,114.963
2026-06-22T01:00Z,2026-06-22 03:00,115.225
2026-06-22T02:00Z,2026-06-22 04:00,117.130
2026-06-22T03:00Z,2026-06-22 05:00,123.890
2026-06-22T04:00Z,2026-06-22 06:00,140.343
2026-06-22T05:00Z,2026-06-22 07:00,146.037
2026-06-22T06:00Z,2026-06-22 08:00,128.822
2026-06-22T07:00Z,2026-06-22 09:00,107.162
2026-06-22T08:00Z,2026-06-22 10:00,84.648
2026-06-22T09:00Z,2026-06-22 11:00,57.303
2026-06-22T10:00Z,2026-06-22 12:00,39.517
2026-06-22T11:00Z,2026-06-22 13:00,32.340
2026-06-22T12:00Z,2026-06-22 14:00,41.805
2026-06-22T13:00Z,2026-06-22 15:00,63.518
2026-06-22T14:00Z,2026-06-22 16:00,90.898
2026-06-22T15:00Z,2026-06-22 17:00,114.070
2026-06-22T16:00Z,2026-06-22 18:00,145.585
2026-06-22T17:00Z,2026-06-22 19:00,198.507
2026-06-22T18:00Z,2026-06-22 20:00,271.778
2026-06-22T19:00Z,2026-06-22 21:00,250.455
2026-06-22T20:00Z,2026-06-22 22:00,189.570
2026-06-22T21:00Z,2026-06-22 23:00,156.002
2026-06-22T22:00Z,2026-06-23 00:00,146.060
2026-06-22T23:00Z,2026-06-23 01:00,139.125
2026-06-23T00:00Z,2026-06-23 02:00,135.010
2026-06-23T01:00Z,2026-06-23 03:00,135.822
2026-06-23T02:00Z,2026-06-23 04:00,138.060
2026-06-23T03:00Z,2026-06-23 05:00,142.300
2026-06-23T04:00Z,2026-06-23 06:00,164.220
2026-06-23T05:00Z,2026-06-23 07:00,160.132
2026-06-23T06:00Z,2026-06-23 08:00,133.787
2026-06-23T07:00Z,2026-06-23 09:00,112.118
2026-06-23T08:00Z,2026-06-23 10:00,96.312
2026-06-23T09:00Z,2026-06-23 11:00,76.520
2026-06-23T10:00Z,2026-06-23 12:00,67.145
2026-06-23T11:00Z,2026-06-23 13:00,60.345
2026-06-23T12:00Z,2026-06-23 14:00,67.653
2026-06-23T13:00Z,2026-06-23 15:00,81.352
2026-06-23T14:00Z,2026-06-23 16:00,101.065
2026-06-23T15:00Z,2026-06-23 17:00,121.707
2026-06-23T16:00Z,2026-06-23 18:00,169.683
2026-06-23T17:00Z,2026-06-23 19:00,340.705
2026-06-23T18:00Z,2026-06-23 20:00,545.505
2026-06-23T19:00Z,2026-06-23 21:00,528.737
2026-06-23T20:00Z,2026-06-23 22:00,335.118
2026-06-23T21:00Z,2026-06-23 23:00,199.398
2026-06-23T22:00Z,2026-06-24 00:00,178.803
2026-06-23T23:00Z,2026-06-24 01:00,162.655
2026-06-24T00:00Z,2026-06-24 02:00,148.005
2026-06-24T01:00Z,2026-06-24 03:00,144.050
2026-06-24T02:00Z,2026-06-24 04:00,144.460
2026-06-24T03:00Z,2026-06-24 05:00,151.618
2026-06-24T04:00Z,2026-06-24 06:00,178.167
2026-06-24T05:00Z,2026-06-24 07:00,172.610
2026-06-24T06:00Z,2026-06-24 08:00,149.347
2026-06-24T07:00Z,2026-06-24 09:00,119.312
2026-06-24T08:00Z,2026-06-24 10:00,102.412
2026-06-24T09:00Z,2026-06-24 11:00,84.520
2026-06-24T10:00Z,2026-06-24 12:00,73.510
2026-06-24T11:00Z,2026-06-24 13:00,70.983
2026-06-24T12:00Z,2026-06-24 14:00,74.515
2026-06-24T13:00Z,2026-06-24 15:00,89.347
2026-06-24T14:00Z,2026-06-24 16:00,109.375
2026-06-24T15:00Z,2026-06-24 17:00,129.660
2026-06-24T16:00Z,2026-06-24 18:00,196.785
2026-06-24T17:00Z,2026-06-24 19:00,455.137
2026-06-24T18:00Z,2026-06-24 20:00,665.820
2026-06-24T19:00Z,2026-06-24 21:00,660.158
2026-06-24T20:00Z,2026-06-24 22:00,463.252
2026-06-24T21:00Z,2026-06-24 23:00,263.610
2026-06-24T22:00Z,2026-06-25 00:00,169.567
2026-06-24T23:00Z,2026-06-25 01:00,154.935
2026-06-25T00:00Z,2026-06-25 02:00,145.385
2026-06-25T01:00Z,2026-06-25 03:00,142.972
2026-06-25T02:00Z,2026-06-25 04:00,141.907
2026-06-25T03:00Z,2026-06-25 05:00,144.572
2026-06-25T04:00Z,2026-06-25 06:00,161.330
2026-06-25T05:00Z,2026-06-25 07:00,148.418
2026-06-25T06:00Z,2026-06-25 08:00,119.097
2026-06-25T07:00Z,2026-06-25 09:00,105.007
2026-06-25T08:00Z,2026-06-25 10:00,84.745
2026-06-25T09:00Z,2026-06-25 11:00,67.093
2026-06-25T10:00Z,2026-06-25 12:00,42.700
2026-06-25T11:00Z,2026-06-25 13:00,33.960
2026-06-25T12:00Z,2026-06-25 14:00,37.265
2026-06-25T13:00Z,2026-06-25 15:00,67.808
2026-06-25T14:00Z,2026-06-25 16:00,88.293
2026-06-25T15:00Z,2026-06-25 17:00,106.600
2026-06-25T16:00Z,2026-06-25 18:00,135.230
2026-06-25T17:00Z,2026-06-25 19:00,203.315
2026-06-25T18:00Z,2026-06-25 20:00,285.773
2026-06-25T19:00Z,2026-06-25 21:00,276.615
2026-06-25T20:00Z,2026-06-25 22:00,186.637
2026-06-25T21:00Z,2026-06-25 23:00,155.745
2026-06-25T22:00Z,2026-06-26 00:00,144.700
2026-06-25T23:00Z,2026-06-26 01:00,130.725
2026-06-26T00:00Z,2026-06-26 02:00,122.483
2026-06-26T01:00Z,2026-06-26 03:00,120.933
2026-06-26T02:00Z,2026-06-26 04:00,122.605
2026-06-26T03:00Z,2026-06-26 05:00,129.548
2026-06-26T04:00Z,2026-06-26 06:00,146.030
2026-06-26T05:00Z,2026-06-26 07:00,137.970
2026-06-26T06:00Z,2026-06-26 08:00,119.805
2026-06-26T07:00Z,2026-06-26 09:00,108.273
2026-06-26T08:00Z,2026-06-26 10:00,93.243
2026-06-26T09:00Z,2026-06-26 11:00,67.705
2026-06-26T10:00Z,2026-06-26 12:00,49.490
2026-06-26T11:00Z,2026-06-26 13:00,38.500
2026-06-26T12:00Z,2026-06-26 14:00,40.000
2026-06-26T13:00Z,2026-06-26 15:00,68.983
2026-06-26T14:00Z,2026-06-26 16:00,93.120
2026-06-26T15:00Z,2026-06-26 17:00,110.993
2026-06-26T16:00Z,2026-06-26 18:00,150.345
2026-06-26T17:00Z,2026-06-26 19:00,243.545
2026-06-26T18:00Z,2026-06-26 20:00,350.460
2026-06-26T19:00Z,2026-06-26 21:00,295.778
2026-06-26T20:00Z,2026-06-26 22:00,202.655
2026-06-26T21:00Z,2026-06-26 23:00,154.860
2026-06-26T22:00Z,2026-06-27 00:00,132.045
2026-06-26T23:00Z,2026-06-27 01:00,124.500
2026-06-27T00:00Z,2026-06-27 02:00,117.995
2026-06-27T01:00Z,2026-06-27 03:00,115.830
2026-06-27T02:00Z,2026-06-27 04:00,115.325
2026-06-27T03:00Z,2026-06-27 05:00,114.000
2026-06-27T04:00Z,2026-06-27 06:00,112.725
2026-06-27T05:00Z,2026-06-27 07:00,109.273
2026-06-27T06:00Z,2026-06-27 08:00,102.868
2026-06-27T07:00Z,2026-06-27 09:00,73.567
2026-06-27T08:00Z,2026-06-27 10:00,36.025
2026-06-27T09:00Z,2026-06-27 11:00,9.668
2026-06-27T10:00Z,2026-06-27 12:00,0.525
2026-06-27T11:00Z,2026-06-27 13:00,0.028
2026-06-27T12:00Z,2026-06-27 14:00,3.393
2026-06-27T13:00Z,2026-06-27 15:00,12.768
2026-06-27T14:00Z,2026-06-27 16:00,51.000
2026-06-27T15:00Z,2026-06-27 17:00,100.605
2026-06-27T16:00Z,2026-06-27 18:00,127.132
2026-06-27T17:00Z,2026-06-27 19:00,171.755
2026-06-27T18:00Z,2026-06-27 20:00,221.250
2026-06-27T19:00Z,2026-06-27 21:00,214.308
2026-06-27T20:00Z,2026-06-27 22:00,174.998
2026-06-27T21:00Z,2026-06-27 23:00,144.595
2026-06-27T22:00Z,2026-06-28 00:00,136.460
2026-06-27T23:00Z,2026-06-28 01:00,126.030
2026-06-28T00:00Z,2026-06-28 02:00,119.683
2026-06-28T01:00Z,2026-06-28 03:00,115.688
2026-06-28T02:00Z,2026-06-28 04:00,114.735
2026-06-28T03:00Z,2026-06-28 05:00,115.123
2026-06-28T04:00Z,2026-06-28 06:00,112.062
2026-06-28T05:00Z,2026-06-28 07:00,104.430
2026-06-28T06:00Z,2026-06-28 08:00,76.685
2026-06-28T07:00Z,2026-06-28 09:00,32.812
2026-06-28T08:00Z,2026-06-28 10:00,5.152
2026-06-28T09:00Z,2026-06-28 11:00,0.120
2026-06-28T10:00Z,2026-06-28 12:00,-0.023
2026-06-28T11:00Z,2026-06-28 13:00,-0.905
2026-06-28T12:00Z,2026-06-28 14:00,-0.028
2026-06-28T13:00Z,2026-06-28 15:00,1.620
2026-06-28T14:00Z,2026-06-28 16:00,27.665
2026-06-28T15:00Z,2026-06-28 17:00,84.642
2026-06-28T16:00Z,2026-06-28 18:00,114.510
2026-06-28T17:00Z,2026-06-28 19:00,137.988
2026-06-28T18:00Z,2026-06-28 20:00,153.178
2026-06-28T19:00Z,2026-06-28 21:00,161.040
2026-06-28T20:00Z,2026-06-28 22:00,157.295
2026-06-28T21:00Z,2026-06-28 23:00,144.115
2026-06-28T22:00Z,2026-06-29 00:00,123.118
2026-06-28T23:00Z,2026-06-29 01:00,113.665
2026-06-29T00:00Z,2026-06-29 02:00,113.025
2026-06-29T01:00Z,2026-06-29 03:00,109.760
2026-06-29T02:00Z,2026-06-29 04:00,114.870
2026-06-29T03:00Z,2026-06-29 05:00,127.343
2026-06-29T04:00Z,2026-06-29 06:00,149.738
2026-06-29T05:00Z,2026-06-29 07:00,152.162
2026-06-29T06:00Z,2026-06-29 08:00,143.292
2026-06-29T07:00Z,2026-06-29 09:00,120.948
2026-06-29T08:00Z,2026-06-29 10:00,106.925
2026-06-29T09:00Z,2026-06-29 11:00,99.100
2026-06-29T10:00Z,2026-06-29 12:00,89.507
2026-06-29T11:00Z,2026-06-29 13:00,82.028
2026-06-29T12:00Z,2026-06-29 14:00,86.385
2026-06-29T13:00Z,2026-06-29 15:00,96.780
2026-06-29T14:00Z,2026-06-29 16:00,103.733
2026-06-29T15:00Z,2026-06-29 17:00,115.075
2026-06-29T16:00Z,2026-06-29 18:00,134.910
2026-06-29T17:00Z,2026-06-29 19:00,197.650
2026-06-29T18:00Z,2026-06-29 20:00,284.332
2026-06-29T19:00Z,2026-06-29 21:00,301.365
2026-06-29T20:00Z,2026-06-29 22:00,230.890
2026-06-29T21:00Z,2026-06-29 23:00,170.000
2026-06-29T22:00Z,2026-06-30 00:00,161.735
2026-06-29T23:00Z,2026-06-30 01:00,145.370
2026-06-30T00:00Z,2026-06-30 02:00,140.205
2026-06-30T01:00Z,2026-06-30 03:00,140.722
2026-06-30T02:00Z,2026-06-30 04:00,141.368
2026-06-30T03:00Z,2026-06-30 05:00,151.505
2026-06-30T04:00Z,2026-06-30 06:00,186.655
2026-06-30T05:00Z,2026-06-30 07:00,189.310
2026-06-30T06:00Z,2026-06-30 08:00,156.018
2026-06-30T07:00Z,2026-06-30 09:00,122.595
2026-06-30T08:00Z,2026-06-30 10:00,108.867
2026-06-30T09:00Z,2026-06-30 11:00,101.795
2026-06-30T10:00Z,2026-06-30 12:00,99.075
2026-06-30T11:00Z,2026-06-30 13:00,99.420
2026-06-30T12:00Z,2026-06-30 14:00,102.890
2026-06-30T13:00Z,2026-06-30 15:00,116.105
2026-06-30T14:00Z,2026-06-30 16:00,127.400
2026-06-30T15:00Z,2026-06-30 17:00,151.233
2026-06-30T16:00Z,2026-06-30 18:00,245.477
2026-06-30T17:00Z,2026-06-30 19:00,451.580
2026-06-30T18:00Z,2026-06-30 20:00,504.768
2026-06-30T19:00Z,2026-06-30 21:00,395.743
2026-06-30T20:00Z,2026-06-30 22:00,273.532
2026-06-30T21:00Z,2026-06-30 23:00,182.480
2026-06-30T22:00Z,2026-07-01 00:00,164.900
2026-06-30T23:00Z,2026-07-01 01:00,150.308
2026-07-01T00:00Z,2026-07-01 02:00,146.780
2026-07-01T01:00Z,2026-07-01 03:00,146.995
2026-07-01T02:00Z,2026-07-01 04:00,151.037
2026-07-01T03:00Z,2026-07-01 05:00,160.355
2026-07-01T04:00Z,2026-07-01 06:00,196.327
2026-07-01T05:00Z,2026-07-01 07:00,203.297
2026-07-01T06:00Z,2026-07-01 08:00,180.243
2026-07-01T07:00Z,2026-07-01 09:00,145.700
2026-07-01T08:00Z,2026-07-01 10:00,125.410
2026-07-01T09:00Z,2026-07-01 11:00,119.448
2026-07-01T10:00Z,2026-07-01 12:00,115.858
2026-07-01T11:00Z,2026-07-01 13:00,110.392
2026-07-01T12:00Z,2026-07-01 14:00,99.715
2026-07-01T13:00Z,2026-07-01 15:00,97.275
2026-07-01T14:00Z,2026-07-01 16:00,99.390
2026-07-01T15:00Z,2026-07-01 17:00,101.410
2026-07-01T16:00Z,2026-07-01 18:00,120.270
2026-07-01T17:00Z,2026-07-01 19:00,167.998
2026-07-01T18:00Z,2026-07-01 20:00,231.685
2026-07-01T19:00Z,2026-07-01 21:00,243.455
2026-07-01T20:00Z,2026-07-01 22:00,199.465
2026-07-01T21:00Z,2026-07-01 23:00,156.665
2026-07-01T22:00Z,2026-07-02 00:00,160.165
2026-07-01T23:00Z,2026-07-02 01:00,143.410
2026-07-02T00:00Z,2026-07-02 02:00,130.357
2026-07-02T01:00Z,2026-07-02 03:00,120.328
2026-07-02T02:00Z,2026-07-02 04:00,114.093
2026-07-02T03:00Z,2026-07-02 05:00,114.453
2026-07-02T04:00Z,2026-07-02 06:00,121.065
2026-07-02T05:00Z,2026-07-02 07:00,112.927
2026-07-02T06:00Z,2026-07-02 08:00,91.315
2026-07-02T07:00Z,2026-07-02 09:00,45.093
2026-07-02T08:00Z,2026-07-02 10:00,5.535
2026-07-02T09:00Z,2026-07-02 11:00,-0.072
2026-07-02T10:00Z,2026-07-02 12:00,-1.647
2026-07-02T11:00Z,2026-07-02 13:00,-1.965
2026-07-02T12:00Z,2026-07-02 14:00,-3.002
2026-07-02T13:00Z,2026-07-02 15:00,-1.998
2026-07-02T14:00Z,2026-07-02 16:00,-0.505
2026-07-02T15:00Z,2026-07-02 17:00,2.895
2026-07-02T16:00Z,2026-07-02 18:00,46.837
2026-07-02T17:00Z,2026-07-02 19:00,90.460
2026-07-02T18:00Z,2026-07-02 20:00,107.252
2026-07-02T19:00Z,2026-07-02 21:00,117.922
2026-07-02T20:00Z,2026-07-02 22:00,126.900
2026-07-02T21:00Z,2026-07-02 23:00,117.608
2026-07-02T22:00Z,2026-07-03 00:00,91.263
2026-07-02T23:00Z,2026-07-03 01:00,86.995
2026-07-03T00:00Z,2026-07-03 02:00,82.683
2026-07-03T01:00Z,2026-07-03 03:00,85.910
2026-07-03T02:00Z,2026-07-03 04:00,84.457
2026-07-03T03:00Z,2026-07-03 05:00,86.820
2026-07-03T04:00Z,2026-07-03 06:00,99.493
2026-07-03T05:00Z,2026-07-03 07:00,104.468
2026-07-03T06:00Z,2026-07-03 08:00,63.028
2026-07-03T07:00Z,2026-07-03 09:00,9.565
2026-07-03T08:00Z,2026-07-03 10:00,-0.100
2026-07-03T09:00Z,2026-07-03 11:00,-1.055
2026-07-03T10:00Z,2026-07-03 12:00,-1.885
2026-07-03T11:00Z,2026-07-03 13:00,-3.502
2026-07-03T12:00Z,2026-07-03 14:00,-4.987
2026-07-03T13:00Z,2026-07-03 15:00,-4.055
2026-07-03T14:00Z,2026-07-03 16:00,-2.605
2026-07-03T15:00Z,2026-07-03 17:00,-0.047
2026-07-03T16:00Z,2026-07-03 18:00,35.385
2026-07-03T17:00Z,2026-07-03 19:00,102.645
2026-07-03T18:00Z,2026-07-03 20:00,124.442
2026-07-03T19:00Z,2026-07-03 21:00,130.028
2026-07-03T20:00Z,2026-07-03 22:00,135.805
2026-07-03T21:00Z,2026-07-03 23:00,124.275
2026-07-03T22:00Z,2026-07-04 00:00,125.000
2026-07-03T23:00Z,2026-07-04 01:00,120.088
2026-07-04T00:00Z,2026-07-04 02:00,116.435
2026-07-04T01:00Z,2026-07-04 03:00,113.823
2026-07-04T02:00Z,2026-07-04 04:00,106.338
2026-07-04T03:00Z,2026-07-04 05:00,99.672
2026-07-04T04:00Z,2026-07-04 06:00,92.250
2026-07-04T05:00Z,2026-07-04 07:00,72.653
2026-07-04T06:00Z,2026-07-04 08:00,28.930
2026-07-04T07:00Z,2026-07-04 09:00,0.993
2026-07-04T08:00Z,2026-07-04 10:00,-0.010
2026-07-04T09:00Z,2026-07-04 11:00,-0.800
2026-07-04T10:00Z,2026-07-04 12:00,-3.103
2026-07-04T11:00Z,2026-07-04 13:00,-8.250
2026-07-04T12:00Z,2026-07-04 14:00,-10.310
2026-07-04T13:00Z,2026-07-04 15:00,-4.265
2026-07-04T14:00Z,2026-07-04 16:00,-0.340
2026-07-04T15:00Z,2026-07-04 17:00,4.292
2026-07-04T16:00Z,2026-07-04 18:00,57.733
2026-07-04T17:00Z,2026-07-04 19:00,107.192
2026-07-04T18:00Z,2026-07-04 20:00,125.640
2026-07-04T19:00Z,2026-07-04 21:00,131.030
2026-07-04T20:00Z,2026-07-04 22:00,128.028
2026-07-04T21:00Z,2026-07-04 23:00,118.620
2026-07-04T22:00Z,2026-07-05 00:00,122.873
2026-07-04T23:00Z,2026-07-05 01:00,115.922
2026-07-05T00:00Z,2026-07-05 02:00,110.498
2026-07-05T01:00Z,2026-07-05 03:00,105.953
2026-07-05T02:00Z,2026-07-05 04:00,101.410
2026-07-05T03:00Z,2026-07-05 05:00,97.090
2026-07-05T04:00Z,2026-07-05 06:00,85.002
2026-07-05T05:00Z,2026-07-05 07:00,44.163
2026-07-05T06:00Z,2026-07-05 08:00,14.795
2026-07-05T07:00Z,2026-07-05 09:00,1.383
2026-07-05T08:00Z,2026-07-05 10:00,-0.007
2026-07-05T09:00Z,2026-07-05 11:00,-0.030
2026-07-05T10:00Z,2026-07-05 12:00,-0.105
2026-07-05T11:00Z,2026-07-05 13:00,-0.617
2026-07-05T12:00Z,2026-07-05 14:00,-1.165
2026-07-05T13:00Z,2026-07-05 15:00,-1.022
2026-07-05T14:00Z,2026-07-05 16:00,-0.060
2026-07-05T15:00Z,2026-07-05 17:00,4.900
2026-07-05T16:00Z,2026-07-05 18:00,64.000
2026-07-05T17:00Z,2026-07-05 19:00,107.505
2026-07-05T18:00Z,2026-07-05 20:00,129.298
2026-07-05T19:00Z,2026-07-05 21:00,136.540
2026-07-05T20:00Z,2026-07-05 22:00,139.893
2026-07-05T21:00Z,2026-07-05 23:00,127.895
2026-07-05T22:00Z,2026-07-06 00:00,138.555
2026-07-05T23:00Z,2026-07-06 01:00,124.537
2026-07-06T00:00Z,2026-07-06 02:00,119.762
2026-07-06T01:00Z,2026-07-06 03:00,115.550
2026-07-06T02:00Z,2026-07-06 04:00,115.925
2026-07-06T03:00Z,2026-07-06 05:00,120.860
2026-07-06T04:00Z,2026-07-06 06:00,136.032
2026-07-06T05:00Z,2026-07-06 07:00,139.560
2026-07-06T06:00Z,2026-07-06 08:00,133.865
2026-07-06T07:00Z,2026-07-06 09:00,110.615
2026-07-06T08:00Z,2026-07-06 10:00,90.275
2026-07-06T09:00Z,2026-07-06 11:00,72.065
2026-07-06T10:00Z,2026-07-06 12:00,43.015
2026-07-06T11:00Z,2026-07-06 13:00,20.445
2026-07-06T12:00Z,2026-07-06 14:00,9.807
2026-07-06T13:00Z,2026-07-06 15:00,5.000
2026-07-06T14:00Z,2026-07-06 16:00,20.510
2026-07-06T15:00Z,2026-07-06 17:00,66.582
2026-07-06T16:00Z,2026-07-06 18:00,99.338
2026-07-06T17:00Z,2026-07-06 19:00,117.865
2026-07-06T18:00Z,2026-07-06 20:00,138.330
2026-07-06T19:00Z,2026-07-06 21:00,151.202
2026-07-06T20:00Z,2026-07-06 22:00,147.155
2026-07-06T21:00Z,2026-07-06 23:00,135.000
2026-07-06T22:00Z,2026-07-07 00:00,120.980
2026-07-06T23:00Z,2026-07-07 01:00,114.653
2026-07-07T00:00Z,2026-07-07 02:00,107.987
2026-07-07T01:00Z,2026-07-07 03:00,101.002
2026-07-07T02:00Z,2026-07-07 04:00,98.382
2026-07-07T03:00Z,2026-07-07 05:00,102.407
2026-07-07T04:00Z,2026-07-07 06:00,115.600
2026-07-07T05:00Z,2026-07-07 07:00,118.642
2026-07-07T06:00Z,2026-07-07 08:00,114.890
2026-07-07T07:00Z,2026-07-07 09:00,94.647
2026-07-07T08:00Z,2026-07-07 10:00,43.390
2026-07-07T09:00Z,2026-07-07 11:00,4.922
2026-07-07T10:00Z,2026-07-07 12:00,-0.830
2026-07-07T11:00Z,2026-07-07 13:00,-2.705
2026-07-07T12:00Z,2026-07-07 14:00,-2.835
2026-07-07T13:00Z,2026-07-07 15:00,-1.485
2026-07-07T14:00Z,2026-07-07 16:00,-0.520
2026-07-07T15:00Z,2026-07-07 17:00,7.018
2026-07-07T16:00Z,2026-07-07 18:00,60.713
2026-07-07T17:00Z,2026-07-07 19:00,86.183
2026-07-07T18:00Z,2026-07-07 20:00,107.972
2026-07-07T19:00Z,2026-07-07 21:00,118.403
2026-07-07T20:00Z,2026-07-07 22:00,120.755
2026-07-07T21:00Z,2026-07-07 23:00,117.082
2026-07-07T22:00Z,2026-07-08 00:00,114.922
2026-07-07T23:00Z,2026-07-08 01:00,115.845
2026-07-08T00:00Z,2026-07-08 02:00,111.757
2026-07-08T01:00Z,2026-07-08 03:00,108.170
2026-07-08T02:00Z,2026-07-08 04:00,113.582
2026-07-08T03:00Z,2026-07-08 05:00,119.705
2026-07-08T04:00Z,2026-07-08 06:00,130.750
2026-07-08T05:00Z,2026-07-08 07:00,131.910
2026-07-08T06:00Z,2026-07-08 08:00,125.793
2026-07-08T07:00Z,2026-07-08 09:00,100.422
2026-07-08T08:00Z,2026-07-08 10:00,79.582
2026-07-08T09:00Z,2026-07-08 11:00,71.075
2026-07-08T10:00Z,2026-07-08 12:00,49.008
2026-07-08T11:00Z,2026-07-08 13:00,17.245
2026-07-08T12:00Z,2026-07-08 14:00,7.902
2026-07-08T13:00Z,2026-07-08 15:00,9.790
2026-07-08T14:00Z,2026-07-08 16:00,35.020
2026-07-08T15:00Z,2026-07-08 17:00,77.308
2026-07-08T16:00Z,2026-07-08 18:00,104.430
2026-07-08T17:00Z,2026-07-08 19:00,135.048
2026-07-08T18:00Z,2026-07-08 20:00,150.847
2026-07-08T19:00Z,2026-07-08 21:00,160.620
2026-07-08T20:00Z,2026-07-08 22:00,159.200
2026-07-08T21:00Z,2026-07-08 23:00,145.048
2026-07-08T22:00Z,2026-07-09 00:00,140.327
2026-07-08T23:00Z,2026-07-09 01:00,133.207
2026-07-09T00:00Z,2026-07-09 02:00,127.323
2026-07-09T01:00Z,2026-07-09 03:00,124.847
2026-07-09T02:00Z,2026-07-09 04:00,125.443
2026-07-09T03:00Z,2026-07-09 05:00,133.955
2026-07-09T04:00Z,2026-07-09 06:00,149.150
2026-07-09T05:00Z,2026-07-09 07:00,147.660
2026-07-09T06:00Z,2026-07-09 08:00,138.298
2026-07-09T07:00Z,2026-07-09 09:00,118.030
2026-07-09T08:00Z,2026-07-09 10:00,99.630
2026-07-09T09:00Z,2026-07-09 11:00,86.830
2026-07-09T10:00Z,2026-07-09 12:00,66.690
2026-07-09T11:00Z,2026-07-09 13:00,43.625
2026-07-09T12:00Z,2026-07-09 14:00,38.005
2026-07-09T13:00Z,2026-07-09 15:00,51.040
2026-07-09T14:00Z,2026-07-09 16:00,81.010
2026-07-09T15:00Z,2026-07-09 17:00,108.412
2026-07-09T16:00Z,2026-07-09 18:00,130.407
2026-07-09T17:00Z,2026-07-09 19:00,166.500
2026-07-09T18:00Z,2026-07-09 20:00,210.700
2026-07-09T19:00Z,2026-07-09 21:00,213.312
2026-07-09T20:00Z,2026-07-09 22:00,183.965
2026-07-09T21:00Z,2026-07-09 23:00,162.745
2026-07-09T22:00Z,2026-07-10 00:00,153.558
2026-07-09T23:00Z,2026-07-10 01:00,143.433
2026-07-10T00:00Z,2026-07-10 02:00,139.700
2026-07-10T01:00Z,2026-07-10 03:00,137.928
2026-07-10T02:00Z,2026-07-10 04:00,138.270
2026-07-10T03:00Z,2026-07-10 05:00,142.452
2026-07-10T04:00Z,2026-07-10 06:00,151.140
2026-07-10T05:00Z,2026-07-10 07:00,147.692
2026-07-10T06:00Z,2026-07-10 08:00,134.903
2026-07-10T07:00Z,2026-07-10 09:00,121.975
2026-07-10T08:00Z,2026-07-10 10:00,99.895
2026-07-10T09:00Z,2026-07-10 11:00,78.310
2026-07-10T10:00Z,2026-07-10 12:00,56.805
2026-07-10T11:00Z,2026-07-10 13:00,37.360
2026-07-10T12:00Z,2026-07-10 14:00,40.950
2026-07-10T13:00Z,2026-07-10 15:00,62.100
2026-07-10T14:00Z,2026-07-10 16:00,88.412
2026-07-10T15:00Z,2026-07-10 17:00,113.820
2026-07-10T16:00Z,2026-07-10 18:00,128.435
2026-07-10T17:00Z,2026-07-10 19:00,165.020
2026-07-10T18:00Z,2026-07-10 20:00,186.678
2026-07-10T19:00Z,2026-07-10 21:00,176.885
2026-07-10T20:00Z,2026-07-10 22:00,168.000
2026-07-10T21:00Z,2026-07-10 23:00,154.463
2026-07-10T22:00Z,2026-07-11 00:00,150.498
2026-07-10T23:00Z,2026-07-11 01:00,143.950
2026-07-11T00:00Z,2026-07-11 02:00,141.108
2026-07-11T01:00Z,2026-07-11 03:00,140.673
2026-07-11T02:00Z,2026-07-11 04:00,140.463
2026-07-11T03:00Z,2026-07-11 05:00,138.863
2026-07-11T04:00Z,2026-07-11 06:00,136.335
2026-07-11T05:00Z,2026-07-11 07:00,124.282
2026-07-11T06:00Z,2026-07-11 08:00,115.352
2026-07-11T07:00Z,2026-07-11 09:00,73.860
2026-07-11T08:00Z,2026-07-11 10:00,16.087
2026-07-11T09:00Z,2026-07-11 11:00,0.328
2026-07-11T10:00Z,2026-07-11 12:00,-0.007
2026-07-11T11:00Z,2026-07-11 13:00,-0.695
2026-07-11T12:00Z,2026-07-11 14:00,-0.975
2026-07-11T13:00Z,2026-07-11 15:00,-0.503
2026-07-11T14:00Z,2026-07-11 16:00,6.173
2026-07-11T15:00Z,2026-07-11 17:00,74.695
2026-07-11T16:00Z,2026-07-11 18:00,120.353
2026-07-11T17:00Z,2026-07-11 19:00,141.000
2026-07-11T18:00Z,2026-07-11 20:00,151.820
2026-07-11T19:00Z,2026-07-11 21:00,156.375
2026-07-11T20:00Z,2026-07-11 22:00,154.887
2026-07-11T21:00Z,2026-07-11 23:00,145.582
2026-07-11T22:00Z,2026-07-12 00:00,137.442
2026-07-11T23:00Z,2026-07-12 01:00,131.885
2026-07-12T00:00Z,2026-07-12 02:00,125.570
2026-07-12T01:00Z,2026-07-12 03:00,125.100
2026-07-12T02:00Z,2026-07-12 04:00,122.882
2026-07-12T03:00Z,2026-07-12 05:00,119.915
2026-07-12T04:00Z,2026-07-12 06:00,111.612
2026-07-12T05:00Z,2026-07-12 07:00,99.775
2026-07-12T06:00Z,2026-07-12 08:00,62.117
2026-07-12T07:00Z,2026-07-12 09:00,5.385
2026-07-12T08:00Z,2026-07-12 10:00,-0.045
2026-07-12T09:00Z,2026-07-12 11:00,-2.165
2026-07-12T10:00Z,2026-07-12 12:00,-7.157
2026-07-12T11:00Z,2026-07-12 13:00,-10.713
2026-07-12T12:00Z,2026-07-12 14:00,-10.055
2026-07-12T13:00Z,2026-07-12 15:00,-5.907
2026-07-12T14:00Z,2026-07-12 16:00,-2.692
2026-07-12T15:00Z,2026-07-12 17:00,7.630
2026-07-12T16:00Z,2026-07-12 18:00,93.433
2026-07-12T17:00Z,2026-07-12 19:00,131.808
2026-07-12T18:00Z,2026-07-12 20:00,140.898
2026-07-12T19:00Z,2026-07-12 21:00,144.488
2026-07-12T20:00Z,2026-07-12 22:00,144.930
2026-07-12T21:00Z,2026-07-12 23:00,139.317
2026-07-12T22:00Z,2026-07-13 00:00,129.730
2026-07-12T23:00Z,2026-07-13 01:00,124.605
2026-07-13T00:00Z,2026-07-13 02:00,120.567
2026-07-13T01:00Z,2026-07-13 03:00,121.475
2026-07-13T02:00Z,2026-07-13 04:00,123.543
2026-07-13T03:00Z,2026-07-13 05:00,134.243
2026-07-13T04:00Z,2026-07-13 06:00,149.843
2026-07-13T05:00Z,2026-07-13 07:00,159.430
2026-07-13T06:00Z,2026-07-13 08:00,138.988
2026-07-13T07:00Z,2026-07-13 09:00,122.607
2026-07-13T08:00Z,2026-07-13 10:00,100.017
2026-07-13T09:00Z,2026-07-13 11:00,74.123
2026-07-13T10:00Z,2026-07-13 12:00,50.623
2026-07-13T11:00Z,2026-07-13 13:00,32.900
2026-07-13T12:00Z,2026-07-13 14:00,38.537
2026-07-13T13:00Z,2026-07-13 15:00,63.975
2026-07-13T14:00Z,2026-07-13 16:00,90.950
2026-07-13T15:00Z,2026-07-13 17:00,121.528
2026-07-13T16:00Z,2026-07-13 18:00,140.000
2026-07-13T17:00Z,2026-07-13 19:00,165.963
2026-07-13T18:00Z,2026-07-13 20:00,182.998
2026-07-13T19:00Z,2026-07-13 21:00,168.800
2026-07-13T20:00Z,2026-07-13 22:00,159.072
2026-07-13T21:00Z,2026-07-13 23:00,144.070
2026-07-13T22:00Z,2026-07-14 00:00,139.640
2026-07-13T23:00Z,2026-07-14 01:00,133.887
2026-07-14T00:00Z,2026-07-14 02:00,127.350
2026-07-14T01:00Z,2026-07-14 03:00,127.218
2026-07-14T02:00Z,2026-07-14 04:00,127.650
2026-07-14T03:00Z,2026-07-14 05:00,135.020
2026-07-14T04:00Z,2026-07-14 06:00,145.805
2026-07-14T05:00Z,2026-07-14 07:00,152.265
2026-07-14T06:00Z,2026-07-14 08:00,135.670
2026-07-14T07:00Z,2026-07-14 09:00,121.892
2026-07-14T08:00Z,2026-07-14 10:00,107.478
2026-07-14T09:00Z,2026-07-14 11:00,91.688
2026-07-14T10:00Z,2026-07-14 12:00,64.043
2026-07-14T11:00Z,2026-07-14 13:00,51.825
2026-07-14T12:00Z,2026-07-14 14:00,57.730
2026-07-14T13:00Z,2026-07-14 15:00,70.000
2026-07-14T14:00Z,2026-07-14 16:00,93.257
2026-07-14T15:00Z,2026-07-14 17:00,117.440
2026-07-14T16:00Z,2026-07-14 18:00,138.298
2026-07-14T17:00Z,2026-07-14 19:00,159.005
2026-07-14T18:00Z,2026-07-14 20:00,182.480
2026-07-14T19:00Z,2026-07-14 21:00,175.315
2026-07-14T20:00Z,2026-07-14 22:00,168.765
2026-07-14T21:00Z,2026-07-14 23:00,151.520
2026-07-14T22:00Z,2026-07-15 00:00,153.518
2026-07-14T23:00Z,2026-07-15 01:00,144.447
2026-07-15T00:00Z,2026-07-15 02:00,139.037
2026-07-15T01:00Z,2026-07-15 03:00,136.618
2026-07-15T02:00Z,2026-07-15 04:00,140.865
2026-07-15T03:00Z,2026-07-15 05:00,150.282
2026-07-15T04:00Z,2026-07-15 06:00,166.692
2026-07-15T05:00Z,2026-07-15 07:00,165.880
2026-07-15T06:00Z,2026-07-15 08:00,155.933
2026-07-15T07:00Z,2026-07-15 09:00,135.103
2026-07-15T08:00Z,2026-07-15 10:00,111.418
2026-07-15T09:00Z,2026-07-15 11:00,96.252
2026-07-15T10:00Z,2026-07-15 12:00,74.345
2026-07-15T11:00Z,2026-07-15 13:00,63.597
2026-07-15T12:00Z,2026-07-15 14:00,62.918
2026-07-15T13:00Z,2026-07-15 15:00,73.075
2026-07-15T14:00Z,2026-07-15 16:00,97.148
2026-07-15T15:00Z,2026-07-15 17:00,118.183
2026-07-15T16:00Z,2026-07-15 18:00,145.562
2026-07-15T17:00Z,2026-07-15 19:00,175.887
2026-07-15T18:00Z,2026-07-15 20:00,205.975
2026-07-15T19:00Z,2026-07-15 21:00,201.650
2026-07-15T20:00Z,2026-07-15 22:00,188.380
2026-07-15T21:00Z,2026-07-15 23:00,171.415
2026-07-15T22:00Z,2026-07-16 00:00,166.032
2026-07-15T23:00Z,2026-07-16 01:00,159.200
2026-07-16T00:00Z,2026-07-16 02:00,152.907
2026-07-16T01:00Z,2026-07-16 03:00,148.978
2026-07-16T02:00Z,2026-07-16 04:00,152.188
2026-07-16T03:00Z,2026-07-16 05:00,159.945
2026-07-16T04:00Z,2026-07-16 06:00,175.450
2026-07-16T05:00Z,2026-07-16 07:00,172.760
2026-07-16T06:00Z,2026-07-16 08:00,158.512
2026-07-16T07:00Z,2026-07-16 09:00,137.142
2026-07-16T08:00Z,2026-07-16 10:00,118.307
2026-07-16T09:00Z,2026-07-16 11:00,107.233
2026-07-16T10:00Z,2026-07-16 12:00,94.690
2026-07-16T11:00Z,2026-07-16 13:00,87.475
2026-07-16T12:00Z,2026-07-16 14:00,96.460
2026-07-16T13:00Z,2026-07-16 15:00,109.602
2026-07-16T14:00Z,2026-07-16 16:00,119.638
2026-07-16T15:00Z,2026-07-16 17:00,139.935
2026-07-16T16:00Z,2026-07-16 18:00,177.697
2026-07-16T17:00Z,2026-07-16 19:00,241.102
2026-07-16T18:00Z,2026-07-16 20:00,311.685
2026-07-16T19:00Z,2026-07-16 21:00,262.600
2026-07-16T20:00Z,2026-07-16 22:00,206.840
2026-07-16T21:00Z,2026-07-16 23:00,180.312
2026-07-16T22:00Z,2026-07-17 00:00,170.565
2026-07-16T23:00Z,2026-07-17 01:00,161.450
2026-07-17T00:00Z,2026-07-17 02:00,151.975
2026-07-17T01:00Z,2026-07-17 03:00,143.940
2026-07-17T02:00Z,2026-07-17 04:00,142.900
2026-07-17T03:00Z,2026-07-17 05:00,153.488
2026-07-17T04:00Z,2026-07-17 06:00,165.110
2026-07-17T05:00Z,2026-07-17 07:00,165.752
2026-07-17T06:00Z,2026-07-17 08:00,157.105
2026-07-17T07:00Z,2026-07-17 09:00,135.420
2026-07-17T08:00Z,2026-07-17 10:00,127.453
2026-07-17T09:00Z,2026-07-17 11:00,113.782
2026-07-17T10:00Z,2026-07-17 12:00,103.888
2026-07-17T11:00Z,2026-07-17 13:00,98.200
2026-07-17T12:00Z,2026-07-17 14:00,98.427
2026-07-17T13:00Z,2026-07-17 15:00,105.980
2026-07-17T14:00Z,2026-07-17 16:00,114.700
2026-07-17T15:00Z,2026-07-17 17:00,127.425
2026-07-17T16:00Z,2026-07-17 18:00,137.580
2026-07-17T17:00Z,2026-07-17 19:00,151.032
2026-07-17T18:00Z,2026-07-17 20:00,159.065
2026-07-17T19:00Z,2026-07-17 21:00,166.863
2026-07-17T20:00Z,2026-07-17 22:00,164.675
2026-07-17T21:00Z,2026-07-17 23:00,158.300
2026-07-17T22:00Z,2026-07-18 00:00,156.200
2026-07-17T23:00Z,2026-07-18 01:00,145.380
2026-07-18T00:00Z,2026-07-18 02:00,142.000
2026-07-18T01:00Z,2026-07-18 03:00,135.300
2026-07-18T02:00Z,2026-07-18 04:00,134.810
2026-07-18T03:00Z,2026-07-18 05:00,132.235
2026-07-18T04:00Z,2026-07-18 06:00,126.507
2026-07-18T05:00Z,2026-07-18 07:00,119.300
2026-07-18T06:00Z,2026-07-18 08:00,97.543
2026-07-18T07:00Z,2026-07-18 09:00,44.928
2026-07-18T08:00Z,2026-07-18 10:00,9.968
2026-07-18T09:00Z,2026-07-18 11:00,-0.005
2026-07-18T10:00Z,2026-07-18 12:00,-0.125
2026-07-18T11:00Z,2026-07-18 13:00,-1.165
2026-07-18T12:00Z,2026-07-18 14:00,-1.992
2026-07-18T13:00Z,2026-07-18 15:00,-2.948
2026-07-18T14:00Z,2026-07-18 16:00,-1.760
2026-07-18T15:00Z,2026-07-18 17:00,0.432
2026-07-18T16:00Z,2026-07-18 18:00,55.922
2026-07-18T17:00Z,2026-07-18 19:00,110.200
2026-07-18T18:00Z,2026-07-18 20:00,132.170
2026-07-18T19:00Z,2026-07-18 21:00,145.950
2026-07-18T20:00Z,2026-07-18 22:00,152.463
2026-07-18T21:00Z,2026-07-18 23:00,145.762
2026-07-18T22:00Z,2026-07-19 00:00,138.697
2026-07-18T23:00Z,2026-07-19 01:00,130.743
2026-07-19T00:00Z,2026-07-19 02:00,121.900
2026-07-19T01:00Z,2026-07-19 03:00,118.898
2026-07-19T02:00Z,2026-07-19 04:00,115.275
2026-07-19T03:00Z,2026-07-19 05:00,109.418
2026-07-19T04:00Z,2026-07-19 06:00,101.847
2026-07-19T05:00Z,2026-07-19 07:00,88.460
2026-07-19T06:00Z,2026-07-19 08:00,43.157
2026-07-19T07:00Z,2026-07-19 09:00,4.165
2026-07-19T08:00Z,2026-07-19 10:00,0.015
2026-07-19T09:00Z,2026-07-19 11:00,-0.045
2026-07-19T10:00Z,2026-07-19 12:00,-0.742
2026-07-19T11:00Z,2026-07-19 13:00,-2.678
2026-07-19T12:00Z,2026-07-19 14:00,-4.998
2026-07-19T13:00Z,2026-07-19 15:00,-4.955
2026-07-19T14:00Z,2026-07-19 16:00,-2.438
2026-07-19T15:00Z,2026-07-19 17:00,-0.395
2026-07-19T16:00Z,2026-07-19 18:00,47.843
2026-07-19T17:00Z,2026-07-19 19:00,117.160
2026-07-19T18:00Z,2026-07-19 20:00,144.123
2026-07-19T19:00Z,2026-07-19 21:00,149.680
2026-07-19T20:00Z,2026-07-19 22:00,149.657
2026-07-19T21:00Z,2026-07-19 23:00,138.203
2026-07-19T22:00Z,2026-07-20 00:00,147.453
2026-07-19T23:00Z,2026-07-20 01:00,138.483
2026-07-20T00:00Z,2026-07-20 02:00,128.855
2026-07-20T01:00Z,2026-07-20 03:00,123.530
2026-07-20T02:00Z,2026-07-20 04:00,131.270
2026-07-20T03:00Z,2026-07-20 05:00,138.790
2026-07-20T04:00Z,2026-07-20 06:00,149.310
2026-07-20T05:00Z,2026-07-20 07:00,150.528
2026-07-20T06:00Z,2026-07-20 08:00,130.998
2026-07-20T07:00Z,2026-07-20 09:00,92.718
2026-07-20T08:00Z,2026-07-20 10:00,60.273
2026-07-20T09:00Z,2026-07-20 11:00,15.787
2026-07-20T10:00Z,2026-07-20 12:00,7.663
2026-07-20T11:00Z,2026-07-20 13:00,0.015
2026-07-20T12:00Z,2026-07-20 14:00,0.007
2026-07-20T13:00Z,2026-07-20 15:00,0.958
2026-07-20T14:00Z,2026-07-20 16:00,15.105
2026-07-20T15:00Z,2026-07-20 17:00,74.763
2026-07-20T16:00Z,2026-07-20 18:00,118.412
2026-07-20T17:00Z,2026-07-20 19:00,158.762
2026-07-20T18:00Z,2026-07-20 20:00,178.245
2026-07-20T19:00Z,2026-07-20 21:00,179.730
2026-07-20T20:00Z,2026-07-20 22:00,174.815
2026-07-20T21:00Z,2026-07-20 23:00,159.468
2026-07-20T22:00Z,2026-07-21 00:00,148.778
2026-07-20T23:00Z,2026-07-21 01:00,149.520
2026-07-21T00:00Z,2026-07-21 02:00,143.390
2026-07-21T01:00Z,2026-07-21 03:00,138.868
2026-07-21T02:00Z,2026-07-21 04:00,139.252
2026-07-21T03:00Z,2026-07-21 05:00,144.912
2026-07-21T04:00Z,2026-07-21 06:00,157.650
2026-07-21T05:00Z,2026-07-21 07:00,154.428
2026-07-21T06:00Z,2026-07-21 08:00,145.377
2026-07-21T07:00Z,2026-07-21 09:00,114.953
2026-07-21T08:00Z,2026-07-21 10:00,83.690
2026-07-21T09:00Z,2026-07-21 11:00,43.638
2026-07-21T10:00Z,2026-07-21 12:00,7.052
2026-07-21T11:00Z,2026-07-21 13:00,1.010
2026-07-21T12:00Z,2026-07-21 14:00,1.002
2026-07-21T13:00Z,2026-07-21 15:00,13.670
2026-07-21T14:00Z,2026-07-21 16:00,62.233
2026-07-21T15:00Z,2026-07-21 17:00,102.565
2026-07-21T16:00Z,2026-07-21 18:00,135.365
2026-07-21T17:00Z,2026-07-21 19:00,153.610
2026-07-21T18:00Z,2026-07-21 20:00,172.000
2026-07-21T19:00Z,2026-07-21 21:00,174.562
2026-07-21T20:00Z,2026-07-21 22:00,168.317
2026-07-21T21:00Z,2026-07-21 23:00,155.188
2026-07-21T22:00Z,2026-07-22 00:00,152.190
2026-07-21T23:00Z,2026-07-22 01:00,148.287
2026-07-22T00:00Z,2026-07-22 02:00,143.232
2026-07-22T01:00Z,2026-07-22 03:00,134.913
2026-07-22T02:00Z,2026-07-22 04:00,130.665
2026-07-22T03:00Z,2026-07-22 05:00,135.958
2026-07-22T04:00Z,2026-07-22 06:00,149.410
2026-07-22T05:00Z,2026-07-22 07:00,145.345
2026-07-22T06:00Z,2026-07-22 08:00,131.983
2026-07-22T07:00Z,2026-07-22 09:00,90.942
2026-07-22T08:00Z,2026-07-22 10:00,66.153
2026-07-22T09:00Z,2026-07-22 11:00,30.935
2026-07-22T10:00Z,2026-07-22 12:00,10.385
2026-07-22T11:00Z,2026-07-22 13:00,1.290
2026-07-22T12:00Z,2026-07-22 14:00,0.037
2026-07-22T13:00Z,2026-07-22 15:00,0.498
2026-07-22T14:00Z,2026-07-22 16:00,9.150
2026-07-22T15:00Z,2026-07-22 17:00,63.210
2026-07-22T16:00Z,2026-07-22 18:00,108.100
2026-07-22T17:00Z,2026-07-22 19:00,137.827
2026-07-22T18:00Z,2026-07-22 20:00,157.010
2026-07-22T19:00Z,2026-07-22 21:00,161.760
2026-07-22T20:00Z,2026-07-22 22:00,157.610
2026-07-22T21:00Z,2026-07-22 23:00,143.542
2026-07-22T22:00Z,2026-07-23 00:00,142.755
2026-07-22T23:00Z,2026-07-23 01:00,137.345
2026-07-23T00:00Z,2026-07-23 02:00,133.660
2026-07-23T01:00Z,2026-07-23 03:00,132.965
2026-07-23T02:00Z,2026-07-23 04:00,136.240
2026-07-23T03:00Z,2026-07-23 05:00,143.045
2026-07-23T04:00Z,2026-07-23 06:00,159.180
2026-07-23T05:00Z,2026-07-23 07:00,167.873
2026-07-23T06:00Z,2026-07-23 08:00,159.952
2026-07-23T07:00Z,2026-07-23 09:00,134.327
2026-07-23T08:00Z,2026-07-23 10:00,101.980
2026-07-23T09:00Z,2026-07-23 11:00,79.540
2026-07-23T10:00Z,2026-07-23 12:00,31.093
2026-07-23T11:00Z,2026-07-23 13:00,4.303
2026-07-23T12:00Z,2026-07-23 14:00,0.000
2026-07-23T13:00Z,2026-07-23 15:00,0.030
2026-07-23T14:00Z,2026-07-23 16:00,21.998
2026-07-23T15:00Z,2026-07-23 17:00,96.705
2026-07-23T16:00Z,2026-07-23 18:00,142.640
2026-07-23T17:00Z,2026-07-23 19:00,166.100
2026-07-23T18:00Z,2026-07-23 20:00,185.015
2026-07-23T19:00Z,2026-07-23 21:00,190.000
2026-07-23T20:00Z,2026-07-23 22:00,186.542
2026-07-23T21:00Z,2026-07-23 23:00,170.420
2026-07-23T22:00Z,2026-07-24 00:00,161.002
2026-07-23T23:00Z,2026-07-24 01:00,157.137
2026-07-24T00:00Z,2026-07-24 02:00,151.812
2026-07-24T01:00Z,2026-07-24 03:00,153.327
2026-07-24T02:00Z,2026-07-24 04:00,155.660
2026-07-24T03:00Z,2026-07-24 05:00,161.167
2026-07-24T04:00Z,2026-07-24 06:00,172.540
2026-07-24T05:00Z,2026-07-24 07:00,167.387
2026-07-24T06:00Z,2026-07-24 08:00,159.998
2026-07-24T07:00Z,2026-07-24 09:00,132.602
2026-07-24T08:00Z,2026-07-24 10:00,102.315
2026-07-24T09:00Z,2026-07-24 11:00,75.662
2026-07-24T10:00Z,2026-07-24 12:00,44.742
2026-07-24T11:00Z,2026-07-24 13:00,21.025
2026-07-24T12:00Z,2026-07-24 14:00,6.485
2026-07-24T13:00Z,2026-07-24 15:00,14.290
2026-07-24T14:00Z,2026-07-24 16:00,68.965
2026-07-24T15:00Z,2026-07-24 17:00,114.017
2026-07-24T16:00Z,2026-07-24 18:00,154.665
2026-07-24T17:00Z,2026-07-24 19:00,180.135
2026-07-24T18:00Z,2026-07-24 20:00,200.042
2026-07-24T19:00Z,2026-07-24 21:00,203.173
2026-07-24T20:00Z,2026-07-24 22:00,194.517
2026-07-24T21:00Z,2026-07-24 23:00,180.115
2026-07-24T22:00Z,2026-07-25 00:00,167.135
2026-07-24T23:00Z,2026-07-25 01:00,161.610
2026-07-25T00:00Z,2026-07-25 02:00,160.428
2026-07-25T01:00Z,2026-07-25 03:00,159.852
2026-07-25T02:00Z,2026-07-25 04:00,152.012
2026-07-25T03:00Z,2026-07-25 05:00,146.252
2026-07-25T04:00Z,2026-07-25 06:00,135.380
2026-07-25T05:00Z,2026-07-25 07:00,115.305
2026-07-25T06:00Z,2026-07-25 08:00,83.510
2026-07-25T07:00Z,2026-07-25 09:00,11.168
2026-07-25T08:00Z,2026-07-25 10:00,-0.118
2026-07-25T09:00Z,2026-07-25 11:00,-2.607
2026-07-25T10:00Z,2026-07-25 12:00,-5.955
2026-07-25T11:00Z,2026-07-25 13:00,-9.947
2026-07-25T12:00Z,2026-07-25 14:00,-12.280
2026-07-25T13:00Z,2026-07-25 15:00,-3.353
2026-07-25T14:00Z,2026-07-25 16:00,-0.320
2026-07-25T15:00Z,2026-07-25 17:00,11.250
2026-07-25T16:00Z,2026-07-25 18:00,95.195
2026-07-25T17:00Z,2026-07-25 19:00,157.420
2026-07-25T18:00Z,2026-07-25 20:00,170.310
2026-07-25T19:00Z,2026-07-25 21:00,169.075
2026-07-25T20:00Z,2026-07-25 22:00,165.483
2026-07-25T21:00Z,2026-07-25 23:00,160.000
2026-07-25T22:00Z,2026-07-26 00:00,153.030
2026-07-25T23:00Z,2026-07-26 01:00,146.455
2026-07-26T00:00Z,2026-07-26 02:00,148.025
2026-07-26T01:00Z,2026-07-26 03:00,153.593
2026-07-26T02:00Z,2026-07-26 04:00,147.080
2026-07-26T03:00Z,2026-07-26 05:00,137.993
2026-07-26T04:00Z,2026-07-26 06:00,124.862
2026-07-26T05:00Z,2026-07-26 07:00,110.177
2026-07-26T06:00Z,2026-07-26 08:00,93.760
2026-07-26T07:00Z,2026-07-26 09:00,55.182
2026-07-26T08:00Z,2026-07-26 10:00,7.140
2026-07-26T09:00Z,2026-07-26 11:00,-0.005
2026-07-26T10:00Z,2026-07-26 12:00,-0.075
2026-07-26T11:00Z,2026-07-26 13:00,-0.267
2026-07-26T12:00Z,2026-07-26 14:00,-0.670
2026-07-26T13:00Z,2026-07-26 15:00,-0.860
2026-07-26T14:00Z,2026-07-26 16:00,0.862
2026-07-26T15:00Z,2026-07-26 17:00,51.822
2026-07-26T16:00Z,2026-07-26 18:00,109.250
2026-07-26T17:00Z,2026-07-26 19:00,139.290
2026-07-26T18:00Z,2026-07-26 20:00,151.683
2026-07-26T19:00Z,2026-07-26 21:00,150.942
2026-07-26T20:00Z,2026-07-26 22:00,147.998
2026-07-26T21:00Z,2026-07-26 23:00,136.795
2026-07-26T22:00Z,2026-07-27 00:00,86.043
2026-07-26T23:00Z,2026-07-27 01:00,70.657
2026-07-27T00:00Z,2026-07-27 02:00,61.700
2026-07-27T01:00Z,2026-07-27 03:00,62.638
2026-07-27T02:00Z,2026-07-27 04:00,71.175
2026-07-27T03:00Z,2026-07-27 05:00,91.020
2026-07-27T04:00Z,2026-07-27 06:00,117.557
2026-07-27T05:00Z,2026-07-27 07:00,128.975
2026-07-27T06:00Z,2026-07-27 08:00,118.975
2026-07-27T07:00Z,2026-07-27 09:00,74.935
2026-07-27T08:00Z,2026-07-27 10:00,23.787
2026-07-27T09:00Z,2026-07-27 11:00,0.980
2026-07-27T10:00Z,2026-07-27 12:00,-0.010
2026-07-27T11:00Z,2026-07-27 13:00,-0.147
2026-07-27T12:00Z,2026-07-27 14:00,-0.705
2026-07-27T13:00Z,2026-07-27 15:00,-0.080
2026-07-27T14:00Z,2026-07-27 16:00,-0.013
2026-07-27T15:00Z,2026-07-27 17:00,14.402
2026-07-27T16:00Z,2026-07-27 18:00,97.290
2026-07-27T17:00Z,2026-07-27 19:00,149.130
2026-07-27T18:00Z,2026-07-27 20:00,173.722
2026-07-27T19:00Z,2026-07-27 21:00,178.995
2026-07-27T20:00Z,2026-07-27 22:00,171.107
2026-07-27T21:00Z,2026-07-27 23:00,157.988
2026-07-27T22:00Z,2026-07-28 00:00,161.002
2026-07-27T23:00Z,2026-07-28 01:00,148.308
2026-07-28T00:00Z,2026-07-28 02:00,141.330
2026-07-28T01:00Z,2026-07-28 03:00,135.870
2026-07-28T02:00Z,2026-07-28 04:00,139.935
2026-07-28T03:00Z,2026-07-28 05:00,149.743
2026-07-28T04:00Z,2026-07-28 06:00,167.555
2026-07-28T05:00Z,2026-07-28 07:00,162.275
2026-07-28T06:00Z,2026-07-28 08:00,144.160
2026-07-28T07:00Z,2026-07-28 09:00,109.023
2026-07-28T08:00Z,2026-07-28 10:00,36.767
2026-07-28T09:00Z,2026-07-28 11:00,3.430
2026-07-28T10:00Z,2026-07-28 12:00,-0.013
2026-07-28T11:00Z,2026-07-28 13:00,-0.087
2026-07-28T12:00Z,2026-07-28 14:00,-0.030
2026-07-28T13:00Z,2026-07-28 15:00,3.402
2026-07-28T14:00Z,2026-07-28 16:00,44.740
2026-07-28T15:00Z,2026-07-28 17:00,107.627
2026-07-28T16:00Z,2026-07-28 18:00,156.972
2026-07-28T17:00Z,2026-07-28 19:00,198.858
2026-07-28T18:00Z,2026-07-28 20:00,216.755
2026-07-28T19:00Z,2026-07-28 21:00,209.928
2026-07-28T20:00Z,2026-07-28 22:00,193.958
2026-07-28T21:00Z,2026-07-28 23:00,172.262
2026-07-28T22:00Z,2026-07-29 00:00,156.757
2026-07-28T23:00Z,2026-07-29 01:00,148.450
2026-07-29T00:00Z,2026-07-29 02:00,137.208
2026-07-29T01:00Z,2026-07-29 03:00,135.002
2026-07-29T02:00Z,2026-07-29 04:00,140.327
2026-07-29T03:00Z,2026-07-29 05:00,148.510
2026-07-29T04:00Z,2026-07-29 06:00,168.572
2026-07-29T05:00Z,2026-07-29 07:00,161.095
2026-07-29T06:00Z,2026-07-29 08:00,146.173
2026-07-29T07:00Z,2026-07-29 09:00,122.110
2026-07-29T08:00Z,2026-07-29 10:00,85.287
2026-07-29T09:00Z,2026-07-29 11:00,29.035
2026-07-29T10:00Z,2026-07-29 12:00,1.237
2026-07-29T11:00Z,2026-07-29 13:00,-0.043
2026-07-29T12:00Z,2026-07-29 14:00,-0.022
2026-07-29T13:00Z,2026-07-29 15:00,7.375
2026-07-29T14:00Z,2026-07-29 16:00,76.350
2026-07-29T15:00Z,2026-07-29 17:00,125.343
2026-07-29T16:00Z,2026-07-29 18:00,162.315
2026-07-29T17:00Z,2026-07-29 19:00,244.395
2026-07-29T18:00Z,2026-07-29 20:00,263.648
2026-07-29T19:00Z,2026-07-29 21:00,224.705
2026-07-29T20:00Z,2026-07-29 22:00,192.925
2026-07-29T21:00Z,2026-07-29 23:00,167.312
2026-07-29T22:00Z,2026-07-30 00:00,149.755
2026-07-29T23:00Z,2026-07-30 01:00,142.385
2026-07-30T00:00Z,2026-07-30 02:00,139.998
2026-07-30T01:00Z,2026-07-30 03:00,135.530
2026-07-30T02:00Z,2026-07-30 04:00,132.722
2026-07-30T03:00Z,2026-07-30 05:00,137.607
2026-07-30T04:00Z,2026-07-30 06:00,148.460
2026-07-30T05:00Z,2026-07-30 07:00,147.745
2026-07-30T06:00Z,2026-07-30 08:00,139.045
2026-07-30T07:00Z,2026-07-30 09:00,118.115
2026-07-30T08:00Z,2026-07-30 10:00,85.000
2026-07-30T09:00Z,2026-07-30 11:00,34.600
2026-07-30T10:00Z,2026-07-30 12:00,6.353
2026-07-30T11:00Z,2026-07-30 13:00,2.670
2026-07-30T12:00Z,2026-07-30 14:00,14.922
2026-07-30T13:00Z,2026-07-30 15:00,62.432
2026-07-30T14:00Z,2026-07-30 16:00,98.153
2026-07-30T15:00Z,2026-07-30 17:00,126.803
2026-07-30T16:00Z,2026-07-30 18:00,149.278
2026-07-30T17:00Z,2026-07-30 19:00,173.770
2026-07-30T18:00Z,2026-07-30 20:00,198.310
2026-07-30T19:00Z,2026-07-30 21:00,207.030
2026-07-30T20:00Z,2026-07-30 22:00,190.298
2026-07-30T21:00Z,2026-07-30 23:00,170.830
2026-07-30T22:00Z,2026-07-31 00:00,168.210
2026-07-30T23:00Z,2026-07-31 01:00,162.952
2026-07-31T00:00Z,2026-07-31 02:00,155.160
2026-07-31T01:00Z,2026-07-31 03:00,154.173
2026-07-31T02:00Z,2026-07-31 04:00,157.340
2026-07-31T03:00Z,2026-07-31 05:00,165.512
2026-07-31T04:00Z,2026-07-31 06:00,179.087
2026-07-31T05:00Z,2026-07-31 07:00,172.528
2026-07-31T06:00Z,2026-07-31 08:00,159.077
2026-07-31T07:00Z,2026-07-31 09:00,139.387
2026-07-31T08:00Z,2026-07-31 10:00,119.605
2026-07-31T09:00Z,2026-07-31 11:00,101.170
2026-07-31T10:00Z,2026-07-31 12:00,94.117
2026-07-31T11:00Z,2026-07-31 13:00,83.267
2026-07-31T12:00Z,2026-07-31 14:00,86.285
2026-07-31T13:00Z,2026-07-31 15:00,103.135
2026-07-31T14:00Z,2026-07-31 16:00,120.865
2026-07-31T15:00Z,2026-07-31 17:00,147.493
2026-07-31T16:00Z,2026-07-31 18:00,162.308
2026-07-31T17:00Z,2026-07-31 19:00,184.885
2026-07-31T18:00Z,2026-07-31 20:00,192.740
2026-07-31T19:00Z,2026-07-31 21:00,195.640
2026-07-31T20:00Z,2026-07-31 22:00,191.130
2026-07-31T21:00Z,2026-07-31 23:00,170.148
2026-07-31T22:00Z,2026-08-01 00:00,169.438
2026-07-31T23:00Z,2026-08-01 01:00,162.657
2026-08-01T00:00Z,2026-08-01 02:00,156.995
2026-08-01T01:00Z,2026-08-01 03:00,154.608
2026-08-01T02:00Z,2026-08-01 04:00,154.523
2026-08-01T03:00Z,2026-08-01 05:00,155.517
2026-08-01T04:00Z,2026-08-01 06:00,154.790
2026-08-01T05:00Z,2026-08-01 07:00,146.423
2026-08-01T06:00Z,2026-08-01 08:00,140.407
2026-08-01T07:00Z,2026-08-01 09:00,123.273
2026-08-01T08:00Z,2026-08-01 10:00,100.922
2026-08-01T09:00Z,2026-08-01 11:00,57.153
2026-08-01T10:00Z,2026-08-01 12:00,16.715
2026-08-01T11:00Z,2026-08-01 13:00,0.407
2026-08-01T12:00Z,2026-08-01 14:00,0.000
2026-08-01T13:00Z,2026-08-01 15:00,3.077
2026-08-01T14:00Z,2026-08-01 16:00,45.517
2026-08-01T15:00Z,2026-08-01 17:00,107.565
2026-08-01T16:00Z,2026-08-01 18:00,145.135
2026-08-01T17:00Z,2026-08-01 19:00,168.535
2026-08-01T18:00Z,2026-08-01 20:00,180.963
2026-08-01T19:00Z,2026-08-01 21:00,180.678
2026-08-01T20:00Z,2026-08-01 22:00,178.547
2026-08-01T21:00Z,2026-08-01 23:00,170.000
2026-08-01T22:00Z,2026-08-02 00:00,169.625
2026-08-01T23:00Z,2026-08-02 01:00,159.915
2026-08-02T00:00Z,2026-08-02 02:00,156.838
2026-08-02T01:00Z,2026-08-02 03:00,154.442
2026-08-02T02:00Z,2026-08-02 04:00,153.593
2026-08-02T03:00Z,2026-08-02 05:00,159.327
2026-08-02T04:00Z,2026-08-02 06:00,151.397
2026-08-02T05:00Z,2026-08-02 07:00,138.700
2026-08-02T06:00Z,2026-08-02 08:00,122.180
2026-08-02T07:00Z,2026-08-02 09:00,62.685
2026-08-02T08:00Z,2026-08-02 10:00,3.155
2026-08-02T09:00Z,2026-08-02 11:00,-0.260
2026-08-02T10:00Z,2026-08-02 12:00,-1.275
2026-08-02T11:00Z,2026-08-02 13:00,-3.730
2026-08-02T12:00Z,2026-08-02 14:00,-1.785
2026-08-02T13:00Z,2026-08-02 15:00,-1.177
2026-08-02T14:00Z,2026-08-02 16:00,2.915
2026-08-02T15:00Z,2026-08-02 17:00,95.412
2026-08-02T16:00Z,2026-08-02 18:00,148.157
2026-08-02T17:00Z,2026-08-02 19:00,176.893
2026-08-02T18:00Z,2026-08-02 20:00,185.688
2026-08-02T19:00Z,2026-08-02 21:00,177.690
2026-08-02T20:00Z,2026-08-02 22:00,167.728
2026-08-02T21:00Z,2026-08-02 23:00,152.833
2026-08-02T22:00Z,2026-08-03 00:00,139.792
2026-08-02T23:00Z,2026-08-03 01:00,135.110
2026-08-03T00:00Z,2026-08-03 02:00,131.940
2026-08-03T01:00Z,2026-08-03 03:00,129.787
2026-08-03T02:00Z,2026-08-03 04:00,132.738
2026-08-03T03:00Z,2026-08-03 05:00,144.300
2026-08-03T04:00Z,2026-08-03 06:00,169.225
2026-08-03T05:00Z,2026-08-03 07:00,164.490
2026-08-03T06:00Z,2026-08-03 08:00,150.000
2026-08-03T07:00Z,2026-08-03 09:00,135.123
2026-08-03T08:00Z,2026-08-03 10:00,110.785
2026-08-03T09:00Z,2026-08-03 11:00,69.677
2026-08-03T10:00Z,2026-08-03 12:00,26.030
2026-08-03T11:00Z,2026-08-03 13:00,16.387
2026-08-03T12:00Z,2026-08-03 14:00,22.555
2026-08-03T13:00Z,2026-08-03 15:00,60.812
2026-08-03T14:00Z,2026-08-03 16:00,102.808
2026-08-03T15:00Z,2026-08-03 17:00,139.800
2026-08-03T16:00Z,2026-08-03 18:00,169.028
2026-08-03T17:00Z,2026-08-03 19:00,205.768
2026-08-03T18:00Z,2026-08-03 20:00,200.675
2026-08-03T19:00Z,2026-08-03 21:00,185.808
2026-08-03T20:00Z,2026-08-03 22:00,174.430
2026-08-03T21:00Z,2026-08-03 23:00,157.137
2026-08-03T22:00Z,2026-08-04 00:00,154.000
2026-08-03T23:00Z,2026-08-04 01:00,144.718
2026-08-04T00:00Z,2026-08-04 02:00,138.995
2026-08-04T01:00Z,2026-08-04 03:00,137.105
2026-08-04T02:00Z,2026-08-04 04:00,143.165
2026-08-04T03:00Z,2026-08-04 05:00,156.952
2026-08-04T04:00Z,2026-08-04 06:00,170.933
2026-08-04T05:00Z,2026-08-04 07:00,169.282
2026-08-04T06:00Z,2026-08-04 08:00,161.490
2026-08-04T07:00Z,2026-08-04 09:00,146.537
2026-08-04T08:00Z,2026-08-04 10:00,124.510
2026-08-04T09:00Z,2026-08-04 11:00,103.737
2026-08-04T10:00Z,2026-08-04 12:00,87.312
2026-08-04T11:00Z,2026-08-04 13:00,76.465
2026-08-04T12:00Z,2026-08-04 14:00,84.062
2026-08-04T13:00Z,2026-08-04 15:00,109.457
2026-08-04T14:00Z,2026-08-04 16:00,127.438
2026-08-04T15:00Z,2026-08-04 17:00,154.963
2026-08-04T16:00Z,2026-08-04 18:00,175.548
2026-08-04T17:00Z,2026-08-04 19:00,228.000
2026-08-04T18:00Z,2026-08-04 20:00,240.005
2026-08-04T19:00Z,2026-08-04 21:00,212.045
2026-08-04T20:00Z,2026-08-04 22:00,185.127
2026-08-04T21:00Z,2026-08-04 23:00,163.065
2026-08-04T22:00Z,2026-08-05 00:00,155.192
2026-08-04T23:00Z,2026-08-05 01:00,149.347
2026-08-05T00:00Z,2026-08-05 02:00,148.050
2026-08-05T01:00Z,2026-08-05 03:00,144.255
2026-08-05T02:00Z,2026-08-05 04:00,139.345
2026-08-05T03:00Z,2026-08-05 05:00,144.252
2026-08-05T04:00Z,2026-08-05 06:00,157.180
2026-08-05T05:00Z,2026-08-05 07:00,154.685
2026-08-05T06:00Z,2026-08-05 08:00,139.798
2026-08-05T07:00Z,2026-08-05 09:00,112.037
2026-08-05T08:00Z,2026-08-05 10:00,64.450
2026-08-05T09:00Z,2026-08-05 11:00,8.332
2026-08-05T10:00Z,2026-08-05 12:00,-0.038
2026-08-05T11:00Z,2026-08-05 13:00,-0.542
2026-08-05T12:00Z,2026-08-05 14:00,-0.140
2026-08-05T13:00Z,2026-08-05 15:00,-0.017
2026-08-05T14:00Z,2026-08-05 16:00,6.827
2026-08-05T15:00Z,2026-08-05 17:00,72.335
2026-08-05T16:00Z,2026-08-05 18:00,135.080
2026-08-05T17:00Z,2026-08-05 19:00,173.898
2026-08-05T18:00Z,2026-08-05 20:00,187.463
2026-08-05T19:00Z,2026-08-05 21:00,203.738
2026-08-05T20:00Z,2026-08-05 22:00,190.812
2026-08-05T21:00Z,2026-08-05 23:00,166.105
2026-08-05T22:00Z,2026-08-06 00:00,162.512
2026-08-05T23:00Z,2026-08-06 01:00,155.202
2026-08-06T00:00Z,2026-08-06 02:00,146.697
2026-08-06T01:00Z,2026-08-06 03:00,137.830
2026-08-06T02:00Z,2026-08-06 04:00,134.060
2026-08-06T03:00Z,2026-08-06 05:00,135.752
2026-08-06T04:00Z,2026-08-06 06:00,156.048
2026-08-06T05:00Z,2026-08-06 07:00,149.330
2026-08-06T06:00Z,2026-08-06 08:00,139.222
2026-08-06T07:00Z,2026-08-06 09:00,95.570
2026-08-06T08:00Z,2026-08-06 10:00,25.085
2026-08-06T09:00Z,2026-08-06 11:00,0.145
2026-08-06T10:00Z,2026-08-06 12:00,-0.085
2026-08-06T11:00Z,2026-08-06 13:00,-1.357
2026-08-06T12:00Z,2026-08-06 14:00,-1.290
2026-08-06T13:00Z,2026-08-06 15:00,-0.335
2026-08-06T14:00Z,2026-08-06 16:00,0.007
2026-08-06T15:00Z,2026-08-06 17:00,38.425
2026-08-06T16:00Z,2026-08-06 18:00,114.480
2026-08-06T17:00Z,2026-08-06 19:00,143.178
2026-08-06T18:00Z,2026-08-06 20:00,162.692
2026-08-06T19:00Z,2026-08-06 21:00,167.140
2026-08-06T20:00Z,2026-08-06 22:00,169.455
2026-08-06T21:00Z,2026-08-06 23:00,158.447
2026-08-06T22:00Z,2026-08-07 00:00,145.072
2026-08-06T23:00Z,2026-08-07 01:00,138.655
2026-08-07T00:00Z,2026-08-07 02:00,131.120
2026-08-07T01:00Z,2026-08-07 03:00,129.067
2026-08-07T02:00Z,2026-08-07 04:00,131.575
2026-08-07T03:00Z,2026-08-07 05:00,141.332
2026-08-07T04:00Z,2026-08-07 06:00,156.168
2026-08-07T05:00Z,2026-08-07 07:00,154.972
2026-08-07T06:00Z,2026-08-07 08:00,145.578
2026-08-07T07:00Z,2026-08-07 09:00,126.118
2026-08-07T08:00Z,2026-08-07 10:00,102.162
2026-08-07T09:00Z,2026-08-07 11:00,66.513
2026-08-07T10:00Z,2026-08-07 12:00,28.150
2026-08-07T11:00Z,2026-08-07 13:00,13.018
2026-08-07T12:00Z,2026-08-07 14:00,18.727
2026-08-07T13:00Z,2026-08-07 15:00,44.340
2026-08-07T14:00Z,2026-08-07 16:00,87.340
2026-08-07T15:00Z,2026-08-07 17:00,118.668
2026-08-07T16:00Z,2026-08-07 18:00,144.710
2026-08-07T17:00Z,2026-08-07 19:00,172.602
2026-08-07T18:00Z,2026-08-07 20:00,195.123
2026-08-07T19:00Z,2026-08-07 21:00,194.650
2026-08-07T20:00Z,2026-08-07 22:00,178.088
2026-08-07T21:00Z,2026-08-07 23:00,166.095
2026-08-07T22:00Z,2026-08-08 00:00,155.740
2026-08-07T23:00Z,2026-08-08 01:00,149.000
2026-08-08T00:00Z,2026-08-08 02:00,145.238
2026-08-08T01:00Z,2026-08-08 03:00,145.920
2026-08-08T02:00Z,2026-08-08 04:00,143.865
2026-08-08T03:00Z,2026-08-08 05:00,145.695
2026-08-08T04:00Z,2026-08-08 06:00,146.262
2026-08-08T05:00Z,2026-08-08 07:00,137.697
2026-08-08T06:00Z,2026-08-08 08:00,115.032
2026-08-08T07:00Z,2026-08-08 09:00,62.545
2026-08-08T08:00Z,2026-08-08 10:00,3.860
2026-08-08T09:00Z,2026-08-08 11:00,-1.517
2026-08-08T10:00Z,2026-08-08 12:00,-5.987
2026-08-08T11:00Z,2026-08-08 13:00,-10.997
2026-08-08T12:00Z,2026-08-08 14:00,-12.152
2026-08-08T13:00Z,2026-08-08 15:00,-7.012
2026-08-08T14:00Z,2026-08-08 16:00,-0.562
2026-08-08T15:00Z,2026-08-08 17:00,68.165
2026-08-08T16:00Z,2026-08-08 18:00,140.000
2026-08-08T17:00Z,2026-08-08 19:00,167.865
2026-08-08T18:00Z,2026-08-08 20:00,184.657
2026-08-08T19:00Z,2026-08-08 21:00,179.498
2026-08-08T20:00Z,2026-08-08 22:00,170.850
2026-08-08T21:00Z,2026-08-08 23:00,154.420
